TraitMin,TraitMax,TraitAvg,TraitStdev,TraitTotal
186.66666666666666,700.0,393.24867724867727,150.99374156342253,331.28205128205127
