TraitMin,TraitMax,TraitAvg,TraitStdev,TraitTotal
148.57142857142858,733.3333333333334,357.2825396825396,144.88579020934228,299.15492957746477
