TraitMin,TraitMax,TraitAvg,TraitStdev,TraitTotal
200.0,1040.0,489.78174603174597,235.79454819033924,354.5945945945946
