SentiMin,SentiMax,SentiAvg,SentiStdev,Senti0-0.20,Senti0.21-0.40,Senti0.41-0.60,Senti0.61-0.80,Senti0.81-1.00,SentiTotal
8.96393345597144E-7,0.5136446707795853,0.2245184861908291,0.18807222309686372,8.0,4.0,3.0,0.0,0.0,1.1447573265379578E-20