TraitMin,TraitMax,TraitAvg,TraitStdev,TraitTotal
192.5,380.0,287.07211538461536,61.636791745746955,274.9425287356322
