TimeMin,TimeMax,TimeAvg,TimeStdev,TimeTotal
760.0,4200.0,1817.142857142857,1084.0890090725193,12720.0
