SentiMin,SentiMax,SentiAvg,SentiStdev,Senti0-0.20,Senti0.21-0.40,Senti0.41-0.60,Senti0.61-0.80,Senti0.81-1.00,SentiTotal
9.502634047535241E-4,0.35509496682161057,0.12679261347923165,0.11869251597796972,5.0,2.0,0.0,0.0,0.0,4.201309332189584E-10