TimeMin,TimeMax,TimeAvg,TimeStdev,TimeTotal
600.0,2600.0,1093.3333333333333,576.0401220594119,13120.0
