SentiMin,SentiMax,SentiAvg,SentiStdev,Senti0-0.20,Senti0.21-0.40,Senti0.41-0.60,Senti0.61-0.80,Senti0.81-1.00,SentiTotal
0.014414104900719673,0.49789225920557484,0.34074911993249923,0.18736802353229634,4.0,2.0,8.0,0.0,0.0,1.490967803831722E-6