TraitMin,TraitMax,TraitAvg,TraitStdev,TraitTotal
170.0,940.0,539.9659863945578,259.44125656287406,415.38461538461536
