SentiMin,SentiMax,SentiAvg,SentiStdev,Senti0-0.20,Senti0.21-0.40,Senti0.41-0.60,Senti0.61-0.80,Senti0.81-1.00,SentiTotal
0.09404856265722102,0.9611958417475951,0.407779753688502,0.2753495854647565,3.0,2.0,2.0,1.0,1.0,0.02835667803863554