SentiMin,SentiMax,SentiAvg,SentiStdev,Senti0-0.20,Senti0.21-0.40,Senti0.41-0.60,Senti0.61-0.80,Senti0.81-1.00,SentiTotal
0.02502817282535317,0.43796879524747484,0.2868646831536186,0.1515263237887981,3.0,6.0,3.0,0.0,0.0,2.894407403739514E-7