TimeMin,TimeMax,TimeAvg,TimeStdev,TimeTotal
920.0,2560.0,1435.5555555555557,494.75271289158206,12920.0
