TimeMin,TimeMax,TimeAvg,TimeStdev,TimeTotal
680.0,2120.0,1157.142857142857,441.41701325598757,16200.0
