TraitMin,TraitMax,TraitAvg,TraitStdev,TraitTotal
120.0,551.4285714285714,305.6946778711485,146.73450809257378,314.2857142857143
