SentiMin,SentiMax,SentiAvg,SentiStdev,Senti0-0.20,Senti0.21-0.40,Senti0.41-0.60,Senti0.61-0.80,Senti0.81-1.00,SentiTotal
0.0736401149528525,0.39697510199130176,0.19826630463462117,0.12697092860699913,2.0,2.0,0.0,0.0,0.0,0.0017317437991112075