TimeMin,TimeMax,TimeAvg,TimeStdev,TimeTotal
440.0,6320.0,1603.6363636363637,1608.6542807705207,17640.0
