TraitMin,TraitMax,TraitAvg,TraitStdev,TraitTotal
264.0,360.0,301.0,36.373066958946424,298.94736842105266
