SentiMin,SentiMax,SentiAvg,SentiStdev,Senti0-0.20,Senti0.21-0.40,Senti0.41-0.60,Senti0.61-0.80,Senti0.81-1.00,SentiTotal
0.017922462909205496,0.5136446707795853,0.27041266495605437,0.20152271305266853,4.0,1.0,4.0,0.0,0.0,2.7567676730972648E-6