TraitMin,TraitMax,TraitAvg,TraitStdev,TraitTotal
77.33333333333333,1060.0,568.6666666666666,491.33333333333337,192.94117647058823
