SentiMin,SentiMax,SentiAvg,SentiStdev,Senti0-0.20,Senti0.21-0.40,Senti0.41-0.60,Senti0.61-0.80,Senti0.81-1.00,SentiTotal
0.01756856659372285,0.6959033095314103,0.41814632413125596,0.21014494213327248,2.0,1.0,5.0,1.0,0.0,0.003723278465424944