SentiMin,SentiMax,SentiAvg,SentiStdev,Senti0-0.20,Senti0.21-0.40,Senti0.41-0.60,Senti0.61-0.80,Senti0.81-1.00,SentiTotal
0.055540677026033325,0.5056173457403734,0.30210016339651397,0.18537913036199208,4.0,2.0,5.0,0.0,0.0,6.751236621598017E-6