SentiMin,SentiMax,SentiAvg,SentiStdev,Senti0-0.20,Senti0.21-0.40,Senti0.41-0.60,Senti0.61-0.80,Senti0.81-1.00,SentiTotal
1.276392177065846E-4,0.49789225920557484,0.2687089955419808,0.18585878076996618,4.0,4.0,4.0,0.0,0.0,4.1365469836408967E-10