TimeMin,TimeMax,TimeAvg,TimeStdev,TimeTotal
600.0,6840.0,2168.8888888888887,1934.1862741757518,19520.0
