SentiMin,SentiMax,SentiAvg,SentiStdev,Senti0-0.20,Senti0.21-0.40,Senti0.41-0.60,Senti0.61-0.80,Senti0.81-1.00,SentiTotal
0.0047328796879933036,0.49789225920557484,0.3542449754013029,0.16972850089151426,2.0,2.0,5.0,0.0,0.0,1.332839740088743E-4