TimeMin,TimeMax,TimeAvg,TimeStdev,TimeTotal
280.0,4480.0,1658.1818181818182,1369.41804615098,18240.0
