TraitMin,TraitMax,TraitAvg,TraitStdev,TraitTotal
240.0,820.0,426.4814814814815,185.12999177495615,389.4736842105263
