SentiMin,SentiMax,SentiAvg,SentiStdev,Senti0-0.20,Senti0.21-0.40,Senti0.41-0.60,Senti0.61-0.80,Senti0.81-1.00,SentiTotal
0.007899456684892647,0.22396263971669256,0.1439706934737627,0.09253838287105638,2.0,3.0,0.0,0.0,0.0,5.467271142605406E-6