SentiMin,SentiMax,SentiAvg,SentiStdev,Senti0-0.20,Senti0.21-0.40,Senti0.41-0.60,Senti0.61-0.80,Senti0.81-1.00,SentiTotal
0.1571079350448899,0.5136446707795853,0.3782422222956171,0.12561839528230512,2.0,3.0,6.0,0.0,0.0,0.002631466840892826