TraitMin,TraitMax,TraitAvg,TraitStdev,TraitTotal
196.0,1320.0,476.5333333333334,426.3362053591039,330.1818181818182
