SentiMin,SentiMax,SentiAvg,SentiStdev,Senti0-0.20,Senti0.21-0.40,Senti0.41-0.60,Senti0.61-0.80,Senti0.81-1.00,SentiTotal
5.651833449977051E-5,0.49789225920557484,0.21525286679848143,0.22901258362439694,6.0,0.0,4.0,0.0,0.0,1.7500822719114426E-14