TimeMin,TimeMax,TimeAvg,TimeStdev,TimeTotal
960.0,3080.0,1644.4444444444443,704.1324230113271,14800.0
