TraitMin,TraitMax,TraitAvg,TraitStdev,TraitTotal
240.0,1160.0,617.8306878306879,286.60804750651306,557.7142857142857
