TraitMin,TraitMax,TraitAvg,TraitStdev,TraitTotal
327.05882352941177,576.0,451.52941176470586,124.47058823529412,383.6363636363636
