TimeMin,TimeMax,TimeAvg,TimeStdev,TimeTotal
880.0,12040.0,3448.8888888888887,3371.8193059680357,31040.0
