SentiMin,SentiMax,SentiAvg,SentiStdev,Senti0-0.20,Senti0.21-0.40,Senti0.41-0.60,Senti0.61-0.80,Senti0.81-1.00,SentiTotal
8.000696570460379E-5,0.48728019602140255,0.21787122436029246,0.17681286747888034,2.0,1.0,1.0,0.0,0.0,4.197895751402787E-6