TraitMin,TraitMax,TraitAvg,TraitStdev,TraitTotal
120.0,407.27272727272725,243.33792470156104,88.96077331308425,253.33333333333334
