TraitMin,TraitMax,TraitAvg,TraitStdev,TraitTotal
125.0,373.3333333333333,260.29761904761904,91.24941757339053,236.8
