TraitMin,TraitMax,TraitAvg,TraitStdev,TraitTotal
150.0,746.6666666666666,338.4444444444444,170.9018200569129,282.0
