TraitMin,TraitMax,TraitAvg,TraitStdev,TraitTotal
244.0,728.0,435.5925925925926,155.73368989191945,403.9024390243902
