SentiMin,SentiMax,SentiAvg,SentiStdev,Senti0-0.20,Senti0.21-0.40,Senti0.41-0.60,Senti0.61-0.80,Senti0.81-1.00,SentiTotal
6.271462223537437E-4,0.5628056929000496,0.28171641956120164,0.2810892733388479,1.0,0.0,1.0,0.0,0.0,8.140163377518774E-4