TraitMin,TraitMax,TraitAvg,TraitStdev,TraitTotal
173.33333333333334,632.0,298.11055611055605,133.2157078307149,304.13793103448273
