TimeMin,TimeMax,TimeAvg,TimeStdev,TimeTotal
640.0,2080.0,1206.6666666666667,443.2706722634477,7240.0
