TraitMin,TraitMax,TraitAvg,TraitStdev,TraitTotal
160.0,416.0,275.0,82.03860879691545,278.46153846153845
