TraitMin,TraitMax,TraitAvg,TraitStdev,TraitTotal
285.7142857142857,640.0,426.07559107559103,148.73094436239143,354.54545454545456
