TimeMin,TimeMax,TimeAvg,TimeStdev,TimeTotal
1480.0,3200.0,2613.3333333333335,801.5540461434206,7840.0
