SentiMin,SentiMax,SentiAvg,SentiStdev,Senti0-0.20,Senti0.21-0.40,Senti0.41-0.60,Senti0.61-0.80,Senti0.81-1.00,SentiTotal
0.08231110156979232,0.7131031083219621,0.37851011532842704,0.2005265185705224,2.0,3.0,2.0,2.0,0.0,0.003540180332033712