SentiMin,SentiMax,SentiAvg,SentiStdev,Senti0-0.20,Senti0.21-0.40,Senti0.41-0.60,Senti0.61-0.80,Senti0.81-1.00,SentiTotal
7.099640763680543E-4,0.5666333828789054,0.1929852195394064,0.2642466370280617,2.0,0.0,1.0,0.0,0.0,1.1099441876705102E-5