SentiMin,SentiMax,SentiAvg,SentiStdev,Senti0-0.20,Senti0.21-0.40,Senti0.41-0.60,Senti0.61-0.80,Senti0.81-1.00,SentiTotal
0.05954604589210091,0.5423076806095435,0.22908578746113628,0.1778131379786494,3.0,2.0,1.0,0.0,0.0,1.153253774879056E-4