TimeMin,TimeMax,TimeAvg,TimeStdev,TimeTotal
612.0,4880.0,2076.8888888888887,1259.1944907090797,18692.0
