SentiMin,SentiMax,SentiAvg,SentiStdev,Senti0-0.20,Senti0.21-0.40,Senti0.41-0.60,Senti0.61-0.80,Senti0.81-1.00,SentiTotal
0.009097161616019298,0.49789225920557484,0.23965673759810438,0.1571903797204891,3.0,4.0,1.0,0.0,0.0,2.4422005034795167E-6