TraitMin,TraitMax,TraitAvg,TraitStdev,TraitTotal
240.0,697.1428571428571,420.53439153439155,148.04234203569376,434.69767441860466
