TraitMin,TraitMax,TraitAvg,TraitStdev,TraitTotal
151.66666666666666,960.0,509.79166666666663,285.4898780799612,329.6774193548387
