TraitMin,TraitMax,TraitAvg,TraitStdev,TraitTotal
216.0,1480.0,805.3333333333334,519.5416783623385,595.0
