TimeMin,TimeMax,TimeAvg,TimeStdev,TimeTotal
560.0,1520.0,982.8571428571429,367.76212365037907,6880.0
