SentiMin,SentiMax,SentiAvg,SentiStdev,Senti0-0.20,Senti0.21-0.40,Senti0.41-0.60,Senti0.61-0.80,Senti0.81-1.00,SentiTotal
4.965526482356654E-4,0.7237075216394965,0.32145776404312176,0.23739857554010643,2.0,3.0,2.0,1.0,0.0,1.51440823066448E-6