TraitMin,TraitMax,TraitAvg,TraitStdev,TraitTotal
236.36363636363637,1000.0,454.2676767676768,227.42309139294676,387.36842105263156
