TraitMin,TraitMax,TraitAvg,TraitStdev,TraitTotal
224.0,1480.0,513.7638888888889,288.07578112589806,379.1044776119403
