TraitMin,TraitMax,TraitAvg,TraitStdev,TraitTotal
220.0,720.0,395.1969696969697,131.26600512722078,323.8095238095238
