SentiMin,SentiMax,SentiAvg,SentiStdev,Senti0-0.20,Senti0.21-0.40,Senti0.41-0.60,Senti0.61-0.80,Senti0.81-1.00,SentiTotal
2.7381597415798615E-5,0.49789225920557484,0.0952082272427222,0.13938234395798196,10.0,0.0,1.0,0.0,0.0,6.013179914163312E-22