SentiMin,SentiMax,SentiAvg,SentiStdev,Senti0-0.20,Senti0.21-0.40,Senti0.41-0.60,Senti0.61-0.80,Senti0.81-1.00,SentiTotal
6.007430695223486E-4,0.8637226337105731,0.2915086958487715,0.2928946906606398,5.0,2.0,1.0,1.0,1.0,4.700596185331969E-10