TraitMin,TraitMax,TraitAvg,TraitStdev,TraitTotal
186.66666666666666,1000.0,508.1904761904762,275.2406656660334,404.70588235294116
