SentiMin,SentiMax,SentiAvg,SentiStdev,Senti0-0.20,Senti0.21-0.40,Senti0.41-0.60,Senti0.61-0.80,Senti0.81-1.00,SentiTotal
0.09669225445786055,0.39697510199130176,0.23762716064426115,0.12327943064049844,1.0,2.0,0.0,0.0,0.0,0.019723867588494697