TraitMin,TraitMax,TraitAvg,TraitStdev,TraitTotal
165.71428571428572,1200.0,382.0948875685718,270.9287417049126,280.90909090909093
