SentiMin,SentiMax,SentiAvg,SentiStdev,Senti0-0.20,Senti0.21-0.40,Senti0.41-0.60,Senti0.61-0.80,Senti0.81-1.00,SentiTotal
3.870465665898521E-5,0.9611958417475951,0.22452412096441643,0.27543631035487653,10.0,0.0,3.0,0.0,1.0,9.548917936619452E-20