SentiMin,SentiMax,SentiAvg,SentiStdev,Senti0-0.20,Senti0.21-0.40,Senti0.41-0.60,Senti0.61-0.80,Senti0.81-1.00,SentiTotal
7.517689016747831E-6,0.5056149166683619,0.28904715711604195,0.16268631120181942,4.0,6.0,6.0,0.0,0.0,3.337923041929327E-12