TimeMin,TimeMax,TimeAvg,TimeStdev,TimeTotal
480.0,6480.0,1688.888888888889,1745.4731574017048,15200.0
