TimeMin,TimeMax,TimeAvg,TimeStdev,TimeTotal
840.0,4560.0,2247.2727272727275,1322.347024382239,24720.0
