TraitMin,TraitMax,TraitAvg,TraitStdev,TraitTotal
253.33333333333334,920.0,529.4444444444445,234.1625477428705,376.6666666666667
