SentiMin,SentiMax,SentiAvg,SentiStdev,Senti0-0.20,Senti0.21-0.40,Senti0.41-0.60,Senti0.61-0.80,Senti0.81-1.00,SentiTotal
0.25892830580794884,0.8352015687371459,0.48310812230634614,0.1646294070387542,0.0,3.0,3.0,0.0,1.0,0.44041623276510916