TraitMin,TraitMax,TraitAvg,TraitStdev,TraitTotal
304.0,1120.0,571.3968253968254,239.02524822071425,480.0
