SentiMin,SentiMax,SentiAvg,SentiStdev,Senti0-0.20,Senti0.21-0.40,Senti0.41-0.60,Senti0.61-0.80,Senti0.81-1.00,SentiTotal
0.08047413675023216,0.5738709846131035,0.3180787471316521,0.18795031940885354,2.0,2.0,3.0,0.0,0.0,0.001325094242603384