TraitMin,TraitMax,TraitAvg,TraitStdev,TraitTotal
280.0,2080.0,805.7142857142857,576.6617513848166,525.3333333333334
