TimeMin,TimeMax,TimeAvg,TimeStdev,TimeTotal
360.0,5480.0,1942.857142857143,1503.5739735302518,27200.0
