TraitMin,TraitMax,TraitAvg,TraitStdev,TraitTotal
230.0,560.0,396.3703703703704,104.69101444155127,323.40425531914894
