TimeMin,TimeMax,TimeAvg,TimeStdev,TimeTotal
640.0,3520.0,1506.6666666666667,929.1334074764984,13560.0
