TraitMin,TraitMax,TraitAvg,TraitStdev,TraitTotal
333.3333333333333,1000.0,519.251700680272,216.86637385801518,514.7058823529412
