TraitMin,TraitMax,TraitAvg,TraitStdev,TraitTotal
337.037037037037,1000.0,642.6807760141093,207.62223855043734,528.3333333333334
