TraitMin,TraitMax,TraitAvg,TraitStdev,TraitTotal
250.0,1000.0,564.6388888888889,248.8017658153565,499.0833333333333
