TraitMin,TraitMax,TraitAvg,TraitStdev,TraitTotal
525.0,1300.0,815.2777777777777,265.90240598041385,706.6666666666666
