SentiMin,SentiMax,SentiAvg,SentiStdev,Senti0-0.20,Senti0.21-0.40,Senti0.41-0.60,Senti0.61-0.80,Senti0.81-1.00,SentiTotal
0.15585040364727296,0.6824837810859113,0.47821096749582925,0.13599992415298995,1.0,0.0,6.0,1.0,0.0,0.28581602678400764