TraitMin,TraitMax,TraitAvg,TraitStdev,TraitTotal
500.0,1000.0,833.3333333333334,235.70226039551585,833.3333333333334
