SentiMin,SentiMax,SentiAvg,SentiStdev,Senti0-0.20,Senti0.21-0.40,Senti0.41-0.60,Senti0.61-0.80,Senti0.81-1.00,SentiTotal
0.14698682814903868,0.7264240096332016,0.4804103048300164,0.15730863721494617,1.0,0.0,5.0,1.0,0.0,0.3157340212836315