SentiMin,SentiMax,SentiAvg,SentiStdev,Senti0-0.20,Senti0.21-0.40,Senti0.41-0.60,Senti0.61-0.80,Senti0.81-1.00,SentiTotal
0.3725123196158991,0.5505550505941735,0.46959267523546727,0.06392804317544662,0.0,2.0,5.0,0.0,0.0,0.3050991743361845