TimeMin,TimeMax,TimeAvg,TimeStdev,TimeTotal
1000.0,10900.0,4166.666666666667,3518.364519047009,25000.0
