TraitMin,TraitMax,TraitAvg,TraitStdev,TraitTotal
250.0,1000.0,608.1696428571429,248.63055292485328,588.0952380952381
