TimeMin,TimeMax,TimeAvg,TimeStdev,TimeTotal
1000.0,4200.0,2571.4285714285716,1113.186270787323,18000.0
