SentiMin,SentiMax,SentiAvg,SentiStdev,Senti0-0.20,Senti0.21-0.40,Senti0.41-0.60,Senti0.61-0.80,Senti0.81-1.00,SentiTotal
0.3725123196158991,0.49789225920557484,0.4560989460090163,0.0591046703390796,0.0,1.0,2.0,0.0,0.0,0.3725123196158991