TraitMin,TraitMax,TraitAvg,TraitStdev,TraitTotal
257.14285714285717,666.6666666666666,468.03300865800867,131.71539339210796,420.93023255813955
