SentiMin,SentiMax,SentiAvg,SentiStdev,Senti0-0.20,Senti0.21-0.40,Senti0.41-0.60,Senti0.61-0.80,Senti0.81-1.00,SentiTotal
0.34322267253793753,0.9673161959259121,0.5909851682428577,0.21453514252895814,0.0,2.0,1.0,2.0,1.0,0.9777164290747187