TraitMin,TraitMax,TraitAvg,TraitStdev,TraitTotal
55.55555555555556,3875.0,1053.0570652173913,1158.011499322983,635.0877192982456
