TimeMin,TimeMax,TimeAvg,TimeStdev,TimeTotal
3800.0,6900.0,5533.333333333333,1291.8548250050735,16600.0
