SentiMin,SentiMax,SentiAvg,SentiStdev,Senti0-0.20,Senti0.21-0.40,Senti0.41-0.60,Senti0.61-0.80,Senti0.81-1.00,SentiTotal
0.3725123196158991,0.8766995102342174,0.5295706731354457,0.13747130946605274,0.0,1.0,6.0,0.0,1.0,0.8097700943535587