SentiMin,SentiMax,SentiAvg,SentiStdev,Senti0-0.20,Senti0.21-0.40,Senti0.41-0.60,Senti0.61-0.80,Senti0.81-1.00,SentiTotal
0.49789225920557484,0.8766995102342174,0.624161342881789,0.1785714506433253,0.0,0.0,2.0,0.0,1.0,0.8766995102342174