SentiMin,SentiMax,SentiAvg,SentiStdev,Senti0-0.20,Senti0.21-0.40,Senti0.41-0.60,Senti0.61-0.80,Senti0.81-1.00,SentiTotal
0.21921412548362115,0.6824837810859113,0.5070509304906383,0.10999216405423617,0.0,1.0,9.0,2.0,0.0,0.5877457113358185