TraitMin,TraitMax,TraitAvg,TraitStdev,TraitTotal
400.0,1700.0,923.8095238095237,397.0983188455121,758.3333333333334
