TimeMin,TimeMax,TimeAvg,TimeStdev,TimeTotal
1000.0,15100.0,5283.333333333333,5141.470822850425,31700.0
