SentiMin,SentiMax,SentiAvg,SentiStdev,Senti0-0.20,Senti0.21-0.40,Senti0.41-0.60,Senti0.61-0.80,Senti0.81-1.00,SentiTotal
0.15585040364727296,0.49789225920557484,0.4294838880939144,0.13681674222332077,1.0,0.0,4.0,0.0,0.0,0.15585040364727296