TraitMin,TraitMax,TraitAvg,TraitStdev,TraitTotal
433.3333333333333,683.3333333333334,558.3333333333334,125.00000000000003,533.3333333333334
