TraitMin,TraitMax,TraitAvg,TraitStdev,TraitTotal
475.0,1900.0,1021.875,518.7782371832882,715.3846153846154
