TimeMin,TimeMax,TimeAvg,TimeStdev,TimeTotal
1000.0,2300.0,1816.6666666666667,405.85985539619736,10900.0
