TraitMin,TraitMax,TraitAvg,TraitStdev,TraitTotal
50.0,1000.0,424.42002442002445,272.95193497535075,453.3333333333333
