TraitMin,TraitMax,TraitAvg,TraitStdev,TraitTotal
390.0,1200.0,747.5,359.5396362016294,486.6666666666667
