SentiMin,SentiMax,SentiAvg,SentiStdev,Senti0-0.20,Senti0.21-0.40,Senti0.41-0.60,Senti0.61-0.80,Senti0.81-1.00,SentiTotal
0.46764355068197516,0.701694196446155,0.532602904948971,0.08535346431251796,0.0,0.0,4.0,1.0,0.0,0.6757268340260179