TraitMin,TraitMax,TraitAvg,TraitStdev,TraitTotal
50.0,1000.0,414.9007936507937,237.96140887213807,369.6629213483146
