TraitMin,TraitMax,TraitAvg,TraitStdev,TraitTotal
283.3333333333333,2000.0,847.2222222222222,566.0467742309676,573.6842105263158
