TimeMin,TimeMax,TimeAvg,TimeStdev,TimeTotal
500.0,8000.0,2741.6666666666665,2165.817141147629,32900.0
