SentiMin,SentiMax,SentiAvg,SentiStdev,Senti0-0.20,Senti0.21-0.40,Senti0.41-0.60,Senti0.61-0.80,Senti0.81-1.00,SentiTotal
0.14698682814903868,0.49789225920557484,0.32243954367730676,0.17545271552826808,1.0,0.0,1.0,0.0,0.0,0.14698682814903868