TimeMin,TimeMax,TimeAvg,TimeStdev,TimeTotal
1200.0,5500.0,3057.1428571428573,1691.032772223736,21400.0
