TimeMin,TimeMax,TimeAvg,TimeStdev,TimeTotal
200.0,10100.0,2266.6666666666665,2850.73090043004,20400.0
