TraitMin,TraitMax,TraitAvg,TraitStdev,TraitTotal
300.0,357.14285714285717,328.57142857142856,28.571428571428584,336.3636363636364
