SentiMin,SentiMax,SentiAvg,SentiStdev,Senti0-0.20,Senti0.21-0.40,Senti0.41-0.60,Senti0.61-0.80,Senti0.81-1.00,SentiTotal
0.21921412548362115,0.642056924493179,0.4810780756512812,0.10964899611000675,0.0,1.0,6.0,1.0,0.0,0.3368154984419534