TraitMin,TraitMax,TraitAvg,TraitStdev,TraitTotal
233.33333333333334,1000.0,547.3809523809524,252.23108758031813,444.44444444444446
