TimeMin,TimeMax,TimeAvg,TimeStdev,TimeTotal
1000.0,3900.0,2233.3333333333335,1161.416759345623,13400.0
