TraitMin,TraitMax,TraitAvg,TraitStdev,TraitTotal
466.6666666666667,1000.0,680.8333333333333,196.34861287459552,676.4705882352941
