TraitMin,TraitMax,TraitAvg,TraitStdev,TraitTotal
325.0,1000.0,499.59935897435895,215.71797155253347,411.59420289855075
