TraitMin,TraitMax,TraitAvg,TraitStdev,TraitTotal
240.0,966.6666666666666,528.0,261.3265305237024,470.0
