TimeMin,TimeMax,TimeAvg,TimeStdev,TimeTotal
1000.0,3100.0,1996.3333333333333,838.0138556266371,11978.0
