TraitMin,TraitMax,TraitAvg,TraitStdev,TraitTotal
133.33333333333334,1200.0,661.3636363636364,327.37997447768754,671.4285714285714
