TraitMin,TraitMax,TraitAvg,TraitStdev,TraitTotal
488.8888888888889,1500.0,829.6296296296296,474.0451380058032,575.0
