TraitMin,TraitMax,TraitAvg,TraitStdev,TraitTotal
226.66666666666666,640.0,365.87301587301585,138.0398538819973,297.9310344827586
