SentiMin,SentiMax,SentiAvg,SentiStdev,Senti0-0.20,Senti0.21-0.40,Senti0.41-0.60,Senti0.61-0.80,Senti0.81-1.00,SentiTotal
0.014448430840098569,0.9611958417475951,0.37018309648562203,0.27609799769218646,4.0,3.0,2.0,2.0,1.0,1.0303364460647418E-4