SentiMin,SentiMax,SentiAvg,SentiStdev,Senti0-0.20,Senti0.21-0.40,Senti0.41-0.60,Senti0.61-0.80,Senti0.81-1.00,SentiTotal
8.586161526069696E-4,0.595155460775402,0.210869584705496,0.1900549779307873,6.0,4.0,2.0,0.0,0.0,1.4350142368245349E-13