SentiMin,SentiMax,SentiAvg,SentiStdev,Senti0-0.20,Senti0.21-0.40,Senti0.41-0.60,Senti0.61-0.80,Senti0.81-1.00,SentiTotal
0.053511788630562225,0.5957595452838841,0.3193642549115738,0.1803212295459662,2.0,2.0,2.0,0.0,0.0,0.0031527097302068547