TraitMin,TraitMax,TraitAvg,TraitStdev,TraitTotal
248.0,480.0,362.6,77.82284725937207,346.6666666666667
