TraitMin,TraitMax,TraitAvg,TraitStdev,TraitTotal
220.0,760.0,421.4444444444445,159.37071466037298,368.780487804878
