TimeMin,TimeMax,TimeAvg,TimeStdev,TimeTotal
880.0,4320.0,2503.3333333333335,1057.8542222610615,30040.0
