SentiMin,SentiMax,SentiAvg,SentiStdev,Senti0-0.20,Senti0.21-0.40,Senti0.41-0.60,Senti0.61-0.80,Senti0.81-1.00,SentiTotal
8.337744986771903E-4,0.9611958417475951,0.28735082920345956,0.2733150143060107,5.0,2.0,2.0,0.0,1.0,4.970780651068745E-8