TraitMin,TraitMax,TraitAvg,TraitStdev,TraitTotal
230.0,1000.0,506.0,285.1463561830038,330.5263157894737
