SentiMin,SentiMax,SentiAvg,SentiStdev,Senti0-0.20,Senti0.21-0.40,Senti0.41-0.60,Senti0.61-0.80,Senti0.81-1.00,SentiTotal
0.03332178955489741,0.7486244559145196,0.2425496822200002,0.21798329697169108,4.0,3.0,1.0,1.0,0.0,1.8455556931563343E-7