SentiMin,SentiMax,SentiAvg,SentiStdev,Senti0-0.20,Senti0.21-0.40,Senti0.41-0.60,Senti0.61-0.80,Senti0.81-1.00,SentiTotal
0.005656230188927732,0.5185037232962106,0.2105507809151167,0.19199209397138325,4.0,0.0,2.0,0.0,0.0,4.661944895956493E-6