TimeMin,TimeMax,TimeAvg,TimeStdev,TimeTotal
680.0,1920.0,1166.6666666666667,327.3462319250911,14000.0
