TraitMin,TraitMax,TraitAvg,TraitStdev,TraitTotal
226.66666666666666,560.0,403.75000000000006,122.64942700414235,364.44444444444446
