TraitMin,TraitMax,TraitAvg,TraitStdev,TraitTotal
224.0,1000.0,421.85416666666663,233.86899730256158,344.11764705882354
