TraitMin,TraitMax,TraitAvg,TraitStdev,TraitTotal
188.57142857142858,440.0,340.98701298701303,93.685024371738,300.8
