TraitMin,TraitMax,TraitAvg,TraitStdev,TraitTotal
112.0,520.0,321.55555555555554,121.4929759692985,316.9230769230769
