TimeMin,TimeMax,TimeAvg,TimeStdev,TimeTotal
520.0,2120.0,1185.4545454545455,433.59729193140487,13040.0
