SentiMin,SentiMax,SentiAvg,SentiStdev,Senti0-0.20,Senti0.21-0.40,Senti0.41-0.60,Senti0.61-0.80,Senti0.81-1.00,SentiTotal
0.03551297696150213,0.36462815282503935,0.20007056489327074,0.1645575879317686,1.0,1.0,0.0,0.0,0.0,0.02086493645276653