TraitMin,TraitMax,TraitAvg,TraitStdev,TraitTotal
230.0,880.0,432.997023526804,179.91776694482854,411.08910891089107
