TraitMin,TraitMax,TraitAvg,TraitStdev,TraitTotal
186.66666666666666,960.0,394.5707070707071,202.80941015209373,314.7169811320755
