SentiMin,SentiMax,SentiAvg,SentiStdev,Senti0-0.20,Senti0.21-0.40,Senti0.41-0.60,Senti0.61-0.80,Senti0.81-1.00,SentiTotal
0.05440467469224311,0.5639763231122827,0.19573906310996192,0.15736349684821602,7.0,3.0,1.0,0.0,0.0,9.881493624387024E-9