TimeMin,TimeMax,TimeAvg,TimeStdev,TimeTotal
560.0,2600.0,1373.3333333333333,722.0957154160536,8240.0
