SentiMin,SentiMax,SentiAvg,SentiStdev,Senti0-0.20,Senti0.21-0.40,Senti0.41-0.60,Senti0.61-0.80,Senti0.81-1.00,SentiTotal
4.113575184050564E-4,0.9041098809645616,0.3379519625877754,0.3239334885841942,2.0,1.0,1.0,0.0,1.0,8.28860634418492E-5