TraitMin,TraitMax,TraitAvg,TraitStdev,TraitTotal
353.3333333333333,1000.0,558.7878787878788,197.88412448138197,482.962962962963
