SentiMin,SentiMax,SentiAvg,SentiStdev,Senti0-0.20,Senti0.21-0.40,Senti0.41-0.60,Senti0.61-0.80,Senti0.81-1.00,SentiTotal
0.0030258189875841026,0.14622587266172368,0.05905120413844678,0.062472779320438626,3.0,0.0,0.0,0.0,0.0,1.5173325545212324E-5