TraitMin,TraitMax,TraitAvg,TraitStdev,TraitTotal
230.0,840.0,386.060606060606,173.35558238218647,330.5882352941176
