TraitMin,TraitMax,TraitAvg,TraitStdev,TraitTotal
290.0,1000.0,568.0,210.64029370785954,502.85714285714283
