SentiMin,SentiMax,SentiAvg,SentiStdev,Senti0-0.20,Senti0.21-0.40,Senti0.41-0.60,Senti0.61-0.80,Senti0.81-1.00,SentiTotal
0.007384737527956636,0.4894886660404289,0.20125576410021598,0.1612031630589866,6.0,5.0,1.0,0.0,0.0,4.8356341418085363E-11