TraitMin,TraitMax,TraitAvg,TraitStdev,TraitTotal
200.0,760.0,339.0555555555556,154.16380377722174,304.3478260869565
