TimeMin,TimeMax,TimeAvg,TimeStdev,TimeTotal
1880.0,9760.0,4573.333333333333,3668.4359367749935,13720.0
