TraitMin,TraitMax,TraitAvg,TraitStdev,TraitTotal
192.0,1000.0,383.1496598639456,208.09837468420457,306.04651162790697
