SentiMin,SentiMax,SentiAvg,SentiStdev,Senti0-0.20,Senti0.21-0.40,Senti0.41-0.60,Senti0.61-0.80,Senti0.81-1.00,SentiTotal
1.8092764088078193E-4,0.6613966646381532,0.1924924835189589,0.19351542109542527,9.0,4.0,2.0,1.0,0.0,1.3241943466091794E-18