SentiMin,SentiMax,SentiAvg,SentiStdev,Senti0-0.20,Senti0.21-0.40,Senti0.41-0.60,Senti0.61-0.80,Senti0.81-1.00,SentiTotal
6.537673623506262E-6,0.8145377151692282,0.18874006496246185,0.2702811556304032,8.0,1.0,0.0,1.0,1.0,2.1024343124091684E-17