SentiMin,SentiMax,SentiAvg,SentiStdev,Senti0-0.20,Senti0.21-0.40,Senti0.41-0.60,Senti0.61-0.80,Senti0.81-1.00,SentiTotal
0.003473224235504142,0.49789225920557484,0.18614059382160147,0.17420350405104515,9.0,5.0,1.0,0.0,0.0,7.729671768823077E-16