SentiMin,SentiMax,SentiAvg,SentiStdev,Senti0-0.20,Senti0.21-0.40,Senti0.41-0.60,Senti0.61-0.80,Senti0.81-1.00,SentiTotal
1.4263099040019922E-4,0.9611958417475951,0.2523466950014209,0.26333893422841254,6.0,4.0,1.0,0.0,1.0,1.9740861702005453E-12