TraitMin,TraitMax,TraitAvg,TraitStdev,TraitTotal
170.0,840.0,340.3333333333333,188.21057946412637,286.3157894736842
