TraitMin,TraitMax,TraitAvg,TraitStdev,TraitTotal
208.0,542.2222222222222,328.4074074074074,151.59118548631636,381.1111111111111
