TimeMin,TimeMax,TimeAvg,TimeStdev,TimeTotal
840.0,1400.0,1021.8181818181819,174.24216073761366,11240.0
