TimeMin,TimeMax,TimeAvg,TimeStdev,TimeTotal
440.0,6120.0,1644.4444444444443,1785.41692056699,14800.0
