TraitMin,TraitMax,TraitAvg,TraitStdev,TraitTotal
172.0,1240.0,436.0,272.1407378482339,333.9130434782609
