SentiMin,SentiMax,SentiAvg,SentiStdev,Senti0-0.20,Senti0.21-0.40,Senti0.41-0.60,Senti0.61-0.80,Senti0.81-1.00,SentiTotal
0.015549951393474622,0.7736692065313933,0.27090584704357146,0.2307017314816294,5.0,5.0,1.0,2.0,0.0,9.419113837386325E-9