SentiMin,SentiMax,SentiAvg,SentiStdev,Senti0-0.20,Senti0.21-0.40,Senti0.41-0.60,Senti0.61-0.80,Senti0.81-1.00,SentiTotal
0.0037871826497899806,0.7300840865009319,0.30535930982080356,0.22848951210418653,2.0,5.0,1.0,1.0,0.0,9.726621600007227E-7