TimeMin,TimeMax,TimeAvg,TimeStdev,TimeTotal
760.0,1520.0,1093.3333333333333,208.27332469084413,9840.0
