TraitMin,TraitMax,TraitAvg,TraitStdev,TraitTotal
320.0,840.0,504.8148148148149,164.13718374933583,436.8
