TimeMin,TimeMax,TimeAvg,TimeStdev,TimeTotal
800.0,1080.0,973.3333333333334,123.64824660660939,2920.0
