SentiMin,SentiMax,SentiAvg,SentiStdev,Senti0-0.20,Senti0.21-0.40,Senti0.41-0.60,Senti0.61-0.80,Senti0.81-1.00,SentiTotal
0.0015065233294792632,0.6587861598287739,0.17782629206730577,0.20780002097696224,10.0,4.0,1.0,1.0,0.0,1.8669986719848944E-20