TraitMin,TraitMax,TraitAvg,TraitStdev,TraitTotal
240.0,680.0,391.7356532356533,141.37404760840192,321.0
