TimeMin,TimeMax,TimeAvg,TimeStdev,TimeTotal
640.0,3320.0,1584.6153846153845,868.5320540970739,20600.0
