TraitMin,TraitMax,TraitAvg,TraitStdev,TraitTotal
256.0,920.0,550.75,210.7817295213226,442.22222222222223
