TraitMin,TraitMax,TraitAvg,TraitStdev,TraitTotal
253.33333333333334,960.0,428.53479853479854,203.39990173488724,355.17241379310343
