SentiMin,SentiMax,SentiAvg,SentiStdev,Senti0-0.20,Senti0.21-0.40,Senti0.41-0.60,Senti0.61-0.80,Senti0.81-1.00,SentiTotal
1.6811703954642396E-4,0.731058526105691,0.3747067815376018,0.22424717809542052,1.0,3.0,1.0,1.0,0.0,6.054443662960231E-5