TimeMin,TimeMax,TimeAvg,TimeStdev,TimeTotal
720.0,3520.0,1573.3333333333333,967.6546675108613,9440.0
