TraitMin,TraitMax,TraitAvg,TraitStdev,TraitTotal
210.9090909090909,880.0,379.99167499167504,177.11224137455906,295.13513513513516
