SentiMin,SentiMax,SentiAvg,SentiStdev,Senti0-0.20,Senti0.21-0.40,Senti0.41-0.60,Senti0.61-0.80,Senti0.81-1.00,SentiTotal
2.4015047770225146E-4,0.7440786448968312,0.2751139052985435,0.2594578476918564,4.0,1.0,2.0,1.0,0.0,5.426079925818247E-10