SentiMin,SentiMax,SentiAvg,SentiStdev,Senti0-0.20,Senti0.21-0.40,Senti0.41-0.60,Senti0.61-0.80,Senti0.81-1.00,SentiTotal
0.0020192631030260108,0.731058526105691,0.3624343186126956,0.2759179332424161,1.0,1.0,1.0,1.0,0.0,0.0015651938800930493