TraitMin,TraitMax,TraitAvg,TraitStdev,TraitTotal
168.0,560.0,323.33333333333337,106.58233846090482,290.3448275862069
