SentiMin,SentiMax,SentiAvg,SentiStdev,Senti0-0.20,Senti0.21-0.40,Senti0.41-0.60,Senti0.61-0.80,Senti0.81-1.00,SentiTotal
0.004929522391969977,0.4692211602363167,0.24263768571187763,0.1602483068670804,3.0,4.0,1.0,0.0,0.0,1.4601257587309552E-6