TimeMin,TimeMax,TimeAvg,TimeStdev,TimeTotal
600.0,1680.0,1017.7777777777778,352.8228317686994,9160.0
