TraitMin,TraitMax,TraitAvg,TraitStdev,TraitTotal
240.0,840.0,427.41666666666663,211.38838334002915,332.17391304347825
