SentiMin,SentiMax,SentiAvg,SentiStdev,Senti0-0.20,Senti0.21-0.40,Senti0.41-0.60,Senti0.61-0.80,Senti0.81-1.00,SentiTotal
0.06195189246559771,0.5954966733673009,0.31439711590086844,0.17182888871940655,2.0,3.0,3.0,0.0,0.0,5.39072783857369E-4