SentiMin,SentiMax,SentiAvg,SentiStdev,Senti0-0.20,Senti0.21-0.40,Senti0.41-0.60,Senti0.61-0.80,Senti0.81-1.00,SentiTotal
5.820926718382206E-6,0.853785682733459,0.33826060516261375,0.23725381809840476,5.0,2.0,5.0,0.0,1.0,1.3448488043833246E-9