SentiMin,SentiMax,SentiAvg,SentiStdev,Senti0-0.20,Senti0.21-0.40,Senti0.41-0.60,Senti0.61-0.80,Senti0.81-1.00,SentiTotal
1.1084087606425317E-4,0.87383798914988,0.3332618901474659,0.2443490847416959,5.0,2.0,6.0,0.0,1.0,1.4964659199813451E-9