SentiMin,SentiMax,SentiAvg,SentiStdev,Senti0-0.20,Senti0.21-0.40,Senti0.41-0.60,Senti0.61-0.80,Senti0.81-1.00,SentiTotal
0.09737625717408459,0.49789225920557484,0.35829321936162395,0.10859874476541911,1.0,6.0,1.0,0.0,0.0,0.005699635246777923