TraitMin,TraitMax,TraitAvg,TraitStdev,TraitTotal
100.0,1160.0,560.0,330.6055050963308,383.6363636363636
