TraitMin,TraitMax,TraitAvg,TraitStdev,TraitTotal
165.0,960.0,479.8148148148148,253.8158713923239,328.0
