TimeMin,TimeMax,TimeAvg,TimeStdev,TimeTotal
440.0,1800.0,1181.5384615384614,386.10174334366553,15360.0
