SentiMin,SentiMax,SentiAvg,SentiStdev,Senti0-0.20,Senti0.21-0.40,Senti0.41-0.60,Senti0.61-0.80,Senti0.81-1.00,SentiTotal
0.020964710654700083,0.49789225920557484,0.19920339839287626,0.16747142675369786,5.0,4.0,1.0,0.0,0.0,7.916687523280415E-9