SentiMin,SentiMax,SentiAvg,SentiStdev,Senti0-0.20,Senti0.21-0.40,Senti0.41-0.60,Senti0.61-0.80,Senti0.81-1.00,SentiTotal
1.1111848421426626E-7,0.5666140499822833,0.17241742619769104,0.20590361023720713,8.0,2.0,2.0,0.0,0.0,4.382313270552824E-25