SentiMin,SentiMax,SentiAvg,SentiStdev,Senti0-0.20,Senti0.21-0.40,Senti0.41-0.60,Senti0.61-0.80,Senti0.81-1.00,SentiTotal
0.04313171058378561,0.8838986851987098,0.46472479820850565,0.30888941386294994,2.0,2.0,2.0,0.0,3.0,0.13788084320960903