SentiMin,SentiMax,SentiAvg,SentiStdev,Senti0-0.20,Senti0.21-0.40,Senti0.41-0.60,Senti0.61-0.80,Senti0.81-1.00,SentiTotal
4.320897350274907E-6,0.39697510199130176,0.1337752367209543,0.15916238687328557,8.0,3.0,0.0,0.0,0.0,2.5483494464917125E-22