TraitMin,TraitMax,TraitAvg,TraitStdev,TraitTotal
306.6666666666667,920.0,590.4761904761905,184.8502488839862,523.3333333333334
