TimeMin,TimeMax,TimeAvg,TimeStdev,TimeTotal
520.0,1400.0,897.1428571428571,297.6918006315681,6280.0
