SentiMin,SentiMax,SentiAvg,SentiStdev,Senti0-0.20,Senti0.21-0.40,Senti0.41-0.60,Senti0.61-0.80,Senti0.81-1.00,SentiTotal
0.0022542532575438546,0.4226679511713533,0.2893236656972784,0.12668754496847592,1.0,7.0,1.0,0.0,0.0,5.74754754393574E-6