SentiMin,SentiMax,SentiAvg,SentiStdev,Senti0-0.20,Senti0.21-0.40,Senti0.41-0.60,Senti0.61-0.80,Senti0.81-1.00,SentiTotal
3.092432230733578E-4,0.5628056929000496,0.22635034792552797,0.20442305175779074,7.0,4.0,3.0,0.0,0.0,8.193097185122392E-17