SentiMin,SentiMax,SentiAvg,SentiStdev,Senti0-0.20,Senti0.21-0.40,Senti0.41-0.60,Senti0.61-0.80,Senti0.81-1.00,SentiTotal
0.2079720630184511,0.49789225920557484,0.34146652468051114,0.10986299537185616,0.0,5.0,2.0,0.0,0.0,0.007833672933042974