TraitMin,TraitMax,TraitAvg,TraitStdev,TraitTotal
176.0,960.0,478.44444444444446,223.0221159381528,347.58620689655174
