TraitMin,TraitMax,TraitAvg,TraitStdev,TraitTotal
224.0,600.0,369.5111111111111,133.29306058456308,316.6666666666667
