TimeMin,TimeMax,TimeAvg,TimeStdev,TimeTotal
560.0,3080.0,1213.3333333333333,711.5554167534044,10920.0
