TraitMin,TraitMax,TraitAvg,TraitStdev,TraitTotal
260.0,800.0,473.3333333333333,234.56816114345574,365.0
