SentiMin,SentiMax,SentiAvg,SentiStdev,Senti0-0.20,Senti0.21-0.40,Senti0.41-0.60,Senti0.61-0.80,Senti0.81-1.00,SentiTotal
0.0187789174498334,0.48439634580644964,0.2796134521983814,0.1531295694704918,5.0,8.0,3.0,0.0,0.0,5.452197504849885E-9