SentiMin,SentiMax,SentiAvg,SentiStdev,Senti0-0.20,Senti0.21-0.40,Senti0.41-0.60,Senti0.61-0.80,Senti0.81-1.00,SentiTotal
7.00168541680686E-5,0.49789225920557484,0.3149066928667127,0.15518209722917484,5.0,9.0,5.0,0.0,0.0,4.917643156370487E-12