TraitMin,TraitMax,TraitAvg,TraitStdev,TraitTotal
231.11111111111111,1040.0,471.5255667960383,244.2432395347908,377.94392523364485
