TimeMin,TimeMax,TimeAvg,TimeStdev,TimeTotal
920.0,11920.0,3110.769230769231,2962.0846649159403,40440.0
