SentiMin,SentiMax,SentiAvg,SentiStdev,Senti0-0.20,Senti0.21-0.40,Senti0.41-0.60,Senti0.61-0.80,Senti0.81-1.00,SentiTotal
0.02624937925269338,0.9972702656944499,0.31333641958520186,0.30909633652208557,7.0,3.0,1.0,0.0,2.0,9.902243039961902E-6