TimeMin,TimeMax,TimeAvg,TimeStdev,TimeTotal
400.0,3680.0,1437.8947368421052,811.8567344924352,27320.0
