SentiMin,SentiMax,SentiAvg,SentiStdev,Senti0-0.20,Senti0.21-0.40,Senti0.41-0.60,Senti0.61-0.80,Senti0.81-1.00,SentiTotal
0.2396124337506338,0.4801180056153849,0.37511938861919125,0.0702412122665186,0.0,6.0,1.0,0.0,0.0,0.026130786758530113