TraitMin,TraitMax,TraitAvg,TraitStdev,TraitTotal
298.1818181818182,1360.0,731.8341307814992,364.6421559903932,496.72727272727275
