TraitMin,TraitMax,TraitAvg,TraitStdev,TraitTotal
440.0,1040.0,780.0,211.38995786393042,715.5555555555555
