TraitMin,TraitMax,TraitAvg,TraitStdev,TraitTotal
243.0,1520.0,978.1111111111111,338.74554345389777,960.3
