TraitMin,TraitMax,TraitAvg,TraitStdev,TraitTotal
312.0,340.0,324.0,11.775681155103795,324.70588235294116
