SentiMin,SentiMax,SentiAvg,SentiStdev,Senti0-0.20,Senti0.21-0.40,Senti0.41-0.60,Senti0.61-0.80,Senti0.81-1.00,SentiTotal
0.13070613108771204,0.34685127563129303,0.23618237302863193,0.058022104159347325,3.0,7.0,0.0,0.0,0.0,6.416843222706914E-6