SentiMin,SentiMax,SentiAvg,SentiStdev,Senti0-0.20,Senti0.21-0.40,Senti0.41-0.60,Senti0.61-0.80,Senti0.81-1.00,SentiTotal
0.018104944867973878,0.49789225920557484,0.37006862402876717,0.16873197424158812,2.0,3.0,6.0,0.0,0.0,1.2157748255029394E-4