SentiMin,SentiMax,SentiAvg,SentiStdev,Senti0-0.20,Senti0.21-0.40,Senti0.41-0.60,Senti0.61-0.80,Senti0.81-1.00,SentiTotal
0.12973517637566664,0.49789225920557484,0.39422965645276775,0.134799935429681,1.0,3.0,6.0,0.0,0.0,0.008046841689098532