TimeMin,TimeMax,TimeAvg,TimeStdev,TimeTotal
495.0,2568.0,1179.090909090909,625.5245732467567,12970.0
