SentiMin,SentiMax,SentiAvg,SentiStdev,Senti0-0.20,Senti0.21-0.40,Senti0.41-0.60,Senti0.61-0.80,Senti0.81-1.00,SentiTotal
1.9404734635523818E-7,0.5318834537628724,0.2729362061506466,0.18599529764284028,5.0,6.0,6.0,0.0,0.0,2.760483381748438E-21