SentiMin,SentiMax,SentiAvg,SentiStdev,Senti0-0.20,Senti0.21-0.40,Senti0.41-0.60,Senti0.61-0.80,Senti0.81-1.00,SentiTotal
0.14902308746955298,0.5161431266571089,0.37301880775531926,0.13326289008711284,1.0,3.0,3.0,0.0,0.0,0.017925311369749643