SentiMin,SentiMax,SentiAvg,SentiStdev,Senti0-0.20,Senti0.21-0.40,Senti0.41-0.60,Senti0.61-0.80,Senti0.81-1.00,SentiTotal
0.01384450518571815,0.49789225920557484,0.27385032146323707,0.16292131190703707,5.0,4.0,4.0,0.0,0.0,1.0082069113131035E-7