TraitMin,TraitMax,TraitAvg,TraitStdev,TraitTotal
73.6,1047.0,377.00308641975306,275.3238471635696,269.7567567567568
