TraitMin,TraitMax,TraitAvg,TraitStdev,TraitTotal
130.0,646.0,334.0309523809524,165.02033802368496,281.95652173913044
