TraitMin,TraitMax,TraitAvg,TraitStdev,TraitTotal
138.66666666666666,1184.3333333333333,371.8140271493213,331.1538174289213,242.08080808080808
