TimeMin,TimeMax,TimeAvg,TimeStdev,TimeTotal
416.0,2791.0,1387.2857142857142,779.3351954959917,9711.0
