TimeMin,TimeMax,TimeAvg,TimeStdev,TimeTotal
416.0,4382.0,1409.764705882353,1114.636344253495,23966.0
