TimeMin,TimeMax,TimeAvg,TimeStdev,TimeTotal
457.0,3642.0,1045.9333333333334,777.1833302952971,15689.0
