TraitMin,TraitMax,TraitAvg,TraitStdev,TraitTotal
150.4,943.0,473.67777777777786,216.49986327214498,398.4390243902439
