TimeMin,TimeMax,TimeAvg,TimeStdev,TimeTotal
689.0,4425.0,1485.090909090909,1312.8722470941652,16336.0
