SentiMin,SentiMax,SentiAvg,SentiStdev,Senti0-0.20,Senti0.21-0.40,Senti0.41-0.60,Senti0.61-0.80,Senti0.81-1.00,SentiTotal
3.7887108019824586E-4,0.49789225920557484,0.17334379778062622,0.1788987012297843,6.0,1.0,2.0,0.0,0.0,5.090801834899628E-11