SentiMin,SentiMax,SentiAvg,SentiStdev,Senti0-0.20,Senti0.21-0.40,Senti0.41-0.60,Senti0.61-0.80,Senti0.81-1.00,SentiTotal
7.796402205209078E-4,0.49789225920557484,0.3121052652695201,0.17484174987970744,4.0,1.0,6.0,0.0,0.0,4.614639291873839E-7