TraitMin,TraitMax,TraitAvg,TraitStdev,TraitTotal
125.5,751.0,326.62275689223054,163.85028921247107,245.140625
