TraitMin,TraitMax,TraitAvg,TraitStdev,TraitTotal
182.66666666666666,1512.0,539.8809523809524,435.87895795323107,352.05555555555554
