SentiMin,SentiMax,SentiAvg,SentiStdev,Senti0-0.20,Senti0.21-0.40,Senti0.41-0.60,Senti0.61-0.80,Senti0.81-1.00,SentiTotal
0.006192260541553994,0.565581293404478,0.3461868441175368,0.21181043262084465,5.0,2.0,8.0,0.0,0.0,8.091405208133573E-8