TraitMin,TraitMax,TraitAvg,TraitStdev,TraitTotal
124.4,447.25,242.91849206349207,96.71340288482439,246.96666666666667
