TimeMin,TimeMax,TimeAvg,TimeStdev,TimeTotal
448.0,2271.0,945.7692307692307,504.22799389015006,12295.0
