SentiMin,SentiMax,SentiAvg,SentiStdev,Senti0-0.20,Senti0.21-0.40,Senti0.41-0.60,Senti0.61-0.80,Senti0.81-1.00,SentiTotal
0.001219037337286113,0.5318834537628724,0.36390184215484717,0.20137906960047672,2.0,0.0,5.0,0.0,0.0,1.1585967790880674E-4