TraitMin,TraitMax,TraitAvg,TraitStdev,TraitTotal
112.0,984.0,378.75320512820514,261.11949645074947,267.2826086956522
