TimeMin,TimeMax,TimeAvg,TimeStdev,TimeTotal
425.0,1512.0,905.2857142857143,374.82327808704514,6337.0
