TraitMin,TraitMax,TraitAvg,TraitStdev,TraitTotal
11.11111111111111,416.6666666666667,223.25814536340852,139.7654966707742,200.0
