SentiMin,SentiMax,SentiAvg,SentiStdev,Senti0-0.20,Senti0.21-0.40,Senti0.41-0.60,Senti0.61-0.80,Senti0.81-1.00,SentiTotal
0.35509496682161057,0.6824837810859113,0.5025360624829496,0.07765379899298017,0.0,1.0,7.0,1.0,0.0,0.5441157526324338