TimeMin,TimeMax,TimeAvg,TimeStdev,TimeTotal
400.0,8960.0,3582.8571428571427,2933.1879988733576,50160.0
