SentiMin,SentiMax,SentiAvg,SentiStdev,Senti0-0.20,Senti0.21-0.40,Senti0.41-0.60,Senti0.61-0.80,Senti0.81-1.00,SentiTotal
0.49789225920557484,0.6611820092341382,0.5387146967127158,0.07070653585117331,0.0,0.0,6.0,2.0,0.0,0.7934033190822037