TimeMin,TimeMax,TimeAvg,TimeStdev,TimeTotal
360.0,8400.0,3037.6666666666665,2749.9994343433764,27339.0
