TraitMin,TraitMax,TraitAvg,TraitStdev,TraitTotal
10.0,1000.0,253.51190476190476,301.3663083121839,134.6341463414634
