TraitMin,TraitMax,TraitAvg,TraitStdev,TraitTotal
51.42857142857143,1000.0,587.1972994325936,261.97974051557924,471.36206896551727
