TraitMin,TraitMax,TraitAvg,TraitStdev,TraitTotal
4.0,514.2857142857143,244.38201058201062,187.54730420593307,269.05027932960894
