SentiMin,SentiMax,SentiAvg,SentiStdev,Senti0-0.20,Senti0.21-0.40,Senti0.41-0.60,Senti0.61-0.80,Senti0.81-1.00,SentiTotal
0.34322267253793753,0.49789225920557484,0.4824253005388111,0.04640087600029119,0.0,1.0,9.0,0.0,0.0,0.34322267253793753