TimeMin,TimeMax,TimeAvg,TimeStdev,TimeTotal
120.0,11280.0,3631.1111111111113,3701.6646238759017,32680.0
