TimeMin,TimeMax,TimeAvg,TimeStdev,TimeTotal
40.0,10520.0,2741.5384615384614,3261.773576431284,35640.0
