TraitMin,TraitMax,TraitAvg,TraitStdev,TraitTotal
40.0,1000.0,410.51851851851853,332.40776849253064,351.1111111111111
