SentiMin,SentiMax,SentiAvg,SentiStdev,Senti0-0.20,Senti0.21-0.40,Senti0.41-0.60,Senti0.61-0.80,Senti0.81-1.00,SentiTotal
0.21868692975498652,0.8232975942751998,0.39616280496757084,0.22214192365771362,0.0,8.0,2.0,3.0,1.0,0.0014470994060792664