TraitMin,TraitMax,TraitAvg,TraitStdev,TraitTotal
2.6666666666666665,920.0,276.1900883430295,241.8372157239071,250.43478260869566
