TraitMin,TraitMax,TraitAvg,TraitStdev,TraitTotal
3.6363636363636362,553.6842105263158,218.1715126978285,195.57240942117167,222.75
