TraitMin,TraitMax,TraitAvg,TraitStdev,TraitTotal
40.0,300.0,171.0,121.33836985883731,272.8205128205128
