SentiMin,SentiMax,SentiAvg,SentiStdev,Senti0-0.20,Senti0.21-0.40,Senti0.41-0.60,Senti0.61-0.80,Senti0.81-1.00,SentiTotal
0.49789225920557484,0.7418173365000205,0.5658502069932236,0.08889523914774992,0.0,0.0,11.0,4.0,0.0,0.986616656338946