TraitMin,TraitMax,TraitAvg,TraitStdev,TraitTotal
28.88888888888889,597.3333333333334,256.01276501276504,205.18208086139242,245.88235294117646
