SentiMin,SentiMax,SentiAvg,SentiStdev,Senti0-0.20,Senti0.21-0.40,Senti0.41-0.60,Senti0.61-0.80,Senti0.81-1.00,SentiTotal
0.49789225920557484,0.8519774368384309,0.6428317856946848,0.1390136917890155,0.0,0.0,6.0,5.0,3.0,0.9999127806372133