TraitMin,TraitMax,TraitAvg,TraitStdev,TraitTotal
5.714285714285714,400.0,138.64228768430448,120.0614504532331,132.26277372262774
