TimeMin,TimeMax,TimeAvg,TimeStdev,TimeTotal
200.0,7720.0,3290.909090909091,2196.664639217849,36200.0
