SentiMin,SentiMax,SentiAvg,SentiStdev,Senti0-0.20,Senti0.21-0.40,Senti0.41-0.60,Senti0.61-0.80,Senti0.81-1.00,SentiTotal
0.3725123196158991,0.9970890476918637,0.6497587229998313,0.1729833858346973,0.0,2.0,3.0,7.0,3.0,0.9999992430776978