TraitMin,TraitMax,TraitAvg,TraitStdev,TraitTotal
24.0,400.0,196.0014652014652,127.4925628564493,189.03225806451613
