SentiMin,SentiMax,SentiAvg,SentiStdev,Senti0-0.20,Senti0.21-0.40,Senti0.41-0.60,Senti0.61-0.80,Senti0.81-1.00,SentiTotal
4.516782456638468E-6,0.3937534174231995,0.13567707525476838,0.15045799734941104,6.0,5.0,0.0,0.0,0.0,1.4107042533659733E-20