TimeMin,TimeMax,TimeAvg,TimeStdev,TimeTotal
480.0,1920.0,982.2222222222222,507.4068667204472,8840.0
