SentiMin,SentiMax,SentiAvg,SentiStdev,Senti0-0.20,Senti0.21-0.40,Senti0.41-0.60,Senti0.61-0.80,Senti0.81-1.00,SentiTotal
0.21376577146107328,0.49789225920557484,0.3600261152087425,0.09573523632082778,0.0,5.0,1.0,0.0,0.0,0.02707953409136967