TraitMin,TraitMax,TraitAvg,TraitStdev,TraitTotal
240.0,613.3333333333334,397.5,118.97420355316993,387.36842105263156
