TraitMin,TraitMax,TraitAvg,TraitStdev,TraitTotal
220.0,600.0,407.7777777777778,135.45077917917973,373.3333333333333
