TimeMin,TimeMax,TimeAvg,TimeStdev,TimeTotal
440.0,1760.0,968.8888888888889,475.82546857352,8720.0
