TraitMin,TraitMax,TraitAvg,TraitStdev,TraitTotal
160.0,480.0,348.43526170798896,111.60220227369084,344.44444444444446
