TraitMin,TraitMax,TraitAvg,TraitStdev,TraitTotal
140.0,680.0,378.7037037037037,203.7454502677326,256.47058823529414
