SentiMin,SentiMax,SentiAvg,SentiStdev,Senti0-0.20,Senti0.21-0.40,Senti0.41-0.60,Senti0.61-0.80,Senti0.81-1.00,SentiTotal
0.3041233943377613,0.9410648101332474,0.48245379874728134,0.20620860830288776,0.0,5.0,2.0,1.0,1.0,0.5890608439436227