SentiMin,SentiMax,SentiAvg,SentiStdev,Senti0-0.20,Senti0.21-0.40,Senti0.41-0.60,Senti0.61-0.80,Senti0.81-1.00,SentiTotal
0.1253599672299591,0.49789225920557484,0.3251924370664285,0.11861899854329772,2.0,4.0,2.0,0.0,0.0,0.0017217628696400951