TraitMin,TraitMax,TraitAvg,TraitStdev,TraitTotal
240.0,840.0,502.22222222222223,190.3083916978368,465.2631578947368
