TimeMin,TimeMax,TimeAvg,TimeStdev,TimeTotal
280.0,2080.0,974.5454545454545,614.0826659832999,10720.0
