SentiMin,SentiMax,SentiAvg,SentiStdev,Senti0-0.20,Senti0.21-0.40,Senti0.41-0.60,Senti0.61-0.80,Senti0.81-1.00,SentiTotal
5.123619722135609E-5,0.8958805056449536,0.2600535467066574,0.31007688611471734,8.0,1.0,1.0,0.0,2.0,4.2365375419951366E-16