TimeMin,TimeMax,TimeAvg,TimeStdev,TimeTotal
280.0,1200.0,694.2857142857143,295.33792475047693,9720.0
