TraitMin,TraitMax,TraitAvg,TraitStdev,TraitTotal
173.33333333333334,520.0,375.9047619047619,116.83793065959499,320.0
