TraitMin,TraitMax,TraitAvg,TraitStdev,TraitTotal
177.77777777777777,600.0,350.4938271604938,121.56513731065469,296.1904761904762
