SentiMin,SentiMax,SentiAvg,SentiStdev,Senti0-0.20,Senti0.21-0.40,Senti0.41-0.60,Senti0.61-0.80,Senti0.81-1.00,SentiTotal
0.017775956903611115,0.49789225920557484,0.28806848313001143,0.12421123506808697,2.0,8.0,1.0,0.0,0.0,5.923043587580785E-6