TraitMin,TraitMax,TraitAvg,TraitStdev,TraitTotal
176.0,400.0,338.44444444444446,94.22510477770969,317.5
