TimeMin,TimeMax,TimeAvg,TimeStdev,TimeTotal
400.0,1680.0,1253.3333333333333,603.3977866125205,3760.0
