TimeMin,TimeMax,TimeAvg,TimeStdev,TimeTotal
480.0,2640.0,1382.2222222222222,613.9449446503556,12440.0
