TimeMin,TimeMax,TimeAvg,TimeStdev,TimeTotal
440.0,1840.0,893.3333333333334,436.5521478331973,8040.0
