TraitMin,TraitMax,TraitAvg,TraitStdev,TraitTotal
170.0,560.0,322.9100529100529,137.35606671150808,259.35483870967744
