SentiMin,SentiMax,SentiAvg,SentiStdev,Senti0-0.20,Senti0.21-0.40,Senti0.41-0.60,Senti0.61-0.80,Senti0.81-1.00,SentiTotal
0.0736401149528525,0.34955289652225563,0.2090854351322755,0.11269688604126077,1.0,2.0,0.0,0.0,0.0,0.011016261426440778