SentiMin,SentiMax,SentiAvg,SentiStdev,Senti0-0.20,Senti0.21-0.40,Senti0.41-0.60,Senti0.61-0.80,Senti0.81-1.00,SentiTotal
8.681087463232899E-4,0.49789225920557484,0.24568784766760035,0.20712821119084784,2.0,1.0,1.0,0.0,0.0,5.543880476863193E-5