TimeMin,TimeMax,TimeAvg,TimeStdev,TimeTotal
480.0,1440.0,777.1428571428571,370.8567026191532,5440.0
