TraitMin,TraitMax,TraitAvg,TraitStdev,TraitTotal
155.0,1160.0,552.8205128205128,317.00218104786086,357.4193548387097
