SentiMin,SentiMax,SentiAvg,SentiStdev,Senti0-0.20,Senti0.21-0.40,Senti0.41-0.60,Senti0.61-0.80,Senti0.81-1.00,SentiTotal
0.2115994889310998,0.49789225920557484,0.39443829754614335,0.11723210912370415,0.0,3.0,3.0,0.0,0.0,0.06066141333513314