SentiMin,SentiMax,SentiAvg,SentiStdev,Senti0-0.20,Senti0.21-0.40,Senti0.41-0.60,Senti0.61-0.80,Senti0.81-1.00,SentiTotal
0.013919303780393646,0.49789225920557484,0.28534476165878503,0.19382732929233107,4.0,1.0,5.0,0.0,0.0,2.346263422232841E-7