TraitMin,TraitMax,TraitAvg,TraitStdev,TraitTotal
272.0,1440.0,765.3333333333334,357.1118716717338,590.7692307692307
