TraitMin,TraitMax,TraitAvg,TraitStdev,TraitTotal
148.57142857142858,1200.0,756.2464985994399,330.79763354527705,505.94594594594594
