TimeMin,TimeMax,TimeAvg,TimeStdev,TimeTotal
880.0,4040.0,2093.3333333333335,1084.8450990297597,12560.0
