TimeMin,TimeMax,TimeAvg,TimeStdev,TimeTotal
800.0,1560.0,1101.1764705882354,192.13605329499862,18720.0
