TraitMin,TraitMax,TraitAvg,TraitStdev,TraitTotal
320.0,1640.0,584.8484848484849,357.92997350326465,492.5
