SentiMin,SentiMax,SentiAvg,SentiStdev,Senti0-0.20,Senti0.21-0.40,Senti0.41-0.60,Senti0.61-0.80,Senti0.81-1.00,SentiTotal
0.008034501796152236,0.49789225920557484,0.2582850090996519,0.15317099047675956,3.0,5.0,3.0,0.0,0.0,3.1387842500974732E-9