SentiMin,SentiMax,SentiAvg,SentiStdev,Senti0-0.20,Senti0.21-0.40,Senti0.41-0.60,Senti0.61-0.80,Senti0.81-1.00,SentiTotal
9.522427438980558E-5,0.5159436667231726,0.23239309690979784,0.19710286545692052,5.0,1.0,3.0,0.0,0.0,3.081777206590099E-10