SentiMin,SentiMax,SentiAvg,SentiStdev,Senti0-0.20,Senti0.21-0.40,Senti0.41-0.60,Senti0.61-0.80,Senti0.81-1.00,SentiTotal
0.019056900577640725,0.4608062727427798,0.27777512703196744,0.1660310303461899,2.0,2.0,1.0,0.0,0.0,0.0011292184712078548