TraitMin,TraitMax,TraitAvg,TraitStdev,TraitTotal
291.42857142857144,1460.0,854.6753246753248,293.1741020974815,705.6
