TraitMin,TraitMax,TraitAvg,TraitStdev,TraitTotal
230.0,1280.0,454.99837662337666,289.10351251519097,358.5
