TraitMin,TraitMax,TraitAvg,TraitStdev,TraitTotal
346.6666666666667,1640.0,978.7301587301589,516.7927332605593,625.7142857142857
