TimeMin,TimeMax,TimeAvg,TimeStdev,TimeTotal
640.0,2600.0,1365.7142857142858,737.386449231476,9560.0
