TimeMin,TimeMax,TimeAvg,TimeStdev,TimeTotal
960.0,2200.0,1457.142857142857,438.10351959046284,10200.0
