SentiMin,SentiMax,SentiAvg,SentiStdev,Senti0-0.20,Senti0.21-0.40,Senti0.41-0.60,Senti0.61-0.80,Senti0.81-1.00,SentiTotal
9.318766691532594E-4,0.44693956163634724,0.25791222408898146,0.18160183864406235,2.0,2.0,2.0,0.0,0.0,6.197734554054473E-6