SentiMin,SentiMax,SentiAvg,SentiStdev,Senti0-0.20,Senti0.21-0.40,Senti0.41-0.60,Senti0.61-0.80,Senti0.81-1.00,SentiTotal
0.0014812464632777223,0.49789225920557484,0.30767062402043976,0.20008699510017197,2.0,2.0,3.0,0.0,0.0,2.5857026721337707E-6