SentiMin,SentiMax,SentiAvg,SentiStdev,Senti0-0.20,Senti0.21-0.40,Senti0.41-0.60,Senti0.61-0.80,Senti0.81-1.00,SentiTotal
0.00768585730623652,0.5411194997609844,0.21429750810691797,0.19606769484447928,3.0,3.0,1.0,0.0,0.0,1.7132857798178052E-7