TimeMin,TimeMax,TimeAvg,TimeStdev,TimeTotal
800.0,4320.0,2004.4444444444443,1082.7856165271244,18040.0
