TraitMin,TraitMax,TraitAvg,TraitStdev,TraitTotal
320.0,1120.0,681.8518518518518,280.70946762198815,446.4516129032258
