TraitMin,TraitMax,TraitAvg,TraitStdev,TraitTotal
500.0,1600.0,1020.0,439.63621324909076,897.1428571428571
