TraitMin,TraitMax,TraitAvg,TraitStdev,TraitTotal
262.22222222222223,960.0,514.8888888888889,243.32633171053172,397.0731707317073
