SentiMin,SentiMax,SentiAvg,SentiStdev,Senti0-0.20,Senti0.21-0.40,Senti0.41-0.60,Senti0.61-0.80,Senti0.81-1.00,SentiTotal
1.6219078797325695E-5,0.49789225920557484,0.19276864324002022,0.18493824034981815,2.0,2.0,1.0,0.0,0.0,4.0556482184305636E-11