TraitMin,TraitMax,TraitAvg,TraitStdev,TraitTotal
207.27272727272728,1000.0,533.4545454545454,321.83636312278196,313.6
