TraitMin,TraitMax,TraitAvg,TraitStdev,TraitTotal
226.66666666666666,1200.0,627.015873015873,422.62657091448085,340.0
