TimeMin,TimeMax,TimeAvg,TimeStdev,TimeTotal
800.0,4160.0,1537.7777777777778,1006.8407992635817,13840.0
