SentiMin,SentiMax,SentiAvg,SentiStdev,Senti0-0.20,Senti0.21-0.40,Senti0.41-0.60,Senti0.61-0.80,Senti0.81-1.00,SentiTotal
0.07716863220102681,0.5982847095582557,0.4006380585766804,0.18914511696649383,1.0,1.0,4.0,0.0,0.0,0.036474536282110316