TimeMin,TimeMax,TimeAvg,TimeStdev,TimeTotal
800.0,2920.0,1603.6363636363637,636.6856328215066,17640.0
