TraitMin,TraitMax,TraitAvg,TraitStdev,TraitTotal
486.6666666666667,1640.0,836.2666666666668,448.470705100493,632.9411764705883
