SentiMin,SentiMax,SentiAvg,SentiStdev,Senti0-0.20,Senti0.21-0.40,Senti0.41-0.60,Senti0.61-0.80,Senti0.81-1.00,SentiTotal
0.002399325528149678,0.47963879941262816,0.1865029074174375,0.14378329294989844,5.0,5.0,1.0,0.0,0.0,9.006005164236784E-11