TraitMin,TraitMax,TraitAvg,TraitStdev,TraitTotal
230.0,920.0,589.5238095238094,199.6220919433436,570.0
