TraitMin,TraitMax,TraitAvg,TraitStdev,TraitTotal
200.0,1200.0,501.8518518518518,289.5040932826941,370.3703703703704
