TimeMin,TimeMax,TimeAvg,TimeStdev,TimeTotal
920.0,2960.0,1645.7142857142858,735.8349415626373,11520.0
