TraitMin,TraitMax,TraitAvg,TraitStdev,TraitTotal
64.61538461538461,1520.0,465.9449192782526,419.75903361735516,243.07692307692307
