TimeMin,TimeMax,TimeAvg,TimeStdev,TimeTotal
200.0,2320.0,1352.7272727272727,623.1458447279039,14880.0
