SentiMin,SentiMax,SentiAvg,SentiStdev,Senti0-0.20,Senti0.21-0.40,Senti0.41-0.60,Senti0.61-0.80,Senti0.81-1.00,SentiTotal
3.569646268291168E-4,0.5628056929000496,0.25227754635816557,0.17618796256439057,6.0,5.0,3.0,0.0,0.0,5.023514130985208E-12