TraitMin,TraitMax,TraitAvg,TraitStdev,TraitTotal
186.66666666666666,1000.0,503.2287157287157,241.97509829547124,386.2686567164179
