SentiMin,SentiMax,SentiAvg,SentiStdev,Senti0-0.20,Senti0.21-0.40,Senti0.41-0.60,Senti0.61-0.80,Senti0.81-1.00,SentiTotal
0.0045151973406811746,0.43796879524747484,0.203702912005884,0.17821300292973533,3.0,2.0,1.0,0.0,0.0,7.099019415681227E-7