TraitMin,TraitMax,TraitAvg,TraitStdev,TraitTotal
173.33333333333334,1000.0,395.015873015873,199.92034695027056,315.84415584415586
