TraitMin,TraitMax,TraitAvg,TraitStdev,TraitTotal
182.85714285714286,920.0,421.1292517006803,193.61915087162038,323.125
