SentiMin,SentiMax,SentiAvg,SentiStdev,Senti0-0.20,Senti0.21-0.40,Senti0.41-0.60,Senti0.61-0.80,Senti0.81-1.00,SentiTotal
0.002568992010405846,0.7801923336649343,0.3221306873406309,0.22412878173601294,6.0,7.0,3.0,2.0,0.0,2.7017130817595224E-10