TraitMin,TraitMax,TraitAvg,TraitStdev,TraitTotal
211.42857142857142,1000.0,413.42857142857144,210.92102386172488,336.9230769230769
