SentiMin,SentiMax,SentiAvg,SentiStdev,Senti0-0.20,Senti0.21-0.40,Senti0.41-0.60,Senti0.61-0.80,Senti0.81-1.00,SentiTotal
5.880185583462172E-4,0.5159436667231726,0.22999660542598535,0.17712858553812916,3.0,4.0,2.0,0.0,0.0,1.2720078246488522E-8