SentiMin,SentiMax,SentiAvg,SentiStdev,Senti0-0.20,Senti0.21-0.40,Senti0.41-0.60,Senti0.61-0.80,Senti0.81-1.00,SentiTotal
6.081345267197744E-5,0.39697510199130176,0.13658013451378542,0.15716444597086565,11.0,4.0,0.0,0.0,0.0,3.1021540476111493E-24