TraitMin,TraitMax,TraitAvg,TraitStdev,TraitTotal
266.6666666666667,1320.0,642.962962962963,299.46225238511533,536.2962962962963
