TraitMin,TraitMax,TraitAvg,TraitStdev,TraitTotal
154.28571428571428,1320.0,406.38095238095235,410.65541330990106,270.4
