SentiMin,SentiMax,SentiAvg,SentiStdev,Senti0-0.20,Senti0.21-0.40,Senti0.41-0.60,Senti0.61-0.80,Senti0.81-1.00,SentiTotal
0.03580292553204059,0.39751759361842637,0.20342009996571558,0.10161642121144249,2.0,5.0,0.0,0.0,0.0,2.154763705656853E-5