SentiMin,SentiMax,SentiAvg,SentiStdev,Senti0-0.20,Senti0.21-0.40,Senti0.41-0.60,Senti0.61-0.80,Senti0.81-1.00,SentiTotal
1.1962463549753697E-5,0.43796879524747484,0.2178345393711533,0.13544403016782464,5.0,8.0,1.0,0.0,0.0,7.675775731395851E-14