TraitMin,TraitMax,TraitAvg,TraitStdev,TraitTotal
232.0,1000.0,527.047619047619,204.0553133948395,456.72727272727275
