TimeMin,TimeMax,TimeAvg,TimeStdev,TimeTotal
520.0,2680.0,1477.142857142857,766.3590036327489,20680.0
