TraitMin,TraitMax,TraitAvg,TraitStdev,TraitTotal
164.0,1400.0,472.8330716902146,330.0511088857778,299.7014925373134
