TraitMin,TraitMax,TraitAvg,TraitStdev,TraitTotal
140.0,792.0,371.67301587301586,189.3916416128874,311.1864406779661
