TraitMin,TraitMax,TraitAvg,TraitStdev,TraitTotal
280.0,1000.0,511.6666666666667,249.8277184158893,424.0
