SentiMin,SentiMax,SentiAvg,SentiStdev,Senti0-0.20,Senti0.21-0.40,Senti0.41-0.60,Senti0.61-0.80,Senti0.81-1.00,SentiTotal
1.5447594777407038E-4,0.49789225920557484,0.21254919731067837,0.18135132352532723,8.0,6.0,2.0,0.0,0.0,1.1067872879643346E-20