TraitMin,TraitMax,TraitAvg,TraitStdev,TraitTotal
174.54545454545453,760.0,411.0192837465565,198.5107872238903,316.59574468085106
