SentiMin,SentiMax,SentiAvg,SentiStdev,Senti0-0.20,Senti0.21-0.40,Senti0.41-0.60,Senti0.61-0.80,Senti0.81-1.00,SentiTotal
8.415976017862529E-6,0.4898631585877994,0.19172563022637495,0.1742267348490538,11.0,6.0,3.0,0.0,0.0,2.4281620188504534E-27