TraitMin,TraitMax,TraitAvg,TraitStdev,TraitTotal
225.0,1240.0,606.7410714285714,320.20560685296647,425.3333333333333
