TimeMin,TimeMax,TimeAvg,TimeStdev,TimeTotal
200.0,1960.0,1108.5714285714287,493.4840733116368,7760.0
