TimeMin,TimeMax,TimeAvg,TimeStdev,TimeTotal
640.0,1960.0,1111.111111111111,393.6282635641694,10000.0
