TimeMin,TimeMax,TimeAvg,TimeStdev,TimeTotal
680.0,5240.0,2156.6666666666665,1453.222472835992,25880.0
