TimeMin,TimeMax,TimeAvg,TimeStdev,TimeTotal
400.0,2320.0,1351.111111111111,494.6928215108048,24320.0
