TimeMin,TimeMax,TimeAvg,TimeStdev,TimeTotal
680.0,2520.0,1434.2857142857142,507.96111051528186,20080.0
