SentiMin,SentiMax,SentiAvg,SentiStdev,Senti0-0.20,Senti0.21-0.40,Senti0.41-0.60,Senti0.61-0.80,Senti0.81-1.00,SentiTotal
9.289958335459343E-4,0.21921412548362115,0.13365892442450553,0.08287386934178097,3.0,3.0,0.0,0.0,0.0,1.5108452646428574E-7