TraitMin,TraitMax,TraitAvg,TraitStdev,TraitTotal
280.0,1000.0,540.7083333333334,207.79119042790154,417.77777777777777
