TraitMin,TraitMax,TraitAvg,TraitStdev,TraitTotal
157.33333333333334,157.33333333333334,157.33333333333334,0.0,157.33333333333334
