SentiMin,SentiMax,SentiAvg,SentiStdev,Senti0-0.20,Senti0.21-0.40,Senti0.41-0.60,Senti0.61-0.80,Senti0.81-1.00,SentiTotal
0.003642195582093238,0.5136446707795853,0.16938437769070885,0.1484086970571089,6.0,3.0,1.0,0.0,0.0,5.613676737159958E-10