TraitMin,TraitMax,TraitAvg,TraitStdev,TraitTotal
145.0,369.2857142857143,222.01626984126983,75.77927985175161,239.125
