TimeMin,TimeMax,TimeAvg,TimeStdev,TimeTotal
705.0,3033.0,1490.5454545454545,710.6660593653563,16396.0
