TimeMin,TimeMax,TimeAvg,TimeStdev,TimeTotal
865.0,9029.0,2127.4166666666665,2193.564696194049,25529.0
