TraitMin,TraitMax,TraitAvg,TraitStdev,TraitTotal
215.5,338.14285714285717,260.9732142857143,48.056815433050986,279.94117647058823
