TimeMin,TimeMax,TimeAvg,TimeStdev,TimeTotal
598.0,5408.0,2180.6363636363635,1476.2601564720144,23987.0
