SentiMin,SentiMax,SentiAvg,SentiStdev,Senti0-0.20,Senti0.21-0.40,Senti0.41-0.60,Senti0.61-0.80,Senti0.81-1.00,SentiTotal
0.0011328389539739796,0.48728019602140255,0.1874849525749262,0.1803496505960902,5.0,2.0,2.0,0.0,0.0,3.3839888400681664E-11