TraitMin,TraitMax,TraitAvg,TraitStdev,TraitTotal
194.0,598.0,349.35046897546897,113.34183381471809,328.5890410958904
