TraitMin,TraitMax,TraitAvg,TraitStdev,TraitTotal
240.4,711.0,418.78573717948717,156.62684973041812,409.67164179104475
