TraitMin,TraitMax,TraitAvg,TraitStdev,TraitTotal
189.33333333333334,721.25,351.9142857142857,160.59274391793974,372.7906976744186
