SentiMin,SentiMax,SentiAvg,SentiStdev,Senti0-0.20,Senti0.21-0.40,Senti0.41-0.60,Senti0.61-0.80,Senti0.81-1.00,SentiTotal
0.002410443052960456,0.39697510199130176,0.15167055696039972,0.13012669920044154,6.0,5.0,0.0,0.0,0.0,7.145661988646977E-13