SentiMin,SentiMax,SentiAvg,SentiStdev,Senti0-0.20,Senti0.21-0.40,Senti0.41-0.60,Senti0.61-0.80,Senti0.81-1.00,SentiTotal
0.013773492115125885,0.46127768308170247,0.22524471124017012,0.13963082840571395,6.0,5.0,1.0,0.0,0.0,7.073638948534121E-9