TraitMin,TraitMax,TraitAvg,TraitStdev,TraitTotal
148.57142857142858,451.3333333333333,278.4163595060334,88.00493019073235,283.65555555555557
