SentiMin,SentiMax,SentiAvg,SentiStdev,Senti0-0.20,Senti0.21-0.40,Senti0.41-0.60,Senti0.61-0.80,Senti0.81-1.00,SentiTotal
3.51495378745005E-4,0.49789225920557484,0.19571052458725902,0.1418059038894011,4.0,3.0,1.0,0.0,0.0,1.5150827927417243E-8