TraitMin,TraitMax,TraitAvg,TraitStdev,TraitTotal
129.0,283.1,215.53319327731091,53.032256186175275,218.48076923076923
