SentiMin,SentiMax,SentiAvg,SentiStdev,Senti0-0.20,Senti0.21-0.40,Senti0.41-0.60,Senti0.61-0.80,Senti0.81-1.00,SentiTotal
5.301104574899624E-4,0.5136446707795853,0.200832930132823,0.20756598255309283,7.0,1.0,3.0,0.0,0.0,2.565684359452428E-12