TraitMin,TraitMax,TraitAvg,TraitStdev,TraitTotal
161.4,455.5,295.38666666666666,107.31369199169735,287.3818181818182
