SentiMin,SentiMax,SentiAvg,SentiStdev,Senti0-0.20,Senti0.21-0.40,Senti0.41-0.60,Senti0.61-0.80,Senti0.81-1.00,SentiTotal
0.0028101845422012547,0.49789225920557484,0.30445220710924303,0.20802136179225383,1.0,1.0,2.0,0.0,0.0,7.972761003094957E-4