TraitMin,TraitMax,TraitAvg,TraitStdev,TraitTotal
226.28571428571428,596.0,308.6825396825397,108.19496266542984,298.1090909090909
