TraitMin,TraitMax,TraitAvg,TraitStdev,TraitTotal
89.75,736.0,343.36111111111114,193.68327490734967,326.82142857142856
