SentiMin,SentiMax,SentiAvg,SentiStdev,Senti0-0.20,Senti0.21-0.40,Senti0.41-0.60,Senti0.61-0.80,Senti0.81-1.00,SentiTotal
2.9649053807818975E-4,0.5159436667231726,0.30044539144482213,0.18957102063983558,3.0,4.0,5.0,0.0,0.0,7.892602430008705E-9