SentiMin,SentiMax,SentiAvg,SentiStdev,Senti0-0.20,Senti0.21-0.40,Senti0.41-0.60,Senti0.61-0.80,Senti0.81-1.00,SentiTotal
0.007722634107321615,0.49789225920557484,0.32641742584038624,0.18467651274719984,4.0,5.0,8.0,0.0,0.0,1.4504645261704246E-9