SentiMin,SentiMax,SentiAvg,SentiStdev,Senti0-0.20,Senti0.21-0.40,Senti0.41-0.60,Senti0.61-0.80,Senti0.81-1.00,SentiTotal
0.012215747572291005,0.5318834537628724,0.3128371652698359,0.2183537046044892,3.0,0.0,4.0,0.0,0.0,1.2210496192132175E-4