TraitMin,TraitMax,TraitAvg,TraitStdev,TraitTotal
136.2,363.5,235.0111111111111,95.13814646912272,202.4
