SentiMin,SentiMax,SentiAvg,SentiStdev,Senti0-0.20,Senti0.21-0.40,Senti0.41-0.60,Senti0.61-0.80,Senti0.81-1.00,SentiTotal
0.19924545451767137,0.49789225920557484,0.3475268214399413,0.13873981259201865,1.0,1.0,2.0,0.0,0.0,0.060115930389179