SentiMin,SentiMax,SentiAvg,SentiStdev,Senti0-0.20,Senti0.21-0.40,Senti0.41-0.60,Senti0.61-0.80,Senti0.81-1.00,SentiTotal
0.2263861150710181,0.8456252011028256,0.4943650649982064,0.17101836581018606,0.0,2.0,4.0,0.0,1.0,0.5176524249086077