TraitMin,TraitMax,TraitAvg,TraitStdev,TraitTotal
179.66666666666666,901.3333333333334,327.5843137254902,172.06962913390805,301.3225806451613
