SentiMin,SentiMax,SentiAvg,SentiStdev,Senti0-0.20,Senti0.21-0.40,Senti0.41-0.60,Senti0.61-0.80,Senti0.81-1.00,SentiTotal
0.003399726338680637,0.49789225920557484,0.2452906387752494,0.1803815389616267,9.0,3.0,4.0,0.0,0.0,2.5244129829352505E-12