TraitMin,TraitMax,TraitAvg,TraitStdev,TraitTotal
198.2,792.0,344.87619047619046,192.42178020327802,279.84
