TimeMin,TimeMax,TimeAvg,TimeStdev,TimeTotal
255.0,2111.0,967.3333333333334,746.2625022217196,11608.0
