TraitMin,TraitMax,TraitAvg,TraitStdev,TraitTotal
86.85714285714286,936.0,292.80892857142857,223.26512344701922,215.1578947368421
