TimeMin,TimeMax,TimeAvg,TimeStdev,TimeTotal
350.0,1824.0,999.4285714285714,427.7548888066146,6996.0
