TimeMin,TimeMax,TimeAvg,TimeStdev,TimeTotal
354.0,3454.0,1307.2857142857142,1271.311439227306,9151.0
