SentiMin,SentiMax,SentiAvg,SentiStdev,Senti0-0.20,Senti0.21-0.40,Senti0.41-0.60,Senti0.61-0.80,Senti0.81-1.00,SentiTotal
0.0017067699331107316,0.49789225920557484,0.2020345630108328,0.17249919169607503,5.0,5.0,2.0,0.0,0.0,1.2700943777856318E-13