TimeMin,TimeMax,TimeAvg,TimeStdev,TimeTotal
225.0,2880.0,1098.9411764705883,820.1245580138661,18682.0
