TimeMin,TimeMax,TimeAvg,TimeStdev,TimeTotal
616.0,727.0,674.6666666666666,45.536310297997964,2024.0
