TimeMin,TimeMax,TimeAvg,TimeStdev,TimeTotal
358.0,1081.0,681.3333333333334,252.7064612461572,8176.0
