TraitMin,TraitMax,TraitAvg,TraitStdev,TraitTotal
94.25,415.2,218.88095238095238,96.60909836258875,236.89795918367346
