TraitMin,TraitMax,TraitAvg,TraitStdev,TraitTotal
268.0,1200.0,571.7777777777777,352.93345646362013,370.0
