TimeMin,TimeMax,TimeAvg,TimeStdev,TimeTotal
800.0,2360.0,1331.4285714285713,540.1435939088942,18640.0
