TraitMin,TraitMax,TraitAvg,TraitStdev,TraitTotal
230.0,397.5,298.8636363636363,71.5489294909069,330.3225806451613
