TraitMin,TraitMax,TraitAvg,TraitStdev,TraitTotal
210.0,1240.0,591.3939393939394,366.948481732923,364.8780487804878
