SentiMin,SentiMax,SentiAvg,SentiStdev,Senti0-0.20,Senti0.21-0.40,Senti0.41-0.60,Senti0.61-0.80,Senti0.81-1.00,SentiTotal
0.011012060225943417,0.49789225920557484,0.21902669645473063,0.19309829526179118,5.0,4.0,2.0,0.0,0.0,2.279087022620564E-11