SentiMin,SentiMax,SentiAvg,SentiStdev,Senti0-0.20,Senti0.21-0.40,Senti0.41-0.60,Senti0.61-0.80,Senti0.81-1.00,SentiTotal
2.5277575566068583E-4,0.39697510199130176,0.1753659308467242,0.1683778011120826,3.0,2.0,0.0,0.0,0.0,2.3281946403963576E-9