SentiMin,SentiMax,SentiAvg,SentiStdev,Senti0-0.20,Senti0.21-0.40,Senti0.41-0.60,Senti0.61-0.80,Senti0.81-1.00,SentiTotal
4.344445315858406E-5,0.39697510199130176,0.23394954190755338,0.17909585058378633,2.0,3.0,0.0,0.0,0.0,3.421990570511816E-7