TraitMin,TraitMax,TraitAvg,TraitStdev,TraitTotal
306.6666666666667,1040.0,723.7333333333333,311.3707614903993,449.4117647058824
