TraitMin,TraitMax,TraitAvg,TraitStdev,TraitTotal
257.14285714285717,477.14285714285717,339.5238095238095,78.59191652074422,365.55555555555554
