SentiMin,SentiMax,SentiAvg,SentiStdev,Senti0-0.20,Senti0.21-0.40,Senti0.41-0.60,Senti0.61-0.80,Senti0.81-1.00,SentiTotal
2.640236891322978E-4,0.39697510199130176,0.23795659469071392,0.13614652613674832,2.0,4.0,0.0,0.0,0.0,2.2409539233410502E-6