SentiMin,SentiMax,SentiAvg,SentiStdev,Senti0-0.20,Senti0.21-0.40,Senti0.41-0.60,Senti0.61-0.80,Senti0.81-1.00,SentiTotal
2.0040882021547912E-5,0.7535786062135076,0.2513476290147601,0.35513097192417964,2.0,0.0,0.0,1.0,0.0,2.7701886343342227E-8