TimeMin,TimeMax,TimeAvg,TimeStdev,TimeTotal
920.0,6360.0,3413.3333333333335,2243.885518965311,10240.0
