TraitMin,TraitMax,TraitAvg,TraitStdev,TraitTotal
240.0,960.0,479.0476190476191,251.175919235161,376.0
