TimeMin,TimeMax,TimeAvg,TimeStdev,TimeTotal
156.0,3240.0,1306.3333333333333,749.7918970547021,15676.0
