TimeMin,TimeMax,TimeAvg,TimeStdev,TimeTotal
1000.0,8680.0,3268.5714285714284,2380.464711962343,22880.0
