TimeMin,TimeMax,TimeAvg,TimeStdev,TimeTotal
200.0,7120.0,2018.6666666666667,1705.949849464775,30280.0
