SentiMin,SentiMax,SentiAvg,SentiStdev,Senti0-0.20,Senti0.21-0.40,Senti0.41-0.60,Senti0.61-0.80,Senti0.81-1.00,SentiTotal
0.15585040364727296,0.5627147098791963,0.4530371780579766,0.11025688930533861,1.0,2.0,12.0,0.0,0.0,0.04040082686877776