TraitMin,TraitMax,TraitAvg,TraitStdev,TraitTotal
10.0,645.4545454545455,233.57786004844826,178.87205447856275,251.38686131386862
