TimeMin,TimeMax,TimeAvg,TimeStdev,TimeTotal
1200.0,5840.0,4005.714285714286,1721.0533082376965,28040.0
