TraitMin,TraitMax,TraitAvg,TraitStdev,TraitTotal
60.0,1000.0,462.0377804014168,251.6414135565017,437.05882352941177
