TraitMin,TraitMax,TraitAvg,TraitStdev,TraitTotal
220.0,500.0,347.8703703703704,105.42019423496487,307.5
