TraitMin,TraitMax,TraitAvg,TraitStdev,TraitTotal
66.66666666666667,1000.0,487.5833333333333,274.54870798376663,388.83720930232556
