TimeMin,TimeMax,TimeAvg,TimeStdev,TimeTotal
200.0,6480.0,3036.3636363636365,2229.093875127791,33400.0
