SentiMin,SentiMax,SentiAvg,SentiStdev,Senti0-0.20,Senti0.21-0.40,Senti0.41-0.60,Senti0.61-0.80,Senti0.81-1.00,SentiTotal
0.35509496682161057,0.49789225920557484,0.43084795121216485,0.06732651599934686,0.0,4.0,4.0,0.0,0.0,0.0987625369386237