TimeMin,TimeMax,TimeAvg,TimeStdev,TimeTotal
40.0,2720.0,1003.6363636363636,902.2726127776433,11040.0
