TraitMin,TraitMax,TraitAvg,TraitStdev,TraitTotal
120.0,1000.0,471.14690864690857,271.34895222565,362.9166666666667
