SentiMin,SentiMax,SentiAvg,SentiStdev,Senti0-0.20,Senti0.21-0.40,Senti0.41-0.60,Senti0.61-0.80,Senti0.81-1.00,SentiTotal
0.09754546918153902,0.65566477152553,0.35519577089669807,0.20338463173973795,2.0,2.0,2.0,1.0,0.0,0.0048875234239398645