TraitMin,TraitMax,TraitAvg,TraitStdev,TraitTotal
40.0,1065.0,362.6666666666667,287.6966345568775,397.3191489361702
