TraitMin,TraitMax,TraitAvg,TraitStdev,TraitTotal
320.0,1000.0,576.5523809523809,251.023085006836,508.57142857142856
