TimeMin,TimeMax,TimeAvg,TimeStdev,TimeTotal
80.0,14200.0,2025.8823529411766,3166.737156988765,34440.0
