TraitMin,TraitMax,TraitAvg,TraitStdev,TraitTotal
200.0,1150.0,707.6923076923077,341.5882054656913,789.4117647058823
