TimeMin,TimeMax,TimeAvg,TimeStdev,TimeTotal
120.0,5800.0,2701.818181818182,2096.0474412648814,29720.0
