TimeMin,TimeMax,TimeAvg,TimeStdev,TimeTotal
120.0,4920.0,1847.2727272727273,1653.014276510372,20320.0
