SentiMin,SentiMax,SentiAvg,SentiStdev,Senti0-0.20,Senti0.21-0.40,Senti0.41-0.60,Senti0.61-0.80,Senti0.81-1.00,SentiTotal
0.07188679750226291,0.7264240096332016,0.445999860879175,0.18789271752972006,2.0,0.0,8.0,1.0,0.0,0.019620571167665996