TimeMin,TimeMax,TimeAvg,TimeStdev,TimeTotal
40.0,5600.0,1827.6923076923076,1552.4776913851356,23760.0
