TraitMin,TraitMax,TraitAvg,TraitStdev,TraitTotal
31.11111111111111,1018.1818181818181,492.2095959595959,332.0410723580704,484.0506329113924
