TimeMin,TimeMax,TimeAvg,TimeStdev,TimeTotal
440.0,5320.0,2053.3333333333335,1690.5488917968494,12320.0
