SentiMin,SentiMax,SentiAvg,SentiStdev,Senti0-0.20,Senti0.21-0.40,Senti0.41-0.60,Senti0.61-0.80,Senti0.81-1.00,SentiTotal
0.15585040364727296,0.649021466261327,0.48532409037703383,0.11316459863690743,1.0,0.0,9.0,1.0,0.0,0.2984024649516086