SentiMin,SentiMax,SentiAvg,SentiStdev,Senti0-0.20,Senti0.21-0.40,Senti0.41-0.60,Senti0.61-0.80,Senti0.81-1.00,SentiTotal
0.045429674591728704,0.5505550505941735,0.340764072858033,0.21490489209167724,1.0,0.0,2.0,0.0,0.0,0.04219862252452524