TimeMin,TimeMax,TimeAvg,TimeStdev,TimeTotal
1480.0,4720.0,2845.714285714286,1252.458806198627,19920.0
