TimeMin,TimeMax,TimeAvg,TimeStdev,TimeTotal
200.0,8520.0,1697.6363636363637,2259.8080076424544,18674.0
