TraitMin,TraitMax,TraitAvg,TraitStdev,TraitTotal
10.0,507.6923076923077,196.73504273504275,175.18506433071136,240.0
