TraitMin,TraitMax,TraitAvg,TraitStdev,TraitTotal
22.857142857142858,1000.0,377.8571428571429,297.4619175922917,378.51851851851853
