TraitMin,TraitMax,TraitAvg,TraitStdev,TraitTotal
190.0,1000.0,382.2907964355332,209.75935999466202,308.4
