TimeMin,TimeMax,TimeAvg,TimeStdev,TimeTotal
1000.0,4000.0,2553.3333333333335,931.0686810804501,15320.0
