TraitMin,TraitMax,TraitAvg,TraitStdev,TraitTotal
17.142857142857142,1000.0,262.3160173160173,259.2832613884884,223.20987654320987
