TraitMin,TraitMax,TraitAvg,TraitStdev,TraitTotal
233.33333333333334,1500.0,715.8730158730159,383.1686852688021,699.047619047619
