TimeMin,TimeMax,TimeAvg,TimeStdev,TimeTotal
120.0,6000.0,1643.6363636363637,1572.4403311545154,18080.0
