TraitMin,TraitMax,TraitAvg,TraitStdev,TraitTotal
80.0,520.0,341.6574074074074,132.5399346476602,303.52941176470586
