SentiMin,SentiMax,SentiAvg,SentiStdev,Senti0-0.20,Senti0.21-0.40,Senti0.41-0.60,Senti0.61-0.80,Senti0.81-1.00,SentiTotal
0.21868692975498652,0.49789225920557484,0.40575522873577125,0.11466145923175133,0.0,3.0,4.0,0.0,0.0,0.05536588687331326