TraitMin,TraitMax,TraitAvg,TraitStdev,TraitTotal
211.42857142857142,1000.0,404.16666666666663,232.56722506048786,333.3333333333333
