TimeMin,TimeMax,TimeAvg,TimeStdev,TimeTotal
240.0,11200.0,3186.6666666666665,3556.040244741646,38240.0
