TraitMin,TraitMax,TraitAvg,TraitStdev,TraitTotal
233.33333333333334,1000.0,472.25,249.0533047584615,425.531914893617
