SentiMin,SentiMax,SentiAvg,SentiStdev,Senti0-0.20,Senti0.21-0.40,Senti0.41-0.60,Senti0.61-0.80,Senti0.81-1.00,SentiTotal
0.21921412548362115,0.49789225920557484,0.4514459035852492,0.1038572084741775,0.0,1.0,5.0,0.0,0.0,0.21921412548362115