TraitMin,TraitMax,TraitAvg,TraitStdev,TraitTotal
250.0,1000.0,446.42857142857144,319.93701548515924,333.3333333333333
