TraitMin,TraitMax,TraitAvg,TraitStdev,TraitTotal
22.857142857142858,590.0,289.2882395382395,179.1292722286023,320.63492063492066
