TimeMin,TimeMax,TimeAvg,TimeStdev,TimeTotal
200.0,9280.0,3834.285714285714,3718.2747809889975,26840.0
