SentiMin,SentiMax,SentiAvg,SentiStdev,Senti0-0.20,Senti0.21-0.40,Senti0.41-0.60,Senti0.61-0.80,Senti0.81-1.00,SentiTotal
0.49789225920557484,0.8360352649261948,0.5871584562506416,0.11414996040617395,0.0,0.0,5.0,3.0,1.0,0.9722918651996235