TraitMin,TraitMax,TraitAvg,TraitStdev,TraitTotal
240.0,500.0,346.6666666666667,111.15554667022045,353.84615384615387
