SentiMin,SentiMax,SentiAvg,SentiStdev,Senti0-0.20,Senti0.21-0.40,Senti0.41-0.60,Senti0.61-0.80,Senti0.81-1.00,SentiTotal
0.18603210380095817,0.7264240096332016,0.48400419170940984,0.157229263057612,1.0,0.0,4.0,1.0,0.0,0.3796542060497755