TimeMin,TimeMax,TimeAvg,TimeStdev,TimeTotal
1000.0,3240.0,1857.7777777777778,768.7475785367866,16720.0
