SentiMin,SentiMax,SentiAvg,SentiStdev,Senti0-0.20,Senti0.21-0.40,Senti0.41-0.60,Senti0.61-0.80,Senti0.81-1.00,SentiTotal
0.21921412548362115,0.5958656044077284,0.4753041606405999,0.10196721348710773,0.0,1.0,7.0,0.0,0.0,0.29451547745753426