TraitMin,TraitMax,TraitAvg,TraitStdev,TraitTotal
228.57142857142858,520.0,310.26930772308924,89.21850796050903,297.3134328358209
