TraitMin,TraitMax,TraitAvg,TraitStdev,TraitTotal
275.0,1066.6666666666667,605.2777777777778,314.4666511593209,450.5882352941176
