TimeMin,TimeMax,TimeAvg,TimeStdev,TimeTotal
1000.0,12000.0,4194.285714285715,3507.4730714488423,29360.0
