SentiMin,SentiMax,SentiAvg,SentiStdev,Senti0-0.20,Senti0.21-0.40,Senti0.41-0.60,Senti0.61-0.80,Senti0.81-1.00,SentiTotal
0.14332733406876266,0.49789225920557484,0.37507771949807595,0.15444775468939687,3.0,2.0,7.0,0.0,0.0,8.185780705524229E-4