TraitMin,TraitMax,TraitAvg,TraitStdev,TraitTotal
10.0,800.0,252.33613445378157,211.33129719133683,203.2
