TraitMin,TraitMax,TraitAvg,TraitStdev,TraitTotal
325.0,1000.0,663.6666666666666,281.68619261708784,502.85714285714283
