TraitMin,TraitMax,TraitAvg,TraitStdev,TraitTotal
18.181818181818183,840.0,368.34218811491536,238.64048373214723,347.9166666666667
