TraitMin,TraitMax,TraitAvg,TraitStdev,TraitTotal
37.142857142857146,1000.0,303.8843537414967,248.71163501870709,259.5121951219512
