SentiMin,SentiMax,SentiAvg,SentiStdev,Senti0-0.20,Senti0.21-0.40,Senti0.41-0.60,Senti0.61-0.80,Senti0.81-1.00,SentiTotal
0.34322267253793753,0.7264240096332016,0.4903090360374544,0.09608054557633794,0.0,3.0,8.0,1.0,0.0,0.41445585598226925