TraitMin,TraitMax,TraitAvg,TraitStdev,TraitTotal
13.333333333333334,1000.0,356.3922743922744,244.86235439959339,300.75949367088606
