TraitMin,TraitMax,TraitAvg,TraitStdev,TraitTotal
171.42857142857142,566.6666666666666,409.6043872094292,140.08518744073288,389.44444444444446
