TraitMin,TraitMax,TraitAvg,TraitStdev,TraitTotal
40.0,1320.0,414.5407407407408,338.76937022150383,352.09302325581393
