TraitMin,TraitMax,TraitAvg,TraitStdev,TraitTotal
310.0,1000.0,607.1805337519623,270.7780016302257,520.0
