TraitMin,TraitMax,TraitAvg,TraitStdev,TraitTotal
73.33333333333333,1000.0,419.6666666666667,308.6106860683141,324.2105263157895
