TimeMin,TimeMax,TimeAvg,TimeStdev,TimeTotal
120.0,6800.0,2903.3333333333335,1962.2747570669665,34840.0
