TraitMin,TraitMax,TraitAvg,TraitStdev,TraitTotal
328.42857142857144,2299.0,668.1279187983732,561.4046229906197,466.9718309859155
