TimeMin,TimeMax,TimeAvg,TimeStdev,TimeTotal
2298.0,5057.0,3071.4285714285716,925.042370789091,21500.0
