TraitMin,TraitMax,TraitAvg,TraitStdev,TraitTotal
539.0,2303.0,1386.1444444444446,776.5282817423195,835.0526315789474
