TimeMin,TimeMax,TimeAvg,TimeStdev,TimeTotal
2298.0,4891.0,2962.1428571428573,861.5345824368827,20735.0
