TimeMin,TimeMax,TimeAvg,TimeStdev,TimeTotal
1317.0,5366.0,3477.6666666666665,1664.1763394811528,10433.0
