SentiMin,SentiMax,SentiAvg,SentiStdev,Senti0-0.20,Senti0.21-0.40,Senti0.41-0.60,Senti0.61-0.80,Senti0.81-1.00,SentiTotal
0.49789225920557484,0.5441157526324338,0.5094481325622896,0.020015359779661453,0.0,0.0,4.0,0.0,0.0,0.5441157526324338