TimeMin,TimeMax,TimeAvg,TimeStdev,TimeTotal
3298.0,8528.0,6060.333333333333,2145.281074565496,18181.0
