TraitMin,TraitMax,TraitAvg,TraitStdev,TraitTotal
583.4,2303.0,1386.3466666666668,758.3560645970407,980.9230769230769
