SentiMin,SentiMax,SentiAvg,SentiStdev,Senti0-0.20,Senti0.21-0.40,Senti0.41-0.60,Senti0.61-0.80,Senti0.81-1.00,SentiTotal
0.02201234051531052,0.7264240096332016,0.5161153214107134,0.21421287034632153,1.0,1.0,4.0,4.0,0.0,0.27435106494184874