SentiMin,SentiMax,SentiAvg,SentiStdev,Senti0-0.20,Senti0.21-0.40,Senti0.41-0.60,Senti0.61-0.80,Senti0.81-1.00,SentiTotal
0.210705520065268,0.49789225920557484,0.4404549113775135,0.11487469565612274,0.0,1.0,4.0,0.0,0.0,0.210705520065268