TraitMin,TraitMax,TraitAvg,TraitStdev,TraitTotal
255.44444444444446,2298.0,974.2740740740741,685.540727664443,593.9677419354839
