TraitMin,TraitMax,TraitAvg,TraitStdev,TraitTotal
229.9,2301.0,849.509898989899,584.6986756378745,521.3921568627451
