SentiMin,SentiMax,SentiAvg,SentiStdev,Senti0-0.20,Senti0.21-0.40,Senti0.41-0.60,Senti0.61-0.80,Senti0.81-1.00,SentiTotal
0.21921412548362115,0.5505550505941735,0.46560435315795273,0.10221637391408597,0.0,1.0,6.0,0.0,0.0,0.2575183149572134