TraitMin,TraitMax,TraitAvg,TraitStdev,TraitTotal
287.375,2300.0,1366.9541666666667,800.4887632396326,787.6176470588235
