TraitMin,TraitMax,TraitAvg,TraitStdev,TraitTotal
468.75,1317.0,757.8560606060606,395.45109905034855,521.65
