TraitMin,TraitMax,TraitAvg,TraitStdev,TraitTotal
624.8333333333334,2471.0,1057.1066666666668,709.2824065051789,827.0833333333334
