TraitMin,TraitMax,TraitAvg,TraitStdev,TraitTotal
573.8181818181819,1149.5,798.2982954545455,214.29704693928528,689.1666666666666
