TraitMin,TraitMax,TraitAvg,TraitStdev,TraitTotal
766.0,1149.0,894.3333333333334,180.07837799753258,862.5
