TraitMin,TraitMax,TraitAvg,TraitStdev,TraitTotal
322.1111111111111,2299.0,808.2199938949941,652.6926762108833,551.984375
