TimeMin,TimeMax,TimeAvg,TimeStdev,TimeTotal
842.0,2729.0,2039.5454545454545,558.4731398499702,22435.0
