SentiMin,SentiMax,SentiAvg,SentiStdev,Senti0-0.20,Senti0.21-0.40,Senti0.41-0.60,Senti0.61-0.80,Senti0.81-1.00,SentiTotal
0.15585040364727296,0.5505550505941735,0.41049884414531995,0.15078412704262675,2.0,2.0,9.0,0.0,0.0,0.004187780020924073