SentiMin,SentiMax,SentiAvg,SentiStdev,Senti0-0.20,Senti0.21-0.40,Senti0.41-0.60,Senti0.61-0.80,Senti0.81-1.00,SentiTotal
0.15585040364727296,0.8232975942751998,0.5337359973910379,0.14558796143405164,1.0,0.0,10.0,2.0,1.0,0.8848481281985602