TraitMin,TraitMax,TraitAvg,TraitStdev,TraitTotal
530.4444444444445,2303.0,1139.798611111111,714.6991719560586,729.9375
