TraitMin,TraitMax,TraitAvg,TraitStdev,TraitTotal
435.3333333333333,766.6666666666666,601.125,136.4669844585943,527.483870967742
