TraitMin,TraitMax,TraitAvg,TraitStdev,TraitTotal
387.2857142857143,3269.0,1511.278911564626,1016.2733412645101,901.5217391304348
