TraitMin,TraitMax,TraitAvg,TraitStdev,TraitTotal
487.25,1149.0,691.5091836734694,211.28268252417325,625.4054054054054
