TimeMin,TimeMax,TimeAvg,TimeStdev,TimeTotal
2298.0,4634.0,3068.8333333333335,911.6134810811482,18413.0
