TraitMin,TraitMax,TraitAvg,TraitStdev,TraitTotal
383.3333333333333,459.8,421.56666666666666,38.23333333333335,418.09090909090907
