TraitMin,TraitMax,TraitAvg,TraitStdev,TraitTotal
441.5,2300.0,868.1984126984127,596.1865104589439,632.3529411764706
