TraitMin,TraitMax,TraitAvg,TraitStdev,TraitTotal
332.6666666666667,2646.5,949.595238095238,781.7035055076567,628.873417721519
