TraitMin,TraitMax,TraitAvg,TraitStdev,TraitTotal
328.42857142857144,2301.0,859.1585317460317,659.409985536598,636.7258064516129
