TraitMin,TraitMax,TraitAvg,TraitStdev,TraitTotal
328.2857142857143,2302.0,1561.7571428571428,908.0495464320823,792.25
