TraitMin,TraitMax,TraitAvg,TraitStdev,TraitTotal
299.8,1149.0,575.4571428571429,294.5424483458217,496.325
