TimeMin,TimeMax,TimeAvg,TimeStdev,TimeTotal
1008.0,7327.0,3444.923076923077,1751.5364447135444,44784.0
