SentiMin,SentiMax,SentiAvg,SentiStdev,Senti0-0.20,Senti0.21-0.40,Senti0.41-0.60,Senti0.61-0.80,Senti0.81-1.00,SentiTotal
0.21921412548362115,0.544059203489677,0.4204561039844771,0.12143622138562325,0.0,2.0,3.0,0.0,0.0,0.15114350014966718