TraitMin,TraitMax,TraitAvg,TraitStdev,TraitTotal
368.375,1085.0,690.9403571428571,198.42141833648577,673.1372549019608
