TraitMin,TraitMax,TraitAvg,TraitStdev,TraitTotal
287.625,2300.0,1053.1391666666666,847.34922855903,615.8125
