TraitMin,TraitMax,TraitAvg,TraitStdev,TraitTotal
383.0,1149.5,798.9583333333333,349.49631167581725,739.6842105263158
