TimeMin,TimeMax,TimeAvg,TimeStdev,TimeTotal
2298.0,4412.0,3014.090909090909,834.6341010554435,33155.0
