SentiMin,SentiMax,SentiAvg,SentiStdev,Senti0-0.20,Senti0.21-0.40,Senti0.41-0.60,Senti0.61-0.80,Senti0.81-1.00,SentiTotal
5.443507339862599E-4,0.325921632518217,0.1350775322872603,0.1386741589652211,2.0,1.0,0.0,0.0,0.0,2.2898325707700146E-5