SentiMin,SentiMax,SentiAvg,SentiStdev,Senti0-0.20,Senti0.21-0.40,Senti0.41-0.60,Senti0.61-0.80,Senti0.81-1.00,SentiTotal
0.11474234160564982,0.5136446707795853,0.42760564526632244,0.13486778345625905,1.0,1.0,6.0,0.0,0.0,0.057065188752205856