TraitMin,TraitMax,TraitAvg,TraitStdev,TraitTotal
222.25,687.0,493.41950113378687,150.03555339240532,498.864406779661
