SentiMin,SentiMax,SentiAvg,SentiStdev,Senti0-0.20,Senti0.21-0.40,Senti0.41-0.60,Senti0.61-0.80,Senti0.81-1.00,SentiTotal
0.10767202088789006,0.49789225920557484,0.33769415105184697,0.1689332031157574,3.0,0.0,4.0,0.0,0.0,0.003594703325010233