TraitMin,TraitMax,TraitAvg,TraitStdev,TraitTotal
197.5,660.5,384.6550505050505,132.17807858229895,387.08
