SentiMin,SentiMax,SentiAvg,SentiStdev,Senti0-0.20,Senti0.21-0.40,Senti0.41-0.60,Senti0.61-0.80,Senti0.81-1.00,SentiTotal
0.0487298222344814,0.20743004369493,0.15042963014367555,0.07208775654193443,2.0,1.0,0.0,0.0,0.0,0.0017228954461066847