TimeMin,TimeMax,TimeAvg,TimeStdev,TimeTotal
1425.0,11920.0,4204.714285714285,3411.850177345579,29433.0
