TraitMin,TraitMax,TraitAvg,TraitStdev,TraitTotal
183.57142857142858,751.1,404.7238095238095,248.03618244210566,492.36842105263156
