SentiMin,SentiMax,SentiAvg,SentiStdev,Senti0-0.20,Senti0.21-0.40,Senti0.41-0.60,Senti0.61-0.80,Senti0.81-1.00,SentiTotal
0.3318228626708164,0.5548866269185188,0.4126061136021213,0.08536084116126508,0.0,3.0,3.0,0.0,0.0,0.10618647476658957