TraitMin,TraitMax,TraitAvg,TraitStdev,TraitTotal
177.8,1088.0,488.94210526315794,298.8971963550673,376.80555555555554
