SentiMin,SentiMax,SentiAvg,SentiStdev,Senti0-0.20,Senti0.21-0.40,Senti0.41-0.60,Senti0.61-0.80,Senti0.81-1.00,SentiTotal
0.04536863484237109,0.49789225920557484,0.26858230280910844,0.16674408881001315,2.0,1.0,1.0,0.0,0.0,0.0059369138619133136