TraitMin,TraitMax,TraitAvg,TraitStdev,TraitTotal
102.71428571428571,432.0,256.57142857142856,135.29292986238528,279.32142857142856
