SentiMin,SentiMax,SentiAvg,SentiStdev,Senti0-0.20,Senti0.21-0.40,Senti0.41-0.60,Senti0.61-0.80,Senti0.81-1.00,SentiTotal
0.21921412548362115,0.5755436691302463,0.47576121993230747,0.10848887017257984,0.0,1.0,6.0,0.0,0.0,0.3159557095605564