TimeMin,TimeMax,TimeAvg,TimeStdev,TimeTotal
559.0,7511.0,3118.3333333333335,3120.1932988554126,9355.0
