TraitMin,TraitMax,TraitAvg,TraitStdev,TraitTotal
219.5,977.0,569.75,280.3846688034137,589.5714285714286
