TimeMin,TimeMax,TimeAvg,TimeStdev,TimeTotal
223.0,5039.0,2150.4444444444443,1614.5147266188487,19354.0
