TimeMin,TimeMax,TimeAvg,TimeStdev,TimeTotal
632.0,3690.0,1323.3333333333333,1073.5091470913926,7940.0
