SentiMin,SentiMax,SentiAvg,SentiStdev,Senti0-0.20,Senti0.21-0.40,Senti0.41-0.60,Senti0.61-0.80,Senti0.81-1.00,SentiTotal
0.0011771283715168435,0.5318834537628724,0.36068062905197024,0.1620452775063032,1.0,4.0,4.0,0.0,0.0,4.9692613884076634E-5