TraitMin,TraitMax,TraitAvg,TraitStdev,TraitTotal
224.0,447.3333333333333,377.06887755102036,72.60302013504273,380.7631578947368
