TraitMin,TraitMax,TraitAvg,TraitStdev,TraitTotal
228.6,1000.0,526.8777777777779,268.21775403624366,378.0952380952381
