TraitMin,TraitMax,TraitAvg,TraitStdev,TraitTotal
240.0,610.0,333.18181818181813,111.17929496546309,309.2857142857143
