TimeMin,TimeMax,TimeAvg,TimeStdev,TimeTotal
960.0,1880.0,1243.076923076923,275.55216218139213,16160.0
