TimeMin,TimeMax,TimeAvg,TimeStdev,TimeTotal
880.0,2800.0,1428.235294117647,515.8686026740855,24280.0
