TimeMin,TimeMax,TimeAvg,TimeStdev,TimeTotal
880.0,3200.0,1494.9444444444443,672.2342905252785,26909.0
