TraitMin,TraitMax,TraitAvg,TraitStdev,TraitTotal
188.57142857142858,1040.0,493.6078431372548,259.2838453371599,379.375
