TraitMin,TraitMax,TraitAvg,TraitStdev,TraitTotal
185.0,1120.0,406.17948717948724,290.02011764540276,286.54545454545456
