TraitMin,TraitMax,TraitAvg,TraitStdev,TraitTotal
188.57142857142858,1000.0,525.5170068027211,276.6064904976096,383.82978723404256
