SentiMin,SentiMax,SentiAvg,SentiStdev,Senti0-0.20,Senti0.21-0.40,Senti0.41-0.60,Senti0.61-0.80,Senti0.81-1.00,SentiTotal
3.840203706076181E-4,0.49789225920557484,0.1991294886611094,0.1653772206753032,8.0,7.0,2.0,0.0,0.0,8.258768397812373E-17