TraitMin,TraitMax,TraitAvg,TraitStdev,TraitTotal
175.0,1120.0,467.1365079365079,302.74420419239016,325.0
