TimeMin,TimeMax,TimeAvg,TimeStdev,TimeTotal
1000.0,3920.0,1782.2222222222222,831.1942917376682,16040.0
