TimeMin,TimeMax,TimeAvg,TimeStdev,TimeTotal
1000.0,2960.0,1574.5454545454545,611.4716024977423,17320.0
