TimeMin,TimeMax,TimeAvg,TimeStdev,TimeTotal
1000.0,2200.0,1386.6666666666667,392.6434628118605,20800.0
