SentiMin,SentiMax,SentiAvg,SentiStdev,Senti0-0.20,Senti0.21-0.40,Senti0.41-0.60,Senti0.61-0.80,Senti0.81-1.00,SentiTotal
0.003026226623812101,0.9160879344162732,0.24105240461438657,0.23487850150417036,6.0,6.0,2.0,0.0,1.0,8.32986671476189E-13