SentiMin,SentiMax,SentiAvg,SentiStdev,Senti0-0.20,Senti0.21-0.40,Senti0.41-0.60,Senti0.61-0.80,Senti0.81-1.00,SentiTotal
4.0399065608885524E-4,0.3385252644667176,0.11840454611292474,0.11262465745759136,8.0,3.0,0.0,0.0,0.0,7.82969497730793E-15