SentiMin,SentiMax,SentiAvg,SentiStdev,Senti0-0.20,Senti0.21-0.40,Senti0.41-0.60,Senti0.61-0.80,Senti0.81-1.00,SentiTotal
1.5332791885081193E-4,0.2873399785092704,0.15358545222801118,0.1025045194117696,4.0,5.0,0.0,0.0,0.0,4.08649646543939E-11