TraitMin,TraitMax,TraitAvg,TraitStdev,TraitTotal
224.0,1000.0,415.8974358974359,202.3766221007569,351.30434782608694
