TimeMin,TimeMax,TimeAvg,TimeStdev,TimeTotal
920.0,2120.0,1212.3076923076924,329.2451470620415,15760.0
