TimeMin,TimeMax,TimeAvg,TimeStdev,TimeTotal
960.0,1960.0,1288.5714285714287,311.74296057711996,18040.0
