TraitMin,TraitMax,TraitAvg,TraitStdev,TraitTotal
145.0,680.0,373.463768115942,128.89469690467925,302.60869565217394
