TraitMin,TraitMax,TraitAvg,TraitStdev,TraitTotal
100.0,520.0,293.7309941520468,111.17255795542123,258.5507246376812
