SentiMin,SentiMax,SentiAvg,SentiStdev,Senti0-0.20,Senti0.21-0.40,Senti0.41-0.60,Senti0.61-0.80,Senti0.81-1.00,SentiTotal
0.01602226311904002,0.5136446707795853,0.2838427124659411,0.12479188498713108,3.0,13.0,1.0,0.0,0.0,2.1711899072120916E-9