SentiMin,SentiMax,SentiAvg,SentiStdev,Senti0-0.20,Senti0.21-0.40,Senti0.41-0.60,Senti0.61-0.80,Senti0.81-1.00,SentiTotal
0.0097078030675638,0.5628056929000496,0.3059378582688041,0.18338810443243767,8.0,10.0,6.0,0.0,0.0,3.411083567074435E-13