TimeMin,TimeMax,TimeAvg,TimeStdev,TimeTotal
360.0,2760.0,1053.3333333333333,518.5082387491964,22120.0
