SentiMin,SentiMax,SentiAvg,SentiStdev,Senti0-0.20,Senti0.21-0.40,Senti0.41-0.60,Senti0.61-0.80,Senti0.81-1.00,SentiTotal
0.004419342407628221,0.5628056929000496,0.24817028361216648,0.19056337185395594,7.0,6.0,4.0,0.0,0.0,1.1187378959008098E-13