TimeMin,TimeMax,TimeAvg,TimeStdev,TimeTotal
520.0,1000.0,790.4761904761905,158.99913717873682,16600.0
