TimeMin,TimeMax,TimeAvg,TimeStdev,TimeTotal
400.0,1920.0,925.2173913043479,379.3457705189106,21280.0
