SentiMin,SentiMax,SentiAvg,SentiStdev,Senti0-0.20,Senti0.21-0.40,Senti0.41-0.60,Senti0.61-0.80,Senti0.81-1.00,SentiTotal
0.11176506414689182,0.5136446707795853,0.3729357357661166,0.13336120455231576,1.0,7.0,8.0,0.0,0.0,1.0691123312309157E-4