TimeMin,TimeMax,TimeAvg,TimeStdev,TimeTotal
320.0,2400.0,907.8260869565217,521.4607953227176,20880.0
