TimeMin,TimeMax,TimeAvg,TimeStdev,TimeTotal
400.0,1400.0,705.8823529411765,271.6195181310757,12000.0
