SentiMin,SentiMax,SentiAvg,SentiStdev,Senti0-0.20,Senti0.21-0.40,Senti0.41-0.60,Senti0.61-0.80,Senti0.81-1.00,SentiTotal
4.432329453199321E-6,0.5136446707795853,0.233638106679473,0.15183408142403912,10.0,9.0,4.0,0.0,0.0,7.05240302500176E-20