SentiMin,SentiMax,SentiAvg,SentiStdev,Senti0-0.20,Senti0.21-0.40,Senti0.41-0.60,Senti0.61-0.80,Senti0.81-1.00,SentiTotal
2.277373486743215E-4,0.5845035069777074,0.17551237669561784,0.16683980472331636,16.0,7.0,3.0,0.0,0.0,1.1109885785179693E-28