TraitMin,TraitMax,TraitAvg,TraitStdev,TraitTotal
114.28571428571429,600.0,307.07359307359314,109.84555481985731,258.5507246376812
