SentiMin,SentiMax,SentiAvg,SentiStdev,Senti0-0.20,Senti0.21-0.40,Senti0.41-0.60,Senti0.61-0.80,Senti0.81-1.00,SentiTotal
0.014728720454545501,0.5136446707795853,0.27182173359449885,0.1615816417120336,8.0,8.0,5.0,0.0,0.0,2.0285945035736718E-13