TraitMin,TraitMax,TraitAvg,TraitStdev,TraitTotal
160.0,600.0,287.6862745098039,113.85419356927643,241.5686274509804
