TimeMin,TimeMax,TimeAvg,TimeStdev,TimeTotal
400.0,1680.0,810.9090909090909,297.91562397474974,17840.0
