TraitMin,TraitMax,TraitAvg,TraitStdev,TraitTotal
150.0,960.0,378.54875283446717,206.4572267164779,302.0
