TimeMin,TimeMax,TimeAvg,TimeStdev,TimeTotal
480.0,2240.0,862.8571428571429,400.29920782124077,18120.0
