TraitMin,TraitMax,TraitAvg,TraitStdev,TraitTotal
130.0,640.0,397.52941176470586,143.16182437534633,324.3243243243243
