TimeMin,TimeMax,TimeAvg,TimeStdev,TimeTotal
400.0,1280.0,724.7058823529412,220.32376302531063,12320.0
