TraitMin,TraitMax,TraitAvg,TraitStdev,TraitTotal
180.0,880.0,345.09090909090907,155.95261145191373,283.1746031746032
