TraitMin,TraitMax,TraitAvg,TraitStdev,TraitTotal
172.0,480.0,305.015873015873,83.43641092881626,276.5
