SentiMin,SentiMax,SentiAvg,SentiStdev,Senti0-0.20,Senti0.21-0.40,Senti0.41-0.60,Senti0.61-0.80,Senti0.81-1.00,SentiTotal
2.1989322646262814E-7,0.9261906684823746,0.29769562166590385,0.24721275636073603,9.0,4.0,9.0,0.0,1.0,6.608561633168314E-23