TraitMin,TraitMax,TraitAvg,TraitStdev,TraitTotal
137.14285714285714,440.0,279.25051759834366,87.06594397067853,233.84615384615384
