SentiMin,SentiMax,SentiAvg,SentiStdev,Senti0-0.20,Senti0.21-0.40,Senti0.41-0.60,Senti0.61-0.80,Senti0.81-1.00,SentiTotal
7.685996924820389E-5,0.9999846101827697,0.2627619560354384,0.3080401037213823,10.0,4.0,3.0,0.0,2.0,1.8059443220130834E-20