TraitMin,TraitMax,TraitAvg,TraitStdev,TraitTotal
360.0,800.0,536.6666666666666,157.65644787180625,465.88235294117646
