TraitMin,TraitMax,TraitAvg,TraitStdev,TraitTotal
245.0,1200.0,527.6212121212121,374.700837203876,308.8888888888889
