TimeMin,TimeMax,TimeAvg,TimeStdev,TimeTotal
560.0,2040.0,1182.857142857143,479.45547344921215,16560.0
