TraitMin,TraitMax,TraitAvg,TraitStdev,TraitTotal
248.0,880.0,439.1587301587302,207.47645156533937,334.8837209302326
