TraitMin,TraitMax,TraitAvg,TraitStdev,TraitTotal
245.0,840.0,391.33943833943835,152.97566430939875,336.27906976744185
