TimeMin,TimeMax,TimeAvg,TimeStdev,TimeTotal
360.0,4640.0,2061.0526315789475,1117.166974924293,39160.0
