SentiMin,SentiMax,SentiAvg,SentiStdev,Senti0-0.20,Senti0.21-0.40,Senti0.41-0.60,Senti0.61-0.80,Senti0.81-1.00,SentiTotal
0.0026866610797494986,0.49789225920557484,0.27214996044928813,0.17995180405939276,6.0,5.0,3.0,0.0,0.0,6.353205656433099E-10