TraitMin,TraitMax,TraitAvg,TraitStdev,TraitTotal
328.8888888888889,840.0,500.7936507936508,215.65593660550425,393.0
