SentiMin,SentiMax,SentiAvg,SentiStdev,Senti0-0.20,Senti0.21-0.40,Senti0.41-0.60,Senti0.61-0.80,Senti0.81-1.00,SentiTotal
1.9633001929170776E-4,0.9807489642178733,0.2675638971747109,0.31239858886572414,7.0,1.0,1.0,1.0,1.0,5.355688904752034E-12