TraitMin,TraitMax,TraitAvg,TraitStdev,TraitTotal
190.0,1160.0,510.1678321678322,303.5422709771972,390.81081081081084
