SentiMin,SentiMax,SentiAvg,SentiStdev,Senti0-0.20,Senti0.21-0.40,Senti0.41-0.60,Senti0.61-0.80,Senti0.81-1.00,SentiTotal
6.147362291468979E-5,0.39697510199130176,0.17383993102945436,0.17980332353123704,3.0,3.0,0.0,0.0,0.0,1.996635223735233E-11