TraitMin,TraitMax,TraitAvg,TraitStdev,TraitTotal
197.33333333333334,1000.0,479.43961352657,219.40156071947123,366.3551401869159
