SentiMin,SentiMax,SentiAvg,SentiStdev,Senti0-0.20,Senti0.21-0.40,Senti0.41-0.60,Senti0.61-0.80,Senti0.81-1.00,SentiTotal
8.674087948478117E-5,0.966765507773809,0.26812896314730245,0.32911895556436666,4.0,2.0,0.0,0.0,1.0,7.695726409422197E-10