TimeMin,TimeMax,TimeAvg,TimeStdev,TimeTotal
880.0,3000.0,1853.3333333333333,725.4117604658902,11120.0
