TraitMin,TraitMax,TraitAvg,TraitStdev,TraitTotal
310.0,1160.0,650.5833333333334,286.78029482515007,579.3939393939394
