TraitMin,TraitMax,TraitAvg,TraitStdev,TraitTotal
312.0,880.0,650.6666666666666,244.43313105132773,495.0
