SentiMin,SentiMax,SentiAvg,SentiStdev,Senti0-0.20,Senti0.21-0.40,Senti0.41-0.60,Senti0.61-0.80,Senti0.81-1.00,SentiTotal
5.689119766285799E-5,0.5159436667231726,0.2840321342140908,0.19818695473218953,7.0,5.0,6.0,0.0,0.0,1.403421543052807E-16