SentiMin,SentiMax,SentiAvg,SentiStdev,Senti0-0.20,Senti0.21-0.40,Senti0.41-0.60,Senti0.61-0.80,Senti0.81-1.00,SentiTotal
0.013619740359022699,0.49789225920557484,0.2718129675742135,0.16521292601156917,5.0,6.0,3.0,0.0,0.0,8.853249446789677E-9