SentiMin,SentiMax,SentiAvg,SentiStdev,Senti0-0.20,Senti0.21-0.40,Senti0.41-0.60,Senti0.61-0.80,Senti0.81-1.00,SentiTotal
0.21921412548362115,0.9909407754339957,0.4412262228914171,0.21844770434833505,0.0,5.0,3.0,0.0,1.0,0.4689870786020679