TraitMin,TraitMax,TraitAvg,TraitStdev,TraitTotal
195.0,1040.0,629.1666666666666,249.61299410366604,451.8918918918919
