TimeMin,TimeMax,TimeAvg,TimeStdev,TimeTotal
760.0,2200.0,1328.5714285714287,351.70720661321894,18600.0
