TimeMin,TimeMax,TimeAvg,TimeStdev,TimeTotal
560.0,4440.0,1725.7142857142858,972.5203948336234,24160.0
