SentiMin,SentiMax,SentiAvg,SentiStdev,Senti0-0.20,Senti0.21-0.40,Senti0.41-0.60,Senti0.61-0.80,Senti0.81-1.00,SentiTotal
0.2123153388776706,0.5908618181140313,0.340797094158441,0.17684489049144694,0.0,2.0,1.0,0.0,0.0,0.10003048398318323