SentiMin,SentiMax,SentiAvg,SentiStdev,Senti0-0.20,Senti0.21-0.40,Senti0.41-0.60,Senti0.61-0.80,Senti0.81-1.00,SentiTotal
0.007688817015476015,0.984745906727478,0.3384879694950471,0.24348157211077287,4.0,5.0,4.0,0.0,1.0,1.406838801053952E-6