TimeMin,TimeMax,TimeAvg,TimeStdev,TimeTotal
720.0,3720.0,1621.3333333333333,972.1307639521663,24320.0
