TimeMin,TimeMax,TimeAvg,TimeStdev,TimeTotal
760.0,1680.0,1194.2857142857142,294.2718443333425,16720.0
