TimeMin,TimeMax,TimeAvg,TimeStdev,TimeTotal
840.0,5400.0,1537.7777777777778,1386.1680015045297,13840.0
