SentiMin,SentiMax,SentiAvg,SentiStdev,Senti0-0.20,Senti0.21-0.40,Senti0.41-0.60,Senti0.61-0.80,Senti0.81-1.00,SentiTotal
0.10894978209988744,0.8358435547763696,0.36523534898487775,0.17627278797279314,2.0,10.0,7.0,0.0,1.0,1.7589094701550704E-6