TraitMin,TraitMax,TraitAvg,TraitStdev,TraitTotal
370.0,1520.0,747.0555555555555,376.0557935686448,605.7142857142857
