TraitMin,TraitMax,TraitAvg,TraitStdev,TraitTotal
390.0,1360.0,748.5714285714287,273.2424770184269,641.3793103448276
