TraitMin,TraitMax,TraitAvg,TraitStdev,TraitTotal
274.2857142857143,1360.0,670.8888888888888,347.79312739158803,492.97297297297297
