TraitMin,TraitMax,TraitAvg,TraitStdev,TraitTotal
232.0,700.0,481.75,171.98600960543274,421.1764705882353
