TraitMin,TraitMax,TraitAvg,TraitStdev,TraitTotal
420.0,1080.0,846.6666666666666,186.66666666666666,865.0
