TraitMin,TraitMax,TraitAvg,TraitStdev,TraitTotal
260.0,1200.0,690.5185185185186,272.8884867492111,554.5454545454545
