TimeMin,TimeMax,TimeAvg,TimeStdev,TimeTotal
760.0,3040.0,1413.3333333333333,554.8172872416848,16960.0
