SentiMin,SentiMax,SentiAvg,SentiStdev,Senti0-0.20,Senti0.21-0.40,Senti0.41-0.60,Senti0.61-0.80,Senti0.81-1.00,SentiTotal
0.09399881709442619,0.5193465886240476,0.3211358386212027,0.1553195367715441,3.0,4.0,4.0,0.0,0.0,2.300724464490818E-5