SentiMin,SentiMax,SentiAvg,SentiStdev,Senti0-0.20,Senti0.21-0.40,Senti0.41-0.60,Senti0.61-0.80,Senti0.81-1.00,SentiTotal
0.019645680950107634,0.9757712087227773,0.40394936053149516,0.21468721123623813,4.0,3.0,7.0,0.0,1.0,0.0013316187125098958