SentiMin,SentiMax,SentiAvg,SentiStdev,Senti0-0.20,Senti0.21-0.40,Senti0.41-0.60,Senti0.61-0.80,Senti0.81-1.00,SentiTotal
8.248633141669697E-4,0.5954966733673009,0.29739404303268596,0.20914544742846433,3.0,3.0,3.0,0.0,0.0,1.722053999630237E-7