SentiMin,SentiMax,SentiAvg,SentiStdev,Senti0-0.20,Senti0.21-0.40,Senti0.41-0.60,Senti0.61-0.80,Senti0.81-1.00,SentiTotal
2.1955843150766818E-4,0.5136446707795853,0.3728407643322424,0.14813240906911795,1.0,6.0,5.0,0.0,0.0,2.9868685816401176E-6