SentiMin,SentiMax,SentiAvg,SentiStdev,Senti0-0.20,Senti0.21-0.40,Senti0.41-0.60,Senti0.61-0.80,Senti0.81-1.00,SentiTotal
2.769169369178164E-4,0.48439634580644964,0.17310243384013574,0.14886740684040353,5.0,1.0,1.0,0.0,0.0,1.8163826874285333E-8