TraitMin,TraitMax,TraitAvg,TraitStdev,TraitTotal
260.0,1000.0,486.1968253968254,226.07626313890208,396.3636363636364
