TraitMin,TraitMax,TraitAvg,TraitStdev,TraitTotal
296.0,840.0,526.7666666666667,214.27884481052564,415.17241379310343
