SentiMin,SentiMax,SentiAvg,SentiStdev,Senti0-0.20,Senti0.21-0.40,Senti0.41-0.60,Senti0.61-0.80,Senti0.81-1.00,SentiTotal
0.0013836208674796427,0.6921459309296395,0.23760376854122967,0.23603021044745404,6.0,2.0,2.0,1.0,0.0,9.734574586057393E-12