TimeMin,TimeMax,TimeAvg,TimeStdev,TimeTotal
880.0,2600.0,1370.909090909091,527.1096926628968,15080.0
