SentiMin,SentiMax,SentiAvg,SentiStdev,Senti0-0.20,Senti0.21-0.40,Senti0.41-0.60,Senti0.61-0.80,Senti0.81-1.00,SentiTotal
0.0033633688393280787,0.6624055896622104,0.24535301093456038,0.20799685981473143,7.0,2.0,4.0,1.0,0.0,1.1939777721873976E-11