SentiMin,SentiMax,SentiAvg,SentiStdev,Senti0-0.20,Senti0.21-0.40,Senti0.41-0.60,Senti0.61-0.80,Senti0.81-1.00,SentiTotal
0.045555334610184635,0.49789225920557484,0.2540061836720766,0.20494741915875814,3.0,1.0,2.0,0.0,0.0,1.0610251209550251E-4