TraitMin,TraitMax,TraitAvg,TraitStdev,TraitTotal
144.0,800.0,410.29148629148636,212.1614906149181,300.0
