SentiMin,SentiMax,SentiAvg,SentiStdev,Senti0-0.20,Senti0.21-0.40,Senti0.41-0.60,Senti0.61-0.80,Senti0.81-1.00,SentiTotal
0.03714381889872863,0.5059415165846498,0.265990361216243,0.1518247252689947,6.0,6.0,3.0,0.0,0.0,7.901115519231858E-9