TimeMin,TimeMax,TimeAvg,TimeStdev,TimeTotal
600.0,3160.0,1431.111111111111,881.5698679621289,12880.0
