TraitMin,TraitMax,TraitAvg,TraitStdev,TraitTotal
231.11111111111111,720.0,452.1982905982906,151.4995680344257,389.3333333333333
