TraitMin,TraitMax,TraitAvg,TraitStdev,TraitTotal
240.0,1640.0,509.4514896867838,344.7013230120627,357.8082191780822
