TraitMin,TraitMax,TraitAvg,TraitStdev,TraitTotal
148.57142857142858,1000.0,464.7186147186147,256.4478707095936,359.04761904761904
