TraitMin,TraitMax,TraitAvg,TraitStdev,TraitTotal
176.0,445.7142857142857,302.8809523809524,76.78761164137939,310.5882352941176
