TraitMin,TraitMax,TraitAvg,TraitStdev,TraitTotal
137.14285714285714,720.0,444.68398268398266,148.72288393214276,380.0
