SentiMin,SentiMax,SentiAvg,SentiStdev,Senti0-0.20,Senti0.21-0.40,Senti0.41-0.60,Senti0.61-0.80,Senti0.81-1.00,SentiTotal
2.9276265563207806E-5,0.7695067373225014,0.21450461313969807,0.21095736517867342,8.0,7.0,1.0,1.0,0.0,1.9180491331326157E-21