SentiMin,SentiMax,SentiAvg,SentiStdev,Senti0-0.20,Senti0.21-0.40,Senti0.41-0.60,Senti0.61-0.80,Senti0.81-1.00,SentiTotal
0.0011257939927337942,0.9611958417475951,0.3083336115349056,0.27091277641466366,4.0,4.0,2.0,0.0,1.0,1.7831152339266135E-7