SentiMin,SentiMax,SentiAvg,SentiStdev,Senti0-0.20,Senti0.21-0.40,Senti0.41-0.60,Senti0.61-0.80,Senti0.81-1.00,SentiTotal
0.001039167734265323,0.7721466140057556,0.2404813471855856,0.22874936508638086,7.0,4.0,2.0,1.0,0.0,9.679193720428485E-13