TraitMin,TraitMax,TraitAvg,TraitStdev,TraitTotal
270.0,880.0,432.5555555555555,212.04137145820516,353.3333333333333
