TraitMin,TraitMax,TraitAvg,TraitStdev,TraitTotal
220.0,1000.0,475.61904761904765,246.6864489217692,375.55555555555554
