TraitMin,TraitMax,TraitAvg,TraitStdev,TraitTotal
250.0,880.0,505.1111111111111,198.6169463012275,433.1914893617021
