TraitMin,TraitMax,TraitAvg,TraitStdev,TraitTotal
220.0,800.0,450.11904761904754,167.9149258868934,379.2
