SentiMin,SentiMax,SentiAvg,SentiStdev,Senti0-0.20,Senti0.21-0.40,Senti0.41-0.60,Senti0.61-0.80,Senti0.81-1.00,SentiTotal
3.1966883163744484E-4,0.4425399052395329,0.1913710086693202,0.14023630479168087,6.0,4.0,1.0,0.0,0.0,2.0705920103064545E-11