TraitMin,TraitMax,TraitAvg,TraitStdev,TraitTotal
184.0,1000.0,425.17833800186736,238.6454532370157,346.4788732394366
