SentiMin,SentiMax,SentiAvg,SentiStdev,Senti0-0.20,Senti0.21-0.40,Senti0.41-0.60,Senti0.61-0.80,Senti0.81-1.00,SentiTotal
0.01708860348274301,0.44302228264674043,0.22950685646764768,0.14279335643744748,3.0,5.0,1.0,0.0,0.0,7.148388833020103E-7