SentiMin,SentiMax,SentiAvg,SentiStdev,Senti0-0.20,Senti0.21-0.40,Senti0.41-0.60,Senti0.61-0.80,Senti0.81-1.00,SentiTotal
0.006397166183446402,0.43796879524747484,0.20503481325991213,0.1277227202070976,9.0,7.0,1.0,0.0,0.0,2.484717604088554E-13