SentiMin,SentiMax,SentiAvg,SentiStdev,Senti0-0.20,Senti0.21-0.40,Senti0.41-0.60,Senti0.61-0.80,Senti0.81-1.00,SentiTotal
0.026394217720003135,0.9860880203389141,0.41268219859855604,0.2643925249817885,2.0,3.0,3.0,1.0,1.0,0.04067189293177977