TraitMin,TraitMax,TraitAvg,TraitStdev,TraitTotal
206.66666666666666,840.0,402.9863945578232,157.09348887327832,342.15384615384613
