SentiMin,SentiMax,SentiAvg,SentiStdev,Senti0-0.20,Senti0.21-0.40,Senti0.41-0.60,Senti0.61-0.80,Senti0.81-1.00,SentiTotal
0.03767807446819529,0.48439634580644964,0.25706744518196906,0.1493327440028999,6.0,6.0,3.0,0.0,0.0,1.140283739812525E-9