TimeMin,TimeMax,TimeAvg,TimeStdev,TimeTotal
680.0,3320.0,1536.4705882352941,699.9911022667325,26120.0
