SentiMin,SentiMax,SentiAvg,SentiStdev,Senti0-0.20,Senti0.21-0.40,Senti0.41-0.60,Senti0.61-0.80,Senti0.81-1.00,SentiTotal
7.095544593660999E-4,0.5159436667231726,0.1467007564707236,0.19053197496787674,9.0,1.0,3.0,0.0,0.0,6.390512447238722E-20