SentiMin,SentiMax,SentiAvg,SentiStdev,Senti0-0.20,Senti0.21-0.40,Senti0.41-0.60,Senti0.61-0.80,Senti0.81-1.00,SentiTotal
0.02737860075549614,0.49789225920557484,0.26461039922179697,0.18089000086798132,6.0,6.0,4.0,0.0,0.0,1.9750872404111407E-10