SentiMin,SentiMax,SentiAvg,SentiStdev,Senti0-0.20,Senti0.21-0.40,Senti0.41-0.60,Senti0.61-0.80,Senti0.81-1.00,SentiTotal
0.012365166646747713,0.5318834537628724,0.2714517068169115,0.16521508179978497,3.0,4.0,2.0,0.0,0.0,6.963229221249802E-6