SentiMin,SentiMax,SentiAvg,SentiStdev,Senti0-0.20,Senti0.21-0.40,Senti0.41-0.60,Senti0.61-0.80,Senti0.81-1.00,SentiTotal
0.1473939372472199,0.1974088647054466,0.17240140097633327,0.025007463729113343,2.0,0.0,0.0,0.0,0.0,0.04111783861242603