TimeMin,TimeMax,TimeAvg,TimeStdev,TimeTotal
800.0,2840.0,1447.0588235294117,634.8669587900458,24600.0
