SentiMin,SentiMax,SentiAvg,SentiStdev,Senti0-0.20,Senti0.21-0.40,Senti0.41-0.60,Senti0.61-0.80,Senti0.81-1.00,SentiTotal
0.08875996926671173,0.5093429717100412,0.3232430173505561,0.15358696660691304,2.0,2.0,3.0,0.0,0.0,0.0023548898577083416