TraitMin,TraitMax,TraitAvg,TraitStdev,TraitTotal
186.66666666666666,1040.0,495.5555555555556,284.90847566573524,356.27906976744185
