SentiMin,SentiMax,SentiAvg,SentiStdev,Senti0-0.20,Senti0.21-0.40,Senti0.41-0.60,Senti0.61-0.80,Senti0.81-1.00,SentiTotal
0.0143259818928545,0.5238781197433692,0.2977516721179401,0.15735491185482742,3.0,4.0,3.0,0.0,0.0,1.0892692895830232E-5