SentiMin,SentiMax,SentiAvg,SentiStdev,Senti0-0.20,Senti0.21-0.40,Senti0.41-0.60,Senti0.61-0.80,Senti0.81-1.00,SentiTotal
0.02920306233698975,0.46364466503952073,0.2506385617224625,0.15143834586547109,3.0,1.0,2.0,0.0,0.0,6.703569603696505E-5