TimeMin,TimeMax,TimeAvg,TimeStdev,TimeTotal
800.0,2760.0,1357.3333333333333,581.9446327233851,20360.0
