TimeMin,TimeMax,TimeAvg,TimeStdev,TimeTotal
800.0,6800.0,1843.076923076923,1485.6409371321322,23960.0
