TimeMin,TimeMax,TimeAvg,TimeStdev,TimeTotal
1200.0,3800.0,2022.857142857143,793.3602007683933,14160.0
