TimeMin,TimeMax,TimeAvg,TimeStdev,TimeTotal
800.0,2080.0,1276.6666666666667,418.07761108302475,15320.0
