TraitMin,TraitMax,TraitAvg,TraitStdev,TraitTotal
270.0,1000.0,564.7708333333334,225.7739072719899,466.95652173913044
