TimeMin,TimeMax,TimeAvg,TimeStdev,TimeTotal
760.0,1520.0,1173.3333333333333,293.6362072739365,7040.0
