TimeMin,TimeMax,TimeAvg,TimeStdev,TimeTotal
600.0,1680.0,965.7142857142857,316.71786195545184,6760.0
