SentiMin,SentiMax,SentiAvg,SentiStdev,Senti0-0.20,Senti0.21-0.40,Senti0.41-0.60,Senti0.61-0.80,Senti0.81-1.00,SentiTotal
0.002649666410388492,0.6921459309296395,0.29967424350950805,0.23007093797966394,4.0,3.0,2.0,1.0,0.0,6.914886773493699E-8