TraitMin,TraitMax,TraitAvg,TraitStdev,TraitTotal
240.0,880.0,462.7830687830688,179.49534125270242,390.3030303030303
