TimeMin,TimeMax,TimeAvg,TimeStdev,TimeTotal
680.0,2080.0,1145.4545454545455,522.4481468200481,12600.0
