TraitMin,TraitMax,TraitAvg,TraitStdev,TraitTotal
308.57142857142856,840.0,516.1142857142856,210.85091744584633,376.0
