SentiMin,SentiMax,SentiAvg,SentiStdev,Senti0-0.20,Senti0.21-0.40,Senti0.41-0.60,Senti0.61-0.80,Senti0.81-1.00,SentiTotal
3.2691552707646634E-4,0.48728019602140255,0.17801575226301175,0.19240412708234253,3.0,1.0,1.0,0.0,0.0,1.8429611798783672E-7