TraitMin,TraitMax,TraitAvg,TraitStdev,TraitTotal
296.0,580.0,366.174358974359,108.02715026303039,322.0
