TraitMin,TraitMax,TraitAvg,TraitStdev,TraitTotal
310.0,714.2857142857143,470.5542328042328,121.1047338761593,513.1182795698925
