TraitMin,TraitMax,TraitAvg,TraitStdev,TraitTotal
236.92307692307693,734.5454545454545,424.75971028971026,137.95571033696461,394.1880341880342
