TraitMin,TraitMax,TraitAvg,TraitStdev,TraitTotal
225.45454545454547,530.0,414.0364565192151,81.80106081642175,400.5263157894737
