SentiMin,SentiMax,SentiAvg,SentiStdev,Senti0-0.20,Senti0.21-0.40,Senti0.41-0.60,Senti0.61-0.80,Senti0.81-1.00,SentiTotal
6.417216011378582E-6,0.7648690868571335,0.2301937044405077,0.23312367000662618,10.0,3.0,1.0,2.0,0.0,5.593347589604299E-18