TraitMin,TraitMax,TraitAvg,TraitStdev,TraitTotal
231.11111111111111,1040.0,434.36026936026946,216.95354256355589,348.8524590163934
