TimeMin,TimeMax,TimeAvg,TimeStdev,TimeTotal
720.0,11200.0,3382.222222222222,3360.587838055115,30440.0
