SentiMin,SentiMax,SentiAvg,SentiStdev,Senti0-0.20,Senti0.21-0.40,Senti0.41-0.60,Senti0.61-0.80,Senti0.81-1.00,SentiTotal
2.9407268893571597E-4,0.9990794523282223,0.3998897604348311,0.4005699745883904,4.0,1.0,0.0,1.0,2.0,6.431668818799254E-5