SentiMin,SentiMax,SentiAvg,SentiStdev,Senti0-0.20,Senti0.21-0.40,Senti0.41-0.60,Senti0.61-0.80,Senti0.81-1.00,SentiTotal
3.2752252530314245E-6,0.31820487300311295,0.1061851844133789,0.12425314643078082,7.0,3.0,0.0,0.0,0.0,1.75719057774212E-18