TimeMin,TimeMax,TimeAvg,TimeStdev,TimeTotal
1120.0,11400.0,6511.111111111111,3803.0059585790364,58600.0
