TraitMin,TraitMax,TraitAvg,TraitStdev,TraitTotal
240.0,920.0,438.2906186043441,195.79454357059058,348.26666666666665
