SentiMin,SentiMax,SentiAvg,SentiStdev,Senti0-0.20,Senti0.21-0.40,Senti0.41-0.60,Senti0.61-0.80,Senti0.81-1.00,SentiTotal
3.334036917791798E-5,0.41901263796461236,0.09988949650341084,0.16513388087813619,7.0,1.0,1.0,0.0,0.0,2.528379338690413E-19