TraitMin,TraitMax,TraitAvg,TraitStdev,TraitTotal
240.0,1120.0,476.5714285714286,327.1716768341186,380.0
