SentiMin,SentiMax,SentiAvg,SentiStdev,Senti0-0.20,Senti0.21-0.40,Senti0.41-0.60,Senti0.61-0.80,Senti0.81-1.00,SentiTotal
7.06485050822721E-4,0.6265076294183111,0.24266461721782034,0.23022338177915658,5.0,2.0,0.0,2.0,0.0,1.7452731552177746E-10