TraitMin,TraitMax,TraitAvg,TraitStdev,TraitTotal
272.0,448.3333333333333,373.4024422973698,59.55264138131021,390.6666666666667
