TraitMin,TraitMax,TraitAvg,TraitStdev,TraitTotal
220.0,520.0,333.01161995898843,89.7121811381009,329.77777777777777
