SentiMin,SentiMax,SentiAvg,SentiStdev,Senti0-0.20,Senti0.21-0.40,Senti0.41-0.60,Senti0.61-0.80,Senti0.81-1.00,SentiTotal
0.03741721410245344,0.8945808700703616,0.31231882466320326,0.33779981665275993,3.0,0.0,1.0,0.0,1.0,0.0016756638883145452