SentiMin,SentiMax,SentiAvg,SentiStdev,Senti0-0.20,Senti0.21-0.40,Senti0.41-0.60,Senti0.61-0.80,Senti0.81-1.00,SentiTotal
1.5228077276956893E-4,0.31273751575004594,0.1297326539473544,0.1150477882170613,3.0,2.0,0.0,0.0,0.0,7.818350115112305E-8