SentiMin,SentiMax,SentiAvg,SentiStdev,Senti0-0.20,Senti0.21-0.40,Senti0.41-0.60,Senti0.61-0.80,Senti0.81-1.00,SentiTotal
0.23906735178369223,0.23906735178369223,0.23906735178369223,0.0,0.0,1.0,0.0,0.0,0.0,0.23906735178369223