TimeMin,TimeMax,TimeAvg,TimeStdev,TimeTotal
680.0,4120.0,1773.3333333333333,1019.8474831507351,21280.0
