TraitMin,TraitMax,TraitAvg,TraitStdev,TraitTotal
160.0,920.0,375.38316544566544,192.4859680383273,302.7956989247312
