SentiMin,SentiMax,SentiAvg,SentiStdev,Senti0-0.20,Senti0.21-0.40,Senti0.41-0.60,Senti0.61-0.80,Senti0.81-1.00,SentiTotal
9.448431861220368E-10,0.3931743634611372,0.06400844369869939,0.12686717184455842,8.0,1.0,0.0,0.0,0.0,2.862634961690043E-35