TraitMin,TraitMax,TraitAvg,TraitStdev,TraitTotal
380.0,1240.0,644.4571428571428,263.33237165070244,546.2068965517242
