TraitMin,TraitMax,TraitAvg,TraitStdev,TraitTotal
240.0,600.0,374.2442002442002,114.55083303059494,335.38461538461536
