SentiMin,SentiMax,SentiAvg,SentiStdev,Senti0-0.20,Senti0.21-0.40,Senti0.41-0.60,Senti0.61-0.80,Senti0.81-1.00,SentiTotal
0.04849546545403038,0.3029968537174699,0.19023548155170714,0.10590108753015395,1.0,2.0,0.0,0.0,0.0,0.006286580445176221