SentiMin,SentiMax,SentiAvg,SentiStdev,Senti0-0.20,Senti0.21-0.40,Senti0.41-0.60,Senti0.61-0.80,Senti0.81-1.00,SentiTotal
0.06413200800208521,0.49789225920557484,0.3009785973139033,0.16607204369596265,2.0,3.0,3.0,0.0,0.0,3.0500469594046286E-4