SentiMin,SentiMax,SentiAvg,SentiStdev,Senti0-0.20,Senti0.21-0.40,Senti0.41-0.60,Senti0.61-0.80,Senti0.81-1.00,SentiTotal
0.001000953738647478,0.49789225920557484,0.15322163576380213,0.1705516764564895,7.0,2.0,1.0,0.0,0.0,2.5834917899613164E-13