TraitMin,TraitMax,TraitAvg,TraitStdev,TraitTotal
252.5,733.3333333333334,427.11856661856666,140.94302275143087,366.1111111111111
