TraitMin,TraitMax,TraitAvg,TraitStdev,TraitTotal
360.0,800.0,515.3382173382174,143.18268550390184,480.0
