SentiMin,SentiMax,SentiAvg,SentiStdev,Senti0-0.20,Senti0.21-0.40,Senti0.41-0.60,Senti0.61-0.80,Senti0.81-1.00,SentiTotal
0.004723194407405248,0.4737554465528978,0.20738753980610755,0.1619283163400682,3.0,2.0,1.0,0.0,0.0,4.056492583936737E-6