SentiMin,SentiMax,SentiAvg,SentiStdev,Senti0-0.20,Senti0.21-0.40,Senti0.41-0.60,Senti0.61-0.80,Senti0.81-1.00,SentiTotal
9.491936589145464E-4,0.49789225920557484,0.2047656013587349,0.17046653459314218,5.0,3.0,2.0,0.0,0.0,7.32986212942879E-11