SentiMin,SentiMax,SentiAvg,SentiStdev,Senti0-0.20,Senti0.21-0.40,Senti0.41-0.60,Senti0.61-0.80,Senti0.81-1.00,SentiTotal
0.006440795062367619,0.49789225920557484,0.27879145972721225,0.1841756360367274,2.0,3.0,3.0,0.0,0.0,1.1611377825264222E-5