SentiMin,SentiMax,SentiAvg,SentiStdev,Senti0-0.20,Senti0.21-0.40,Senti0.41-0.60,Senti0.61-0.80,Senti0.81-1.00,SentiTotal
4.7882589496693476E-4,0.49789225920557484,0.3393515197398232,0.1505171009641433,1.0,6.0,4.0,0.0,0.0,2.056602013573324E-6