TraitMin,TraitMax,TraitAvg,TraitStdev,TraitTotal
326.6666666666667,472.0,386.22222222222223,62.161875498026106,385.7142857142857
