SentiMin,SentiMax,SentiAvg,SentiStdev,Senti0-0.20,Senti0.21-0.40,Senti0.41-0.60,Senti0.61-0.80,Senti0.81-1.00,SentiTotal
1.659782058879297E-5,0.49789225920557484,0.24558735328284745,0.19262439807307657,5.0,3.0,4.0,0.0,0.0,4.9084510706901445E-15