TimeMin,TimeMax,TimeAvg,TimeStdev,TimeTotal
480.0,5040.0,1540.357142857143,1135.1092840492029,21565.0
