SentiMin,SentiMax,SentiAvg,SentiStdev,Senti0-0.20,Senti0.21-0.40,Senti0.41-0.60,Senti0.61-0.80,Senti0.81-1.00,SentiTotal
2.5063786454451194E-4,0.49789225920557484,0.3196551667964576,0.16055830124773915,3.0,4.0,4.0,0.0,0.0,2.889786105265798E-7