SentiMin,SentiMax,SentiAvg,SentiStdev,Senti0-0.20,Senti0.21-0.40,Senti0.41-0.60,Senti0.61-0.80,Senti0.81-1.00,SentiTotal
0.0816656571576533,0.49789225920557484,0.4043084760202789,0.13257475991791604,1.0,3.0,4.0,0.0,0.0,0.02242944768924473