TraitMin,TraitMax,TraitAvg,TraitStdev,TraitTotal
151.15384615384616,1020.0,569.510989010989,260.04021018011434,440.1020408163265
