TimeMin,TimeMax,TimeAvg,TimeStdev,TimeTotal
640.0,4440.0,2326.6666666666665,1086.8711464055382,27920.0
