SentiMin,SentiMax,SentiAvg,SentiStdev,Senti0-0.20,Senti0.21-0.40,Senti0.41-0.60,Senti0.61-0.80,Senti0.81-1.00,SentiTotal
6.216317372365734E-4,0.49789225920557484,0.32420859290197857,0.14191720579018188,3.0,6.0,4.0,0.0,0.0,2.400308930491332E-7