TraitMin,TraitMax,TraitAvg,TraitStdev,TraitTotal
248.88888888888889,540.0,383.8095238095238,100.0514272581023,334.54545454545456
