SentiMin,SentiMax,SentiAvg,SentiStdev,Senti0-0.20,Senti0.21-0.40,Senti0.41-0.60,Senti0.61-0.80,Senti0.81-1.00,SentiTotal
0.013199861544835498,0.49789225920557484,0.2754496414642928,0.16256214674467145,4.0,3.0,2.0,0.0,0.0,1.0018696120096828E-5