SentiMin,SentiMax,SentiAvg,SentiStdev,Senti0-0.20,Senti0.21-0.40,Senti0.41-0.60,Senti0.61-0.80,Senti0.81-1.00,SentiTotal
4.183561308958596E-5,0.49789225920557484,0.30632464125831105,0.16560005789350543,2.0,6.0,3.0,0.0,0.0,6.758456423224436E-10