TraitMin,TraitMax,TraitAvg,TraitStdev,TraitTotal
220.0,1080.0,399.46203260676947,219.56662907617076,309.3333333333333
