TimeMin,TimeMax,TimeAvg,TimeStdev,TimeTotal
640.0,3760.0,2093.3333333333335,1282.636174273732,6280.0
