SentiMin,SentiMax,SentiAvg,SentiStdev,Senti0-0.20,Senti0.21-0.40,Senti0.41-0.60,Senti0.61-0.80,Senti0.81-1.00,SentiTotal
0.004218966450949962,0.5628056929000496,0.25492376877232,0.2056356233038823,3.0,2.0,2.0,0.0,0.0,6.775751597358428E-7