TimeMin,TimeMax,TimeAvg,TimeStdev,TimeTotal
1200.0,4160.0,2928.8888888888887,855.5757573372506,26360.0
