TraitMin,TraitMax,TraitAvg,TraitStdev,TraitTotal
226.66666666666666,840.0,387.9891774891775,155.21722144859925,342.089552238806
