TimeMin,TimeMax,TimeAvg,TimeStdev,TimeTotal
760.0,4200.0,2127.2727272727275,1143.2417298596838,23400.0
