TraitMin,TraitMax,TraitAvg,TraitStdev,TraitTotal
216.66666666666666,800.0,404.4095238095239,199.31823049285464,328.61538461538464
