TimeMin,TimeMax,TimeAvg,TimeStdev,TimeTotal
1120.0,5360.0,2347.6923076923076,1215.9336637153415,30520.0
