TimeMin,TimeMax,TimeAvg,TimeStdev,TimeTotal
800.0,6120.0,2986.6666666666665,1734.6661542402521,26880.0
