TraitMin,TraitMax,TraitAvg,TraitStdev,TraitTotal
254.11764705882354,1000.0,514.8901960784314,266.95429804970854,380.5405405405405
