TimeMin,TimeMax,TimeAvg,TimeStdev,TimeTotal
840.0,5720.0,2083.6363636363635,1247.7126178970477,22920.0
