SentiMin,SentiMax,SentiAvg,SentiStdev,Senti0-0.20,Senti0.21-0.40,Senti0.41-0.60,Senti0.61-0.80,Senti0.81-1.00,SentiTotal
0.007019754139224813,0.49789225920557484,0.19935560216253395,0.1451205469492123,7.0,6.0,1.0,0.0,0.0,6.21802618361848E-12