TimeMin,TimeMax,TimeAvg,TimeStdev,TimeTotal
992.0,3493.0,1537.857142857143,714.6006734176644,21530.0
