SentiMin,SentiMax,SentiAvg,SentiStdev,Senti0-0.20,Senti0.21-0.40,Senti0.41-0.60,Senti0.61-0.80,Senti0.81-1.00,SentiTotal
0.02572476876973398,0.49789225920557484,0.2913995223558554,0.15177930311896812,4.0,6.0,3.0,0.0,0.0,7.064900149582248E-7