TraitMin,TraitMax,TraitAvg,TraitStdev,TraitTotal
7.666666666666667,1522.0,380.6863700025465,455.03542862745024,252.64583333333334
