SentiMin,SentiMax,SentiAvg,SentiStdev,Senti0-0.20,Senti0.21-0.40,Senti0.41-0.60,Senti0.61-0.80,Senti0.81-1.00,SentiTotal
0.007751117007744911,0.540222577411058,0.3091896707989131,0.1945773459888397,3.0,2.0,4.0,0.0,0.0,1.6015398414811947E-5