SentiMin,SentiMax,SentiAvg,SentiStdev,Senti0-0.20,Senti0.21-0.40,Senti0.41-0.60,Senti0.61-0.80,Senti0.81-1.00,SentiTotal
8.935413304046113E-4,0.49789225920557484,0.30514642683646886,0.1715995808074107,3.0,5.0,4.0,0.0,0.0,6.4283609861282645E-9