TimeMin,TimeMax,TimeAvg,TimeStdev,TimeTotal
405.0,3341.0,1410.4615384615386,709.4978305799343,18336.0
