SentiMin,SentiMax,SentiAvg,SentiStdev,Senti0-0.20,Senti0.21-0.40,Senti0.41-0.60,Senti0.61-0.80,Senti0.81-1.00,SentiTotal
0.1571079350448899,0.5628056929000496,0.30746622394671685,0.1384276283819195,3.0,6.0,4.0,0.0,0.0,1.1518003624490741E-5