SentiMin,SentiMax,SentiAvg,SentiStdev,Senti0-0.20,Senti0.21-0.40,Senti0.41-0.60,Senti0.61-0.80,Senti0.81-1.00,SentiTotal
0.004602902193784628,0.5136446707795853,0.3025175301600272,0.21410682156377353,3.0,1.0,4.0,0.0,0.0,4.433254731724244E-6