TraitMin,TraitMax,TraitAvg,TraitStdev,TraitTotal
181.16666666666666,1068.0,441.97564102564104,259.68899502316543,326.2121212121212
