TimeMin,TimeMax,TimeAvg,TimeStdev,TimeTotal
920.0,4080.0,2069.090909090909,929.9995556739364,22760.0
