SentiMin,SentiMax,SentiAvg,SentiStdev,Senti0-0.20,Senti0.21-0.40,Senti0.41-0.60,Senti0.61-0.80,Senti0.81-1.00,SentiTotal
0.01681797272267969,0.307217478071319,0.1236166691782453,0.10374574408418043,4.0,2.0,0.0,0.0,0.0,4.93945386525216E-7