SentiMin,SentiMax,SentiAvg,SentiStdev,Senti0-0.20,Senti0.21-0.40,Senti0.41-0.60,Senti0.61-0.80,Senti0.81-1.00,SentiTotal
1.1347611408657888E-6,0.42253839330274584,0.08661771512944481,0.15426333424201366,5.0,0.0,1.0,0.0,0.0,7.370780326303794E-20