SentiMin,SentiMax,SentiAvg,SentiStdev,Senti0-0.20,Senti0.21-0.40,Senti0.41-0.60,Senti0.61-0.80,Senti0.81-1.00,SentiTotal
8.307281984339426E-6,0.9994578915127257,0.3633774347910965,0.4173121809967871,6.0,0.0,2.0,0.0,3.0,6.972574675387821E-11