TraitMin,TraitMax,TraitAvg,TraitStdev,TraitTotal
176.0,680.0,312.5836521503188,139.27090036100296,257.26027397260276
