SentiMin,SentiMax,SentiAvg,SentiStdev,Senti0-0.20,Senti0.21-0.40,Senti0.41-0.60,Senti0.61-0.80,Senti0.81-1.00,SentiTotal
4.355009234385957E-8,0.235296969843616,0.03857139848880756,0.07143664283106815,8.0,1.0,0.0,0.0,0.0,3.90882983242945E-25