SentiMin,SentiMax,SentiAvg,SentiStdev,Senti0-0.20,Senti0.21-0.40,Senti0.41-0.60,Senti0.61-0.80,Senti0.81-1.00,SentiTotal
0.0033081221198608926,0.5136446707795853,0.16012949188035966,0.16437319716681856,8.0,2.0,2.0,0.0,0.0,1.8305040519450504E-13