TraitMin,TraitMax,TraitAvg,TraitStdev,TraitTotal
172.0,500.0,261.5873015873016,104.5632153189971,234.63917525773195
