TraitMin,TraitMax,TraitAvg,TraitStdev,TraitTotal
196.36363636363637,640.0,357.93494468494464,122.91281409642383,331.6
