TraitMin,TraitMax,TraitAvg,TraitStdev,TraitTotal
210.0,424.61538461538464,289.04845154845157,78.1001415964345,282.05128205128204
