TimeMin,TimeMax,TimeAvg,TimeStdev,TimeTotal
1000.0,8600.0,3302.222222222222,2747.9680484062633,29720.0
