TimeMin,TimeMax,TimeAvg,TimeStdev,TimeTotal
520.0,9040.0,2763.3333333333335,2486.9503859591214,33160.0
