SentiMin,SentiMax,SentiAvg,SentiStdev,Senti0-0.20,Senti0.21-0.40,Senti0.41-0.60,Senti0.61-0.80,Senti0.81-1.00,SentiTotal
2.5058270444659645E-8,0.6265076294183111,0.10241151119024301,0.20752380726379296,10.0,0.0,1.0,1.0,0.0,1.0244055592652961E-32