SentiMin,SentiMax,SentiAvg,SentiStdev,Senti0-0.20,Senti0.21-0.40,Senti0.41-0.60,Senti0.61-0.80,Senti0.81-1.00,SentiTotal
1.3456180528201325E-8,0.39697510199130176,0.08527740384692654,0.12968095470479069,13.0,2.0,0.0,0.0,0.0,9.072837054582215E-35