SentiMin,SentiMax,SentiAvg,SentiStdev,Senti0-0.20,Senti0.21-0.40,Senti0.41-0.60,Senti0.61-0.80,Senti0.81-1.00,SentiTotal
7.790973614308166E-5,0.47371072416927557,0.1358875546958205,0.17146449481553397,9.0,2.0,1.0,0.0,0.0,2.36674662687611E-20