TraitMin,TraitMax,TraitAvg,TraitStdev,TraitTotal
248.0,440.0,335.00577200577203,57.5989068132219,327.36842105263156
