TraitMin,TraitMax,TraitAvg,TraitStdev,TraitTotal
208.0,780.0,443.36111111111114,159.75516326979238,372.14285714285717
