TraitMin,TraitMax,TraitAvg,TraitStdev,TraitTotal
174.28571428571428,620.0,355.8353098582984,144.73701482677006,267.7477477477477
