TimeMin,TimeMax,TimeAvg,TimeStdev,TimeTotal
600.0,4240.0,1736.6666666666667,1076.22281873019,20840.0
