TraitMin,TraitMax,TraitAvg,TraitStdev,TraitTotal
154.28571428571428,500.0,304.3278040615502,106.53630867556221,282.41379310344826
