TraitMin,TraitMax,TraitAvg,TraitStdev,TraitTotal
153.33333333333334,500.0,262.75132275132273,94.81412059232179,247.710843373494
