TraitMin,TraitMax,TraitAvg,TraitStdev,TraitTotal
205.45454545454547,580.0,295.4842995169082,96.70230898957082,269.03225806451616
