SentiMin,SentiMax,SentiAvg,SentiStdev,Senti0-0.20,Senti0.21-0.40,Senti0.41-0.60,Senti0.61-0.80,Senti0.81-1.00,SentiTotal
2.7029938509867956E-5,0.7901875339465467,0.3693596398914823,0.2850561278913347,4.0,2.0,3.0,3.0,0.0,9.088651591408842E-12