TimeMin,TimeMax,TimeAvg,TimeStdev,TimeTotal
920.0,3840.0,2284.4444444444443,856.3373051823176,20560.0
