SentiMin,SentiMax,SentiAvg,SentiStdev,Senti0-0.20,Senti0.21-0.40,Senti0.41-0.60,Senti0.61-0.80,Senti0.81-1.00,SentiTotal
2.7236039021729997E-6,0.4801180056153849,0.07008214515156594,0.15017463390040126,8.0,0.0,1.0,0.0,0.0,3.0445239108967105E-25