SentiMin,SentiMax,SentiAvg,SentiStdev,Senti0-0.20,Senti0.21-0.40,Senti0.41-0.60,Senti0.61-0.80,Senti0.81-1.00,SentiTotal
1.3027743760220204E-7,0.21921412548362115,0.027690947074627464,0.06463593977266734,9.0,1.0,0.0,0.0,0.0,2.369470188491447E-30