TraitMin,TraitMax,TraitAvg,TraitStdev,TraitTotal
166.66666666666666,560.0,307.33333333333337,150.1169914137341,320.0
