TimeMin,TimeMax,TimeAvg,TimeStdev,TimeTotal
2440.0,5520.0,3666.6666666666665,1190.1073714398865,22000.0
