TraitMin,TraitMax,TraitAvg,TraitStdev,TraitTotal
224.0,484.44444444444446,357.57362082362084,90.50602010629697,342.11764705882354
