TraitMin,TraitMax,TraitAvg,TraitStdev,TraitTotal
232.0,367.27272727272725,282.54545454545456,45.28896440534359,289.09090909090907
