SentiMin,SentiMax,SentiAvg,SentiStdev,Senti0-0.20,Senti0.21-0.40,Senti0.41-0.60,Senti0.61-0.80,Senti0.81-1.00,SentiTotal
0.0022149819675666305,0.6274708568440207,0.31484962762098256,0.1874616301184,4.0,4.0,3.0,1.0,0.0,3.036218588665027E-7