TimeMin,TimeMax,TimeAvg,TimeStdev,TimeTotal
400.0,6360.0,2492.3076923076924,1615.5692202209857,32400.0
