TimeMin,TimeMax,TimeAvg,TimeStdev,TimeTotal
600.0,1920.0,1073.8461538461538,407.87514042598235,13960.0
