TraitMin,TraitMax,TraitAvg,TraitStdev,TraitTotal
256.0,1040.0,490.8333333333333,230.91189998689015,385.14285714285717
