TraitMin,TraitMax,TraitAvg,TraitStdev,TraitTotal
216.0,920.0,509.02564102564105,187.61892918999686,423.030303030303
