TimeMin,TimeMax,TimeAvg,TimeStdev,TimeTotal
680.0,8120.0,3453.3333333333335,3319.3305884704455,10360.0
