TraitMin,TraitMax,TraitAvg,TraitStdev,TraitTotal
272.72727272727275,1080.0,538.2828282828283,209.88078493105849,426.6666666666667
