SentiMin,SentiMax,SentiAvg,SentiStdev,Senti0-0.20,Senti0.21-0.40,Senti0.41-0.60,Senti0.61-0.80,Senti0.81-1.00,SentiTotal
0.011098349276245829,0.9611958417475951,0.35613587450859635,0.3016067414904211,4.0,5.0,1.0,0.0,2.0,1.95881398367281E-5