SentiMin,SentiMax,SentiAvg,SentiStdev,Senti0-0.20,Senti0.21-0.40,Senti0.41-0.60,Senti0.61-0.80,Senti0.81-1.00,SentiTotal
0.005295663956673975,0.3996580091506196,0.18687702883289856,0.15400860306999148,3.0,2.0,0.0,0.0,0.0,1.0545301256601008E-5