TraitMin,TraitMax,TraitAvg,TraitStdev,TraitTotal
222.85714285714286,530.0,354.3047619047619,104.41049981517821,328.8888888888889
