TraitMin,TraitMax,TraitAvg,TraitStdev,TraitTotal
268.57142857142856,880.0,491.2822250213555,185.67719901972646,395.1219512195122
