TraitMin,TraitMax,TraitAvg,TraitStdev,TraitTotal
340.0,624.6153846153846,494.8717948717949,117.5444577161189,575.5555555555555
