TraitMin,TraitMax,TraitAvg,TraitStdev,TraitTotal
260.0,1000.0,440.4589706589706,183.7270288952058,390.61224489795916
