SentiMin,SentiMax,SentiAvg,SentiStdev,Senti0-0.20,Senti0.21-0.40,Senti0.41-0.60,Senti0.61-0.80,Senti0.81-1.00,SentiTotal
0.05954604589210091,0.9086731123136718,0.3518720648155895,0.2213422890658697,4.0,5.0,2.0,1.0,1.0,5.00652554628519E-4