SentiMin,SentiMax,SentiAvg,SentiStdev,Senti0-0.20,Senti0.21-0.40,Senti0.41-0.60,Senti0.61-0.80,Senti0.81-1.00,SentiTotal
9.918501201563556E-4,0.6377227201158628,0.3452298907424403,0.2625067940286045,1.0,1.0,0.0,1.0,0.0,0.002640868315560326