TimeMin,TimeMax,TimeAvg,TimeStdev,TimeTotal
520.0,1800.0,1123.3333333333333,389.68648367059836,13480.0
