SentiMin,SentiMax,SentiAvg,SentiStdev,Senti0-0.20,Senti0.21-0.40,Senti0.41-0.60,Senti0.61-0.80,Senti0.81-1.00,SentiTotal
0.004662434740914143,0.9830601035777957,0.2885358867857556,0.310728043608498,9.0,3.0,1.0,0.0,2.0,1.2130085924655525E-9