SentiMin,SentiMax,SentiAvg,SentiStdev,Senti0-0.20,Senti0.21-0.40,Senti0.41-0.60,Senti0.61-0.80,Senti0.81-1.00,SentiTotal
2.1562032609436762E-5,0.88150762389198,0.2479127797416822,0.24369144903835,6.0,4.0,2.0,0.0,1.0,1.493856765398665E-13