TraitMin,TraitMax,TraitAvg,TraitStdev,TraitTotal
26.666666666666668,423.3333333333333,303.2592592592593,115.16834460671605,335.38461538461536
