TimeMin,TimeMax,TimeAvg,TimeStdev,TimeTotal
800.0,4800.0,2088.8888888888887,1182.355882168633,18800.0
