TraitMin,TraitMax,TraitAvg,TraitStdev,TraitTotal
280.0,1000.0,536.852793040293,233.21592705176644,418.7674418604651
