TimeMin,TimeMax,TimeAvg,TimeStdev,TimeTotal
120.0,3600.0,1192.7272727272727,1134.428898441782,13120.0
