SentiMin,SentiMax,SentiAvg,SentiStdev,Senti0-0.20,Senti0.21-0.40,Senti0.41-0.60,Senti0.61-0.80,Senti0.81-1.00,SentiTotal
0.49789225920557484,0.8232975942751998,0.611224894083344,0.1351241194559479,0.0,0.0,5.0,2.0,2.0,0.9903720870650781