TimeMin,TimeMax,TimeAvg,TimeStdev,TimeTotal
80.0,5080.0,1937.7777777777778,1436.676548904742,17440.0
