SentiMin,SentiMax,SentiAvg,SentiStdev,Senti0-0.20,Senti0.21-0.40,Senti0.41-0.60,Senti0.61-0.80,Senti0.81-1.00,SentiTotal
0.49789225920557484,0.6824837810859113,0.5209661994406168,0.06104790762828855,0.0,0.0,14.0,2.0,0.0,0.8232975942751998