TraitMin,TraitMax,TraitAvg,TraitStdev,TraitTotal
13.333333333333334,514.2857142857143,197.88455988455988,139.48258170631868,211.61290322580646
