SentiMin,SentiMax,SentiAvg,SentiStdev,Senti0-0.20,Senti0.21-0.40,Senti0.41-0.60,Senti0.61-0.80,Senti0.81-1.00,SentiTotal
0.21921412548362115,0.8766995102342174,0.578404142444822,0.14795678765690745,0.0,1.0,7.0,6.0,1.0,0.9952344445599004