TraitMin,TraitMax,TraitAvg,TraitStdev,TraitTotal
40.0,800.0,391.5178571428571,220.1531347547587,374.85714285714283
