TimeMin,TimeMax,TimeAvg,TimeStdev,TimeTotal
160.0,3520.0,1477.3333333333333,967.4672546855987,22160.0
