SentiMin,SentiMax,SentiAvg,SentiStdev,Senti0-0.20,Senti0.21-0.40,Senti0.41-0.60,Senti0.61-0.80,Senti0.81-1.00,SentiTotal
0.42916310294543725,0.8232975942751998,0.5299767815567608,0.11312437647119614,0.0,0.0,7.0,0.0,1.0,0.7793728296789351