TraitMin,TraitMax,TraitAvg,TraitStdev,TraitTotal
200.0,506.6666666666667,324.2839506172839,101.9875878177925,324.13793103448273
