TimeMin,TimeMax,TimeAvg,TimeStdev,TimeTotal
960.0,1720.0,1326.6666666666667,288.8290536324596,7960.0
