SentiMin,SentiMax,SentiAvg,SentiStdev,Senti0-0.20,Senti0.21-0.40,Senti0.41-0.60,Senti0.61-0.80,Senti0.81-1.00,SentiTotal
6.527520684373782E-4,0.6076950213381257,0.20385072246144534,0.19811409506270874,5.0,2.0,1.0,1.0,0.0,3.4807775411826453E-10