TimeMin,TimeMax,TimeAvg,TimeStdev,TimeTotal
800.0,2120.0,1524.4444444444443,495.47084477766333,13720.0
