TraitMin,TraitMax,TraitAvg,TraitStdev,TraitTotal
272.0,792.0,400.8148148148149,146.230927730647,374.03508771929825
