SentiMin,SentiMax,SentiAvg,SentiStdev,Senti0-0.20,Senti0.21-0.40,Senti0.41-0.60,Senti0.61-0.80,Senti0.81-1.00,SentiTotal
3.001574011654686E-4,0.9999247498532281,0.2072494658411726,0.34723584041572586,5.0,1.0,0.0,0.0,1.0,3.954700603370143E-9