TimeMin,TimeMax,TimeAvg,TimeStdev,TimeTotal
1280.0,3960.0,2368.8888888888887,808.7912028926522,21320.0
