SentiMin,SentiMax,SentiAvg,SentiStdev,Senti0-0.20,Senti0.21-0.40,Senti0.41-0.60,Senti0.61-0.80,Senti0.81-1.00,SentiTotal
0.016404467854389135,0.5136446707795853,0.299625910446231,0.15305466144208368,2.0,4.0,3.0,0.0,0.0,4.6832821587878E-5