TraitMin,TraitMax,TraitAvg,TraitStdev,TraitTotal
264.0,440.0,339.70289959955613,56.202109253909036,352.1212121212121
