SentiMin,SentiMax,SentiAvg,SentiStdev,Senti0-0.20,Senti0.21-0.40,Senti0.41-0.60,Senti0.61-0.80,Senti0.81-1.00,SentiTotal
0.0736401149528525,0.6707378933945848,0.45090958374615764,0.19773465500030027,1.0,2.0,1.0,2.0,0.0,0.12613749056723847