TraitMin,TraitMax,TraitAvg,TraitStdev,TraitTotal
344.0,800.0,491.25925925925935,140.2475569451423,442.5806451612903
