TimeMin,TimeMax,TimeAvg,TimeStdev,TimeTotal
1000.0,3200.0,1746.6666666666667,779.0592617595489,15720.0
