TimeMin,TimeMax,TimeAvg,TimeStdev,TimeTotal
1000.0,1160.0,1046.6666666666667,58.499762582614146,6280.0
