TraitMin,TraitMax,TraitAvg,TraitStdev,TraitTotal
304.0,960.0,567.8888888888889,279.51556417717416,381.42857142857144
