TraitMin,TraitMax,TraitAvg,TraitStdev,TraitTotal
430.0,960.0,671.6666666666666,180.22362651871023,612.3076923076923
