SentiMin,SentiMax,SentiAvg,SentiStdev,Senti0-0.20,Senti0.21-0.40,Senti0.41-0.60,Senti0.61-0.80,Senti0.81-1.00,SentiTotal
0.46364466503952073,0.5136446707795853,0.4869882923090709,0.018445249179118862,0.0,0.0,6.0,0.0,0.0,0.4327490248437757