SentiMin,SentiMax,SentiAvg,SentiStdev,Senti0-0.20,Senti0.21-0.40,Senti0.41-0.60,Senti0.61-0.80,Senti0.81-1.00,SentiTotal
0.010722709438123519,0.989369351407813,0.30792967593830717,0.3379267512648325,4.0,1.0,0.0,1.0,1.0,4.933734713004718E-4