TimeMin,TimeMax,TimeAvg,TimeStdev,TimeTotal
1080.0,1520.0,1313.3333333333333,137.43685418725536,7880.0
