TimeMin,TimeMax,TimeAvg,TimeStdev,TimeTotal
1000.0,2160.0,1548.5714285714287,481.76546076246836,10840.0
