SentiMin,SentiMax,SentiAvg,SentiStdev,Senti0-0.20,Senti0.21-0.40,Senti0.41-0.60,Senti0.61-0.80,Senti0.81-1.00,SentiTotal
0.054275312190099505,0.34322267253793753,0.1955597345995679,0.10756450860633668,2.0,2.0,0.0,0.0,0.0,0.0016421385970325556