SentiMin,SentiMax,SentiAvg,SentiStdev,Senti0-0.20,Senti0.21-0.40,Senti0.41-0.60,Senti0.61-0.80,Senti0.81-1.00,SentiTotal
0.008220904029537898,0.4801180056153849,0.2441694548224614,0.2359485507929235,1.0,0.0,1.0,0.0,0.0,0.0076607196657213885