TraitMin,TraitMax,TraitAvg,TraitStdev,TraitTotal
233.33333333333334,1040.0,550.2666666666667,252.34095687882004,437.3333333333333
