TraitMin,TraitMax,TraitAvg,TraitStdev,TraitTotal
413.3333333333333,1000.0,630.0,222.3860507216124,560.0
