TraitMin,TraitMax,TraitAvg,TraitStdev,TraitTotal
253.33333333333334,1080.0,461.6666666666667,283.91280612448867,358.1818181818182
