TimeMin,TimeMax,TimeAvg,TimeStdev,TimeTotal
1000.0,4000.0,1749.3333333333333,776.1053765794667,26240.0
