TraitMin,TraitMax,TraitAvg,TraitStdev,TraitTotal
320.0,1200.0,679.9555555555556,284.48539288587756,544.1860465116279
