SentiMin,SentiMax,SentiAvg,SentiStdev,Senti0-0.20,Senti0.21-0.40,Senti0.41-0.60,Senti0.61-0.80,Senti0.81-1.00,SentiTotal
0.00244456129940915,0.9611958417475951,0.481252802887463,0.3914093937417237,1.0,0.0,1.0,0.0,1.0,0.05393665693869654