SentiMin,SentiMax,SentiAvg,SentiStdev,Senti0-0.20,Senti0.21-0.40,Senti0.41-0.60,Senti0.61-0.80,Senti0.81-1.00,SentiTotal
0.019897678450760552,0.5053337850882426,0.22234950137321702,0.167758561873735,7.0,5.0,3.0,0.0,0.0,5.12757119399921E-12