TimeMin,TimeMax,TimeAvg,TimeStdev,TimeTotal
560.0,11760.0,3563.076923076923,3812.9644929965025,46320.0
