SentiMin,SentiMax,SentiAvg,SentiStdev,Senti0-0.20,Senti0.21-0.40,Senti0.41-0.60,Senti0.61-0.80,Senti0.81-1.00,SentiTotal
0.005735027776173232,0.49789225920557484,0.19497964125079992,0.16999750430899413,5.0,3.0,1.0,0.0,0.0,1.0142402385646874E-8