TraitMin,TraitMax,TraitAvg,TraitStdev,TraitTotal
271.1111111111111,776.0,460.84178478526303,153.01037561858894,448.780487804878
