TimeMin,TimeMax,TimeAvg,TimeStdev,TimeTotal
440.0,3080.0,1297.7777777777778,807.9848427865708,11680.0
