TraitMin,TraitMax,TraitAvg,TraitStdev,TraitTotal
226.66666666666666,515.0,396.92895339954157,104.85927846251565,398.35051546391753
