TraitMin,TraitMax,TraitAvg,TraitStdev,TraitTotal
204.44444444444446,1000.0,403.4920634920635,257.11493087628395,341.4634146341463
