SentiMin,SentiMax,SentiAvg,SentiStdev,Senti0-0.20,Senti0.21-0.40,Senti0.41-0.60,Senti0.61-0.80,Senti0.81-1.00,SentiTotal
4.4421548995667617E-4,0.9449708103097689,0.15139089400233538,0.26778680592052145,8.0,2.0,0.0,0.0,1.0,8.437212962864697E-17