TraitMin,TraitMax,TraitAvg,TraitStdev,TraitTotal
240.0,440.0,343.91534391534395,63.92147558100013,326.10169491525426
