TimeMin,TimeMax,TimeAvg,TimeStdev,TimeTotal
800.0,4000.0,1931.4285714285713,1240.5923535775569,13520.0
