SentiMin,SentiMax,SentiAvg,SentiStdev,Senti0-0.20,Senti0.21-0.40,Senti0.41-0.60,Senti0.61-0.80,Senti0.81-1.00,SentiTotal
0.028605293157216112,0.9288473056233999,0.33991750783349195,0.2834165634935479,2.0,3.0,1.0,0.0,1.0,9.367351701202939E-4