TraitMin,TraitMax,TraitAvg,TraitStdev,TraitTotal
128.0,800.0,405.5421245421245,187.4977197730634,402.7826086956522
