TraitMin,TraitMax,TraitAvg,TraitStdev,TraitTotal
226.66666666666666,425.7142857142857,339.77605727605726,69.68450922670576,353.93939393939394
