SentiMin,SentiMax,SentiAvg,SentiStdev,Senti0-0.20,Senti0.21-0.40,Senti0.41-0.60,Senti0.61-0.80,Senti0.81-1.00,SentiTotal
4.0411963066898337E-7,0.8221165405416679,0.20477398776601505,0.27391306230495677,8.0,3.0,0.0,1.0,1.0,1.2014975097935547E-22