TraitMin,TraitMax,TraitAvg,TraitStdev,TraitTotal
168.0,546.0,306.9358520267611,108.60886850273279,345.1063829787234
