SentiMin,SentiMax,SentiAvg,SentiStdev,Senti0-0.20,Senti0.21-0.40,Senti0.41-0.60,Senti0.61-0.80,Senti0.81-1.00,SentiTotal
0.002126200561149416,0.4302540358734141,0.1676956602239351,0.18841068996695445,4.0,0.0,2.0,0.0,0.0,8.001907982119636E-9