SentiMin,SentiMax,SentiAvg,SentiStdev,Senti0-0.20,Senti0.21-0.40,Senti0.41-0.60,Senti0.61-0.80,Senti0.81-1.00,SentiTotal
4.612094787012529E-6,0.8347721257747598,0.27372345772544354,0.25723680710022107,5.0,3.0,1.0,1.0,1.0,2.7344523934658645E-13