TimeMin,TimeMax,TimeAvg,TimeStdev,TimeTotal
640.0,10920.0,2949.090909090909,2961.920306292262,32440.0
