TraitMin,TraitMax,TraitAvg,TraitStdev,TraitTotal
288.8888888888889,800.0,468.171916971917,158.8735964106144,388.14814814814815
