TimeMin,TimeMax,TimeAvg,TimeStdev,TimeTotal
960.0,8240.0,3512.7272727272725,2651.6995953164933,38640.0
