TraitMin,TraitMax,TraitAvg,TraitStdev,TraitTotal
253.33333333333334,620.0,399.3766233766234,125.39033308390036,386.2857142857143
