SentiMin,SentiMax,SentiAvg,SentiStdev,Senti0-0.20,Senti0.21-0.40,Senti0.41-0.60,Senti0.61-0.80,Senti0.81-1.00,SentiTotal
3.1356404829317234E-5,0.8766665801287514,0.30118017400387587,0.3038519260584855,6.0,0.0,2.0,1.0,1.0,2.333605733190318E-10