SentiMin,SentiMax,SentiAvg,SentiStdev,Senti0-0.20,Senti0.21-0.40,Senti0.41-0.60,Senti0.61-0.80,Senti0.81-1.00,SentiTotal
0.07499935508051563,0.514418551204646,0.27360599247168343,0.1610777575453175,4.0,4.0,2.0,0.0,0.0,8.757859105993369E-6