TimeMin,TimeMax,TimeAvg,TimeStdev,TimeTotal
840.0,7040.0,2137.777777777778,1975.414318160892,19240.0
