TraitMin,TraitMax,TraitAvg,TraitStdev,TraitTotal
195.55555555555554,600.0,373.87654320987656,142.4479347470583,307.36842105263156
