SentiMin,SentiMax,SentiAvg,SentiStdev,Senti0-0.20,Senti0.21-0.40,Senti0.41-0.60,Senti0.61-0.80,Senti0.81-1.00,SentiTotal
0.004629734255319552,0.49789225920557484,0.18118918852923588,0.17243628719772822,5.0,1.0,1.0,0.0,0.0,2.372985391070337E-8