SentiMin,SentiMax,SentiAvg,SentiStdev,Senti0-0.20,Senti0.21-0.40,Senti0.41-0.60,Senti0.61-0.80,Senti0.81-1.00,SentiTotal
2.381944010066819E-4,0.9611958417475951,0.24078931840645998,0.2783688454971528,5.0,3.0,0.0,0.0,1.0,7.694154760433476E-10