SentiMin,SentiMax,SentiAvg,SentiStdev,Senti0-0.20,Senti0.21-0.40,Senti0.41-0.60,Senti0.61-0.80,Senti0.81-1.00,SentiTotal
3.4699106282461216E-4,0.49789225920557484,0.21244267182690693,0.17412234063351817,3.0,3.0,1.0,0.0,0.0,2.475107126937549E-9