TraitMin,TraitMax,TraitAvg,TraitStdev,TraitTotal
130.9090909090909,350.0,251.42775119617227,67.00885274622063,231.70731707317074
