SentiMin,SentiMax,SentiAvg,SentiStdev,Senti0-0.20,Senti0.21-0.40,Senti0.41-0.60,Senti0.61-0.80,Senti0.81-1.00,SentiTotal
0.02461780429891073,0.39697510199130176,0.2635300262231791,0.15085360941700998,2.0,3.0,0.0,0.0,0.0,0.0010613629228490638