SentiMin,SentiMax,SentiAvg,SentiStdev,Senti0-0.20,Senti0.21-0.40,Senti0.41-0.60,Senti0.61-0.80,Senti0.81-1.00,SentiTotal
2.0670517355513248E-5,0.5935339802687012,0.16241556553535094,0.24210711034632568,5.0,0.0,2.0,0.0,0.0,3.3149400478059443E-17