TraitMin,TraitMax,TraitAvg,TraitStdev,TraitTotal
196.0,1160.0,748.121212121212,318.8694445715347,491.2
