TimeMin,TimeMax,TimeAvg,TimeStdev,TimeTotal
1040.0,7000.0,3262.8571428571427,2213.811930879884,22840.0
