SentiMin,SentiMax,SentiAvg,SentiStdev,Senti0-0.20,Senti0.21-0.40,Senti0.41-0.60,Senti0.61-0.80,Senti0.81-1.00,SentiTotal
4.5671536057942933E-4,0.43796879524747484,0.19293065003779247,0.16316960086304422,5.0,2.0,1.0,0.0,0.0,4.044773581258914E-9