TraitMin,TraitMax,TraitAvg,TraitStdev,TraitTotal
166.66666666666666,1200.0,558.2993197278912,384.43458303398546,318.85714285714283
