TraitMin,TraitMax,TraitAvg,TraitStdev,TraitTotal
125.71428571428571,380.0,236.05585155585152,70.08647144309042,220.97560975609755
