TimeMin,TimeMax,TimeAvg,TimeStdev,TimeTotal
840.0,1960.0,1116.3636363636363,288.6732259925722,12280.0
