SentiMin,SentiMax,SentiAvg,SentiStdev,Senti0-0.20,Senti0.21-0.40,Senti0.41-0.60,Senti0.61-0.80,Senti0.81-1.00,SentiTotal
2.573055498326656E-4,0.8435124232941987,0.22047072091402248,0.31920539516325197,7.0,1.0,0.0,1.0,1.0,3.8468505267644575E-15