TraitMin,TraitMax,TraitAvg,TraitStdev,TraitTotal
234.28571428571428,1120.0,618.7074829931972,303.68567563793954,446.0
