SentiMin,SentiMax,SentiAvg,SentiStdev,Senti0-0.20,Senti0.21-0.40,Senti0.41-0.60,Senti0.61-0.80,Senti0.81-1.00,SentiTotal
0.04156752751945579,0.8069388806223415,0.37963130944595624,0.23111324540109288,2.0,2.0,4.0,0.0,1.0,0.0012391571910235833