TimeMin,TimeMax,TimeAvg,TimeStdev,TimeTotal
840.0,3760.0,1628.5714285714287,907.0427391320902,11400.0
