TraitMin,TraitMax,TraitAvg,TraitStdev,TraitTotal
253.33333333333334,1080.0,607.3333333333334,334.203530801217,406.4
