TimeMin,TimeMax,TimeAvg,TimeStdev,TimeTotal
560.0,3000.0,1485.7142857142858,854.0133345037442,10400.0
