SentiMin,SentiMax,SentiAvg,SentiStdev,Senti0-0.20,Senti0.21-0.40,Senti0.41-0.60,Senti0.61-0.80,Senti0.81-1.00,SentiTotal
4.224575645975653E-5,0.5755436691302463,0.16812986546211617,0.2053149338228644,9.0,2.0,2.0,0.0,0.0,4.051398993002394E-20