TraitMin,TraitMax,TraitAvg,TraitStdev,TraitTotal
213.33333333333334,583.3333333333334,404.6938775510204,111.02853611703661,393.7931034482759
