TraitMin,TraitMax,TraitAvg,TraitStdev,TraitTotal
226.66666666666666,560.0,352.90476190476187,134.25925102301431,305.88235294117646
