SentiMin,SentiMax,SentiAvg,SentiStdev,Senti0-0.20,Senti0.21-0.40,Senti0.41-0.60,Senti0.61-0.80,Senti0.81-1.00,SentiTotal
0.029349852966971027,0.39751759361842637,0.24044239174272988,0.13466932619695993,2.0,5.0,0.0,0.0,0.0,4.801524189630632E-5