SentiMin,SentiMax,SentiAvg,SentiStdev,Senti0-0.20,Senti0.21-0.40,Senti0.41-0.60,Senti0.61-0.80,Senti0.81-1.00,SentiTotal
2.4166691190365266E-4,0.5755436691302463,0.2123505059039086,0.19128889730405266,6.0,2.0,3.0,0.0,0.0,1.836879663982103E-12