TraitMin,TraitMax,TraitAvg,TraitStdev,TraitTotal
330.0,1080.0,688.6666666666667,298.09469039961857,549.0909090909091
