SentiMin,SentiMax,SentiAvg,SentiStdev,Senti0-0.20,Senti0.21-0.40,Senti0.41-0.60,Senti0.61-0.80,Senti0.81-1.00,SentiTotal
0.00501862257277248,0.6839435923751468,0.2481188597768571,0.2667640437707371,6.0,1.0,1.0,2.0,0.0,1.9470375650777076E-9