TraitMin,TraitMax,TraitAvg,TraitStdev,TraitTotal
320.0,1080.0,660.0,276.8874620972692,541.8181818181819
