SentiMin,SentiMax,SentiAvg,SentiStdev,Senti0-0.20,Senti0.21-0.40,Senti0.41-0.60,Senti0.61-0.80,Senti0.81-1.00,SentiTotal
0.29150453131543796,0.4662169283079212,0.3891262577412286,0.06773877648944608,0.0,3.0,3.0,0.0,0.0,0.0614613966956911