TraitMin,TraitMax,TraitAvg,TraitStdev,TraitTotal
145.0,693.3333333333334,350.7425044091711,158.84544909671223,301.3333333333333
