SentiMin,SentiMax,SentiAvg,SentiStdev,Senti0-0.20,Senti0.21-0.40,Senti0.41-0.60,Senti0.61-0.80,Senti0.81-1.00,SentiTotal
4.7304965013359314E-4,0.49789225920557484,0.2594913258010601,0.17444277872157204,2.0,3.0,2.0,0.0,0.0,5.607693838654974E-7