TimeMin,TimeMax,TimeAvg,TimeStdev,TimeTotal
800.0,4280.0,1913.8461538461538,969.6751118210713,24880.0
