TraitMin,TraitMax,TraitAvg,TraitStdev,TraitTotal
206.66666666666666,1200.0,578.8744588744588,276.87825043304554,488.3333333333333
