TimeMin,TimeMax,TimeAvg,TimeStdev,TimeTotal
1000.0,3400.0,1594.2857142857142,818.7596392951814,11160.0
