TraitMin,TraitMax,TraitAvg,TraitStdev,TraitTotal
240.0,589.0909090909091,409.44276094276097,113.2427017347985,406.41975308641975
