TraitMin,TraitMax,TraitAvg,TraitStdev,TraitTotal
243.63636363636363,1040.0,457.85281385281394,238.49688322613176,346.4516129032258
