SentiMin,SentiMax,SentiAvg,SentiStdev,Senti0-0.20,Senti0.21-0.40,Senti0.41-0.60,Senti0.61-0.80,Senti0.81-1.00,SentiTotal
1.840850499676321E-4,0.5159436667231726,0.28223845469174313,0.1893087134176762,4.0,5.0,6.0,0.0,0.0,5.761574678588982E-13