TimeMin,TimeMax,TimeAvg,TimeStdev,TimeTotal
1200.0,3840.0,2074.285714285714,862.005255914655,14520.0
