SentiMin,SentiMax,SentiAvg,SentiStdev,Senti0-0.20,Senti0.21-0.40,Senti0.41-0.60,Senti0.61-0.80,Senti0.81-1.00,SentiTotal
1.241799169985147E-6,0.8099336831594391,0.35708598328866653,0.2547684626395352,3.0,1.0,5.0,0.0,1.0,8.315278274047884E-11