SentiMin,SentiMax,SentiAvg,SentiStdev,Senti0-0.20,Senti0.21-0.40,Senti0.41-0.60,Senti0.61-0.80,Senti0.81-1.00,SentiTotal
1.4239161284410843E-4,0.5136446707795853,0.10475354653572382,0.15703580789731073,10.0,1.0,1.0,0.0,0.0,3.34063246308917E-19