SentiMin,SentiMax,SentiAvg,SentiStdev,Senti0-0.20,Senti0.21-0.40,Senti0.41-0.60,Senti0.61-0.80,Senti0.81-1.00,SentiTotal
7.163667413550626E-5,0.4611787635223727,0.09797032604146898,0.1377680090129973,10.0,1.0,1.0,0.0,0.0,8.658953762861041E-24