TraitMin,TraitMax,TraitAvg,TraitStdev,TraitTotal
191.11111111111111,1160.0,520.1746031746031,320.12481307071874,347.6190476190476
