TimeMin,TimeMax,TimeAvg,TimeStdev,TimeTotal
960.0,1760.0,1274.2857142857142,294.2718443333425,8920.0
