TimeMin,TimeMax,TimeAvg,TimeStdev,TimeTotal
840.0,4320.0,1865.4545454545455,1059.436931379234,20520.0
