SentiMin,SentiMax,SentiAvg,SentiStdev,Senti0-0.20,Senti0.21-0.40,Senti0.41-0.60,Senti0.61-0.80,Senti0.81-1.00,SentiTotal
3.7499244483572017E-4,0.21921412548362115,0.08531318268593657,0.08639904334546636,5.0,2.0,0.0,0.0,0.0,9.253310634651805E-12