TraitMin,TraitMax,TraitAvg,TraitStdev,TraitTotal
171.42857142857142,960.0,375.8077922077922,220.5716705034361,306.4
