TraitMin,TraitMax,TraitAvg,TraitStdev,TraitTotal
256.0,1120.0,606.9333333333334,388.29303939736604,377.14285714285717
