SentiMin,SentiMax,SentiAvg,SentiStdev,Senti0-0.20,Senti0.21-0.40,Senti0.41-0.60,Senti0.61-0.80,Senti0.81-1.00,SentiTotal
4.690115777040918E-5,0.5604661215400841,0.08332904554336182,0.14876909099984767,11.0,1.0,1.0,0.0,0.0,3.613696023452363E-24