SentiMin,SentiMax,SentiAvg,SentiStdev,Senti0-0.20,Senti0.21-0.40,Senti0.41-0.60,Senti0.61-0.80,Senti0.81-1.00,SentiTotal
1.508488256674273E-4,0.5159436667231726,0.37099077384271245,0.15279072786871487,1.0,3.0,7.0,0.0,0.0,2.2971380546214344E-6