TimeMin,TimeMax,TimeAvg,TimeStdev,TimeTotal
1040.0,3040.0,1952.7272727272727,667.9832729137474,21480.0
