SentiMin,SentiMax,SentiAvg,SentiStdev,Senti0-0.20,Senti0.21-0.40,Senti0.41-0.60,Senti0.61-0.80,Senti0.81-1.00,SentiTotal
0.12097026469778556,0.49789225920557484,0.3339922271481391,0.1675401519970416,1.0,1.0,2.0,0.0,0.0,0.03750354600775517