SentiMin,SentiMax,SentiAvg,SentiStdev,Senti0-0.20,Senti0.21-0.40,Senti0.41-0.60,Senti0.61-0.80,Senti0.81-1.00,SentiTotal
0.2556470513779474,0.5755436691302463,0.3940516024169463,0.11146258503406431,0.0,3.0,2.0,0.0,0.0,0.19638414467566404