TimeMin,TimeMax,TimeAvg,TimeStdev,TimeTotal
1040.0,6480.0,2743.3333333333335,1805.2115911684393,32920.0
