TraitMin,TraitMax,TraitAvg,TraitStdev,TraitTotal
44.0,1080.0,653.4518518518519,369.2368360515967,446.3529411764706
