TimeMin,TimeMax,TimeAvg,TimeStdev,TimeTotal
560.0,1280.0,993.3333333333334,257.59572115148876,5960.0
