TimeMin,TimeMax,TimeAvg,TimeStdev,TimeTotal
840.0,4440.0,1876.923076923077,1081.248456577891,24400.0
