TraitMin,TraitMax,TraitAvg,TraitStdev,TraitTotal
142.85714285714286,440.0,274.1684981684982,84.1926321458835,256.49484536082474
