SentiMin,SentiMax,SentiAvg,SentiStdev,Senti0-0.20,Senti0.21-0.40,Senti0.41-0.60,Senti0.61-0.80,Senti0.81-1.00,SentiTotal
4.7018498497865155E-4,0.14571713076067574,0.06122790947755309,0.05436612676436176,9.0,0.0,0.0,0.0,0.0,3.7225059121086085E-17