SentiMin,SentiMax,SentiAvg,SentiStdev,Senti0-0.20,Senti0.21-0.40,Senti0.41-0.60,Senti0.61-0.80,Senti0.81-1.00,SentiTotal
1.6915499416854935E-4,0.23375544493998895,0.07179708865717893,0.08320711344611312,8.0,2.0,0.0,0.0,0.0,2.2024631036337483E-17