TraitMin,TraitMax,TraitAvg,TraitStdev,TraitTotal
175.0,468.57142857142856,309.16483516483515,89.0989782773489,332.3076923076923
