SentiMin,SentiMax,SentiAvg,SentiStdev,Senti0-0.20,Senti0.21-0.40,Senti0.41-0.60,Senti0.61-0.80,Senti0.81-1.00,SentiTotal
0.01536580942965013,0.7148275439569998,0.28345643538665366,0.26215244828414547,4.0,0.0,2.0,1.0,0.0,2.6926618651093935E-5