TraitMin,TraitMax,TraitAvg,TraitStdev,TraitTotal
348.57142857142856,640.0,451.0340136054421,109.84537742459685,440.0
