SentiMin,SentiMax,SentiAvg,SentiStdev,Senti0-0.20,Senti0.21-0.40,Senti0.41-0.60,Senti0.61-0.80,Senti0.81-1.00,SentiTotal
3.610940960669273E-4,0.39697510199130176,0.19866809804368435,0.1983070039476174,1.0,1.0,0.0,0.0,0.0,2.3975223764525274E-4