TimeMin,TimeMax,TimeAvg,TimeStdev,TimeTotal
960.0,4560.0,2130.909090909091,1223.1810580721262,23440.0
