TimeMin,TimeMax,TimeAvg,TimeStdev,TimeTotal
1000.0,2320.0,1786.6666666666667,567.8810517079162,5360.0
