TimeMin,TimeMax,TimeAvg,TimeStdev,TimeTotal
760.0,2120.0,1586.6666666666667,538.4752135015646,9520.0
