TraitMin,TraitMax,TraitAvg,TraitStdev,TraitTotal
232.0,880.0,587.1111111111111,248.67014196757285,449.4117647058824
