TraitMin,TraitMax,TraitAvg,TraitStdev,TraitTotal
155.0,1280.0,510.67099567099575,330.80255754412576,349.09090909090907
