TimeMin,TimeMax,TimeAvg,TimeStdev,TimeTotal
760.0,2600.0,1542.857142857143,565.2234522915766,10800.0
