TraitMin,TraitMax,TraitAvg,TraitStdev,TraitTotal
220.0,440.0,300.0,90.55385138137417,295.38461538461536
