SentiMin,SentiMax,SentiAvg,SentiStdev,Senti0-0.20,Senti0.21-0.40,Senti0.41-0.60,Senti0.61-0.80,Senti0.81-1.00,SentiTotal
0.03310414774448461,0.46364466503952073,0.250282223888831,0.153766505007797,4.0,1.0,2.0,0.0,0.0,7.943366154874166E-5