TraitMin,TraitMax,TraitAvg,TraitStdev,TraitTotal
264.0,900.0,535.2222222222222,202.4922190244161,470.96774193548384
