SentiMin,SentiMax,SentiAvg,SentiStdev,Senti0-0.20,Senti0.21-0.40,Senti0.41-0.60,Senti0.61-0.80,Senti0.81-1.00,SentiTotal
4.1038668847976714E-5,0.5160603505939728,0.13459085217812095,0.2204223801328642,3.0,0.0,1.0,0.0,0.0,2.5230636160456526E-10