SentiMin,SentiMax,SentiAvg,SentiStdev,Senti0-0.20,Senti0.21-0.40,Senti0.41-0.60,Senti0.61-0.80,Senti0.81-1.00,SentiTotal
0.11265922089398339,0.8240022014681972,0.42345463233123093,0.20854468554878017,1.0,5.0,1.0,1.0,1.0,0.044776808406034554