TimeMin,TimeMax,TimeAvg,TimeStdev,TimeTotal
400.0,2280.0,1070.7692307692307,423.0741258648789,13920.0
