SentiMin,SentiMax,SentiAvg,SentiStdev,Senti0-0.20,Senti0.21-0.40,Senti0.41-0.60,Senti0.61-0.80,Senti0.81-1.00,SentiTotal
0.032793956408198946,0.46364466503952073,0.27533098625807023,0.1400577425353961,3.0,5.0,2.0,0.0,0.0,2.3623025882184143E-5