SentiMin,SentiMax,SentiAvg,SentiStdev,Senti0-0.20,Senti0.21-0.40,Senti0.41-0.60,Senti0.61-0.80,Senti0.81-1.00,SentiTotal
0.00808888513741995,0.5136446707795853,0.30639069935597335,0.18308882629516904,2.0,2.0,2.0,0.0,0.0,3.919362073998488E-4