TraitMin,TraitMax,TraitAvg,TraitStdev,TraitTotal
331.42857142857144,1000.0,557.1428571428572,313.1668395404518,382.85714285714283
