TraitMin,TraitMax,TraitAvg,TraitStdev,TraitTotal
235.55555555555554,613.3333333333334,392.6984126984127,124.2896672727807,345.80645161290323
