SentiMin,SentiMax,SentiAvg,SentiStdev,Senti0-0.20,Senti0.21-0.40,Senti0.41-0.60,Senti0.61-0.80,Senti0.81-1.00,SentiTotal
0.09437418509488299,0.49789225920557484,0.29428628854984223,0.11943554303768061,3.0,8.0,2.0,0.0,0.0,3.8035497350716833E-6