SentiMin,SentiMax,SentiAvg,SentiStdev,Senti0-0.20,Senti0.21-0.40,Senti0.41-0.60,Senti0.61-0.80,Senti0.81-1.00,SentiTotal
0.0036537154848325813,0.49789225920557484,0.18470175782015688,0.22235730501103287,2.0,0.0,1.0,0.0,0.0,2.0511357231424085E-4