TimeMin,TimeMax,TimeAvg,TimeStdev,TimeTotal
1280.0,2120.0,1531.4285714285713,299.1143389326263,10720.0
