SentiMin,SentiMax,SentiAvg,SentiStdev,Senti0-0.20,Senti0.21-0.40,Senti0.41-0.60,Senti0.61-0.80,Senti0.81-1.00,SentiTotal
0.19360427605100008,0.6921459309296395,0.3626960886924581,0.14691779189656826,1.0,7.0,3.0,1.0,0.0,7.428797207364712E-4