TraitMin,TraitMax,TraitAvg,TraitStdev,TraitTotal
251.42857142857142,780.0,498.5374149659864,201.8163564546031,400.0
