TimeMin,TimeMax,TimeAvg,TimeStdev,TimeTotal
640.0,5240.0,1745.4545454545455,1189.930201439362,19200.0
