TimeMin,TimeMax,TimeAvg,TimeStdev,TimeTotal
194.0,2600.0,1286.7058823529412,576.940792630138,21874.0
