SentiMin,SentiMax,SentiAvg,SentiStdev,Senti0-0.20,Senti0.21-0.40,Senti0.41-0.60,Senti0.61-0.80,Senti0.81-1.00,SentiTotal
0.003636925737716862,0.49789225920557484,0.18742696863206873,0.16755429491420712,10.0,3.0,3.0,0.0,0.0,8.552416658357282E-16