TimeMin,TimeMax,TimeAvg,TimeStdev,TimeTotal
840.0,1640.0,1284.4444444444443,297.2133955075642,11560.0
