SentiMin,SentiMax,SentiAvg,SentiStdev,Senti0-0.20,Senti0.21-0.40,Senti0.41-0.60,Senti0.61-0.80,Senti0.81-1.00,SentiTotal
0.0012104336418624316,0.0017842889224892518,0.0014973612821758417,2.869276403134101E-4,2.0,0.0,0.0,0.0,0.0,2.184582048778106E-6