TraitMin,TraitMax,TraitAvg,TraitStdev,TraitTotal
273.3333333333333,403.3333333333333,338.3333333333333,65.0,338.3333333333333
