TraitMin,TraitMax,TraitAvg,TraitStdev,TraitTotal
216.0,1240.0,664.0512820512821,306.3265071685486,515.5555555555555
