TraitMin,TraitMax,TraitAvg,TraitStdev,TraitTotal
53.333333333333336,2600.0,571.6011904761905,652.3303405973762,356.3859649122807
