TimeMin,TimeMax,TimeAvg,TimeStdev,TimeTotal
600.0,2400.0,1252.3076923076924,520.4458716576045,16280.0
