TraitMin,TraitMax,TraitAvg,TraitStdev,TraitTotal
166.66666666666666,760.0,355.1825396825397,188.67501647482038,264.44444444444446
