SentiMin,SentiMax,SentiAvg,SentiStdev,Senti0-0.20,Senti0.21-0.40,Senti0.41-0.60,Senti0.61-0.80,Senti0.81-1.00,SentiTotal
0.003376593591616587,0.25757335461190173,0.13789545078429855,0.09858879421284673,4.0,3.0,0.0,0.0,0.0,1.481187611499695E-8