TraitMin,TraitMax,TraitAvg,TraitStdev,TraitTotal
330.0,1120.0,691.1111111111112,274.869216937352,550.4761904761905
