TraitMin,TraitMax,TraitAvg,TraitStdev,TraitTotal
133.33333333333334,1000.0,411.3492063492063,270.8297604276217,302.15384615384613
