SentiMin,SentiMax,SentiAvg,SentiStdev,Senti0-0.20,Senti0.21-0.40,Senti0.41-0.60,Senti0.61-0.80,Senti0.81-1.00,SentiTotal
0.01446736232353451,0.5604661215400841,0.3364717554852757,0.20469869869511154,3.0,2.0,6.0,0.0,0.0,6.673995672107893E-7