TraitMin,TraitMax,TraitAvg,TraitStdev,TraitTotal
230.0,550.0,376.3333333333333,124.05778223607471,354.0
