SentiMin,SentiMax,SentiAvg,SentiStdev,Senti0-0.20,Senti0.21-0.40,Senti0.41-0.60,Senti0.61-0.80,Senti0.81-1.00,SentiTotal
4.657109601134428E-4,0.49789225920557484,0.1617773933463535,0.1340543247522257,12.0,5.0,1.0,0.0,0.0,6.448935147571786E-19