TraitMin,TraitMax,TraitAvg,TraitStdev,TraitTotal
165.71428571428572,680.0,396.4790476190476,142.8744834586735,347.9873417721519
