TimeMin,TimeMax,TimeAvg,TimeStdev,TimeTotal
720.0,2040.0,1091.111111111111,350.44240117772546,19640.0
