TimeMin,TimeMax,TimeAvg,TimeStdev,TimeTotal
400.0,3120.0,1837.7777777777778,622.749776355333,33080.0
