TraitMin,TraitMax,TraitAvg,TraitStdev,TraitTotal
185.0,1200.0,468.6363636363636,258.55739860745746,366.6666666666667
