SentiMin,SentiMax,SentiAvg,SentiStdev,Senti0-0.20,Senti0.21-0.40,Senti0.41-0.60,Senti0.61-0.80,Senti0.81-1.00,SentiTotal
0.005874018108283794,0.49789225920557484,0.16745766520961836,0.18824266890216104,12.0,2.0,4.0,0.0,0.0,3.1902931577905852E-21