TraitMin,TraitMax,TraitAvg,TraitStdev,TraitTotal
213.33333333333334,1040.0,393.18181818181824,256.57054298218026,324.70588235294116
