TraitMin,TraitMax,TraitAvg,TraitStdev,TraitTotal
213.33333333333334,840.0,438.33333333333337,167.46927955884803,358.0
