SentiMin,SentiMax,SentiAvg,SentiStdev,Senti0-0.20,Senti0.21-0.40,Senti0.41-0.60,Senti0.61-0.80,Senti0.81-1.00,SentiTotal
6.011417488554378E-5,0.9608879578700038,0.2602889874523412,0.2578824708052629,10.0,3.0,5.0,1.0,1.0,1.995065526472045E-21