TimeMin,TimeMax,TimeAvg,TimeStdev,TimeTotal
800.0,3080.0,1462.857142857143,681.2952849580882,20480.0
