SentiMin,SentiMax,SentiAvg,SentiStdev,Senti0-0.20,Senti0.21-0.40,Senti0.41-0.60,Senti0.61-0.80,Senti0.81-1.00,SentiTotal
6.740840476962513E-4,0.4449126822667366,0.17840420032980397,0.16473734118915062,7.0,2.0,2.0,0.0,0.0,3.092807395460669E-13