SentiMin,SentiMax,SentiAvg,SentiStdev,Senti0-0.20,Senti0.21-0.40,Senti0.41-0.60,Senti0.61-0.80,Senti0.81-1.00,SentiTotal
3.410008415144546E-5,0.5533970533999424,0.24589431243309237,0.21357517166888437,6.0,3.0,5.0,0.0,0.0,7.373846562585974E-20