TraitMin,TraitMax,TraitAvg,TraitStdev,TraitTotal
226.66666666666666,1200.0,449.34840468173815,224.1335617761578,355.6989247311828
