TimeMin,TimeMax,TimeAvg,TimeStdev,TimeTotal
1240.0,1680.0,1426.6666666666667,185.71184369578827,4280.0
