TraitMin,TraitMax,TraitAvg,TraitStdev,TraitTotal
420.0,1240.0,704.4444444444445,378.93939057373683,535.0
