TraitMin,TraitMax,TraitAvg,TraitStdev,TraitTotal
280.0,1600.0,734.0952380952382,469.11837996583415,536.8421052631579
