TraitMin,TraitMax,TraitAvg,TraitStdev,TraitTotal
260.0,622.2222222222222,368.77777777777777,147.17768718436318,478.3333333333333
