SentiMin,SentiMax,SentiAvg,SentiStdev,Senti0-0.20,Senti0.21-0.40,Senti0.41-0.60,Senti0.61-0.80,Senti0.81-1.00,SentiTotal
1.4861644011940319E-8,0.33794617558802953,0.08127979740443289,0.12937251246255954,4.0,1.0,0.0,0.0,0.0,1.9554602475039874E-14