TimeMin,TimeMax,TimeAvg,TimeStdev,TimeTotal
1840.0,15240.0,7253.333333333333,5765.213689785392,21760.0
