TimeMin,TimeMax,TimeAvg,TimeStdev,TimeTotal
680.0,12520.0,6586.666666666667,4713.479488540168,39520.0
