SentiMin,SentiMax,SentiAvg,SentiStdev,Senti0-0.20,Senti0.21-0.40,Senti0.41-0.60,Senti0.61-0.80,Senti0.81-1.00,SentiTotal
8.068124349587991E-5,0.012536662424199038,0.003093971373674462,0.004340089125736473,6.0,0.0,0.0,0.0,0.0,1.3724544865583382E-18