TraitMin,TraitMax,TraitAvg,TraitStdev,TraitTotal
353.3333333333333,368.0,360.66666666666663,7.333333333333343,360.0
