TraitMin,TraitMax,TraitAvg,TraitStdev,TraitTotal
440.0,818.1818181818181,580.0630303030304,134.03216760122348,613.0232558139535
