TraitMin,TraitMax,TraitAvg,TraitStdev,TraitTotal
200.0,880.0,486.6666666666667,287.67265347188555,293.3333333333333
