TraitMin,TraitMax,TraitAvg,TraitStdev,TraitTotal
357.89473684210526,770.5263157894736,475.26184920955416,150.83037516491606,487.54716981132077
