TraitMin,TraitMax,TraitAvg,TraitStdev,TraitTotal
370.90909090909093,680.0,440.0628507295174,109.37530281709554,395.2
