TimeMin,TimeMax,TimeAvg,TimeStdev,TimeTotal
1640.0,14640.0,8613.333333333334,4478.551353085305,51680.0
