TraitMin,TraitMax,TraitAvg,TraitStdev,TraitTotal
376.6666666666667,580.0,488.28571428571433,78.67358438395058,474.6666666666667
