SentiMin,SentiMax,SentiAvg,SentiStdev,Senti0-0.20,Senti0.21-0.40,Senti0.41-0.60,Senti0.61-0.80,Senti0.81-1.00,SentiTotal
2.4411446269938952E-9,0.5184162193327557,0.1728060733220207,0.24438327789242173,2.0,0.0,1.0,0.0,0.0,5.340248218213389E-15