SentiMin,SentiMax,SentiAvg,SentiStdev,Senti0-0.20,Senti0.21-0.40,Senti0.41-0.60,Senti0.61-0.80,Senti0.81-1.00,SentiTotal
0.09113630182276254,0.9215991489484078,0.3897353884906657,0.2799307972903303,1.0,3.0,0.0,0.0,1.0,0.08881245875374869