TraitMin,TraitMax,TraitAvg,TraitStdev,TraitTotal
277.14285714285717,475.2,358.60582633053224,78.88393119495568,384.54545454545456
