SentiMin,SentiMax,SentiAvg,SentiStdev,Senti0-0.20,Senti0.21-0.40,Senti0.41-0.60,Senti0.61-0.80,Senti0.81-1.00,SentiTotal
0.002862059596655319,0.2659387160401671,0.12155207246630712,0.10892679319474378,2.0,1.0,0.0,0.0,0.0,1.1210525634252689E-4