SentiMin,SentiMax,SentiAvg,SentiStdev,Senti0-0.20,Senti0.21-0.40,Senti0.41-0.60,Senti0.61-0.80,Senti0.81-1.00,SentiTotal
3.1957445276051588E-9,0.49789225920557484,0.12793517458349882,0.19131721608164629,4.0,0.0,1.0,0.0,0.0,6.168747541393105E-15