TraitMin,TraitMax,TraitAvg,TraitStdev,TraitTotal
190.0,500.0,369.1932773109244,101.68288906535531,334.6341463414634
