TraitMin,TraitMax,TraitAvg,TraitStdev,TraitTotal
204.44444444444446,448.2352941176471,347.55991285403053,103.95308346818011,395.6363636363636
