TimeMin,TimeMax,TimeAvg,TimeStdev,TimeTotal
1017.0,8385.0,3115.285714285714,1879.8168766653625,43614.0
