SentiMin,SentiMax,SentiAvg,SentiStdev,Senti0-0.20,Senti0.21-0.40,Senti0.41-0.60,Senti0.61-0.80,Senti0.81-1.00,SentiTotal
3.670058880326061E-5,0.5581028335973955,0.26106906312181555,0.24017494459798847,4.0,0.0,4.0,0.0,0.0,4.4331072118215457E-10