SentiMin,SentiMax,SentiAvg,SentiStdev,Senti0-0.20,Senti0.21-0.40,Senti0.41-0.60,Senti0.61-0.80,Senti0.81-1.00,SentiTotal
0.0031349911170336976,0.540222577411058,0.25537164482506297,0.20108087704706282,5.0,2.0,3.0,0.0,0.0,3.4456666545336006E-8