TimeMin,TimeMax,TimeAvg,TimeStdev,TimeTotal
1022.0,8529.0,4429.428571428572,2942.9498737123736,31006.0
