TraitMin,TraitMax,TraitAvg,TraitStdev,TraitTotal
204.4,1040.0,476.19532134532136,297.0080216030766,329.8510638297872
