TraitMin,TraitMax,TraitAvg,TraitStdev,TraitTotal
203.85714285714286,1093.0,479.0947570947572,293.37078586346144,323.3835616438356
