SentiMin,SentiMax,SentiAvg,SentiStdev,Senti0-0.20,Senti0.21-0.40,Senti0.41-0.60,Senti0.61-0.80,Senti0.81-1.00,SentiTotal
3.960040069064421E-8,0.5136446707795853,0.24882752519118004,0.23298137369096425,3.0,1.0,3.0,0.0,0.0,2.5545246555606024E-17