SentiMin,SentiMax,SentiAvg,SentiStdev,Senti0-0.20,Senti0.21-0.40,Senti0.41-0.60,Senti0.61-0.80,Senti0.81-1.00,SentiTotal
0.0018837876424720205,0.49789225920557484,0.22766761315493556,0.22268422751330358,2.0,1.0,1.0,0.0,0.0,1.7836073515872294E-5