TimeMin,TimeMax,TimeAvg,TimeStdev,TimeTotal
1016.0,8204.0,2146.090909090909,2052.907094144809,23607.0
