TraitMin,TraitMax,TraitAvg,TraitStdev,TraitTotal
179.375,1080.0,358.9522288098375,214.28919739038176,285.8222222222222
