SentiMin,SentiMax,SentiAvg,SentiStdev,Senti0-0.20,Senti0.21-0.40,Senti0.41-0.60,Senti0.61-0.80,Senti0.81-1.00,SentiTotal
0.006095863456163,0.49789225920557484,0.16538550915963315,0.18651501333526838,4.0,1.0,1.0,0.0,0.0,4.2700064338403076E-7