TimeMin,TimeMax,TimeAvg,TimeStdev,TimeTotal
1044.0,12738.0,5433.285714285715,4473.953691384508,38033.0
