SentiMin,SentiMax,SentiAvg,SentiStdev,Senti0-0.20,Senti0.21-0.40,Senti0.41-0.60,Senti0.61-0.80,Senti0.81-1.00,SentiTotal
6.740582409558782E-7,0.5136446707795853,0.2574079414471735,0.19180074690099894,7.0,3.0,5.0,0.0,0.0,8.63656483082107E-16