TraitMin,TraitMax,TraitAvg,TraitStdev,TraitTotal
205.7058823529412,1083.0,550.9889705882352,333.43734032613577,295.9166666666667
