SentiMin,SentiMax,SentiAvg,SentiStdev,Senti0-0.20,Senti0.21-0.40,Senti0.41-0.60,Senti0.61-0.80,Senti0.81-1.00,SentiTotal
6.756269236271634E-5,0.3311541833518524,0.09839146491171659,0.1037450502528306,12.0,2.0,0.0,0.0,0.0,3.92679883664622E-21