TraitMin,TraitMax,TraitAvg,TraitStdev,TraitTotal
293.3333333333333,1261.0,484.5901442307693,303.1273950102517,358.6741573033708
