TraitMin,TraitMax,TraitAvg,TraitStdev,TraitTotal
176.0,494.74074074074076,327.25012464387464,92.80098127686391,357.2586206896552
