TraitMin,TraitMax,TraitAvg,TraitStdev,TraitTotal
18.5,690.5,380.22210317460315,194.62937721813228,348.1764705882353
