SentiMin,SentiMax,SentiAvg,SentiStdev,Senti0-0.20,Senti0.21-0.40,Senti0.41-0.60,Senti0.61-0.80,Senti0.81-1.00,SentiTotal
2.2120246840000093E-4,0.4453581343662777,0.18163167400129376,0.17309059041329,5.0,0.0,2.0,0.0,0.0,6.222122705300182E-9