TraitMin,TraitMax,TraitAvg,TraitStdev,TraitTotal
171.16666666666666,1081.0,517.6583638583639,377.46090644750046,271.9
