SentiMin,SentiMax,SentiAvg,SentiStdev,Senti0-0.20,Senti0.21-0.40,Senti0.41-0.60,Senti0.61-0.80,Senti0.81-1.00,SentiTotal
0.007913321286126892,0.6959033095314103,0.36635514149337567,0.21836041414669166,3.0,2.0,5.0,1.0,0.0,1.4278066882811094E-5