TraitMin,TraitMax,TraitAvg,TraitStdev,TraitTotal
257.4,458.92,332.975873015873,71.11355090485786,336.57522123893807
