TimeMin,TimeMax,TimeAvg,TimeStdev,TimeTotal
133.0,5888.0,2878.6428571428573,1842.4923185396326,40301.0
