SentiMin,SentiMax,SentiAvg,SentiStdev,Senti0-0.20,Senti0.21-0.40,Senti0.41-0.60,Senti0.61-0.80,Senti0.81-1.00,SentiTotal
4.5857709343895273E-8,0.5316624617817726,0.20415076052492198,0.17246906944423884,3.0,4.0,1.0,0.0,0.0,4.0912319468755485E-13