SentiMin,SentiMax,SentiAvg,SentiStdev,Senti0-0.20,Senti0.21-0.40,Senti0.41-0.60,Senti0.61-0.80,Senti0.81-1.00,SentiTotal
0.0011331175955458306,0.5884165979825525,0.22617549754386498,0.20887039635088323,6.0,4.0,4.0,0.0,0.0,4.813416559390523E-15