SentiMin,SentiMax,SentiAvg,SentiStdev,Senti0-0.20,Senti0.21-0.40,Senti0.41-0.60,Senti0.61-0.80,Senti0.81-1.00,SentiTotal
2.9757226688366473E-5,0.7718852336320969,0.2761642288251678,0.21680805136591152,9.0,4.0,5.0,1.0,0.0,4.176179847136537E-16