TraitMin,TraitMax,TraitAvg,TraitStdev,TraitTotal
186.66666666666666,720.0,388.8937728937729,143.18424250168815,381.8867924528302
