SentiMin,SentiMax,SentiAvg,SentiStdev,Senti0-0.20,Senti0.21-0.40,Senti0.41-0.60,Senti0.61-0.80,Senti0.81-1.00,SentiTotal
3.464991937025282E-6,0.5628056929000496,0.14520277163187806,0.18906928853035662,11.0,3.0,2.0,0.0,0.0,5.294094633348559E-32