TimeMin,TimeMax,TimeAvg,TimeStdev,TimeTotal
440.0,6320.0,1686.6666666666667,1709.2558484777971,20240.0
