TimeMin,TimeMax,TimeAvg,TimeStdev,TimeTotal
520.0,3080.0,1523.6363636363637,807.5020149400441,16760.0
