TraitMin,TraitMax,TraitAvg,TraitStdev,TraitTotal
171.42857142857142,560.0,308.5978835978836,101.6723096983187,278.69565217391306
