SentiMin,SentiMax,SentiAvg,SentiStdev,Senti0-0.20,Senti0.21-0.40,Senti0.41-0.60,Senti0.61-0.80,Senti0.81-1.00,SentiTotal
1.1596932716322859E-6,0.7507262974314636,0.18550778949433913,0.22219953934760858,10.0,4.0,1.0,1.0,0.0,2.0072863379666813E-24