TraitMin,TraitMax,TraitAvg,TraitStdev,TraitTotal
142.85714285714286,680.0,398.25714285714287,151.81960473190668,353.80281690140845
