SentiMin,SentiMax,SentiAvg,SentiStdev,Senti0-0.20,Senti0.21-0.40,Senti0.41-0.60,Senti0.61-0.80,Senti0.81-1.00,SentiTotal
2.100508517448328E-7,0.9967939574931605,0.35838515207235977,0.37365305723823894,9.0,2.0,2.0,1.0,4.0,3.1528927557593845E-19