TraitMin,TraitMax,TraitAvg,TraitStdev,TraitTotal
185.0,376.0,268.8373015873016,64.84105649262563,260.28169014084506
