TimeMin,TimeMax,TimeAvg,TimeStdev,TimeTotal
440.0,2920.0,1411.111111111111,685.442994541072,25400.0
