TimeMin,TimeMax,TimeAvg,TimeStdev,TimeTotal
480.0,2280.0,1115.7894736842106,491.9383336351448,21200.0
