SentiMin,SentiMax,SentiAvg,SentiStdev,Senti0-0.20,Senti0.21-0.40,Senti0.41-0.60,Senti0.61-0.80,Senti0.81-1.00,SentiTotal
2.635469958662732E-4,0.9914246230759409,0.3089288851968571,0.2637193944676029,3.0,7.0,1.0,0.0,1.0,9.217991450806096E-10