TraitMin,TraitMax,TraitAvg,TraitStdev,TraitTotal
170.0,680.0,349.94708994709,143.13824978318135,300.90909090909093
