TraitMin,TraitMax,TraitAvg,TraitStdev,TraitTotal
151.11111111111111,640.0,295.9559082892416,133.51215569512954,239.1011235955056
