SentiMin,SentiMax,SentiAvg,SentiStdev,Senti0-0.20,Senti0.21-0.40,Senti0.41-0.60,Senti0.61-0.80,Senti0.81-1.00,SentiTotal
1.5325459310910096E-5,0.9890886024323492,0.15744269655104906,0.23359662137167375,12.0,5.0,0.0,0.0,1.0,1.3296218284593584E-25