TraitMin,TraitMax,TraitAvg,TraitStdev,TraitTotal
136.0,1040.0,339.5737965737966,229.05214554591305,253.33333333333334
