SentiMin,SentiMax,SentiAvg,SentiStdev,Senti0-0.20,Senti0.21-0.40,Senti0.41-0.60,Senti0.61-0.80,Senti0.81-1.00,SentiTotal
2.647595956444728E-7,0.8753722894617365,0.29852515394258305,0.25515646684306403,7.0,5.0,3.0,2.0,1.0,2.898087894932015E-19