TraitMin,TraitMax,TraitAvg,TraitStdev,TraitTotal
153.33333333333334,720.0,316.6056126154165,151.25216687401323,253.84615384615384
