SentiMin,SentiMax,SentiAvg,SentiStdev,Senti0-0.20,Senti0.21-0.40,Senti0.41-0.60,Senti0.61-0.80,Senti0.81-1.00,SentiTotal
0.02466870899122878,0.9801417993127665,0.31058996510138254,0.23454083242159038,5.0,6.0,3.0,0.0,1.0,2.741001498265559E-7