TraitMin,TraitMax,TraitAvg,TraitStdev,TraitTotal
130.0,960.0,264.21035754369086,181.6391088726363,221.71428571428572
