TraitMin,TraitMax,TraitAvg,TraitStdev,TraitTotal
174.54545454545453,720.0,340.2366522366522,134.70782355377878,288.6363636363636
