TimeMin,TimeMax,TimeAvg,TimeStdev,TimeTotal
360.0,4760.0,1466.6666666666667,1159.3868111108463,26400.0
