SentiMin,SentiMax,SentiAvg,SentiStdev,Senti0-0.20,Senti0.21-0.40,Senti0.41-0.60,Senti0.61-0.80,Senti0.81-1.00,SentiTotal
3.2359451141995296E-5,0.43796879524747484,0.11375274419178406,0.12522121174127449,9.0,1.0,1.0,0.0,0.0,3.143623124358354E-17