SentiMin,SentiMax,SentiAvg,SentiStdev,Senti0-0.20,Senti0.21-0.40,Senti0.41-0.60,Senti0.61-0.80,Senti0.81-1.00,SentiTotal
0.00782419974246114,0.8972334493645154,0.30024026972023976,0.22910871069661873,5.0,6.0,3.0,0.0,1.0,1.299069741781057E-8