TimeMin,TimeMax,TimeAvg,TimeStdev,TimeTotal
520.0,3120.0,1293.3333333333333,744.1624673267107,23280.0
