TraitMin,TraitMax,TraitAvg,TraitStdev,TraitTotal
160.0,560.0,337.58169934640523,119.1078158346469,279.5238095238095
