TraitMin,TraitMax,TraitAvg,TraitStdev,TraitTotal
182.22222222222223,600.0,385.72089947089944,115.17855813649592,322.3529411764706
