TimeMin,TimeMax,TimeAvg,TimeStdev,TimeTotal
640.0,3800.0,1471.111111111111,1070.2901418093697,13240.0
