SentiMin,SentiMax,SentiAvg,SentiStdev,Senti0-0.20,Senti0.21-0.40,Senti0.41-0.60,Senti0.61-0.80,Senti0.81-1.00,SentiTotal
0.007992753271257853,0.8832999282877116,0.33489634271365837,0.22496735477399388,6.0,5.0,6.0,0.0,1.0,2.4685627104266638E-9