TraitMin,TraitMax,TraitAvg,TraitStdev,TraitTotal
120.0,720.0,372.0233918128655,165.48152345660725,286.4864864864865
