TimeMin,TimeMax,TimeAvg,TimeStdev,TimeTotal
480.0,2920.0,1381.1764705882354,693.3794678999301,23480.0
