SentiMin,SentiMax,SentiAvg,SentiStdev,Senti0-0.20,Senti0.21-0.40,Senti0.41-0.60,Senti0.61-0.80,Senti0.81-1.00,SentiTotal
2.2117311059107273E-6,0.5159436667231726,0.1372400469849049,0.2084568769993007,7.0,0.0,2.0,0.0,0.0,2.045676127371818E-19