TraitMin,TraitMax,TraitAvg,TraitStdev,TraitTotal
162.85714285714286,480.0,313.32440476190476,80.10361101335019,287.35632183908046
