TraitMin,TraitMax,TraitAvg,TraitStdev,TraitTotal
150.0,560.0,337.012987012987,137.1204723959041,270.3225806451613
