SentiMin,SentiMax,SentiAvg,SentiStdev,Senti0-0.20,Senti0.21-0.40,Senti0.41-0.60,Senti0.61-0.80,Senti0.81-1.00,SentiTotal
4.798600790949886E-6,0.5159436667231726,0.12088913290066321,0.13736616367170845,11.0,5.0,1.0,0.0,0.0,1.637098375246188E-27