TimeMin,TimeMax,TimeAvg,TimeStdev,TimeTotal
560.0,4080.0,1424.4444444444443,874.4409148594585,25640.0
