TimeMin,TimeMax,TimeAvg,TimeStdev,TimeTotal
480.0,6840.0,1674.6666666666667,1671.334264060371,25120.0
