TraitMin,TraitMax,TraitAvg,TraitStdev,TraitTotal
207.27272727272728,1000.0,551.7272727272727,247.15018688245627,444.44444444444446
