TraitMin,TraitMax,TraitAvg,TraitStdev,TraitTotal
226.66666666666666,1560.0,796.6666666666667,424.4211744639201,630.4
