SentiMin,SentiMax,SentiAvg,SentiStdev,Senti0-0.20,Senti0.21-0.40,Senti0.41-0.60,Senti0.61-0.80,Senti0.81-1.00,SentiTotal
0.21700786916551124,0.49789225920557484,0.32980287644515865,0.13724677072136873,0.0,3.0,2.0,0.0,0.0,0.021462161894758268