TimeMin,TimeMax,TimeAvg,TimeStdev,TimeTotal
520.0,2200.0,1432.7272727272727,516.1587301506619,15760.0
