TimeMin,TimeMax,TimeAvg,TimeStdev,TimeTotal
880.0,3520.0,1704.6153846153845,897.5232191949593,22160.0
