SentiMin,SentiMax,SentiAvg,SentiStdev,Senti0-0.20,Senti0.21-0.40,Senti0.41-0.60,Senti0.61-0.80,Senti0.81-1.00,SentiTotal
6.985223905021567E-4,0.49789225920557484,0.3600601431580344,0.15743001008816565,3.0,4.0,10.0,0.0,0.0,1.0192615334642668E-7