TimeMin,TimeMax,TimeAvg,TimeStdev,TimeTotal
760.0,5800.0,1751.111111111111,1455.811682299942,15760.0
