SentiMin,SentiMax,SentiAvg,SentiStdev,Senti0-0.20,Senti0.21-0.40,Senti0.41-0.60,Senti0.61-0.80,Senti0.81-1.00,SentiTotal
1.5277828807866748E-5,0.8501181728740902,0.23367984199366354,0.25795310957507567,9.0,3.0,2.0,1.0,1.0,4.647836251175584E-17