TraitMin,TraitMax,TraitAvg,TraitStdev,TraitTotal
330.0,1320.0,695.6,333.9422704600302,553.8461538461538
