TraitMin,TraitMax,TraitAvg,TraitStdev,TraitTotal
311.1111111111111,1346.6666666666667,629.6296296296297,370.417774744092,502.4
