SentiMin,SentiMax,SentiAvg,SentiStdev,Senti0-0.20,Senti0.21-0.40,Senti0.41-0.60,Senti0.61-0.80,Senti0.81-1.00,SentiTotal
0.007992753271257853,0.46364466503952073,0.33645274006163706,0.1554815589565562,1.0,3.0,2.0,0.0,0.0,2.697931245291238E-4