TraitMin,TraitMax,TraitAvg,TraitStdev,TraitTotal
253.33333333333334,448.8888888888889,339.8412698412698,73.49240632098035,361.53846153846155
