SentiMin,SentiMax,SentiAvg,SentiStdev,Senti0-0.20,Senti0.21-0.40,Senti0.41-0.60,Senti0.61-0.80,Senti0.81-1.00,SentiTotal
1.6219078797325695E-5,0.49789225920557484,0.19974830230671697,0.17985755910620796,5.0,2.0,3.0,0.0,0.0,1.4302966553543299E-15