SentiMin,SentiMax,SentiAvg,SentiStdev,Senti0-0.20,Senti0.21-0.40,Senti0.41-0.60,Senti0.61-0.80,Senti0.81-1.00,SentiTotal
1.4569721210905905E-4,0.49789225920557484,0.18873535276964712,0.18462055744815548,6.0,2.0,2.0,0.0,0.0,1.5459652896665744E-14