SentiMin,SentiMax,SentiAvg,SentiStdev,Senti0-0.20,Senti0.21-0.40,Senti0.41-0.60,Senti0.61-0.80,Senti0.81-1.00,SentiTotal
1.5214055498519102E-5,0.43796879524747484,0.16310175926119871,0.1600420416106664,7.0,5.0,1.0,0.0,0.0,2.5864539408383253E-21