SentiMin,SentiMax,SentiAvg,SentiStdev,Senti0-0.20,Senti0.21-0.40,Senti0.41-0.60,Senti0.61-0.80,Senti0.81-1.00,SentiTotal
0.006105266666547399,0.49789225920557484,0.20332068401403144,0.14775530878044157,4.0,6.0,1.0,0.0,0.0,4.242681235649635E-10