SentiMin,SentiMax,SentiAvg,SentiStdev,Senti0-0.20,Senti0.21-0.40,Senti0.41-0.60,Senti0.61-0.80,Senti0.81-1.00,SentiTotal
3.424030115864069E-7,0.49789225920557484,0.25884327814500974,0.18691197452459699,3.0,4.0,2.0,0.0,0.0,1.8426280819009043E-11