TraitMin,TraitMax,TraitAvg,TraitStdev,TraitTotal
337.14285714285717,1760.0,654.5238095238095,437.6281153524517,462.56410256410254
