SentiMin,SentiMax,SentiAvg,SentiStdev,Senti0-0.20,Senti0.21-0.40,Senti0.41-0.60,Senti0.61-0.80,Senti0.81-1.00,SentiTotal
0.017857767443473078,0.49789225920557484,0.28152633659125825,0.16943995213988675,3.0,3.0,3.0,0.0,0.0,1.7264886761179066E-5