SentiMin,SentiMax,SentiAvg,SentiStdev,Senti0-0.20,Senti0.21-0.40,Senti0.41-0.60,Senti0.61-0.80,Senti0.81-1.00,SentiTotal
0.007236911048781989,0.12224002856441489,0.06380360652188619,0.05494587855555019,4.0,0.0,0.0,0.0,0.0,1.4539505247348507E-6