SentiMin,SentiMax,SentiAvg,SentiStdev,Senti0-0.20,Senti0.21-0.40,Senti0.41-0.60,Senti0.61-0.80,Senti0.81-1.00,SentiTotal
0.00256122369063064,0.21921412548362115,0.10342362267874038,0.09929187895715075,3.0,1.0,0.0,0.0,0.0,3.101469153848303E-7