SentiMin,SentiMax,SentiAvg,SentiStdev,Senti0-0.20,Senti0.21-0.40,Senti0.41-0.60,Senti0.61-0.80,Senti0.81-1.00,SentiTotal
0.003680843152536564,0.49789225920557484,0.15688617041805156,0.1871349259291544,8.0,1.0,2.0,0.0,0.0,6.050396952417206E-14