TraitMin,TraitMax,TraitAvg,TraitStdev,TraitTotal
236.25,407.04761904761904,299.69920634920635,76.32523351488047,378.8235294117647
