SentiMin,SentiMax,SentiAvg,SentiStdev,Senti0-0.20,Senti0.21-0.40,Senti0.41-0.60,Senti0.61-0.80,Senti0.81-1.00,SentiTotal
7.820473777265236E-5,0.3443665984241663,0.0919945509239708,0.1269884412973438,7.0,3.0,0.0,0.0,0.0,6.656669417674603E-19