SentiMin,SentiMax,SentiAvg,SentiStdev,Senti0-0.20,Senti0.21-0.40,Senti0.41-0.60,Senti0.61-0.80,Senti0.81-1.00,SentiTotal
0.0269907564656263,0.5327980360746014,0.21927756203308424,0.1774705044705447,6.0,2.0,2.0,0.0,0.0,1.582539820852181E-8