SentiMin,SentiMax,SentiAvg,SentiStdev,Senti0-0.20,Senti0.21-0.40,Senti0.41-0.60,Senti0.61-0.80,Senti0.81-1.00,SentiTotal
0.006557712841513769,0.46764355068197516,0.2956435600878054,0.16567194010029837,1.0,2.0,2.0,0.0,0.0,7.142502536072124E-4