SentiMin,SentiMax,SentiAvg,SentiStdev,Senti0-0.20,Senti0.21-0.40,Senti0.41-0.60,Senti0.61-0.80,Senti0.81-1.00,SentiTotal
0.23047441820257406,0.49789225920557484,0.3759595648854268,0.1104358454213717,0.0,2.0,1.0,0.0,0.0,0.1673254577248775