SentiMin,SentiMax,SentiAvg,SentiStdev,Senti0-0.20,Senti0.21-0.40,Senti0.41-0.60,Senti0.61-0.80,Senti0.81-1.00,SentiTotal
0.0017559307885108932,0.5628056929000496,0.2498509596980287,0.20389454378736932,3.0,2.0,2.0,0.0,0.0,8.468811343317127E-7