TraitMin,TraitMax,TraitAvg,TraitStdev,TraitTotal
173.16666666666666,1262.0,430.9752913752914,287.358022992031,315.58620689655174
