SentiMin,SentiMax,SentiAvg,SentiStdev,Senti0-0.20,Senti0.21-0.40,Senti0.41-0.60,Senti0.61-0.80,Senti0.81-1.00,SentiTotal
7.826740194303277E-5,0.49789225920557484,0.307172539695202,0.15374872603643275,1.0,4.0,1.0,0.0,0.0,5.1943857202073076E-6