SentiMin,SentiMax,SentiAvg,SentiStdev,Senti0-0.20,Senti0.21-0.40,Senti0.41-0.60,Senti0.61-0.80,Senti0.81-1.00,SentiTotal
1.214389788144564E-13,0.16048864397777518,0.06477797185202877,0.06907375367976801,3.0,0.0,0.0,0.0,0.0,8.270851884349775E-16