TraitMin,TraitMax,TraitAvg,TraitStdev,TraitTotal
176.2,614.0,346.68571428571425,157.44382606932209,279.5625
