SentiMin,SentiMax,SentiAvg,SentiStdev,Senti0-0.20,Senti0.21-0.40,Senti0.41-0.60,Senti0.61-0.80,Senti0.81-1.00,SentiTotal
0.001085359541259538,0.49789225920557484,0.24992645266100225,0.19203816966444207,5.0,2.0,3.0,0.0,0.0,1.792689863986066E-8