TraitMin,TraitMax,TraitAvg,TraitStdev,TraitTotal
125.875,953.0,325.05268620268623,229.87144993361173,276.4719101123595
