TraitMin,TraitMax,TraitAvg,TraitStdev,TraitTotal
148.0,1799.0,432.43161157024787,451.8512657816518,288.84615384615387
