SentiMin,SentiMax,SentiAvg,SentiStdev,Senti0-0.20,Senti0.21-0.40,Senti0.41-0.60,Senti0.61-0.80,Senti0.81-1.00,SentiTotal
3.340425378024309E-5,0.8851154199723337,0.3246791677822921,0.2426747793990068,4.0,3.0,3.0,0.0,1.0,2.0440131173373852E-8