TraitMin,TraitMax,TraitAvg,TraitStdev,TraitTotal
126.2,584.0,278.9962962962963,159.4986359922928,235.85714285714286
