TraitMin,TraitMax,TraitAvg,TraitStdev,TraitTotal
205.33333333333334,557.5,344.9444444444445,152.74381440669265,289.1
