TraitMin,TraitMax,TraitAvg,TraitStdev,TraitTotal
139.0,402.6666666666667,241.32999999999998,84.33107566147976,248.7941176470588
