TraitMin,TraitMax,TraitAvg,TraitStdev,TraitTotal
366.6666666666667,1120.0,672.6388888888889,213.9525067726971,573.6585365853658
