TraitMin,TraitMax,TraitAvg,TraitStdev,TraitTotal
347.6923076923077,370.0,358.8461538461538,11.15384615384616,356.1904761904762
