TraitMin,TraitMax,TraitAvg,TraitStdev,TraitTotal
306.6666666666667,1480.0,636.0277777777777,326.9708429600513,473.44262295081967
