TimeMin,TimeMax,TimeAvg,TimeStdev,TimeTotal
1720.0,4800.0,2982.222222222222,1037.79443241454,26840.0
