TraitMin,TraitMax,TraitAvg,TraitStdev,TraitTotal
368.0,1000.0,569.9166666666667,196.48337150450615,491.06382978723406
