TimeMin,TimeMax,TimeAvg,TimeStdev,TimeTotal
960.0,3840.0,2367.2727272727275,860.5821592925117,26040.0
