SentiMin,SentiMax,SentiAvg,SentiStdev,Senti0-0.20,Senti0.21-0.40,Senti0.41-0.60,Senti0.61-0.80,Senti0.81-1.00,SentiTotal
1.8226014151543003E-7,1.1558207268509676E-5,5.870233705012553E-6,5.687973563497123E-6,2.0,0.0,0.0,0.0,0.0,2.124461292495049E-12