TraitMin,TraitMax,TraitAvg,TraitStdev,TraitTotal
336.6666666666667,1080.0,586.8831168831168,260.38724705919043,456.0
