TimeMin,TimeMax,TimeAvg,TimeStdev,TimeTotal
1000.0,3840.0,2406.6666666666665,785.6773440089061,28880.0
