SentiMin,SentiMax,SentiAvg,SentiStdev,Senti0-0.20,Senti0.21-0.40,Senti0.41-0.60,Senti0.61-0.80,Senti0.81-1.00,SentiTotal
0.028671614597747752,0.8298638431646344,0.21670508959532697,0.2566838694494667,6.0,1.0,0.0,0.0,1.0,8.385918402863437E-7