TraitMin,TraitMax,TraitAvg,TraitStdev,TraitTotal
360.0,1760.0,653.991341991342,368.03256121921675,554.0425531914893
