TraitMin,TraitMax,TraitAvg,TraitStdev,TraitTotal
457.14285714285717,457.14285714285717,457.14285714285717,0.0,457.14285714285717
