SentiMin,SentiMax,SentiAvg,SentiStdev,Senti0-0.20,Senti0.21-0.40,Senti0.41-0.60,Senti0.61-0.80,Senti0.81-1.00,SentiTotal
5.744100902296713E-4,0.6762977769530082,0.2057787042554902,0.19441391946556433,7.0,4.0,0.0,1.0,0.0,7.948384553793893E-12