TimeMin,TimeMax,TimeAvg,TimeStdev,TimeTotal
1040.0,4000.0,3066.6666666666665,838.7821860027523,36800.0
