TraitMin,TraitMax,TraitAvg,TraitStdev,TraitTotal
240.0,2600.0,797.5128205128204,615.4735598115386,629.9117647058823
