SentiMin,SentiMax,SentiAvg,SentiStdev,Senti0-0.20,Senti0.21-0.40,Senti0.41-0.60,Senti0.61-0.80,Senti0.81-1.00,SentiTotal
2.855226379695553E-5,0.49789225920557484,0.14099495890365704,0.17164431763786614,8.0,2.0,2.0,0.0,0.0,7.682404413071874E-21