SentiMin,SentiMax,SentiAvg,SentiStdev,Senti0-0.20,Senti0.21-0.40,Senti0.41-0.60,Senti0.61-0.80,Senti0.81-1.00,SentiTotal
4.6286512543358264E-5,0.5985546623138565,0.17231596887848372,0.20756570828061185,6.0,2.0,2.0,0.0,0.0,1.2217091787739248E-14