SentiMin,SentiMax,SentiAvg,SentiStdev,Senti0-0.20,Senti0.21-0.40,Senti0.41-0.60,Senti0.61-0.80,Senti0.81-1.00,SentiTotal
2.9079959519805247E-4,0.5184174687386771,0.08412952446885257,0.1355349431292913,11.0,0.0,1.0,0.0,0.0,1.413510181688384E-19