TimeMin,TimeMax,TimeAvg,TimeStdev,TimeTotal
240.0,3080.0,1749.7857142857142,748.6305763164622,24497.0
