SentiMin,SentiMax,SentiAvg,SentiStdev,Senti0-0.20,Senti0.21-0.40,Senti0.41-0.60,Senti0.61-0.80,Senti0.81-1.00,SentiTotal
0.0023707497107546723,0.9041098809645616,0.35393369272721703,0.290366288225806,5.0,4.0,0.0,1.0,2.0,4.626691222536146E-6