SentiMin,SentiMax,SentiAvg,SentiStdev,Senti0-0.20,Senti0.21-0.40,Senti0.41-0.60,Senti0.61-0.80,Senti0.81-1.00,SentiTotal
0.009851801215541772,0.5628056929000496,0.2257688151763076,0.18864736779598215,6.0,3.0,2.0,0.0,0.0,1.743510674641843E-9