SentiMin,SentiMax,SentiAvg,SentiStdev,Senti0-0.20,Senti0.21-0.40,Senti0.41-0.60,Senti0.61-0.80,Senti0.81-1.00,SentiTotal
6.32746521318185E-4,0.48164547114327055,0.2083156849870999,0.15154709776005154,6.0,5.0,2.0,0.0,0.0,5.1886624633362005E-12