SentiMin,SentiMax,SentiAvg,SentiStdev,Senti0-0.20,Senti0.21-0.40,Senti0.41-0.60,Senti0.61-0.80,Senti0.81-1.00,SentiTotal
1.4781918179470382E-4,0.39697510199130176,0.1947720880860799,0.15972734046547646,3.0,5.0,0.0,0.0,0.0,1.0897230912696127E-11