TraitMin,TraitMax,TraitAvg,TraitStdev,TraitTotal
256.0,1133.3333333333333,514.239417989418,213.98370109117062,465.82278481012656
