TraitMin,TraitMax,TraitAvg,TraitStdev,TraitTotal
400.0,573.3333333333334,481.78835978835986,64.29905842735216,470.87719298245617
