TimeMin,TimeMax,TimeAvg,TimeStdev,TimeTotal
840.0,4720.0,2295.3846153846152,1176.3346945531564,29840.0
