SentiMin,SentiMax,SentiAvg,SentiStdev,Senti0-0.20,Senti0.21-0.40,Senti0.41-0.60,Senti0.61-0.80,Senti0.81-1.00,SentiTotal
2.2722107697581485E-5,0.43833173045429186,0.20844743115008438,0.14523148209537257,4.0,6.0,1.0,0.0,0.0,7.749606937671944E-14