TraitMin,TraitMax,TraitAvg,TraitStdev,TraitTotal
160.0,720.0,322.3809523809524,201.9613577461682,265.0
