TraitMin,TraitMax,TraitAvg,TraitStdev,TraitTotal
192.6,1040.0,502.0685185185185,295.3111224625117,360.075
