SentiMin,SentiMax,SentiAvg,SentiStdev,Senti0-0.20,Senti0.21-0.40,Senti0.41-0.60,Senti0.61-0.80,Senti0.81-1.00,SentiTotal
1.6940047306689464E-14,0.29112132088878306,0.08195767658617012,0.10137791724749741,9.0,2.0,0.0,0.0,0.0,1.1772259976650327E-32