TraitMin,TraitMax,TraitAvg,TraitStdev,TraitTotal
270.0,840.0,497.29841269841273,192.7341079619331,424.3478260869565
