TimeMin,TimeMax,TimeAvg,TimeStdev,TimeTotal
560.0,10080.0,2469.090909090909,2557.8451674850157,27160.0
