TraitMin,TraitMax,TraitAvg,TraitStdev,TraitTotal
228.57142857142858,640.0,406.1798201798201,126.25680260015368,382.56410256410254
