SentiMin,SentiMax,SentiAvg,SentiStdev,Senti0-0.20,Senti0.21-0.40,Senti0.41-0.60,Senti0.61-0.80,Senti0.81-1.00,SentiTotal
0.22925111821216584,0.5957399490333923,0.391202136213139,0.13532939438762376,0.0,3.0,2.0,0.0,0.0,0.08763965089402742