TraitMin,TraitMax,TraitAvg,TraitStdev,TraitTotal
360.0,560.0,479.3333333333333,93.53311950557644,438.0952380952381
