TraitMin,TraitMax,TraitAvg,TraitStdev,TraitTotal
252.0,680.0,426.2755102040816,123.27090666969266,395.45454545454544
