TraitMin,TraitMax,TraitAvg,TraitStdev,TraitTotal
244.44444444444446,640.0,359.1396482305573,117.80937726600546,312.0833333333333
