TraitMin,TraitMax,TraitAvg,TraitStdev,TraitTotal
266.6666666666667,1600.0,688.4502164502164,421.62162837227766,452.6666666666667
