SentiMin,SentiMax,SentiAvg,SentiStdev,Senti0-0.20,Senti0.21-0.40,Senti0.41-0.60,Senti0.61-0.80,Senti0.81-1.00,SentiTotal
2.5174550179317008E-8,0.6323720940364075,0.29512444619816386,0.2338062732797016,4.0,3.0,3.0,1.0,0.0,3.213418558784352E-14