SentiMin,SentiMax,SentiAvg,SentiStdev,Senti0-0.20,Senti0.21-0.40,Senti0.41-0.60,Senti0.61-0.80,Senti0.81-1.00,SentiTotal
2.849396153899688E-4,0.6074212877692209,0.24747393901678993,0.22034535094437208,5.0,2.0,2.0,1.0,0.0,1.2286247644619201E-12