TraitMin,TraitMax,TraitAvg,TraitStdev,TraitTotal
182.85714285714286,1500.0,521.6547619047618,343.0715429317024,434.7826086956522
