TraitMin,TraitMax,TraitAvg,TraitStdev,TraitTotal
160.0,714.2857142857143,404.87996851633216,182.98356419215185,386.06060606060606
