TraitMin,TraitMax,TraitAvg,TraitStdev,TraitTotal
352.0,1120.0,764.2222222222223,282.52870497668454,617.1428571428571
