SentiMin,SentiMax,SentiAvg,SentiStdev,Senti0-0.20,Senti0.21-0.40,Senti0.41-0.60,Senti0.61-0.80,Senti0.81-1.00,SentiTotal
0.10215695163494741,0.49789225920557484,0.3452292165759032,0.13977859879527527,2.0,6.0,6.0,0.0,0.0,1.1348320588307964E-5