TimeMin,TimeMax,TimeAvg,TimeStdev,TimeTotal
520.0,5040.0,1634.2857142857142,1077.2300078422984,22880.0
