SentiMin,SentiMax,SentiAvg,SentiStdev,Senti0-0.20,Senti0.21-0.40,Senti0.41-0.60,Senti0.61-0.80,Senti0.81-1.00,SentiTotal
9.88335838800441E-4,0.5318834537628724,0.3165661711692624,0.19538873405353083,5.0,5.0,8.0,0.0,0.0,1.1238325906832581E-11