TraitMin,TraitMax,TraitAvg,TraitStdev,TraitTotal
280.0,1040.0,456.3333333333333,232.10797295894665,375.0
