TraitMin,TraitMax,TraitAvg,TraitStdev,TraitTotal
235.55555555555554,1080.0,551.9541446208113,256.6122387392456,408.2352941176471
