SentiMin,SentiMax,SentiAvg,SentiStdev,Senti0-0.20,Senti0.21-0.40,Senti0.41-0.60,Senti0.61-0.80,Senti0.81-1.00,SentiTotal
0.0764195186748418,0.49789225920557484,0.32917710273357975,0.15895807898425926,1.0,2.0,3.0,0.0,0.0,0.006016160714044094