TraitMin,TraitMax,TraitAvg,TraitStdev,TraitTotal
173.33333333333334,1000.0,461.05102040816325,251.93654909475092,394.48275862068965
