TimeMin,TimeMax,TimeAvg,TimeStdev,TimeTotal
520.0,3440.0,1542.2222222222222,713.3298719196044,27760.0
