SentiMin,SentiMax,SentiAvg,SentiStdev,Senti0-0.20,Senti0.21-0.40,Senti0.41-0.60,Senti0.61-0.80,Senti0.81-1.00,SentiTotal
1.633622623971899E-5,0.48439634580644964,0.29004883881299354,0.1711335081202686,3.0,7.0,2.0,0.0,0.0,8.977947514011008E-12