SentiMin,SentiMax,SentiAvg,SentiStdev,Senti0-0.20,Senti0.21-0.40,Senti0.41-0.60,Senti0.61-0.80,Senti0.81-1.00,SentiTotal
5.570795554662528E-5,0.4312345457103549,0.19712597776124763,0.17264128357589356,5.0,2.0,1.0,0.0,0.0,2.0064908266719018E-10