SentiMin,SentiMax,SentiAvg,SentiStdev,Senti0-0.20,Senti0.21-0.40,Senti0.41-0.60,Senti0.61-0.80,Senti0.81-1.00,SentiTotal
0.05097281424254165,0.5084339856335751,0.29157005205014824,0.17146011129880276,3.0,3.0,5.0,0.0,0.0,4.8251084133021406E-6