SentiMin,SentiMax,SentiAvg,SentiStdev,Senti0-0.20,Senti0.21-0.40,Senti0.41-0.60,Senti0.61-0.80,Senti0.81-1.00,SentiTotal
6.000560936252996E-5,0.4894886660404289,0.13708474659369468,0.17936457278739434,9.0,1.0,2.0,0.0,0.0,7.586438413913311E-20