TimeMin,TimeMax,TimeAvg,TimeStdev,TimeTotal
720.0,13320.0,4253.333333333333,4339.56475032027,25520.0
