TraitMin,TraitMax,TraitAvg,TraitStdev,TraitTotal
253.33333333333334,1376.0,737.7982017982018,346.61193961629766,614.2222222222222
