TimeMin,TimeMax,TimeAvg,TimeStdev,TimeTotal
480.0,29720.0,5222.857142857143,10017.124928677624,36560.0
