TraitMin,TraitMax,TraitAvg,TraitStdev,TraitTotal
240.0,1205.7142857142858,614.4881588999236,365.3654557641939,488.42105263157896
