SentiMin,SentiMax,SentiAvg,SentiStdev,Senti0-0.20,Senti0.21-0.40,Senti0.41-0.60,Senti0.61-0.80,Senti0.81-1.00,SentiTotal
8.506327942336843E-6,0.49789225920557484,0.09529102158615158,0.1605847889502581,7.0,0.0,1.0,0.0,0.0,9.320873004181727E-19