TraitMin,TraitMax,TraitAvg,TraitStdev,TraitTotal
248.88888888888889,1238.3333333333333,578.5555555555555,310.98381182455654,830.9090909090909
