SentiMin,SentiMax,SentiAvg,SentiStdev,Senti0-0.20,Senti0.21-0.40,Senti0.41-0.60,Senti0.61-0.80,Senti0.81-1.00,SentiTotal
5.235528140330752E-5,0.39697510199130176,0.15456897057042807,0.16517669726908357,2.0,2.0,0.0,0.0,0.0,4.1723651441044664E-8