TimeMin,TimeMax,TimeAvg,TimeStdev,TimeTotal
480.0,6280.0,1593.3333333333333,1506.7699079672236,19120.0
