TraitMin,TraitMax,TraitAvg,TraitStdev,TraitTotal
193.33333333333334,600.0,390.7348484848485,120.09420635446229,350.5882352941176
