SentiMin,SentiMax,SentiAvg,SentiStdev,Senti0-0.20,Senti0.21-0.40,Senti0.41-0.60,Senti0.61-0.80,Senti0.81-1.00,SentiTotal
3.3389732201443665E-4,0.43796879524747484,0.21205935283273944,0.18598392773378283,3.0,3.0,1.0,0.0,0.0,1.869007210521358E-9