SentiMin,SentiMax,SentiAvg,SentiStdev,Senti0-0.20,Senti0.21-0.40,Senti0.41-0.60,Senti0.61-0.80,Senti0.81-1.00,SentiTotal
0.21921412548362115,0.46764355068197516,0.3329275887107071,0.10253094559419221,0.0,4.0,3.0,0.0,0.0,0.00625365825149042