SentiMin,SentiMax,SentiAvg,SentiStdev,Senti0-0.20,Senti0.21-0.40,Senti0.41-0.60,Senti0.61-0.80,Senti0.81-1.00,SentiTotal
8.782907023556481E-9,0.21700786916551124,0.03644747348817886,0.08074948346208456,5.0,1.0,0.0,0.0,0.0,2.7907398250860556E-23