TraitMin,TraitMax,TraitAvg,TraitStdev,TraitTotal
313.84615384615387,730.0,522.0283882783883,171.4142054121671,502.85714285714283
