TimeMin,TimeMax,TimeAvg,TimeStdev,TimeTotal
640.0,7320.0,2512.7272727272725,2555.895469868156,27640.0
