TraitMin,TraitMax,TraitAvg,TraitStdev,TraitTotal
102.22222222222223,1000.0,415.0712250712251,295.136747337673,309.8181818181818
