TimeMin,TimeMax,TimeAvg,TimeStdev,TimeTotal
800.0,5120.0,2257.1428571428573,1742.3605850004944,15800.0
