SentiMin,SentiMax,SentiAvg,SentiStdev,Senti0-0.20,Senti0.21-0.40,Senti0.41-0.60,Senti0.61-0.80,Senti0.81-1.00,SentiTotal
0.04769906619802519,0.6988339567775415,0.36637320389116573,0.18886252164030976,2.0,5.0,2.0,2.0,0.0,7.456361748833533E-4