TraitMin,TraitMax,TraitAvg,TraitStdev,TraitTotal
200.0,928.0,429.62026862026863,209.61050297183363,450.90909090909093
