SentiMin,SentiMax,SentiAvg,SentiStdev,Senti0-0.20,Senti0.21-0.40,Senti0.41-0.60,Senti0.61-0.80,Senti0.81-1.00,SentiTotal
0.0549104384690238,0.5525571418995822,0.29487074471210445,0.18826972753700685,2.0,2.0,2.0,0.0,0.0,0.0012138015383782934