TraitMin,TraitMax,TraitAvg,TraitStdev,TraitTotal
280.0,1240.0,680.2424242424242,328.8458264812298,587.1428571428571
