TraitMin,TraitMax,TraitAvg,TraitStdev,TraitTotal
274.2857142857143,3100.0,1201.904761904762,1113.7074201454684,1106.6666666666667
