TraitMin,TraitMax,TraitAvg,TraitStdev,TraitTotal
280.0,657.7777777777778,452.7857142857143,154.2795182552967,448.1927710843373
