SentiMin,SentiMax,SentiAvg,SentiStdev,Senti0-0.20,Senti0.21-0.40,Senti0.41-0.60,Senti0.61-0.80,Senti0.81-1.00,SentiTotal
2.441165175676934E-4,0.5495922250151081,0.19697650733450275,0.21553379369334558,3.0,2.0,1.0,0.0,0.0,8.0011153804053E-10