SentiMin,SentiMax,SentiAvg,SentiStdev,Senti0-0.20,Senti0.21-0.40,Senti0.41-0.60,Senti0.61-0.80,Senti0.81-1.00,SentiTotal
8.95777130799425E-5,0.49789225920557484,0.23784180526169946,0.2078134531635264,4.0,1.0,3.0,0.0,0.0,5.034530836242293E-11