TraitMin,TraitMax,TraitAvg,TraitStdev,TraitTotal
226.66666666666666,1192.0,728.1111111111112,343.963912117981,748.2352941176471
