TimeMin,TimeMax,TimeAvg,TimeStdev,TimeTotal
560.0,4120.0,1494.5454545454545,950.6013755547651,16440.0
