TraitMin,TraitMax,TraitAvg,TraitStdev,TraitTotal
256.0,720.0,422.8888888888889,145.50737115943093,367.6190476190476
