TraitMin,TraitMax,TraitAvg,TraitStdev,TraitTotal
226.66666666666666,600.0,334.479797979798,106.04185031371978,288.20512820512823
