TraitMin,TraitMax,TraitAvg,TraitStdev,TraitTotal
350.0,580.0,463.3333333333333,93.92668535736914,435.0
