TraitMin,TraitMax,TraitAvg,TraitStdev,TraitTotal
200.0,1530.0,463.1597883597884,315.36428105111173,432.0
