TimeMin,TimeMax,TimeAvg,TimeStdev,TimeTotal
560.0,4720.0,1675.5555555555557,1176.2757718145965,15080.0
