TraitMin,TraitMax,TraitAvg,TraitStdev,TraitTotal
252.30769230769232,440.0,312.4102564102564,75.16472377516756,276.5217391304348
