TraitMin,TraitMax,TraitAvg,TraitStdev,TraitTotal
256.0,760.0,495.3333333333333,155.32474940516653,405.0
