TraitMin,TraitMax,TraitAvg,TraitStdev,TraitTotal
192.0,600.0,386.125,144.34891539253076,300.4651162790698
