SentiMin,SentiMax,SentiAvg,SentiStdev,Senti0-0.20,Senti0.21-0.40,Senti0.41-0.60,Senti0.61-0.80,Senti0.81-1.00,SentiTotal
0.1579782419372127,0.6377227201158628,0.3800549962271507,0.16670607901913412,1.0,5.0,3.0,1.0,0.0,1.570653849504066E-4