TimeMin,TimeMax,TimeAvg,TimeStdev,TimeTotal
440.0,4880.0,2026.6666666666667,1834.3875756714494,18240.0
