TraitMin,TraitMax,TraitAvg,TraitStdev,TraitTotal
230.0,720.0,525.0,154.1590088188167,459.04761904761904
