TimeMin,TimeMax,TimeAvg,TimeStdev,TimeTotal
720.0,2040.0,1286.6666666666667,445.07177947932047,7720.0
