TraitMin,TraitMax,TraitAvg,TraitStdev,TraitTotal
186.66666666666666,493.3333333333333,300.5291005291005,89.74065947740118,269.2857142857143
