TimeMin,TimeMax,TimeAvg,TimeStdev,TimeTotal
360.0,1600.0,931.4285714285714,434.8868020672103,6520.0
