SentiMin,SentiMax,SentiAvg,SentiStdev,Senti0-0.20,Senti0.21-0.40,Senti0.41-0.60,Senti0.61-0.80,Senti0.81-1.00,SentiTotal
0.009284183595531945,0.8113736429434854,0.31801868804630984,0.3141092475736813,3.0,0.0,2.0,0.0,1.0,2.3870373435297733E-5