TimeMin,TimeMax,TimeAvg,TimeStdev,TimeTotal
600.0,4560.0,1873.3333333333333,1112.215007191605,22480.0
