SentiMin,SentiMax,SentiAvg,SentiStdev,Senti0-0.20,Senti0.21-0.40,Senti0.41-0.60,Senti0.61-0.80,Senti0.81-1.00,SentiTotal
0.39697510199130176,0.7440786448968312,0.6233838113892745,0.16021191183600839,0.0,1.0,0.0,2.0,0.0,0.8397141948937545