SentiMin,SentiMax,SentiAvg,SentiStdev,Senti0-0.20,Senti0.21-0.40,Senti0.41-0.60,Senti0.61-0.80,Senti0.81-1.00,SentiTotal
6.695283028217736E-8,0.5628056929000496,0.2549308406604244,0.2222095311361872,7.0,2.0,6.0,0.0,0.0,1.975400829697232E-21