TraitMin,TraitMax,TraitAvg,TraitStdev,TraitTotal
250.52631578947367,720.0,423.18017265385686,139.2138293199447,337.77777777777777
