SentiMin,SentiMax,SentiAvg,SentiStdev,Senti0-0.20,Senti0.21-0.40,Senti0.41-0.60,Senti0.61-0.80,Senti0.81-1.00,SentiTotal
0.05413065512710954,0.5628056929000496,0.23617481102151888,0.15668252808749245,2.0,4.0,1.0,0.0,0.0,1.4367956637402659E-5