TraitMin,TraitMax,TraitAvg,TraitStdev,TraitTotal
232.0,920.0,432.1798941798942,247.85967325381193,339.42857142857144
