SentiMin,SentiMax,SentiAvg,SentiStdev,Senti0-0.20,Senti0.21-0.40,Senti0.41-0.60,Senti0.61-0.80,Senti0.81-1.00,SentiTotal
0.03388160992574668,0.540222577411058,0.26270439755564895,0.19461066218775208,2.0,1.0,1.0,0.0,0.0,0.0034268024785345185