SentiMin,SentiMax,SentiAvg,SentiStdev,Senti0-0.20,Senti0.21-0.40,Senti0.41-0.60,Senti0.61-0.80,Senti0.81-1.00,SentiTotal
7.192109531259209E-5,0.4242514896902531,0.10650103811413818,0.146518500133788,15.0,3.0,1.0,0.0,0.0,4.90097736973469E-31