SentiMin,SentiMax,SentiAvg,SentiStdev,Senti0-0.20,Senti0.21-0.40,Senti0.41-0.60,Senti0.61-0.80,Senti0.81-1.00,SentiTotal
1.724507774444596E-7,0.16069009160775644,0.06218372540885372,0.0641887086012847,6.0,0.0,0.0,0.0,0.0,6.709411943856958E-16