TimeMin,TimeMax,TimeAvg,TimeStdev,TimeTotal
960.0,4920.0,2256.470588235294,1002.7781478676281,38360.0
