TimeMin,TimeMax,TimeAvg,TimeStdev,TimeTotal
680.0,4160.0,2101.0526315789475,927.6449793731612,39920.0
