SentiMin,SentiMax,SentiAvg,SentiStdev,Senti0-0.20,Senti0.21-0.40,Senti0.41-0.60,Senti0.61-0.80,Senti0.81-1.00,SentiTotal
2.8879732983731486E-6,0.9483995123955411,0.2231689124096467,0.28395227571313847,10.0,3.0,1.0,2.0,1.0,4.6825515712206164E-29