TraitMin,TraitMax,TraitAvg,TraitStdev,TraitTotal
130.0,560.0,236.96567407986092,100.80928916205654,202.58992805755395
