TraitMin,TraitMax,TraitAvg,TraitStdev,TraitTotal
216.0,680.0,373.04761904761904,180.39178828015307,308.9655172413793
