TimeMin,TimeMax,TimeAvg,TimeStdev,TimeTotal
480.0,3000.0,1258.1818181818182,659.1153600480266,13840.0
