SentiMin,SentiMax,SentiAvg,SentiStdev,Senti0-0.20,Senti0.21-0.40,Senti0.41-0.60,Senti0.61-0.80,Senti0.81-1.00,SentiTotal
0.03960809798836776,0.5948913905704724,0.22916462310999774,0.25866561357539225,2.0,0.0,1.0,0.0,0.0,0.0034348498386796845