SentiMin,SentiMax,SentiAvg,SentiStdev,Senti0-0.20,Senti0.21-0.40,Senti0.41-0.60,Senti0.61-0.80,Senti0.81-1.00,SentiTotal
3.113329535376095E-6,0.8840757314493582,0.20791155928702362,0.26263236233596554,7.0,3.0,1.0,0.0,1.0,1.4940198871704459E-19