SentiMin,SentiMax,SentiAvg,SentiStdev,Senti0-0.20,Senti0.21-0.40,Senti0.41-0.60,Senti0.61-0.80,Senti0.81-1.00,SentiTotal
0.06527802728002913,0.6295432755431343,0.32222185938769826,0.17379650118690285,4.0,3.0,3.0,1.0,0.0,5.213301505671989E-5