SentiMin,SentiMax,SentiAvg,SentiStdev,Senti0-0.20,Senti0.21-0.40,Senti0.41-0.60,Senti0.61-0.80,Senti0.81-1.00,SentiTotal
0.002995712556701998,0.3248947984778318,0.2067816505509031,0.14080220511201877,2.0,3.0,0.0,0.0,0.0,2.437300226825768E-5