TimeMin,TimeMax,TimeAvg,TimeStdev,TimeTotal
440.0,5200.0,2310.909090909091,1141.3505122159174,50840.0
