TraitMin,TraitMax,TraitAvg,TraitStdev,TraitTotal
113.33333333333333,490.0,278.01838684191625,108.60373723753348,232.4848484848485
