SentiMin,SentiMax,SentiAvg,SentiStdev,Senti0-0.20,Senti0.21-0.40,Senti0.41-0.60,Senti0.61-0.80,Senti0.81-1.00,SentiTotal
1.1179694635961735E-10,0.7697622300104405,0.12287330204760769,0.20746360523363283,14.0,1.0,1.0,1.0,0.0,3.875525396363017E-51