TraitMin,TraitMax,TraitAvg,TraitStdev,TraitTotal
153.68421052631578,520.0,268.6744310041524,94.60205593615574,239.81132075471697
