TimeMin,TimeMax,TimeAvg,TimeStdev,TimeTotal
720.0,3880.0,1893.3333333333333,975.7504234633409,22720.0
