TimeMin,TimeMax,TimeAvg,TimeStdev,TimeTotal
360.0,3640.0,1656.4705882352941,948.7635369969421,28160.0
