SentiMin,SentiMax,SentiAvg,SentiStdev,Senti0-0.20,Senti0.21-0.40,Senti0.41-0.60,Senti0.61-0.80,Senti0.81-1.00,SentiTotal
0.004379911268932419,0.8945808700703616,0.202957536342308,0.2830407555657977,7.0,0.0,1.0,0.0,1.0,1.11455076545754E-9