TraitMin,TraitMax,TraitAvg,TraitStdev,TraitTotal
208.0,760.0,448.60606060606057,155.61814299083355,354.87179487179486
