TraitMin,TraitMax,TraitAvg,TraitStdev,TraitTotal
211.42857142857142,840.0,500.9523809523809,250.96349482935054,342.5
