TraitMin,TraitMax,TraitAvg,TraitStdev,TraitTotal
205.71428571428572,800.0,327.4453601953602,158.30446868006288,270.4761904761905
