SentiMin,SentiMax,SentiAvg,SentiStdev,Senti0-0.20,Senti0.21-0.40,Senti0.41-0.60,Senti0.61-0.80,Senti0.81-1.00,SentiTotal
2.0264115132581313E-5,0.9999327563747115,0.24345690145576235,0.35784156302156084,15.0,1.0,2.0,1.0,3.0,4.115238626671932E-28