SentiMin,SentiMax,SentiAvg,SentiStdev,Senti0-0.20,Senti0.21-0.40,Senti0.41-0.60,Senti0.61-0.80,Senti0.81-1.00,SentiTotal
0.002653466957867947,0.5159436667231726,0.3152346938570497,0.18587142505355597,3.0,2.0,4.0,0.0,0.0,5.983565673748935E-6