SentiMin,SentiMax,SentiAvg,SentiStdev,Senti0-0.20,Senti0.21-0.40,Senti0.41-0.60,Senti0.61-0.80,Senti0.81-1.00,SentiTotal
2.098866848416034E-14,0.07903757438666616,0.01648604388801934,0.028318596371393764,6.0,0.0,0.0,0.0,0.0,4.906444704663872E-28