TraitMin,TraitMax,TraitAvg,TraitStdev,TraitTotal
114.0,1079.5,395.1247896171625,266.5870615363705,319.9834710743802
