TraitMin,TraitMax,TraitAvg,TraitStdev,TraitTotal
93.0,631.5,305.8703703703704,177.48278959822142,259.6388888888889
