TraitMin,TraitMax,TraitAvg,TraitStdev,TraitTotal
160.1,872.0,361.39080808080814,188.314197113485,276.13793103448273
