TimeMin,TimeMax,TimeAvg,TimeStdev,TimeTotal
4560.0,24608.0,10879.166666666666,6680.9098037284975,65275.0
