TraitMin,TraitMax,TraitAvg,TraitStdev,TraitTotal
176.0,909.3333333333334,427.0646641857169,248.50687207343466,395.70512820512823
