TimeMin,TimeMax,TimeAvg,TimeStdev,TimeTotal
1129.0,3417.0,2424.6666666666665,958.3820857164548,7274.0
