TraitMin,TraitMax,TraitAvg,TraitStdev,TraitTotal
322.57142857142856,873.0,475.86421410669533,182.16449768814334,395.873417721519
