SentiMin,SentiMax,SentiAvg,SentiStdev,Senti0-0.20,Senti0.21-0.40,Senti0.41-0.60,Senti0.61-0.80,Senti0.81-1.00,SentiTotal
1.0296212495818245E-5,0.5628056929000496,0.24338438768567514,0.2130149879192586,4.0,2.0,3.0,0.0,0.0,3.824310632618169E-11