SentiMin,SentiMax,SentiAvg,SentiStdev,Senti0-0.20,Senti0.21-0.40,Senti0.41-0.60,Senti0.61-0.80,Senti0.81-1.00,SentiTotal
1.4365886257681518E-6,0.3029968537174699,0.08093197458360729,0.08418981520098688,8.0,1.0,0.0,0.0,0.0,1.0840710419716694E-15