TraitMin,TraitMax,TraitAvg,TraitStdev,TraitTotal
319.5,365.0,341.48261904761904,17.62949913145153,337.45217391304345
