SentiMin,SentiMax,SentiAvg,SentiStdev,Senti0-0.20,Senti0.21-0.40,Senti0.41-0.60,Senti0.61-0.80,Senti0.81-1.00,SentiTotal
0.003304157479003741,0.48728019602140255,0.19428929637439174,0.18723235061386276,2.0,1.0,1.0,0.0,0.0,6.296942004087272E-5