TimeMin,TimeMax,TimeAvg,TimeStdev,TimeTotal
186.0,2520.0,1038.5555555555557,715.9053492856458,9347.0
