SentiMin,SentiMax,SentiAvg,SentiStdev,Senti0-0.20,Senti0.21-0.40,Senti0.41-0.60,Senti0.61-0.80,Senti0.81-1.00,SentiTotal
0.20743004369493,0.49789225920557484,0.32782900258386116,0.10565355151267586,0.0,3.0,1.0,0.0,0.0,0.04789064971974598