SentiMin,SentiMax,SentiAvg,SentiStdev,Senti0-0.20,Senti0.21-0.40,Senti0.41-0.60,Senti0.61-0.80,Senti0.81-1.00,SentiTotal
7.001035429778711E-5,0.06344621630516761,0.022177974754209285,0.029205855983123915,3.0,0.0,0.0,0.0,0.0,1.4600812832223513E-8