TimeMin,TimeMax,TimeAvg,TimeStdev,TimeTotal
873.0,9032.0,4467.714285714285,3164.425504812873,31274.0
