SentiMin,SentiMax,SentiAvg,SentiStdev,Senti0-0.20,Senti0.21-0.40,Senti0.41-0.60,Senti0.61-0.80,Senti0.81-1.00,SentiTotal
0.003059894991297333,0.08818386819706098,0.04562188159417915,0.042561986602881824,2.0,0.0,0.0,0.0,0.0,2.992615250393189E-4