SentiMin,SentiMax,SentiAvg,SentiStdev,Senti0-0.20,Senti0.21-0.40,Senti0.41-0.60,Senti0.61-0.80,Senti0.81-1.00,SentiTotal
2.272648260198919E-8,0.49789225920557484,0.17927734884512647,0.20456665378401723,2.0,1.0,1.0,0.0,0.0,1.9389592672898675E-14