TraitMin,TraitMax,TraitAvg,TraitStdev,TraitTotal
224.76923076923077,356.35,275.83536324786326,48.80172372834167,291.0208333333333
