TraitMin,TraitMax,TraitAvg,TraitStdev,TraitTotal
217.88888888888889,556.5,366.9570333880679,136.708267442475,362.2923076923077
