TraitMin,TraitMax,TraitAvg,TraitStdev,TraitTotal
229.84615384615384,414.54545454545456,298.9257781289031,65.11084669895028,288.8274336283186
