TraitMin,TraitMax,TraitAvg,TraitStdev,TraitTotal
270.85714285714283,465.75,368.30357142857144,97.44642857142858,341.72727272727275
