SentiMin,SentiMax,SentiAvg,SentiStdev,Senti0-0.20,Senti0.21-0.40,Senti0.41-0.60,Senti0.61-0.80,Senti0.81-1.00,SentiTotal
0.018262315171538025,0.5159436667231726,0.15311126043244183,0.17893737187443856,5.0,1.0,1.0,0.0,0.0,2.4327385856200207E-8