SentiMin,SentiMax,SentiAvg,SentiStdev,Senti0-0.20,Senti0.21-0.40,Senti0.41-0.60,Senti0.61-0.80,Senti0.81-1.00,SentiTotal
0.0014119572178283692,0.49789225920557484,0.2426597360811081,0.19970781206062713,2.0,2.0,1.0,0.0,0.0,8.41962077767838E-6