SentiMin,SentiMax,SentiAvg,SentiStdev,Senti0-0.20,Senti0.21-0.40,Senti0.41-0.60,Senti0.61-0.80,Senti0.81-1.00,SentiTotal
2.9195460633693317E-4,0.49789225920557484,0.1441074548734179,0.15599526041771392,9.0,4.0,1.0,0.0,0.0,1.0024863401415832E-19