SentiMin,SentiMax,SentiAvg,SentiStdev,Senti0-0.20,Senti0.21-0.40,Senti0.41-0.60,Senti0.61-0.80,Senti0.81-1.00,SentiTotal
0.0026305763378368465,0.49789225920557484,0.2865336931541363,0.17795290640911268,4.0,4.0,5.0,0.0,0.0,6.6954073584373E-9