SentiMin,SentiMax,SentiAvg,SentiStdev,Senti0-0.20,Senti0.21-0.40,Senti0.41-0.60,Senti0.61-0.80,Senti0.81-1.00,SentiTotal
0.09639420520641327,0.551077815994506,0.33779234134960223,0.1322789726521244,2.0,6.0,1.0,0.0,0.0,0.00113038710237255