TraitMin,TraitMax,TraitAvg,TraitStdev,TraitTotal
208.0,580.0,365.3333333333333,120.21185003521445,336.2962962962963
