TraitMin,TraitMax,TraitAvg,TraitStdev,TraitTotal
200.0,880.0,432.5918367346939,216.95831810744414,386.6666666666667
