TraitMin,TraitMax,TraitAvg,TraitStdev,TraitTotal
226.66666666666666,1360.0,523.1666666666666,249.6296701560578,470.7692307692308
