TimeMin,TimeMax,TimeAvg,TimeStdev,TimeTotal
600.0,3440.0,1493.3333333333333,929.9940262651631,8960.0
