TraitMin,TraitMax,TraitAvg,TraitStdev,TraitTotal
280.0,1000.0,507.948717948718,223.97168037380854,413.6842105263158
