TraitMin,TraitMax,TraitAvg,TraitStdev,TraitTotal
240.0,1080.0,564.4444444444445,229.15841735994246,501.3333333333333
