TraitMin,TraitMax,TraitAvg,TraitStdev,TraitTotal
213.33333333333334,2040.0,591.6296296296297,466.46294789171617,465.55555555555554
