TraitMin,TraitMax,TraitAvg,TraitStdev,TraitTotal
160.0,720.0,331.72916666666663,155.87569153911593,282.17391304347825
