SentiMin,SentiMax,SentiAvg,SentiStdev,Senti0-0.20,Senti0.21-0.40,Senti0.41-0.60,Senti0.61-0.80,Senti0.81-1.00,SentiTotal
0.1478033335894025,0.8413791045747393,0.31374817265605665,0.2651738777441234,3.0,1.0,0.0,0.0,1.0,0.012560059375739733