TimeMin,TimeMax,TimeAvg,TimeStdev,TimeTotal
400.0,2840.0,1146.6666666666667,629.9911815961306,13760.0
