SentiMin,SentiMax,SentiAvg,SentiStdev,Senti0-0.20,Senti0.21-0.40,Senti0.41-0.60,Senti0.61-0.80,Senti0.81-1.00,SentiTotal
0.00501862257277248,0.7300840865009319,0.3024112010680538,0.21550632655851218,4.0,3.0,2.0,1.0,0.0,1.0651352518842559E-6