TimeMin,TimeMax,TimeAvg,TimeStdev,TimeTotal
440.0,4080.0,1396.6666666666667,1117.7904792739807,16760.0
