TimeMin,TimeMax,TimeAvg,TimeStdev,TimeTotal
440.0,1400.0,835.5555555555555,353.4940235581898,7520.0
