TimeMin,TimeMax,TimeAvg,TimeStdev,TimeTotal
480.0,4040.0,1513.3333333333333,915.7631911265172,18160.0
