SentiMin,SentiMax,SentiAvg,SentiStdev,Senti0-0.20,Senti0.21-0.40,Senti0.41-0.60,Senti0.61-0.80,Senti0.81-1.00,SentiTotal
4.325889028842709E-4,0.49789225920557484,0.21310423908456946,0.19435582794777226,5.0,1.0,2.0,0.0,0.0,3.6091954748824424E-9