TraitMin,TraitMax,TraitAvg,TraitStdev,TraitTotal
236.92307692307693,400.0,310.08547008547004,67.62147723113266,264.44444444444446
