TraitMin,TraitMax,TraitAvg,TraitStdev,TraitTotal
210.0,608.8888888888889,430.02777777777777,127.70555628060305,438.8888888888889
