SentiMin,SentiMax,SentiAvg,SentiStdev,Senti0-0.20,Senti0.21-0.40,Senti0.41-0.60,Senti0.61-0.80,Senti0.81-1.00,SentiTotal
0.021568115322254156,0.6387765042918215,0.349946291451371,0.1426312138214783,2.0,9.0,8.0,1.0,0.0,3.449130040694601E-7