TraitMin,TraitMax,TraitAvg,TraitStdev,TraitTotal
152.0,1040.0,515.4545454545455,255.20913478819455,387.5
