TimeMin,TimeMax,TimeAvg,TimeStdev,TimeTotal
480.0,2680.0,1209.2307692307693,645.7727814077492,15720.0
