SentiMin,SentiMax,SentiAvg,SentiStdev,Senti0-0.20,Senti0.21-0.40,Senti0.41-0.60,Senti0.61-0.80,Senti0.81-1.00,SentiTotal
0.003950620869191343,0.5136446707795853,0.1870669410603015,0.20694443117899022,11.0,0.0,5.0,0.0,0.0,2.3341763642311298E-17