SentiMin,SentiMax,SentiAvg,SentiStdev,Senti0-0.20,Senti0.21-0.40,Senti0.41-0.60,Senti0.61-0.80,Senti0.81-1.00,SentiTotal
0.0010833721890556535,0.49789225920557484,0.20145223419664862,0.1563689119641048,5.0,6.0,1.0,0.0,0.0,1.6021865941097523E-11