TraitMin,TraitMax,TraitAvg,TraitStdev,TraitTotal
213.33333333333334,693.3333333333334,380.52118758434545,153.78157064107555,333.9130434782609
