TimeMin,TimeMax,TimeAvg,TimeStdev,TimeTotal
480.0,2800.0,1127.2727272727273,674.0527482608587,12400.0
