SentiMin,SentiMax,SentiAvg,SentiStdev,Senti0-0.20,Senti0.21-0.40,Senti0.41-0.60,Senti0.61-0.80,Senti0.81-1.00,SentiTotal
3.8960312259071165E-4,0.49789225920557484,0.1804290240655614,0.1735129314580958,7.0,4.0,1.0,0.0,0.0,2.6937748562185105E-14