SentiMin,SentiMax,SentiAvg,SentiStdev,Senti0-0.20,Senti0.21-0.40,Senti0.41-0.60,Senti0.61-0.80,Senti0.81-1.00,SentiTotal
0.15857994053761237,0.5028944701579606,0.3281966241196099,0.13365344371629936,2.0,2.0,4.0,0.0,0.0,5.294212718728433E-4