TimeMin,TimeMax,TimeAvg,TimeStdev,TimeTotal
400.0,3920.0,1543.3333333333333,1197.0472932270563,18520.0
