TimeMin,TimeMax,TimeAvg,TimeStdev,TimeTotal
520.0,6080.0,2071.4285714285716,1933.2387966565225,29000.0
