TraitMin,TraitMax,TraitAvg,TraitStdev,TraitTotal
180.0,1040.0,466.74603174603175,252.39738441066385,356.15384615384613
