SentiMin,SentiMax,SentiAvg,SentiStdev,Senti0-0.20,Senti0.21-0.40,Senti0.41-0.60,Senti0.61-0.80,Senti0.81-1.00,SentiTotal
0.025621361603123092,0.4849371208751069,0.28631239506842543,0.16433587449863768,2.0,3.0,3.0,0.0,0.0,6.72759025572593E-5