TraitMin,TraitMax,TraitAvg,TraitStdev,TraitTotal
177.14285714285714,680.0,390.0952380952381,195.01413403047312,272.0
