TraitMin,TraitMax,TraitAvg,TraitStdev,TraitTotal
210.0,520.0,329.7976190476191,100.08950147237553,277.3333333333333
