TraitMin,TraitMax,TraitAvg,TraitStdev,TraitTotal
192.0,560.0,408.3484848484848,130.71177170991348,358.3673469387755
