TimeMin,TimeMax,TimeAvg,TimeStdev,TimeTotal
800.0,3080.0,1586.6666666666667,1056.4510821088163,4760.0
