SentiMin,SentiMax,SentiAvg,SentiStdev,Senti0-0.20,Senti0.21-0.40,Senti0.41-0.60,Senti0.61-0.80,Senti0.81-1.00,SentiTotal
0.0010843327845773448,0.18823927782660255,0.08260086265249815,0.07828640740453979,3.0,0.0,0.0,0.0,0.0,1.590017504719313E-5