TraitMin,TraitMax,TraitAvg,TraitStdev,TraitTotal
184.0,1120.0,501.0666666666666,273.37807763852123,379.2
