SentiMin,SentiMax,SentiAvg,SentiStdev,Senti0-0.20,Senti0.21-0.40,Senti0.41-0.60,Senti0.61-0.80,Senti0.81-1.00,SentiTotal
4.522317537935275E-8,0.593561053423962,0.11814421978403661,0.16842987785257155,10.0,2.0,1.0,0.0,0.0,4.148785695222561E-29