SentiMin,SentiMax,SentiAvg,SentiStdev,Senti0-0.20,Senti0.21-0.40,Senti0.41-0.60,Senti0.61-0.80,Senti0.81-1.00,SentiTotal
6.211253040647729E-4,0.6914863946183816,0.27023738887696674,0.20190954584919937,3.0,6.0,2.0,1.0,0.0,2.2853105287214053E-9