TraitMin,TraitMax,TraitAvg,TraitStdev,TraitTotal
165.71428571428572,313.3333333333333,255.1428571428571,48.864104210269815,250.76923076923077
