TimeMin,TimeMax,TimeAvg,TimeStdev,TimeTotal
600.0,7640.0,2363.076923076923,2004.4542115973948,30720.0
