SentiMin,SentiMax,SentiAvg,SentiStdev,Senti0-0.20,Senti0.21-0.40,Senti0.41-0.60,Senti0.61-0.80,Senti0.81-1.00,SentiTotal
0.3397172522164106,0.49789225920557484,0.4752958296356943,0.05534972245494505,0.0,1.0,6.0,0.0,0.0,0.3397172522164106