TraitMin,TraitMax,TraitAvg,TraitStdev,TraitTotal
230.0,666.6666666666666,419.8871835235472,121.94823068789557,411.8918918918919
