TraitMin,TraitMax,TraitAvg,TraitStdev,TraitTotal
260.0,1000.0,527.5714285714286,230.05993008034108,365.51724137931035
