SentiMin,SentiMax,SentiAvg,SentiStdev,Senti0-0.20,Senti0.21-0.40,Senti0.41-0.60,Senti0.61-0.80,Senti0.81-1.00,SentiTotal
0.2575183149572134,0.6824837810859113,0.4700010480215624,0.21248273306434898,0.0,1.0,0.0,1.0,0.0,0.42916310294543725