TraitMin,TraitMax,TraitAvg,TraitStdev,TraitTotal
249.23076923076923,500.0,365.25156695156693,86.72451893717752,354.1666666666667
