SentiMin,SentiMax,SentiAvg,SentiStdev,Senti0-0.20,Senti0.21-0.40,Senti0.41-0.60,Senti0.61-0.80,Senti0.81-1.00,SentiTotal
0.39858517166054624,0.8232975942751998,0.5668302070298525,0.15150067517112056,0.0,1.0,5.0,0.0,2.0,0.9360279927707863