TraitMin,TraitMax,TraitAvg,TraitStdev,TraitTotal
260.0,586.6666666666666,394.81746031746025,103.08416640819071,416.85714285714283
