TimeMin,TimeMax,TimeAvg,TimeStdev,TimeTotal
600.0,2880.0,1731.4285714285713,694.0446377457818,12120.0
