TimeMin,TimeMax,TimeAvg,TimeStdev,TimeTotal
360.0,13960.0,4994.285714285715,4205.65217345439,34960.0
