SentiMin,SentiMax,SentiAvg,SentiStdev,Senti0-0.20,Senti0.21-0.40,Senti0.41-0.60,Senti0.61-0.80,Senti0.81-1.00,SentiTotal
0.21921412548362115,0.7704927801065807,0.49422419925171784,0.15313039027005915,0.0,2.0,5.0,2.0,0.0,0.46450815961791514