TraitMin,TraitMax,TraitAvg,TraitStdev,TraitTotal
220.95238095238096,511.42857142857144,351.39276763336915,97.28349962383605,342.7450980392157
