TraitMin,TraitMax,TraitAvg,TraitStdev,TraitTotal
130.0,440.0,318.2857142857143,104.74692533600658,295.609756097561
