TimeMin,TimeMax,TimeAvg,TimeStdev,TimeTotal
560.0,6280.0,2770.909090909091,1752.9686744359465,30480.0
