TraitMin,TraitMax,TraitAvg,TraitStdev,TraitTotal
236.36363636363637,305.0,270.6818181818182,34.31818181818181,265.2631578947368
