SentiMin,SentiMax,SentiAvg,SentiStdev,Senti0-0.20,Senti0.21-0.40,Senti0.41-0.60,Senti0.61-0.80,Senti0.81-1.00,SentiTotal
0.3725123196158991,0.8232975942751998,0.5315786154631194,0.14116291461645758,0.0,2.0,5.0,1.0,1.0,0.817244687045308