TimeMin,TimeMax,TimeAvg,TimeStdev,TimeTotal
440.0,2560.0,1666.6666666666667,590.2918298980975,15000.0
