TraitMin,TraitMax,TraitAvg,TraitStdev,TraitTotal
250.0,840.0,479.037037037037,194.69079280001247,416.6666666666667
