SentiMin,SentiMax,SentiAvg,SentiStdev,Senti0-0.20,Senti0.21-0.40,Senti0.41-0.60,Senti0.61-0.80,Senti0.81-1.00,SentiTotal
0.005886112813839199,0.578943005622726,0.2424494462924077,0.20905166202768588,4.0,1.0,2.0,0.0,0.0,5.2150201835734075E-6