SentiMin,SentiMax,SentiAvg,SentiStdev,Senti0-0.20,Senti0.21-0.40,Senti0.41-0.60,Senti0.61-0.80,Senti0.81-1.00,SentiTotal
0.12396642345116723,0.44302228264674043,0.2834943530489538,0.15952792959778658,1.0,0.0,1.0,0.0,0.0,0.10193859510728186