TimeMin,TimeMax,TimeAvg,TimeStdev,TimeTotal
640.0,3920.0,1784.4444444444443,990.2761804568697,32120.0
