SentiMin,SentiMax,SentiAvg,SentiStdev,Senti0-0.20,Senti0.21-0.40,Senti0.41-0.60,Senti0.61-0.80,Senti0.81-1.00,SentiTotal
9.294561931592772E-5,0.6615796710358065,0.24258841182497443,0.1877460479674988,5.0,4.0,0.0,1.0,0.0,1.9446924652948373E-9