SentiMin,SentiMax,SentiAvg,SentiStdev,Senti0-0.20,Senti0.21-0.40,Senti0.41-0.60,Senti0.61-0.80,Senti0.81-1.00,SentiTotal
6.443020413351107E-7,0.8284624088520322,0.2811937018664674,0.24747328514645267,5.0,6.0,1.0,1.0,1.0,1.2645475347670764E-14