SentiMin,SentiMax,SentiAvg,SentiStdev,Senti0-0.20,Senti0.21-0.40,Senti0.41-0.60,Senti0.61-0.80,Senti0.81-1.00,SentiTotal
0.040431814285862476,0.0556276522972128,0.04978277283032103,0.0066807093480864,3.0,0.0,0.0,0.0,0.0,1.4206108104700536E-4