TraitMin,TraitMax,TraitAvg,TraitStdev,TraitTotal
302.85714285714283,920.0,456.6938775510204,198.77243428873518,385.0
