TraitMin,TraitMax,TraitAvg,TraitStdev,TraitTotal
205.0,1040.0,537.2914462081129,243.65527883958615,407.2289156626506
