TimeMin,TimeMax,TimeAvg,TimeStdev,TimeTotal
800.0,4360.0,1877.7777777777778,1135.7990606497433,33800.0
