SentiMin,SentiMax,SentiAvg,SentiStdev,Senti0-0.20,Senti0.21-0.40,Senti0.41-0.60,Senti0.61-0.80,Senti0.81-1.00,SentiTotal
3.417982179594394E-5,0.49789225920557484,0.26328066974956754,0.17748148238213474,7.0,6.0,5.0,0.0,0.0,3.194375178820956E-16