TraitMin,TraitMax,TraitAvg,TraitStdev,TraitTotal
290.0,630.0,478.0,112.32096865679178,477.6470588235294
