TimeMin,TimeMax,TimeAvg,TimeStdev,TimeTotal
960.0,4200.0,1922.857142857143,981.5980307017486,26920.0
