TraitMin,TraitMax,TraitAvg,TraitStdev,TraitTotal
208.0,1240.0,600.989898989899,383.99585764949364,358.8235294117647
