TraitMin,TraitMax,TraitAvg,TraitStdev,TraitTotal
220.0,1000.0,525.5384615384615,192.97958523010112,499.5348837209302
