TimeMin,TimeMax,TimeAvg,TimeStdev,TimeTotal
720.0,4440.0,1765.7142857142858,1114.051257385239,24720.0
