TraitMin,TraitMax,TraitAvg,TraitStdev,TraitTotal
208.0,1000.0,492.5584415584416,244.21095817264728,401.7910447761194
