SentiMin,SentiMax,SentiAvg,SentiStdev,Senti0-0.20,Senti0.21-0.40,Senti0.41-0.60,Senti0.61-0.80,Senti0.81-1.00,SentiTotal
0.0056023788262657475,0.6921459309296395,0.3130885740977058,0.2510734840483311,6.0,4.0,0.0,4.0,0.0,1.3860860528312646E-8