SentiMin,SentiMax,SentiAvg,SentiStdev,Senti0-0.20,Senti0.21-0.40,Senti0.41-0.60,Senti0.61-0.80,Senti0.81-1.00,SentiTotal
0.028020207708951465,0.5628056929000496,0.2252196897930846,0.15251702317785312,3.0,4.0,1.0,0.0,0.0,6.104422243899936E-6