TraitMin,TraitMax,TraitAvg,TraitStdev,TraitTotal
232.0,820.0,433.38095238095235,165.12168947658242,418.9830508474576
