SentiMin,SentiMax,SentiAvg,SentiStdev,Senti0-0.20,Senti0.21-0.40,Senti0.41-0.60,Senti0.61-0.80,Senti0.81-1.00,SentiTotal
1.494061428598496E-5,0.49789225920557484,0.16437969111418968,0.1804598873252197,4.0,1.0,1.0,0.0,0.0,2.4566295563153486E-10