TimeMin,TimeMax,TimeAvg,TimeStdev,TimeTotal
600.0,4600.0,1556.3636363636363,858.828723820707,34240.0
