SentiMin,SentiMax,SentiAvg,SentiStdev,Senti0-0.20,Senti0.21-0.40,Senti0.41-0.60,Senti0.61-0.80,Senti0.81-1.00,SentiTotal
0.017081670640681612,0.458625450085066,0.19381849405625912,0.16294708944583566,5.0,4.0,1.0,0.0,0.0,3.228171738097127E-9