TraitMin,TraitMax,TraitAvg,TraitStdev,TraitTotal
320.0,1360.0,630.8333333333334,313.11938617722154,572.6315789473684
