TimeMin,TimeMax,TimeAvg,TimeStdev,TimeTotal
1000.0,3160.0,2033.3333333333333,734.0905181848414,12200.0
