SentiMin,SentiMax,SentiAvg,SentiStdev,Senti0-0.20,Senti0.21-0.40,Senti0.41-0.60,Senti0.61-0.80,Senti0.81-1.00,SentiTotal
3.0583125680744473E-4,0.6615796710358065,0.29273532188760587,0.19071456258191546,4.0,5.0,3.0,1.0,0.0,3.585854206603582E-10