TraitMin,TraitMax,TraitAvg,TraitStdev,TraitTotal
360.0,1000.0,598.8,260.30167114331016,482.7586206896552
