TraitMin,TraitMax,TraitAvg,TraitStdev,TraitTotal
186.66666666666666,528.0,360.57142857142856,106.52337313915342,343.75
