SentiMin,SentiMax,SentiAvg,SentiStdev,Senti0-0.20,Senti0.21-0.40,Senti0.41-0.60,Senti0.61-0.80,Senti0.81-1.00,SentiTotal
0.00959299118651774,0.9857288686999659,0.29369526775533755,0.26743230076601626,8.0,0.0,6.0,0.0,1.0,5.955842491627354E-9