TraitMin,TraitMax,TraitAvg,TraitStdev,TraitTotal
260.0,800.0,532.0,220.39963702329456,341.1764705882353
