TraitMin,TraitMax,TraitAvg,TraitStdev,TraitTotal
160.0,840.0,357.5347985347986,170.70838452143525,298.8235294117647
