TraitMin,TraitMax,TraitAvg,TraitStdev,TraitTotal
212.0,960.0,577.9555555555556,234.9971746612402,426.9387755102041
