TraitMin,TraitMax,TraitAvg,TraitStdev,TraitTotal
192.0,2760.0,877.8333333333334,656.0749237362724,658.1818181818181
