TimeMin,TimeMax,TimeAvg,TimeStdev,TimeTotal
560.0,2800.0,1474.6666666666667,633.7808944913236,22120.0
