TimeMin,TimeMax,TimeAvg,TimeStdev,TimeTotal
400.0,8320.0,2701.5384615384614,2162.7114255163983,35120.0
