SentiMin,SentiMax,SentiAvg,SentiStdev,Senti0-0.20,Senti0.21-0.40,Senti0.41-0.60,Senti0.61-0.80,Senti0.81-1.00,SentiTotal
0.3423891771591152,0.3996580091506196,0.3617566196158908,0.026802489624834832,0.0,3.0,0.0,0.0,0.0,0.15555777376843438