SentiMin,SentiMax,SentiAvg,SentiStdev,Senti0-0.20,Senti0.21-0.40,Senti0.41-0.60,Senti0.61-0.80,Senti0.81-1.00,SentiTotal
0.0045043827637190345,0.39697510199130176,0.21897644062293864,0.1439410282649727,2.0,3.0,0.0,0.0,0.0,1.3876569983264144E-4