SentiMin,SentiMax,SentiAvg,SentiStdev,Senti0-0.20,Senti0.21-0.40,Senti0.41-0.60,Senti0.61-0.80,Senti0.81-1.00,SentiTotal
0.004550164771455888,0.5383572751441414,0.2416844375990257,0.18778447220723168,5.0,3.0,3.0,0.0,0.0,2.777375168551884E-9