TimeMin,TimeMax,TimeAvg,TimeStdev,TimeTotal
400.0,4360.0,1777.7777777777778,1207.5482762631782,16000.0
