TraitMin,TraitMax,TraitAvg,TraitStdev,TraitTotal
190.0,1840.0,498.29411764705884,367.4313218002893,372.8205128205128
