TimeMin,TimeMax,TimeAvg,TimeStdev,TimeTotal
520.0,7880.0,2509.4736842105262,2174.9518414129016,47680.0
