SentiMin,SentiMax,SentiAvg,SentiStdev,Senti0-0.20,Senti0.21-0.40,Senti0.41-0.60,Senti0.61-0.80,Senti0.81-1.00,SentiTotal
0.05079158557780022,0.39697510199130176,0.2736158618763572,0.12959623513889368,1.0,4.0,0.0,0.0,0.0,0.0029343394372275833