SentiMin,SentiMax,SentiAvg,SentiStdev,Senti0-0.20,Senti0.21-0.40,Senti0.41-0.60,Senti0.61-0.80,Senti0.81-1.00,SentiTotal
3.927255416849208E-5,0.49789225920557484,0.15977141246517054,0.18367068022525906,13.0,4.0,2.0,0.0,0.0,1.1182011999080732E-28