TraitMin,TraitMax,TraitAvg,TraitStdev,TraitTotal
160.0,1520.0,453.2310606060606,338.1094184807015,320.5217391304348
