TraitMin,TraitMax,TraitAvg,TraitStdev,TraitTotal
140.0,1080.0,352.15260373155115,196.50050161681898,326.5753424657534
