TraitMin,TraitMax,TraitAvg,TraitStdev,TraitTotal
226.66666666666666,760.0,435.2820512820514,190.61432917072918,332.72727272727275
