TimeMin,TimeMax,TimeAvg,TimeStdev,TimeTotal
360.0,4760.0,1571.4285714285713,1494.7854941326489,11000.0
