SentiMin,SentiMax,SentiAvg,SentiStdev,Senti0-0.20,Senti0.21-0.40,Senti0.41-0.60,Senti0.61-0.80,Senti0.81-1.00,SentiTotal
1.0055437162066099E-4,0.38052268397165373,0.13964166865546704,0.13184597473337642,14.0,5.0,0.0,0.0,0.0,1.0344785757484382E-27