TimeMin,TimeMax,TimeAvg,TimeStdev,TimeTotal
560.0,4480.0,1393.3333333333333,1390.3316950361964,8360.0
