TimeMin,TimeMax,TimeAvg,TimeStdev,TimeTotal
520.0,4120.0,1871.578947368421,1135.5001826595824,35560.0
