TraitMin,TraitMax,TraitAvg,TraitStdev,TraitTotal
298.6666666666667,960.0,616.4444444444445,221.35162798108473,398.0952380952381
