SentiMin,SentiMax,SentiAvg,SentiStdev,Senti0-0.20,Senti0.21-0.40,Senti0.41-0.60,Senti0.61-0.80,Senti0.81-1.00,SentiTotal
9.668416657895729E-5,0.7101210870189106,0.16491761509169794,0.2025235532372928,9.0,2.0,1.0,1.0,0.0,1.5385063201652776E-19