SentiMin,SentiMax,SentiAvg,SentiStdev,Senti0-0.20,Senti0.21-0.40,Senti0.41-0.60,Senti0.61-0.80,Senti0.81-1.00,SentiTotal
0.07064732272011756,0.49789225920557484,0.37244917073884615,0.10495777847534092,1.0,6.0,8.0,0.0,0.0,6.333875905757006E-6