TimeMin,TimeMax,TimeAvg,TimeStdev,TimeTotal
440.0,4040.0,1710.5882352941176,966.6952229008059,29080.0
