TimeMin,TimeMax,TimeAvg,TimeStdev,TimeTotal
560.0,2160.0,1394.6666666666667,578.7096758210363,20920.0
