SentiMin,SentiMax,SentiAvg,SentiStdev,Senti0-0.20,Senti0.21-0.40,Senti0.41-0.60,Senti0.61-0.80,Senti0.81-1.00,SentiTotal
1.3979517197620638E-6,0.49789225920557484,0.3025302301602134,0.16045445657626883,1.0,4.0,1.0,0.0,0.0,7.688633271762056E-8