SentiMin,SentiMax,SentiAvg,SentiStdev,Senti0-0.20,Senti0.21-0.40,Senti0.41-0.60,Senti0.61-0.80,Senti0.81-1.00,SentiTotal
0.01616508338331113,0.9932712536462488,0.3974636708323203,0.2435125340977614,3.0,2.0,6.0,0.0,1.0,0.0020360981987359874