TraitMin,TraitMax,TraitAvg,TraitStdev,TraitTotal
360.0,640.0,486.6666666666667,115.85431464655177,456.0
