TraitMin,TraitMax,TraitAvg,TraitStdev,TraitTotal
213.33333333333334,456.0,369.77777777777777,110.81560704806927,431.53846153846155
