SentiMin,SentiMax,SentiAvg,SentiStdev,Senti0-0.20,Senti0.21-0.40,Senti0.41-0.60,Senti0.61-0.80,Senti0.81-1.00,SentiTotal
9.962254865356762E-5,0.551077815994506,0.2637611745813565,0.2096663117581753,8.0,1.0,8.0,0.0,0.0,4.981130213915228E-16