TraitMin,TraitMax,TraitAvg,TraitStdev,TraitTotal
245.71428571428572,616.0,383.89666473877,103.82025534707132,377.63440860215053
