SentiMin,SentiMax,SentiAvg,SentiStdev,Senti0-0.20,Senti0.21-0.40,Senti0.41-0.60,Senti0.61-0.80,Senti0.81-1.00,SentiTotal
2.533577503321746E-5,0.44846293211155425,0.20943112720801363,0.19041734717045672,4.0,1.0,3.0,0.0,0.0,8.669066606814267E-11