TimeMin,TimeMax,TimeAvg,TimeStdev,TimeTotal
680.0,3360.0,1697.142857142857,712.1339016488058,23760.0
