TimeMin,TimeMax,TimeAvg,TimeStdev,TimeTotal
320.0,3040.0,1342.857142857143,663.4480125119997,18800.0
