SentiMin,SentiMax,SentiAvg,SentiStdev,Senti0-0.20,Senti0.21-0.40,Senti0.41-0.60,Senti0.61-0.80,Senti0.81-1.00,SentiTotal
0.002671203624911801,0.49789225920557484,0.24021396736914044,0.1884502567969845,6.0,4.0,4.0,0.0,0.0,3.1060827530104806E-12