SentiMin,SentiMax,SentiAvg,SentiStdev,Senti0-0.20,Senti0.21-0.40,Senti0.41-0.60,Senti0.61-0.80,Senti0.81-1.00,SentiTotal
0.008034501796152236,0.49789225920557484,0.30063901477094157,0.16618618004950228,3.0,5.0,6.0,0.0,0.0,7.704833381444729E-8