SentiMin,SentiMax,SentiAvg,SentiStdev,Senti0-0.20,Senti0.21-0.40,Senti0.41-0.60,Senti0.61-0.80,Senti0.81-1.00,SentiTotal
0.017953013732316083,0.49789225920557484,0.2909910325898963,0.17776506143783868,4.0,2.0,4.0,0.0,0.0,3.1797433974254774E-6