SentiMin,SentiMax,SentiAvg,SentiStdev,Senti0-0.20,Senti0.21-0.40,Senti0.41-0.60,Senti0.61-0.80,Senti0.81-1.00,SentiTotal
2.2296750240458272E-4,0.49789225920557484,0.21363772858528343,0.17985824885885698,10.0,5.0,5.0,0.0,0.0,2.2167692157072385E-22