SentiMin,SentiMax,SentiAvg,SentiStdev,Senti0-0.20,Senti0.21-0.40,Senti0.41-0.60,Senti0.61-0.80,Senti0.81-1.00,SentiTotal
0.002314355963270062,0.6615890016673823,0.33045642929634433,0.23219226083561248,3.0,1.0,3.0,1.0,0.0,1.848362371735355E-6