TraitMin,TraitMax,TraitAvg,TraitStdev,TraitTotal
310.0,1280.0,714.8666666666667,336.6367049374015,532.8571428571429
