TraitMin,TraitMax,TraitAvg,TraitStdev,TraitTotal
193.33333333333334,1640.0,587.4166666666666,464.93314184825425,369.14285714285717
