TraitMin,TraitMax,TraitAvg,TraitStdev,TraitTotal
195.55555555555554,1120.0,565.964590964591,311.8823583327457,375.7894736842105
