TimeMin,TimeMax,TimeAvg,TimeStdev,TimeTotal
360.0,3440.0,1454.2857142857142,891.4331501713909,20360.0
