SentiMin,SentiMax,SentiAvg,SentiStdev,Senti0-0.20,Senti0.21-0.40,Senti0.41-0.60,Senti0.61-0.80,Senti0.81-1.00,SentiTotal
0.006116635385121882,0.49789225920557484,0.2424576088200466,0.182183291685076,6.0,6.0,3.0,0.0,0.0,3.4462649652168383E-12