TimeMin,TimeMax,TimeAvg,TimeStdev,TimeTotal
470.0,3040.0,1428.6666666666667,654.0832430882853,21430.0
