TraitMin,TraitMax,TraitAvg,TraitStdev,TraitTotal
306.6666666666667,1280.0,801.1904761904763,369.36292214293553,544.7619047619048
