SentiMin,SentiMax,SentiAvg,SentiStdev,Senti0-0.20,Senti0.21-0.40,Senti0.41-0.60,Senti0.61-0.80,Senti0.81-1.00,SentiTotal
0.014264269440938669,0.6584547019945785,0.3484104222792907,0.18926081796107763,3.0,4.0,6.0,1.0,0.0,1.985629655683445E-6