TraitMin,TraitMax,TraitAvg,TraitStdev,TraitTotal
186.66666666666666,1480.0,505.63174603174605,335.7272716764933,380.74074074074076
