TraitMin,TraitMax,TraitAvg,TraitStdev,TraitTotal
200.0,1000.0,664.0740740740741,295.32061580250337,625.8823529411765
