SentiMin,SentiMax,SentiAvg,SentiStdev,Senti0-0.20,Senti0.21-0.40,Senti0.41-0.60,Senti0.61-0.80,Senti0.81-1.00,SentiTotal
0.08021172632766868,0.5159436667231726,0.32302726563980333,0.13923055509710663,1.0,6.0,2.0,0.0,0.0,1.426847611463664E-4