SentiMin,SentiMax,SentiAvg,SentiStdev,Senti0-0.20,Senti0.21-0.40,Senti0.41-0.60,Senti0.61-0.80,Senti0.81-1.00,SentiTotal
5.389109764677317E-7,0.5355024483349023,0.1668442220818753,0.2085340087850918,8.0,2.0,2.0,0.0,0.0,1.8874245662479018E-27