TimeMin,TimeMax,TimeAvg,TimeStdev,TimeTotal
200.0,2480.0,1182.2222222222222,666.9628971485891,10640.0
