TimeMin,TimeMax,TimeAvg,TimeStdev,TimeTotal
640.0,4280.0,1846.6666666666667,1041.8999738725188,22160.0
