TraitMin,TraitMax,TraitAvg,TraitStdev,TraitTotal
280.0,1480.0,604.8095238095237,330.3770024060707,448.3018867924528
