SentiMin,SentiMax,SentiAvg,SentiStdev,Senti0-0.20,Senti0.21-0.40,Senti0.41-0.60,Senti0.61-0.80,Senti0.81-1.00,SentiTotal
4.150342616411155E-4,0.5755436691302463,0.23081840394927786,0.21153625783895066,8.0,2.0,4.0,0.0,0.0,2.4790416571680424E-15