TraitMin,TraitMax,TraitAvg,TraitStdev,TraitTotal
260.0,1200.0,709.2857142857143,338.2607676612461,535.7894736842105
