TraitMin,TraitMax,TraitAvg,TraitStdev,TraitTotal
156.66666666666666,1260.0,557.8571428571429,362.2010472644382,404.90909090909093
