SentiMin,SentiMax,SentiAvg,SentiStdev,Senti0-0.20,Senti0.21-0.40,Senti0.41-0.60,Senti0.61-0.80,Senti0.81-1.00,SentiTotal
0.005178367440048439,0.586595419967304,0.25795267933579574,0.18394633753968223,6.0,3.0,4.0,0.0,0.0,6.930417107956907E-10