TraitMin,TraitMax,TraitAvg,TraitStdev,TraitTotal
280.0,1080.0,503.752380952381,199.28594466239932,440.0
