TimeMin,TimeMax,TimeAvg,TimeStdev,TimeTotal
680.0,2520.0,1378.4615384615386,508.055813921238,17920.0
