SentiMin,SentiMax,SentiAvg,SentiStdev,Senti0-0.20,Senti0.21-0.40,Senti0.41-0.60,Senti0.61-0.80,Senti0.81-1.00,SentiTotal
0.003162813369699242,0.8190050314800162,0.2791816365754166,0.26227516772155873,6.0,3.0,1.0,1.0,1.0,1.6467113597391776E-9