TraitMin,TraitMax,TraitAvg,TraitStdev,TraitTotal
170.0,880.0,527.2559523809523,193.86372887348583,426.031746031746
