TraitMin,TraitMax,TraitAvg,TraitStdev,TraitTotal
190.0,680.0,367.3888888888889,165.97375406080636,284.8780487804878
