TraitMin,TraitMax,TraitAvg,TraitStdev,TraitTotal
296.0,960.0,511.3465608465608,193.59988888067255,446.55737704918033
