TraitMin,TraitMax,TraitAvg,TraitStdev,TraitTotal
266.6666666666667,400.0,315.82380952380953,48.01613509045624,307.7647058823529
