TraitMin,TraitMax,TraitAvg,TraitStdev,TraitTotal
222.85714285714286,760.0,418.8095238095238,135.37057562027346,361.7391304347826
