TimeMin,TimeMax,TimeAvg,TimeStdev,TimeTotal
600.0,1880.0,1233.3333333333333,468.9941956523082,7400.0
