TraitMin,TraitMax,TraitAvg,TraitStdev,TraitTotal
224.0,680.0,391.2820512820512,129.36517227407708,358.4
