TimeMin,TimeMax,TimeAvg,TimeStdev,TimeTotal
600.0,1200.0,926.6666666666666,178.01373230424917,5560.0
