SentiMin,SentiMax,SentiAvg,SentiStdev,Senti0-0.20,Senti0.21-0.40,Senti0.41-0.60,Senti0.61-0.80,Senti0.81-1.00,SentiTotal
3.098036714921672E-4,0.7711769124704979,0.26830063688103367,0.2553663537562319,6.0,1.0,2.0,1.0,0.0,7.274112210214013E-10