SentiMin,SentiMax,SentiAvg,SentiStdev,Senti0-0.20,Senti0.21-0.40,Senti0.41-0.60,Senti0.61-0.80,Senti0.81-1.00,SentiTotal
3.085127353330462E-6,0.3041233943377613,0.1444968255217289,0.11359059232435934,7.0,4.0,0.0,0.0,0.0,6.497860579189258E-16