TraitMin,TraitMax,TraitAvg,TraitStdev,TraitTotal
354.2857142857143,1520.0,732.3809523809523,427.7123665277,557.6470588235294
