TraitMin,TraitMax,TraitAvg,TraitStdev,TraitTotal
182.22222222222223,880.0,410.88888888888886,194.38716616682896,330.81081081081084
