SentiMin,SentiMax,SentiAvg,SentiStdev,Senti0-0.20,Senti0.21-0.40,Senti0.41-0.60,Senti0.61-0.80,Senti0.81-1.00,SentiTotal
0.0022308309921283058,0.43796879524747484,0.22076549374500254,0.14856547483100724,4.0,5.0,1.0,0.0,0.0,6.363256369746975E-9