SentiMin,SentiMax,SentiAvg,SentiStdev,Senti0-0.20,Senti0.21-0.40,Senti0.41-0.60,Senti0.61-0.80,Senti0.81-1.00,SentiTotal
0.006680370546146225,0.39697510199130176,0.26578760747447705,0.1376431103176937,1.0,5.0,0.0,0.0,0.0,1.3234786717048296E-4