SentiMin,SentiMax,SentiAvg,SentiStdev,Senti0-0.20,Senti0.21-0.40,Senti0.41-0.60,Senti0.61-0.80,Senti0.81-1.00,SentiTotal
6.562192399044945E-6,0.5533757416899784,0.23889994340801096,0.1860050551194776,7.0,7.0,2.0,0.0,0.0,1.8794475328195446E-17