TraitMin,TraitMax,TraitAvg,TraitStdev,TraitTotal
280.0,920.0,475.57738095238096,197.01024401220434,401.42857142857144
