SentiMin,SentiMax,SentiAvg,SentiStdev,Senti0-0.20,Senti0.21-0.40,Senti0.41-0.60,Senti0.61-0.80,Senti0.81-1.00,SentiTotal
0.004265705175395928,0.5887470205432689,0.27833848089189905,0.1761394719393648,4.0,3.0,3.0,0.0,0.0,1.0786290553048683E-6