SentiMin,SentiMax,SentiAvg,SentiStdev,Senti0-0.20,Senti0.21-0.40,Senti0.41-0.60,Senti0.61-0.80,Senti0.81-1.00,SentiTotal
0.14080867192679516,0.7773592955631967,0.4351716706465593,0.22831038656876895,2.0,0.0,2.0,2.0,0.0,0.11616914357864627