SentiMin,SentiMax,SentiAvg,SentiStdev,Senti0-0.20,Senti0.21-0.40,Senti0.41-0.60,Senti0.61-0.80,Senti0.81-1.00,SentiTotal
2.0615087433205768E-4,0.3263905330884209,0.13420466361899147,0.11238696829586312,7.0,3.0,0.0,0.0,0.0,4.611614059849018E-13