TraitMin,TraitMax,TraitAvg,TraitStdev,TraitTotal
300.0,1000.0,514.4444444444445,243.59701593582693,435.29411764705884
