SentiMin,SentiMax,SentiAvg,SentiStdev,Senti0-0.20,Senti0.21-0.40,Senti0.41-0.60,Senti0.61-0.80,Senti0.81-1.00,SentiTotal
0.004566685155806204,0.48439634580644964,0.18745447608262236,0.16569224057821422,8.0,5.0,2.0,0.0,0.0,1.0658362562691656E-15