TraitMin,TraitMax,TraitAvg,TraitStdev,TraitTotal
210.0,672.0,400.6666666666667,146.12674512568069,370.4761904761905
