TimeMin,TimeMax,TimeAvg,TimeStdev,TimeTotal
640.0,1520.0,1062.2222222222222,346.2105261182302,9560.0
