SentiMin,SentiMax,SentiAvg,SentiStdev,Senti0-0.20,Senti0.21-0.40,Senti0.41-0.60,Senti0.61-0.80,Senti0.81-1.00,SentiTotal
0.0026899863637167543,0.5990085324201431,0.2647854447909395,0.1966016847894177,6.0,5.0,3.0,0.0,0.0,9.334396234053069E-11