TimeMin,TimeMax,TimeAvg,TimeStdev,TimeTotal
640.0,7080.0,1781.3333333333333,1544.702200713422,26720.0
