TraitMin,TraitMax,TraitAvg,TraitStdev,TraitTotal
266.6666666666667,1180.0,446.2913165266106,228.98641243414255,394.52054794520546
