SentiMin,SentiMax,SentiAvg,SentiStdev,Senti0-0.20,Senti0.21-0.40,Senti0.41-0.60,Senti0.61-0.80,Senti0.81-1.00,SentiTotal
2.9741914392058775E-6,0.6921459309296395,0.21353085361499935,0.1869726053571889,6.0,5.0,0.0,1.0,0.0,8.457526914756727E-16