TimeMin,TimeMax,TimeAvg,TimeStdev,TimeTotal
480.0,3360.0,1196.923076923077,761.4498782978189,15560.0
