SentiMin,SentiMax,SentiAvg,SentiStdev,Senti0-0.20,Senti0.21-0.40,Senti0.41-0.60,Senti0.61-0.80,Senti0.81-1.00,SentiTotal
2.8816089604659313E-4,0.8695578474030151,0.20680514565983535,0.2632455720234174,7.0,1.0,1.0,0.0,1.0,2.6970869089138994E-13