TraitMin,TraitMax,TraitAvg,TraitStdev,TraitTotal
180.0,560.0,315.0887021475257,124.71280596450666,256.47058823529414
