TraitMin,TraitMax,TraitAvg,TraitStdev,TraitTotal
180.0,760.0,389.53968253968253,143.07915200677238,325.8536585365854
