SentiMin,SentiMax,SentiAvg,SentiStdev,Senti0-0.20,Senti0.21-0.40,Senti0.41-0.60,Senti0.61-0.80,Senti0.81-1.00,SentiTotal
9.470022089620661E-4,0.8317311845514151,0.25880414798471624,0.23620985049733798,6.0,3.0,2.0,0.0,1.0,3.568384341204826E-11