TraitMin,TraitMax,TraitAvg,TraitStdev,TraitTotal
185.45454545454547,1066.6666666666667,499.5165945165946,227.5804047825753,443.3333333333333
