SentiMin,SentiMax,SentiAvg,SentiStdev,Senti0-0.20,Senti0.21-0.40,Senti0.41-0.60,Senti0.61-0.80,Senti0.81-1.00,SentiTotal
0.028851849678725332,0.5318834537628724,0.2647202895527181,0.17701401728033234,5.0,4.0,4.0,0.0,0.0,4.060210505061388E-8