TimeMin,TimeMax,TimeAvg,TimeStdev,TimeTotal
560.0,4000.0,1453.3333333333333,1218.6695842415843,8720.0
