SentiMin,SentiMax,SentiAvg,SentiStdev,Senti0-0.20,Senti0.21-0.40,Senti0.41-0.60,Senti0.61-0.80,Senti0.81-1.00,SentiTotal
1.0743436209424662E-4,0.43796879524747484,0.19450883386785986,0.15808575491241447,8.0,5.0,2.0,0.0,0.0,6.846296596075753E-17