TraitMin,TraitMax,TraitAvg,TraitStdev,TraitTotal
217.14285714285714,640.0,331.9444444444445,120.06540456410352,304.2857142857143
