TraitMin,TraitMax,TraitAvg,TraitStdev,TraitTotal
120.0,560.0,323.0952380952381,160.29268628321174,243.07692307692307
