TraitMin,TraitMax,TraitAvg,TraitStdev,TraitTotal
260.0,946.6666666666666,452.6,192.3973203786604,422.4
