TraitMin,TraitMax,TraitAvg,TraitStdev,TraitTotal
165.0,500.0,320.3703703703704,102.28493781980366,265.55555555555554
