TraitMin,TraitMax,TraitAvg,TraitStdev,TraitTotal
240.0,600.0,383.525641025641,123.93680986791892,343.0769230769231
