TraitMin,TraitMax,TraitAvg,TraitStdev,TraitTotal
230.0,680.0,381.57738095238096,134.55306874702026,311.3333333333333
