SentiMin,SentiMax,SentiAvg,SentiStdev,Senti0-0.20,Senti0.21-0.40,Senti0.41-0.60,Senti0.61-0.80,Senti0.81-1.00,SentiTotal
4.727759807550529E-5,0.39697510199130176,0.17744334826519914,0.16863932673414228,3.0,2.0,0.0,0.0,0.0,8.031200100208503E-9