TimeMin,TimeMax,TimeAvg,TimeStdev,TimeTotal
440.0,2240.0,1053.3333333333333,704.3357785097168,12640.0
