SentiMin,SentiMax,SentiAvg,SentiStdev,Senti0-0.20,Senti0.21-0.40,Senti0.41-0.60,Senti0.61-0.80,Senti0.81-1.00,SentiTotal
0.008000337282296587,0.6332948559623243,0.29653247547301964,0.1962277968478761,5.0,4.0,6.0,1.0,0.0,3.885598008015322E-11