SentiMin,SentiMax,SentiAvg,SentiStdev,Senti0-0.20,Senti0.21-0.40,Senti0.41-0.60,Senti0.61-0.80,Senti0.81-1.00,SentiTotal
7.865897011247791E-4,0.49761493864212925,0.1834930845121918,0.17544305683813732,6.0,2.0,2.0,0.0,0.0,8.414458276853683E-12