SentiMin,SentiMax,SentiAvg,SentiStdev,Senti0-0.20,Senti0.21-0.40,Senti0.41-0.60,Senti0.61-0.80,Senti0.81-1.00,SentiTotal
0.012587942736616333,0.6517357315461891,0.26937228049480655,0.19158248716683657,7.0,4.0,5.0,1.0,0.0,5.598556274982014E-11