TraitMin,TraitMax,TraitAvg,TraitStdev,TraitTotal
182.85714285714286,506.6666666666667,328.6839826839827,94.45493422884884,312.63157894736844
