TraitMin,TraitMax,TraitAvg,TraitStdev,TraitTotal
195.0,310.0,248.34545454545454,37.205510221165675,243.63636363636363
