TraitMin,TraitMax,TraitAvg,TraitStdev,TraitTotal
225.0,680.0,393.44444444444446,167.06633560902438,304.0
