TimeMin,TimeMax,TimeAvg,TimeStdev,TimeTotal
360.0,3000.0,1294.5454545454545,705.5670013460308,28480.0
