SentiMin,SentiMax,SentiAvg,SentiStdev,Senti0-0.20,Senti0.21-0.40,Senti0.41-0.60,Senti0.61-0.80,Senti0.81-1.00,SentiTotal
0.06668126262833987,0.6869796070880151,0.3451526616502404,0.24173819006045555,2.0,1.0,1.0,1.0,0.0,0.00878314158715476