TraitMin,TraitMax,TraitAvg,TraitStdev,TraitTotal
157.33333333333334,391.1111111111111,288.84444444444443,63.13221869249517,276.9620253164557
