SentiMin,SentiMax,SentiAvg,SentiStdev,Senti0-0.20,Senti0.21-0.40,Senti0.41-0.60,Senti0.61-0.80,Senti0.81-1.00,SentiTotal
0.011353923142753635,0.49789225920557484,0.32912671466104787,0.13187895826584164,2.0,9.0,4.0,0.0,0.0,1.4657413400751588E-6