TraitMin,TraitMax,TraitAvg,TraitStdev,TraitTotal
182.22222222222223,680.0,359.7258297258297,161.15200173317226,261.6
