TraitMin,TraitMax,TraitAvg,TraitStdev,TraitTotal
166.66666666666666,860.0,373.4877450980392,181.4944267076594,307.4074074074074
