SentiMin,SentiMax,SentiAvg,SentiStdev,Senti0-0.20,Senti0.21-0.40,Senti0.41-0.60,Senti0.61-0.80,Senti0.81-1.00,SentiTotal
7.257387622989102E-4,0.21921412548362115,0.12270459341057954,0.09099746728106484,2.0,1.0,0.0,0.0,0.0,1.2013005913363662E-5