SentiMin,SentiMax,SentiAvg,SentiStdev,Senti0-0.20,Senti0.21-0.40,Senti0.41-0.60,Senti0.61-0.80,Senti0.81-1.00,SentiTotal
0.006137349785461619,0.5140921227230025,0.2296444881062799,0.15719607300544264,7.0,9.0,3.0,0.0,0.0,3.446063728520384E-16