TraitMin,TraitMax,TraitAvg,TraitStdev,TraitTotal
234.28571428571428,640.0,396.5238095238096,133.75177254566793,336.0
