TraitMin,TraitMax,TraitAvg,TraitStdev,TraitTotal
240.0,960.0,427.40589569160994,162.56369022164554,366.6666666666667
