TraitMin,TraitMax,TraitAvg,TraitStdev,TraitTotal
193.33333333333334,560.0,385.33333333333337,118.38918869558994,281.48148148148147
