TraitMin,TraitMax,TraitAvg,TraitStdev,TraitTotal
200.0,600.0,350.8333333333333,177.48630620103876,253.91304347826087
