TraitMin,TraitMax,TraitAvg,TraitStdev,TraitTotal
304.0,460.0,346.70476190476194,58.29323325295913,336.55172413793105
