SentiMin,SentiMax,SentiAvg,SentiStdev,Senti0-0.20,Senti0.21-0.40,Senti0.41-0.60,Senti0.61-0.80,Senti0.81-1.00,SentiTotal
0.08132636124234864,0.8947892633036214,0.34476764789845515,0.20388274937871198,2.0,6.0,2.0,0.0,1.0,5.059101220105287E-4