SentiMin,SentiMax,SentiAvg,SentiStdev,Senti0-0.20,Senti0.21-0.40,Senti0.41-0.60,Senti0.61-0.80,Senti0.81-1.00,SentiTotal
0.17929128984323506,0.96818178353872,0.4618215849437686,0.29104868669807477,1.0,5.0,2.0,1.0,2.0,0.701586163695947