TraitMin,TraitMax,TraitAvg,TraitStdev,TraitTotal
140.0,986.6666666666666,395.2805089647195,207.35946715825625,313.1313131313131
