SentiMin,SentiMax,SentiAvg,SentiStdev,Senti0-0.20,Senti0.21-0.40,Senti0.41-0.60,Senti0.61-0.80,Senti0.81-1.00,SentiTotal
2.704150025155255E-5,0.5768942163904425,0.20684909504767157,0.21065065389440246,9.0,3.0,4.0,0.0,0.0,5.304140460592746E-24