TimeMin,TimeMax,TimeAvg,TimeStdev,TimeTotal
280.0,3160.0,1047.6190476190477,827.3992803725404,22000.0
