TimeMin,TimeMax,TimeAvg,TimeStdev,TimeTotal
360.0,3440.0,1631.578947368421,909.0496087319625,31000.0
