SentiMin,SentiMax,SentiAvg,SentiStdev,Senti0-0.20,Senti0.21-0.40,Senti0.41-0.60,Senti0.61-0.80,Senti0.81-1.00,SentiTotal
1.5146693761474317E-4,0.5159436667231726,0.13909342140168732,0.1638022319876757,6.0,2.0,1.0,0.0,0.0,9.34039640292304E-15