SentiMin,SentiMax,SentiAvg,SentiStdev,Senti0-0.20,Senti0.21-0.40,Senti0.41-0.60,Senti0.61-0.80,Senti0.81-1.00,SentiTotal
0.21921412548362115,0.9960921996960737,0.5577076697153095,0.26508909037017175,0.0,2.0,1.0,1.0,1.0,0.9837273274033981