TraitMin,TraitMax,TraitAvg,TraitStdev,TraitTotal
264.0,800.0,479.0857142857143,194.75090526629347,350.90909090909093
