TraitMin,TraitMax,TraitAvg,TraitStdev,TraitTotal
188.0,1200.0,513.75,314.43510856772974,333.3333333333333
