SentiMin,SentiMax,SentiAvg,SentiStdev,Senti0-0.20,Senti0.21-0.40,Senti0.41-0.60,Senti0.61-0.80,Senti0.81-1.00,SentiTotal
3.5714835497145257E-4,0.9611958417475951,0.3304866141286781,0.26026447308534556,5.0,2.0,4.0,0.0,1.0,4.487222999461209E-8