TraitMin,TraitMax,TraitAvg,TraitStdev,TraitTotal
290.0,760.0,477.1111111111111,137.33369291574644,405.4054054054054
