TimeMin,TimeMax,TimeAvg,TimeStdev,TimeTotal
480.0,1440.0,843.6363636363636,312.85409690527183,9280.0
