SentiMin,SentiMax,SentiAvg,SentiStdev,Senti0-0.20,Senti0.21-0.40,Senti0.41-0.60,Senti0.61-0.80,Senti0.81-1.00,SentiTotal
0.012695636650270148,0.9545172475435665,0.3628086152647689,0.20541248135168935,4.0,9.0,6.0,1.0,1.0,1.3892599554835303E-7