SentiMin,SentiMax,SentiAvg,SentiStdev,Senti0-0.20,Senti0.21-0.40,Senti0.41-0.60,Senti0.61-0.80,Senti0.81-1.00,SentiTotal
0.013919303780393646,0.39697510199130176,0.22896561936119034,0.12615001704350146,2.0,5.0,0.0,0.0,0.0,2.265417872967415E-5