TraitMin,TraitMax,TraitAvg,TraitStdev,TraitTotal
170.0,720.0,360.93939393939394,153.80341763563112,313.84615384615387
