TimeMin,TimeMax,TimeAvg,TimeStdev,TimeTotal
600.0,4040.0,1946.6666666666667,1500.3407020481122,5840.0
