TraitMin,TraitMax,TraitAvg,TraitStdev,TraitTotal
200.0,680.0,396.60606060606057,148.93167155293693,331.42857142857144
