SentiMin,SentiMax,SentiAvg,SentiStdev,Senti0-0.20,Senti0.21-0.40,Senti0.41-0.60,Senti0.61-0.80,Senti0.81-1.00,SentiTotal
6.893757735643908E-4,0.5738709846131035,0.12174827722114216,0.1709712683467443,8.0,1.0,1.0,0.0,0.0,4.9008281411655304E-14