TraitMin,TraitMax,TraitAvg,TraitStdev,TraitTotal
333.3333333333333,760.0,504.76190476190476,150.24696223173348,483.6363636363636
