TimeMin,TimeMax,TimeAvg,TimeStdev,TimeTotal
560.0,11040.0,2364.4444444444443,3143.41325847879,21280.0
