SentiMin,SentiMax,SentiAvg,SentiStdev,Senti0-0.20,Senti0.21-0.40,Senti0.41-0.60,Senti0.61-0.80,Senti0.81-1.00,SentiTotal
8.085926238431948E-5,0.49789225920557484,0.2402473830920516,0.20325700310677425,5.0,3.0,4.0,0.0,0.0,1.343661629940659E-13