SentiMin,SentiMax,SentiAvg,SentiStdev,Senti0-0.20,Senti0.21-0.40,Senti0.41-0.60,Senti0.61-0.80,Senti0.81-1.00,SentiTotal
0.012081870940735255,0.5136446707795853,0.2693048292218848,0.20605558550218867,4.0,2.0,4.0,0.0,0.0,1.3664888495717142E-7