TraitMin,TraitMax,TraitAvg,TraitStdev,TraitTotal
217.77777777777777,1000.0,520.0793650793651,256.4625897957178,376.969696969697
