SentiMin,SentiMax,SentiAvg,SentiStdev,Senti0-0.20,Senti0.21-0.40,Senti0.41-0.60,Senti0.61-0.80,Senti0.81-1.00,SentiTotal
0.003600510176186539,0.28867830424857305,0.1482958393874427,0.10533842735771345,4.0,2.0,0.0,0.0,0.0,6.321279888129067E-8