TraitMin,TraitMax,TraitAvg,TraitStdev,TraitTotal
224.0,1080.0,586.6666666666666,359.315398439248,372.0
