TraitMin,TraitMax,TraitAvg,TraitStdev,TraitTotal
257.14285714285717,960.0,567.1142857142856,263.97960496359315,382.5
