SentiMin,SentiMax,SentiAvg,SentiStdev,Senti0-0.20,Senti0.21-0.40,Senti0.41-0.60,Senti0.61-0.80,Senti0.81-1.00,SentiTotal
0.04075910793648389,0.5316624617817726,0.22485149512945216,0.17973416213394888,3.0,2.0,1.0,0.0,0.0,6.721234217573832E-6