TimeMin,TimeMax,TimeAvg,TimeStdev,TimeTotal
680.0,1440.0,1062.857142857143,235.05101487089294,7440.0
