TraitMin,TraitMax,TraitAvg,TraitStdev,TraitTotal
380.0,1000.0,538.3333333333333,185.22508829349584,476.8
