SentiMin,SentiMax,SentiAvg,SentiStdev,Senti0-0.20,Senti0.21-0.40,Senti0.41-0.60,Senti0.61-0.80,Senti0.81-1.00,SentiTotal
8.598242805950953E-4,0.5331395368210897,0.2344512375568145,0.14518763481298985,2.0,5.0,1.0,0.0,0.0,2.6209416230400335E-7