SentiMin,SentiMax,SentiAvg,SentiStdev,Senti0-0.20,Senti0.21-0.40,Senti0.41-0.60,Senti0.61-0.80,Senti0.81-1.00,SentiTotal
0.0016646401639637816,0.3465788199778084,0.16767538470711799,0.14327533991301847,4.0,5.0,0.0,0.0,0.0,3.109314336570335E-11