SentiMin,SentiMax,SentiAvg,SentiStdev,Senti0-0.20,Senti0.21-0.40,Senti0.41-0.60,Senti0.61-0.80,Senti0.81-1.00,SentiTotal
4.996437837750539E-5,0.26042192118277324,0.07377532521555444,0.09345217838454478,8.0,2.0,0.0,0.0,0.0,2.0611291134579785E-19