TraitMin,TraitMax,TraitAvg,TraitStdev,TraitTotal
168.0,680.0,326.11111111111114,173.49753618345247,260.0
