TraitMin,TraitMax,TraitAvg,TraitStdev,TraitTotal
126.66666666666667,1186.6666666666667,440.9520202020201,355.1231436392877,333.6304347826087
