TimeMin,TimeMax,TimeAvg,TimeStdev,TimeTotal
840.0,7600.0,1956.6666666666667,1829.568862388684,23480.0
