SentiMin,SentiMax,SentiAvg,SentiStdev,Senti0-0.20,Senti0.21-0.40,Senti0.41-0.60,Senti0.61-0.80,Senti0.81-1.00,SentiTotal
1.7123566925767207E-12,0.2864189319526427,0.03520945179542205,0.07354468781921376,14.0,1.0,0.0,0.0,0.0,4.0859716787616754E-46