SentiMin,SentiMax,SentiAvg,SentiStdev,Senti0-0.20,Senti0.21-0.40,Senti0.41-0.60,Senti0.61-0.80,Senti0.81-1.00,SentiTotal
5.872921388427119E-5,0.9999989885022487,0.3424113069043346,0.40839816537567436,6.0,1.0,1.0,0.0,3.0,1.1214494452101993E-11