TimeMin,TimeMax,TimeAvg,TimeStdev,TimeTotal
600.0,6080.0,2418.181818181818,1696.1443880530828,26600.0
