TimeMin,TimeMax,TimeAvg,TimeStdev,TimeTotal
720.0,6240.0,2144.6153846153848,1616.0379631137544,27880.0
