SentiMin,SentiMax,SentiAvg,SentiStdev,Senti0-0.20,Senti0.21-0.40,Senti0.41-0.60,Senti0.61-0.80,Senti0.81-1.00,SentiTotal
8.502032117749864E-7,0.49789225920557484,0.15894279658251023,0.1996625276902932,8.0,1.0,3.0,0.0,0.0,2.4029385916078933E-21