TraitMin,TraitMax,TraitAvg,TraitStdev,TraitTotal
153.33333333333334,760.0,351.78095238095233,165.16898769852193,332.2352941176471
