TraitMin,TraitMax,TraitAvg,TraitStdev,TraitTotal
226.66666666666666,1000.0,429.68431568431566,232.82866668974572,341.02564102564105
