SentiMin,SentiMax,SentiAvg,SentiStdev,Senti0-0.20,Senti0.21-0.40,Senti0.41-0.60,Senti0.61-0.80,Senti0.81-1.00,SentiTotal
1.4867717442108904E-5,0.36196293620386727,0.06047316613305556,0.11808157142742759,10.0,2.0,0.0,0.0,0.0,8.156100573034604E-32