TimeMin,TimeMax,TimeAvg,TimeStdev,TimeTotal
560.0,7800.0,1882.6666666666667,1711.7923030814484,28240.0
