SentiMin,SentiMax,SentiAvg,SentiStdev,Senti0-0.20,Senti0.21-0.40,Senti0.41-0.60,Senti0.61-0.80,Senti0.81-1.00,SentiTotal
2.116234904300157E-7,0.5571498841836826,0.0971285509042708,0.16289867499522082,12.0,2.0,1.0,0.0,0.0,1.500765677880798E-37