TraitMin,TraitMax,TraitAvg,TraitStdev,TraitTotal
125.0,600.0,292.0220612720613,119.45265123105267,267.29411764705884
