TraitMin,TraitMax,TraitAvg,TraitStdev,TraitTotal
217.14285714285714,460.0,326.4429052429052,82.12069317907624,301.51724137931035
