SentiMin,SentiMax,SentiAvg,SentiStdev,Senti0-0.20,Senti0.21-0.40,Senti0.41-0.60,Senti0.61-0.80,Senti0.81-1.00,SentiTotal
0.030843425278623354,0.4042041767695276,0.1730737004584306,0.16487772643052995,2.0,0.0,1.0,0.0,0.0,0.002014102940689997