SentiMin,SentiMax,SentiAvg,SentiStdev,Senti0-0.20,Senti0.21-0.40,Senti0.41-0.60,Senti0.61-0.80,Senti0.81-1.00,SentiTotal
6.239796872441131E-5,0.9992508813703757,0.1384923616552461,0.26204355528361734,11.0,1.0,0.0,0.0,1.0,5.111722066057695E-23