TraitMin,TraitMax,TraitAvg,TraitStdev,TraitTotal
184.0,440.0,281.3751803751803,69.8769639929213,284.48979591836735
