SentiMin,SentiMax,SentiAvg,SentiStdev,Senti0-0.20,Senti0.21-0.40,Senti0.41-0.60,Senti0.61-0.80,Senti0.81-1.00,SentiTotal
0.0030057444071765094,0.22489014274922023,0.07394246634803565,0.08102321642144453,5.0,1.0,0.0,0.0,0.0,1.1496746770835502E-9