TimeMin,TimeMax,TimeAvg,TimeStdev,TimeTotal
680.0,4280.0,1663.5294117647059,865.9910417718336,28280.0
