SentiMin,SentiMax,SentiAvg,SentiStdev,Senti0-0.20,Senti0.21-0.40,Senti0.41-0.60,Senti0.61-0.80,Senti0.81-1.00,SentiTotal
5.039742349771917E-4,0.39697510199130176,0.1252351202562954,0.13785376541583533,5.0,1.0,0.0,0.0,0.0,3.772350072150424E-9