TimeMin,TimeMax,TimeAvg,TimeStdev,TimeTotal
680.0,3720.0,1593.3333333333333,1062.680050103929,9560.0
