TraitMin,TraitMax,TraitAvg,TraitStdev,TraitTotal
230.0,640.0,370.8163265306122,147.56652879360985,317.6470588235294
