TimeMin,TimeMax,TimeAvg,TimeStdev,TimeTotal
1200.0,8440.0,3477.3333333333335,1931.933286172745,52160.0
