TimeMin,TimeMax,TimeAvg,TimeStdev,TimeTotal
480.0,5640.0,2155.9166666666665,1427.5258583958782,25871.0
