TimeMin,TimeMax,TimeAvg,TimeStdev,TimeTotal
920.0,8880.0,2914.6666666666665,2033.367868559177,43720.0
