SentiMin,SentiMax,SentiAvg,SentiStdev,Senti0-0.20,Senti0.21-0.40,Senti0.41-0.60,Senti0.61-0.80,Senti0.81-1.00,SentiTotal
2.2262790981236293E-4,0.6242094968955547,0.11610887495939623,0.17112090692173682,12.0,2.0,0.0,1.0,0.0,6.436077159031309E-23