SentiMin,SentiMax,SentiAvg,SentiStdev,Senti0-0.20,Senti0.21-0.40,Senti0.41-0.60,Senti0.61-0.80,Senti0.81-1.00,SentiTotal
1.7472320138218395E-8,0.8794560310606085,0.18974394770578915,0.2916974370065987,5.0,1.0,0.0,0.0,1.0,9.337617828056514E-20