TimeMin,TimeMax,TimeAvg,TimeStdev,TimeTotal
640.0,8640.0,3085.714285714286,2724.3183008014375,21600.0
