TimeMin,TimeMax,TimeAvg,TimeStdev,TimeTotal
400.0,3320.0,1893.3333333333333,965.3093919683067,22720.0
