SentiMin,SentiMax,SentiAvg,SentiStdev,Senti0-0.20,Senti0.21-0.40,Senti0.41-0.60,Senti0.61-0.80,Senti0.81-1.00,SentiTotal
1.6174361479875565E-5,0.9998060011887316,0.24331739881816591,0.32026093999261324,10.0,2.0,3.0,0.0,2.0,3.7162884454789314E-24