TraitMin,TraitMax,TraitAvg,TraitStdev,TraitTotal
152.0,680.0,285.02139037433153,124.73587143961487,254.77477477477478
