SentiMin,SentiMax,SentiAvg,SentiStdev,Senti0-0.20,Senti0.21-0.40,Senti0.41-0.60,Senti0.61-0.80,Senti0.81-1.00,SentiTotal
9.516560469994044E-7,0.49789225920557484,0.1612113362090781,0.14097654622835698,7.0,7.0,1.0,0.0,0.0,2.0283265421101256E-21