SentiMin,SentiMax,SentiAvg,SentiStdev,Senti0-0.20,Senti0.21-0.40,Senti0.41-0.60,Senti0.61-0.80,Senti0.81-1.00,SentiTotal
0.0913258027028035,0.61212854869958,0.37077080123016576,0.13015913724498424,1.0,9.0,4.0,1.0,0.0,1.5421926978811834E-4