TimeMin,TimeMax,TimeAvg,TimeStdev,TimeTotal
720.0,4120.0,2016.6666666666667,1217.9171655832026,24200.0
