TraitMin,TraitMax,TraitAvg,TraitStdev,TraitTotal
220.0,920.0,563.6444444444444,195.86508836315411,460.0
