TraitMin,TraitMax,TraitAvg,TraitStdev,TraitTotal
274.2857142857143,800.0,453.2359307359307,187.5793460001193,366.6666666666667
