TimeMin,TimeMax,TimeAvg,TimeStdev,TimeTotal
560.0,3400.0,1402.857142857143,881.7468746870658,19640.0
