SentiMin,SentiMax,SentiAvg,SentiStdev,Senti0-0.20,Senti0.21-0.40,Senti0.41-0.60,Senti0.61-0.80,Senti0.81-1.00,SentiTotal
2.009020625004337E-4,0.4308771965077354,0.20177816960786804,0.16569519217637124,4.0,5.0,1.0,0.0,0.0,1.1511187644648838E-11