TimeMin,TimeMax,TimeAvg,TimeStdev,TimeTotal
600.0,7920.0,1663.5294117647059,1692.8949836317481,28280.0
