TraitMin,TraitMax,TraitAvg,TraitStdev,TraitTotal
176.0,1320.0,382.63838383838385,268.7638150927955,291.42857142857144
