SentiMin,SentiMax,SentiAvg,SentiStdev,Senti0-0.20,Senti0.21-0.40,Senti0.41-0.60,Senti0.61-0.80,Senti0.81-1.00,SentiTotal
0.001805439088236309,0.49789225920557484,0.18806309730581464,0.15174842910683217,9.0,2.0,2.0,0.0,0.0,1.05110878784832E-12