SentiMin,SentiMax,SentiAvg,SentiStdev,Senti0-0.20,Senti0.21-0.40,Senti0.41-0.60,Senti0.61-0.80,Senti0.81-1.00,SentiTotal
0.017830254244969014,0.04774654028526399,0.0327883972651165,0.014958143020147488,2.0,0.0,0.0,0.0,0.0,9.171141510687309E-4