SentiMin,SentiMax,SentiAvg,SentiStdev,Senti0-0.20,Senti0.21-0.40,Senti0.41-0.60,Senti0.61-0.80,Senti0.81-1.00,SentiTotal
0.002730830993570271,0.8937742352414948,0.25569229339210153,0.24925997680933168,7.0,3.0,4.0,0.0,1.0,1.0292847444398833E-12