TimeMin,TimeMax,TimeAvg,TimeStdev,TimeTotal
880.0,2760.0,1790.7692307692307,616.5220257898526,23280.0
