SentiMin,SentiMax,SentiAvg,SentiStdev,Senti0-0.20,Senti0.21-0.40,Senti0.41-0.60,Senti0.61-0.80,Senti0.81-1.00,SentiTotal
0.15084783393513923,0.49789225920557484,0.3176285211632412,0.14200071073124038,1.0,1.0,1.0,0.0,0.0,0.07261681714763066