TimeMin,TimeMax,TimeAvg,TimeStdev,TimeTotal
400.0,1640.0,858.6666666666666,290.60549815093924,12880.0
