TraitMin,TraitMax,TraitAvg,TraitStdev,TraitTotal
376.0,1000.0,792.0,294.15642097360376,554.2857142857143
