SentiMin,SentiMax,SentiAvg,SentiStdev,Senti0-0.20,Senti0.21-0.40,Senti0.41-0.60,Senti0.61-0.80,Senti0.81-1.00,SentiTotal
0.02868663974500518,0.5439151327327062,0.29241546362619636,0.13574906011705354,2.0,8.0,1.0,0.0,0.0,8.637176832801332E-6