TraitMin,TraitMax,TraitAvg,TraitStdev,TraitTotal
126.66666666666667,840.0,538.7936507936508,223.50350800423476,426.95652173913044
