SentiMin,SentiMax,SentiAvg,SentiStdev,Senti0-0.20,Senti0.21-0.40,Senti0.41-0.60,Senti0.61-0.80,Senti0.81-1.00,SentiTotal
7.223860825806535E-4,0.5734576952979002,0.26390822370494865,0.17909217658546797,6.0,4.0,4.0,0.0,0.0,2.8620568682057293E-10