TraitMin,TraitMax,TraitAvg,TraitStdev,TraitTotal
226.66666666666666,620.0,351.3015873015873,131.20646826351563,310.0
