SentiMin,SentiMax,SentiAvg,SentiStdev,Senti0-0.20,Senti0.21-0.40,Senti0.41-0.60,Senti0.61-0.80,Senti0.81-1.00,SentiTotal
8.933753169053938E-6,0.45249481120258456,0.1812987312914568,0.15871693246428278,4.0,1.0,1.0,0.0,0.0,2.435923388922473E-9