SentiMin,SentiMax,SentiAvg,SentiStdev,Senti0-0.20,Senti0.21-0.40,Senti0.41-0.60,Senti0.61-0.80,Senti0.81-1.00,SentiTotal
0.03912341850378919,0.8943000867158738,0.30199557236709645,0.2719479274171705,5.0,2.0,2.0,0.0,1.0,6.8292054055476235E-6