SentiMin,SentiMax,SentiAvg,SentiStdev,Senti0-0.20,Senti0.21-0.40,Senti0.41-0.60,Senti0.61-0.80,Senti0.81-1.00,SentiTotal
0.11345491567499587,0.5755436691302463,0.3613889362697447,0.13283962322099574,1.0,6.0,5.0,0.0,0.0,1.794634471500018E-4