TraitMin,TraitMax,TraitAvg,TraitStdev,TraitTotal
262.85714285714283,1000.0,479.8739495798319,230.707660313779,409.8550724637681
