TraitMin,TraitMax,TraitAvg,TraitStdev,TraitTotal
176.0,800.0,442.81058201058204,197.96965727318477,366.42857142857144
