TimeMin,TimeMax,TimeAvg,TimeStdev,TimeTotal
560.0,2720.0,1069.090909090909,622.5089199135228,11760.0
