SentiMin,SentiMax,SentiAvg,SentiStdev,Senti0-0.20,Senti0.21-0.40,Senti0.41-0.60,Senti0.61-0.80,Senti0.81-1.00,SentiTotal
0.0020213996722525138,0.4558333101959927,0.1861173425985114,0.17434004373567294,6.0,2.0,2.0,0.0,0.0,2.980536521251405E-12