TraitMin,TraitMax,TraitAvg,TraitStdev,TraitTotal
253.33333333333334,840.0,449.4444444444445,276.16531996363574,286.6666666666667
