SentiMin,SentiMax,SentiAvg,SentiStdev,Senti0-0.20,Senti0.21-0.40,Senti0.41-0.60,Senti0.61-0.80,Senti0.81-1.00,SentiTotal
0.06401893084687463,0.43796879524747484,0.24951395066436927,0.1522987810149139,2.0,2.0,1.0,0.0,0.0,0.0012819992599702394