SentiMin,SentiMax,SentiAvg,SentiStdev,Senti0-0.20,Senti0.21-0.40,Senti0.41-0.60,Senti0.61-0.80,Senti0.81-1.00,SentiTotal
0.20896813101236306,0.49789225920557484,0.3108157600616065,0.10281357355376204,0.0,4.0,1.0,0.0,0.0,0.015781200855844956