TraitMin,TraitMax,TraitAvg,TraitStdev,TraitTotal
48.0,1080.0,454.6455026455026,348.18585022854637,326.72
