TraitMin,TraitMax,TraitAvg,TraitStdev,TraitTotal
154.28571428571428,880.0,440.1593406593406,225.39275445947808,378.125
