SentiMin,SentiMax,SentiAvg,SentiStdev,Senti0-0.20,Senti0.21-0.40,Senti0.41-0.60,Senti0.61-0.80,Senti0.81-1.00,SentiTotal
0.022198220349359754,0.15087438220399968,0.070294524594896,0.05733396077226349,3.0,0.0,0.0,0.0,0.0,1.6118380596731211E-4