SentiMin,SentiMax,SentiAvg,SentiStdev,Senti0-0.20,Senti0.21-0.40,Senti0.41-0.60,Senti0.61-0.80,Senti0.81-1.00,SentiTotal
0.0109502101199674,0.49789225920557484,0.23958556020345612,0.17767712610781194,4.0,3.0,2.0,0.0,0.0,1.4811809990995806E-7