SentiMin,SentiMax,SentiAvg,SentiStdev,Senti0-0.20,Senti0.21-0.40,Senti0.41-0.60,Senti0.61-0.80,Senti0.81-1.00,SentiTotal
0.1382025892783753,0.49789225920557484,0.3556187138278316,0.14546307069293965,1.0,1.0,2.0,0.0,0.0,0.06244241951986585