SentiMin,SentiMax,SentiAvg,SentiStdev,Senti0-0.20,Senti0.21-0.40,Senti0.41-0.60,Senti0.61-0.80,Senti0.81-1.00,SentiTotal
0.10248620599549635,0.43796879524747484,0.30290974372887336,0.12249627287675272,3.0,6.0,1.0,0.0,0.0,9.862794458404224E-5