TraitMin,TraitMax,TraitAvg,TraitStdev,TraitTotal
214.54545454545453,808.0,435.6363636363636,223.0345190642356,393.6842105263158
