TimeMin,TimeMax,TimeAvg,TimeStdev,TimeTotal
800.0,2080.0,1306.6666666666667,442.81925081108307,7840.0
