SentiMin,SentiMax,SentiAvg,SentiStdev,Senti0-0.20,Senti0.21-0.40,Senti0.41-0.60,Senti0.61-0.80,Senti0.81-1.00,SentiTotal
2.3195541419536225E-6,0.5425813081463245,0.1326110321706881,0.17431619811015445,6.0,3.0,1.0,0.0,0.0,3.957808775335036E-21