SentiMin,SentiMax,SentiAvg,SentiStdev,Senti0-0.20,Senti0.21-0.40,Senti0.41-0.60,Senti0.61-0.80,Senti0.81-1.00,SentiTotal
7.96801038601498E-4,0.43796879524747484,0.18034487363066234,0.1495972220898174,2.0,3.0,1.0,0.0,0.0,1.1684226186796138E-8