SentiMin,SentiMax,SentiAvg,SentiStdev,Senti0-0.20,Senti0.21-0.40,Senti0.41-0.60,Senti0.61-0.80,Senti0.81-1.00,SentiTotal
0.052006207357080655,0.25757335461190173,0.1492330465278168,0.08383426164773491,2.0,2.0,0.0,0.0,0.0,4.6014216589334987E-4