SentiMin,SentiMax,SentiAvg,SentiStdev,Senti0-0.20,Senti0.21-0.40,Senti0.41-0.60,Senti0.61-0.80,Senti0.81-1.00,SentiTotal
2.782459270977064E-4,0.43796879524747484,0.2270720062777012,0.17908754783575834,2.0,2.0,2.0,0.0,0.0,3.960726442670698E-8