TraitMin,TraitMax,TraitAvg,TraitStdev,TraitTotal
170.0,880.0,460.9047619047619,207.19610153136549,317.77777777777777
