SentiMin,SentiMax,SentiAvg,SentiStdev,Senti0-0.20,Senti0.21-0.40,Senti0.41-0.60,Senti0.61-0.80,Senti0.81-1.00,SentiTotal
0.0016985848076248292,0.9325705607951374,0.25802666563806115,0.2608846142051584,5.0,4.0,2.0,0.0,1.0,4.290322507226321E-11