TraitMin,TraitMax,TraitAvg,TraitStdev,TraitTotal
230.0,506.6666666666667,387.3015873015873,85.91078299855346,391.0204081632653
