TraitMin,TraitMax,TraitAvg,TraitStdev,TraitTotal
240.0,760.0,479.7111111111111,174.72224306659476,372.22222222222223
