TraitMin,TraitMax,TraitAvg,TraitStdev,TraitTotal
262.22222222222223,666.6666666666666,407.31746031746036,138.27356575698198,351.1111111111111
