TraitMin,TraitMax,TraitAvg,TraitStdev,TraitTotal
320.0,1040.0,618.8798701298701,232.40907392284944,498.3783783783784
