SentiMin,SentiMax,SentiAvg,SentiStdev,Senti0-0.20,Senti0.21-0.40,Senti0.41-0.60,Senti0.61-0.80,Senti0.81-1.00,SentiTotal
2.1292727311876655E-4,0.21921412548362115,0.10017252732468837,0.09630918044021704,5.0,3.0,0.0,0.0,0.0,1.2376375906241228E-13