SentiMin,SentiMax,SentiAvg,SentiStdev,Senti0-0.20,Senti0.21-0.40,Senti0.41-0.60,Senti0.61-0.80,Senti0.81-1.00,SentiTotal
2.658569161682085E-4,0.03489542948359854,0.012608866670541983,0.013925526216689249,4.0,0.0,0.0,0.0,0.0,5.299689783822213E-12