TraitMin,TraitMax,TraitAvg,TraitStdev,TraitTotal
222.22222222222223,353.3333333333333,291.031746031746,55.477212334753936,284.13793103448273
