TimeMin,TimeMax,TimeAvg,TimeStdev,TimeTotal
920.0,3400.0,1596.6666666666667,825.1801150186681,19160.0
