TimeMin,TimeMax,TimeAvg,TimeStdev,TimeTotal
600.0,3720.0,1750.7692307692307,918.4808656644492,22760.0
