SentiMin,SentiMax,SentiAvg,SentiStdev,Senti0-0.20,Senti0.21-0.40,Senti0.41-0.60,Senti0.61-0.80,Senti0.81-1.00,SentiTotal
6.131537373875096E-4,0.49789225920557484,0.15305758447194678,0.1305102444053223,10.0,5.0,1.0,0.0,0.0,3.3733033915710887E-17