SentiMin,SentiMax,SentiAvg,SentiStdev,Senti0-0.20,Senti0.21-0.40,Senti0.41-0.60,Senti0.61-0.80,Senti0.81-1.00,SentiTotal
1.6240648729249604E-4,0.5784752138691105,0.3289714439272588,0.18983905823202676,2.0,4.0,4.0,0.0,0.0,3.4886202806021373E-7