TimeMin,TimeMax,TimeAvg,TimeStdev,TimeTotal
680.0,1800.0,1333.3333333333333,401.7738446218497,8000.0
