TraitMin,TraitMax,TraitAvg,TraitStdev,TraitTotal
228.57142857142858,720.0,434.3417366946778,166.9065956566399,335.0
