SentiMin,SentiMax,SentiAvg,SentiStdev,Senti0-0.20,Senti0.21-0.40,Senti0.41-0.60,Senti0.61-0.80,Senti0.81-1.00,SentiTotal
0.004579965263430986,0.39697510199130176,0.17640315337688942,0.16985085954950482,3.0,3.0,0.0,0.0,0.0,3.8647713164022496E-7