TraitMin,TraitMax,TraitAvg,TraitStdev,TraitTotal
193.33333333333334,920.0,501.5555555555555,266.42257346989385,356.3636363636364
