TimeMin,TimeMax,TimeAvg,TimeStdev,TimeTotal
1320.0,2160.0,1693.3333333333333,349.2213560989012,5080.0
