TraitMin,TraitMax,TraitAvg,TraitStdev,TraitTotal
207.27272727272728,760.0,530.6893939393939,138.18833446723454,477.53846153846155
