TraitMin,TraitMax,TraitAvg,TraitStdev,TraitTotal
212.0,960.0,445.1944444444444,212.27272704741924,383.1111111111111
