TimeMin,TimeMax,TimeAvg,TimeStdev,TimeTotal
760.0,5520.0,2586.6666666666665,1580.913941012884,31040.0
