SentiMin,SentiMax,SentiAvg,SentiStdev,Senti0-0.20,Senti0.21-0.40,Senti0.41-0.60,Senti0.61-0.80,Senti0.81-1.00,SentiTotal
0.06785706281883655,0.43796879524747484,0.2417371587879646,0.13609063276970107,2.0,1.0,1.0,0.0,0.0,0.004970487816316471