SentiMin,SentiMax,SentiAvg,SentiStdev,Senti0-0.20,Senti0.21-0.40,Senti0.41-0.60,Senti0.61-0.80,Senti0.81-1.00,SentiTotal
1.3424805121608592E-5,0.5628056929000496,0.20338334006046616,0.2195242672185568,6.0,2.0,2.0,0.0,0.0,1.2307954931831653E-16