SentiMin,SentiMax,SentiAvg,SentiStdev,Senti0-0.20,Senti0.21-0.40,Senti0.41-0.60,Senti0.61-0.80,Senti0.81-1.00,SentiTotal
0.06000503085536139,0.5385878511963162,0.2939753332772065,0.15796588359997188,5.0,4.0,4.0,0.0,0.0,1.524236489612043E-6