TraitMin,TraitMax,TraitAvg,TraitStdev,TraitTotal
172.0,960.0,489.4747474747475,241.5931249786198,340.0
