TraitMin,TraitMax,TraitAvg,TraitStdev,TraitTotal
248.0,730.0,414.989393939394,150.46222050825742,465.5670103092784
