SentiMin,SentiMax,SentiAvg,SentiStdev,Senti0-0.20,Senti0.21-0.40,Senti0.41-0.60,Senti0.61-0.80,Senti0.81-1.00,SentiTotal
1.4996894259806001E-4,0.5784752138691105,0.19762933077889397,0.1572619376487173,6.0,5.0,1.0,0.0,0.0,2.6663902377984252E-12