TraitMin,TraitMax,TraitAvg,TraitStdev,TraitTotal
150.0,520.0,337.70975056689343,126.335755649283,325.1063829787234
