TraitMin,TraitMax,TraitAvg,TraitStdev,TraitTotal
301.3333333333333,497.14285714285717,390.60317460317464,80.86625982341566,366.4516129032258
