SentiMin,SentiMax,SentiAvg,SentiStdev,Senti0-0.20,Senti0.21-0.40,Senti0.41-0.60,Senti0.61-0.80,Senti0.81-1.00,SentiTotal
9.761364353669219E-4,0.028857362171965564,0.014105105922394716,0.011440191783907537,3.0,0.0,0.0,0.0,0.0,3.732192004722601E-7