TimeMin,TimeMax,TimeAvg,TimeStdev,TimeTotal
560.0,8560.0,2113.3333333333335,2136.716068071646,25360.0
