TraitMin,TraitMax,TraitAvg,TraitStdev,TraitTotal
180.0,680.0,346.0718550266937,146.8311279635095,323.96946564885496
