TraitMin,TraitMax,TraitAvg,TraitStdev,TraitTotal
271.1111111111111,880.0,500.0,270.570195056061,342.85714285714283
