SentiMin,SentiMax,SentiAvg,SentiStdev,Senti0-0.20,Senti0.21-0.40,Senti0.41-0.60,Senti0.61-0.80,Senti0.81-1.00,SentiTotal
2.4074112504487572E-12,0.49789225920557484,0.2077989537650405,0.19631989696431146,6.0,3.0,3.0,0.0,0.0,3.051569244891035E-26