SentiMin,SentiMax,SentiAvg,SentiStdev,Senti0-0.20,Senti0.21-0.40,Senti0.41-0.60,Senti0.61-0.80,Senti0.81-1.00,SentiTotal
1.1040245409042554E-5,0.5437883649392512,0.14095793131964082,0.20146553565329706,8.0,0.0,2.0,0.0,0.0,8.690845465898442E-19