TimeMin,TimeMax,TimeAvg,TimeStdev,TimeTotal
520.0,6600.0,2290.909090909091,1918.1878500551434,25200.0
