TraitMin,TraitMax,TraitAvg,TraitStdev,TraitTotal
166.66666666666666,520.0,285.66130397380397,91.19806823779523,257.9047619047619
