SentiMin,SentiMax,SentiAvg,SentiStdev,Senti0-0.20,Senti0.21-0.40,Senti0.41-0.60,Senti0.61-0.80,Senti0.81-1.00,SentiTotal
1.6564662463629442E-6,0.49789225920557484,0.22084974177552436,0.18787189187377248,4.0,2.0,1.0,0.0,0.0,2.7762868757537786E-10