TraitMin,TraitMax,TraitAvg,TraitStdev,TraitTotal
146.66666666666666,720.0,341.65639589169,152.55294056601645,336.0975609756098
