TimeMin,TimeMax,TimeAvg,TimeStdev,TimeTotal
480.0,7880.0,2256.6666666666665,2335.8343738848916,27080.0
