TraitMin,TraitMax,TraitAvg,TraitStdev,TraitTotal
210.0,413.3333333333333,312.2088217740392,63.824217459049024,295.625
