TimeMin,TimeMax,TimeAvg,TimeStdev,TimeTotal
1000.0,9520.0,4204.444444444444,2627.0012947216333,37840.0
