SentiMin,SentiMax,SentiAvg,SentiStdev,Senti0-0.20,Senti0.21-0.40,Senti0.41-0.60,Senti0.61-0.80,Senti0.81-1.00,SentiTotal
1.818212297009419E-8,0.4678001101927482,0.20585645109354334,0.16620768865343277,6.0,4.0,2.0,0.0,0.0,7.69826380791662E-20