TraitMin,TraitMax,TraitAvg,TraitStdev,TraitTotal
210.0,640.0,337.2144522144522,126.93953521542664,286.3636363636364
