TraitMin,TraitMax,TraitAvg,TraitStdev,TraitTotal
266.6666666666667,487.5,385.16262556093795,78.90554732020432,382.0
