SentiMin,SentiMax,SentiAvg,SentiStdev,Senti0-0.20,Senti0.21-0.40,Senti0.41-0.60,Senti0.61-0.80,Senti0.81-1.00,SentiTotal
3.6046940557105955E-6,0.31820487300311295,0.08390873649939368,0.1231892244884133,4.0,1.0,0.0,0.0,0.0,2.388100196482458E-14