SentiMin,SentiMax,SentiAvg,SentiStdev,Senti0-0.20,Senti0.21-0.40,Senti0.41-0.60,Senti0.61-0.80,Senti0.81-1.00,SentiTotal
4.600320653624826E-4,0.3029968537174699,0.13809293939388476,0.11785932146710305,4.0,3.0,0.0,0.0,0.0,8.845284894477802E-10