TimeMin,TimeMax,TimeAvg,TimeStdev,TimeTotal
440.0,8880.0,2296.6666666666665,2271.2380373316714,27560.0
