SentiMin,SentiMax,SentiAvg,SentiStdev,Senti0-0.20,Senti0.21-0.40,Senti0.41-0.60,Senti0.61-0.80,Senti0.81-1.00,SentiTotal
7.318081890738642E-10,0.20676497326885332,0.058655671038276104,0.08196888323973042,8.0,1.0,0.0,0.0,0.0,1.6453771639032554E-32