TraitMin,TraitMax,TraitAvg,TraitStdev,TraitTotal
300.0,800.0,510.06802721088434,182.18261156511264,387.05882352941177
