SentiMin,SentiMax,SentiAvg,SentiStdev,Senti0-0.20,Senti0.21-0.40,Senti0.41-0.60,Senti0.61-0.80,Senti0.81-1.00,SentiTotal
0.31820487300311295,0.89744000991075,0.566931847680877,0.2434398733913259,0.0,1.0,1.0,0.0,1.0,0.7964920037533681