SentiMin,SentiMax,SentiAvg,SentiStdev,Senti0-0.20,Senti0.21-0.40,Senti0.41-0.60,Senti0.61-0.80,Senti0.81-1.00,SentiTotal
1.150632345403134E-11,0.78291140448387,0.24469170429859424,0.25551849069624544,6.0,2.0,3.0,1.0,0.0,6.818241175782901E-23