TraitMin,TraitMax,TraitAvg,TraitStdev,TraitTotal
150.0,800.0,373.5105044594208,161.29744890485188,325.67164179104475
