TraitMin,TraitMax,TraitAvg,TraitStdev,TraitTotal
240.0,786.6666666666666,393.0822844822845,136.75743663314643,370.1333333333333
