TraitMin,TraitMax,TraitAvg,TraitStdev,TraitTotal
240.0,680.0,374.8267141283159,116.76413319336086,331.0924369747899
