TraitMin,TraitMax,TraitAvg,TraitStdev,TraitTotal
200.0,600.0,357.08048165285,121.30012872652593,305.5882352941176
