TimeMin,TimeMax,TimeAvg,TimeStdev,TimeTotal
640.0,4000.0,1686.6666666666667,877.3951346014077,30360.0
