TraitMin,TraitMax,TraitAvg,TraitStdev,TraitTotal
182.85714285714286,720.0,369.3174603174603,164.25426123264316,320.0
