SentiMin,SentiMax,SentiAvg,SentiStdev,Senti0-0.20,Senti0.21-0.40,Senti0.41-0.60,Senti0.61-0.80,Senti0.81-1.00,SentiTotal
9.986212584628982E-5,0.49789225920557484,0.1725456138284746,0.18115557184590347,9.0,3.0,3.0,0.0,0.0,1.119839240557871E-19