TraitMin,TraitMax,TraitAvg,TraitStdev,TraitTotal
136.0,1040.0,334.9729891956783,225.62581703583697,261.48148148148147
