TimeMin,TimeMax,TimeAvg,TimeStdev,TimeTotal
480.0,8680.0,3117.1428571428573,2349.782447593906,43640.0
