TraitMin,TraitMax,TraitAvg,TraitStdev,TraitTotal
290.0,880.0,435.9621212121212,173.9699554439023,387.42857142857144
