TraitMin,TraitMax,TraitAvg,TraitStdev,TraitTotal
224.6153846153846,920.0,536.5384615384615,288.3611791230688,343.6363636363636
