TraitMin,TraitMax,TraitAvg,TraitStdev,TraitTotal
140.0,240.0,180.46666666666664,37.47568100337426,170.73170731707316
