SentiMin,SentiMax,SentiAvg,SentiStdev,Senti0-0.20,Senti0.21-0.40,Senti0.41-0.60,Senti0.61-0.80,Senti0.81-1.00,SentiTotal
8.362799930909241E-6,0.8180391035785753,0.10628944117469957,0.22801285745449737,10.0,1.0,0.0,0.0,1.0,1.3381317799137829E-31