TraitMin,TraitMax,TraitAvg,TraitStdev,TraitTotal
224.0,1240.0,550.7111111111111,343.8113579807148,400.0
