SentiMin,SentiMax,SentiAvg,SentiStdev,Senti0-0.20,Senti0.21-0.40,Senti0.41-0.60,Senti0.61-0.80,Senti0.81-1.00,SentiTotal
7.895398707725345E-6,0.4801180056153849,0.1160418897130987,0.15999950316054673,10.0,3.0,1.0,0.0,0.0,3.270943233724993E-35