TraitMin,TraitMax,TraitAvg,TraitStdev,TraitTotal
280.0,680.0,540.0,153.62291495737216,453.3333333333333
