SentiMin,SentiMax,SentiAvg,SentiStdev,Senti0-0.20,Senti0.21-0.40,Senti0.41-0.60,Senti0.61-0.80,Senti0.81-1.00,SentiTotal
7.87990702107871E-4,0.9611958417475951,0.42177586583030524,0.32389751656070764,3.0,1.0,1.0,2.0,1.0,6.455237576648462E-4