TraitMin,TraitMax,TraitAvg,TraitStdev,TraitTotal
200.0,680.0,371.6363636363636,154.02383749299906,328.20512820512823
