TimeMin,TimeMax,TimeAvg,TimeStdev,TimeTotal
800.0,1640.0,1163.6363636363637,261.7171522246776,12800.0
