SentiMin,SentiMax,SentiAvg,SentiStdev,Senti0-0.20,Senti0.21-0.40,Senti0.41-0.60,Senti0.61-0.80,Senti0.81-1.00,SentiTotal
3.6518098278238504E-4,0.9611958417475951,0.24443500565906684,0.25807952939402506,7.0,5.0,2.0,0.0,1.0,1.2318743588808291E-13