SentiMin,SentiMax,SentiAvg,SentiStdev,Senti0-0.20,Senti0.21-0.40,Senti0.41-0.60,Senti0.61-0.80,Senti0.81-1.00,SentiTotal
4.2775005314586674E-4,0.49789225920557484,0.13176287965159633,0.18454842762603887,10.0,2.0,2.0,0.0,0.0,8.433638323880698E-25