SentiMin,SentiMax,SentiAvg,SentiStdev,Senti0-0.20,Senti0.21-0.40,Senti0.41-0.60,Senti0.61-0.80,Senti0.81-1.00,SentiTotal
5.154794624682505E-7,0.7693682822000091,0.21723691865341976,0.2358466405552951,9.0,3.0,3.0,1.0,0.0,1.807248555117877E-24