TimeMin,TimeMax,TimeAvg,TimeStdev,TimeTotal
560.0,9720.0,1813.3333333333333,2148.694694201317,27200.0
