TimeMin,TimeMax,TimeAvg,TimeStdev,TimeTotal
600.0,5640.0,2017.142857142857,1287.8965606835077,28240.0
