SentiMin,SentiMax,SentiAvg,SentiStdev,Senti0-0.20,Senti0.21-0.40,Senti0.41-0.60,Senti0.61-0.80,Senti0.81-1.00,SentiTotal
0.0015830553275451914,0.1966513218550911,0.08537887920466845,0.08197207079619799,3.0,0.0,0.0,0.0,0.0,2.4259902028529727E-5