TraitMin,TraitMax,TraitAvg,TraitStdev,TraitTotal
160.0,920.0,383.7644110275689,166.11978911473952,340.77358490566036
