TimeMin,TimeMax,TimeAvg,TimeStdev,TimeTotal
640.0,2040.0,1406.6666666666667,557.813190553572,8440.0
