TimeMin,TimeMax,TimeAvg,TimeStdev,TimeTotal
360.0,4680.0,1278.1818181818182,966.7548169174323,28120.0
