SentiMin,SentiMax,SentiAvg,SentiStdev,Senti0-0.20,Senti0.21-0.40,Senti0.41-0.60,Senti0.61-0.80,Senti0.81-1.00,SentiTotal
3.20814026458012E-4,0.3951691123600869,0.1179434677579827,0.14591625225032362,4.0,2.0,0.0,0.0,0.0,9.811678331639942E-11