TraitMin,TraitMax,TraitAvg,TraitStdev,TraitTotal
273.3333333333333,840.0,475.0,218.85434019507636,360.0
