TimeMin,TimeMax,TimeAvg,TimeStdev,TimeTotal
360.0,2560.0,997.1428571428571,547.506406634774,13960.0
