TimeMin,TimeMax,TimeAvg,TimeStdev,TimeTotal
480.0,1640.0,885.3333333333334,291.7045689658555,13280.0
