SentiMin,SentiMax,SentiAvg,SentiStdev,Senti0-0.20,Senti0.21-0.40,Senti0.41-0.60,Senti0.61-0.80,Senti0.81-1.00,SentiTotal
6.806874802885288E-4,0.5136446707795853,0.2448986524544717,0.18169512672602417,7.0,3.0,4.0,0.0,0.0,1.168325714203029E-11