TimeMin,TimeMax,TimeAvg,TimeStdev,TimeTotal
600.0,4760.0,2247.2727272727275,1158.2831409939213,24720.0
