SentiMin,SentiMax,SentiAvg,SentiStdev,Senti0-0.20,Senti0.21-0.40,Senti0.41-0.60,Senti0.61-0.80,Senti0.81-1.00,SentiTotal
3.7660988345550024E-4,0.6921459309296395,0.2713995556890537,0.2443944638417217,7.0,3.0,4.0,1.0,0.0,5.516530298161574E-17