TimeMin,TimeMax,TimeAvg,TimeStdev,TimeTotal
360.0,1240.0,726.6666666666666,288.8290536324596,4360.0
