SentiMin,SentiMax,SentiAvg,SentiStdev,Senti0-0.20,Senti0.21-0.40,Senti0.41-0.60,Senti0.61-0.80,Senti0.81-1.00,SentiTotal
0.07107463193757052,0.9410648101332474,0.40788284997842983,0.3287245778451911,1.0,2.0,0.0,0.0,1.0,0.19090299734017338