TraitMin,TraitMax,TraitAvg,TraitStdev,TraitTotal
230.0,680.0,400.0,145.48768561863463,335.38461538461536
