SentiMin,SentiMax,SentiAvg,SentiStdev,Senti0-0.20,Senti0.21-0.40,Senti0.41-0.60,Senti0.61-0.80,Senti0.81-1.00,SentiTotal
0.014281138269721074,0.5666333828789054,0.26151966112474984,0.18521676451277988,8.0,4.0,6.0,0.0,0.0,6.075009832696511E-12