TraitMin,TraitMax,TraitAvg,TraitStdev,TraitTotal
180.0,1000.0,439.96296296296293,209.134426876115,348.6792452830189
