TraitMin,TraitMax,TraitAvg,TraitStdev,TraitTotal
216.0,600.0,384.7142857142857,110.11407195966106,340.4878048780488
