SentiMin,SentiMax,SentiAvg,SentiStdev,Senti0-0.20,Senti0.21-0.40,Senti0.41-0.60,Senti0.61-0.80,Senti0.81-1.00,SentiTotal
0.0021223358663394593,0.49789225920557484,0.23314834886030736,0.17496012997779312,12.0,7.0,5.0,0.0,0.0,9.694768498804344E-19