TraitMin,TraitMax,TraitAvg,TraitStdev,TraitTotal
170.0,640.0,377.8441558441558,134.86255872857686,338.7951807228916
