TimeMin,TimeMax,TimeAvg,TimeStdev,TimeTotal
360.0,1880.0,770.9090909090909,418.166007606256,8480.0
