SentiMin,SentiMax,SentiAvg,SentiStdev,Senti0-0.20,Senti0.21-0.40,Senti0.41-0.60,Senti0.61-0.80,Senti0.81-1.00,SentiTotal
0.06648929558486492,0.49789225920557484,0.3417213650867865,0.18402154790213165,2.0,1.0,3.0,0.0,0.0,0.005366391829665395