TraitMin,TraitMax,TraitAvg,TraitStdev,TraitTotal
260.0,560.0,385.7222222222222,99.97498143825908,360.0
