TraitMin,TraitMax,TraitAvg,TraitStdev,TraitTotal
256.0,952.0,422.6727010363374,196.5796996337052,386.25
