TimeMin,TimeMax,TimeAvg,TimeStdev,TimeTotal
280.0,2120.0,988.3333333333334,473.7762012690051,23720.0
