TimeMin,TimeMax,TimeAvg,TimeStdev,TimeTotal
360.0,2760.0,950.578947368421,692.2592544316474,18061.0
