TraitMin,TraitMax,TraitAvg,TraitStdev,TraitTotal
145.0,906.6666666666666,463.29849779849786,201.93595205726675,421.4634146341463
