SentiMin,SentiMax,SentiAvg,SentiStdev,Senti0-0.20,Senti0.21-0.40,Senti0.41-0.60,Senti0.61-0.80,Senti0.81-1.00,SentiTotal
0.022336666429826728,0.18010495829016165,0.10396189632009198,0.07007784375568682,4.0,0.0,0.0,0.0,0.0,4.757930383320486E-5