TimeMin,TimeMax,TimeAvg,TimeStdev,TimeTotal
1240.0,15240.0,6445.714285714285,4760.476738259542,45120.0
