SentiMin,SentiMax,SentiAvg,SentiStdev,Senti0-0.20,Senti0.21-0.40,Senti0.41-0.60,Senti0.61-0.80,Senti0.81-1.00,SentiTotal
7.343102832861173E-4,0.6469778025199797,0.28315815965253077,0.21874735969603495,4.0,5.0,0.0,2.0,0.0,7.238654115690622E-9