TraitMin,TraitMax,TraitAvg,TraitStdev,TraitTotal
206.66666666666666,435.42857142857144,317.9462061747776,80.35520343891511,358.0952380952381
