SentiMin,SentiMax,SentiAvg,SentiStdev,Senti0-0.20,Senti0.21-0.40,Senti0.41-0.60,Senti0.61-0.80,Senti0.81-1.00,SentiTotal
2.50287502378052E-4,0.8428411082043471,0.2554952866209742,0.3205095087578909,5.0,1.0,0.0,1.0,1.0,1.9924808483795478E-11