TimeMin,TimeMax,TimeAvg,TimeStdev,TimeTotal
1000.0,8040.0,4034.285714285714,2368.4042677529114,28240.0
