TraitMin,TraitMax,TraitAvg,TraitStdev,TraitTotal
240.0,720.0,486.87327823691464,158.55368131524483,473.77777777777777
