SentiMin,SentiMax,SentiAvg,SentiStdev,Senti0-0.20,Senti0.21-0.40,Senti0.41-0.60,Senti0.61-0.80,Senti0.81-1.00,SentiTotal
0.0010118382442161672,0.40220708876493577,0.0966820121362254,0.12783275834171334,6.0,0.0,1.0,0.0,0.0,1.6473237949108366E-10