TraitMin,TraitMax,TraitAvg,TraitStdev,TraitTotal
211.42857142857142,400.0,279.3571428571429,76.31577123226569,251.11111111111111
