SentiMin,SentiMax,SentiAvg,SentiStdev,Senti0-0.20,Senti0.21-0.40,Senti0.41-0.60,Senti0.61-0.80,Senti0.81-1.00,SentiTotal
0.019002662934893163,0.03386452762235561,0.026433595278624385,0.0074309323437312235,2.0,0.0,0.0,0.0,0.0,6.842548798308238E-4