SentiMin,SentiMax,SentiAvg,SentiStdev,Senti0-0.20,Senti0.21-0.40,Senti0.41-0.60,Senti0.61-0.80,Senti0.81-1.00,SentiTotal
1.5718273175775557E-5,0.7721997047077747,0.27621717617220093,0.3033403059780455,3.0,1.0,1.0,1.0,0.0,2.1410835325141816E-9