TraitMin,TraitMax,TraitAvg,TraitStdev,TraitTotal
360.0,618.4615384615385,444.04395604395603,85.97350490392678,455.48387096774195
