TraitMin,TraitMax,TraitAvg,TraitStdev,TraitTotal
293.3333333333333,640.0,408.0050505050505,109.69670519621366,360.0
