TimeMin,TimeMax,TimeAvg,TimeStdev,TimeTotal
680.0,5720.0,1938.1818181818182,1690.0447448719876,21320.0
