SentiMin,SentiMax,SentiAvg,SentiStdev,Senti0-0.20,Senti0.21-0.40,Senti0.41-0.60,Senti0.61-0.80,Senti0.81-1.00,SentiTotal
9.255985348224482E-5,0.9288473056233999,0.24641824522624942,0.2825619712895474,6.0,2.0,1.0,0.0,1.0,2.3300317349805595E-10