TraitMin,TraitMax,TraitAvg,TraitStdev,TraitTotal
248.0,480.0,347.7861414900889,73.42246307489482,351.16883116883116
