SentiMin,SentiMax,SentiAvg,SentiStdev,Senti0-0.20,Senti0.21-0.40,Senti0.41-0.60,Senti0.61-0.80,Senti0.81-1.00,SentiTotal
1.5385501887044634E-6,0.3041233943377613,0.058683369141138184,0.1064359009496863,8.0,2.0,0.0,0.0,0.0,1.4725273294444313E-31