SentiMin,SentiMax,SentiAvg,SentiStdev,Senti0-0.20,Senti0.21-0.40,Senti0.41-0.60,Senti0.61-0.80,Senti0.81-1.00,SentiTotal
7.288755358510018E-4,0.9611958417475951,0.30402885864406143,0.2499686921458463,4.0,5.0,1.0,0.0,1.0,5.209407670241192E-7