SentiMin,SentiMax,SentiAvg,SentiStdev,Senti0-0.20,Senti0.21-0.40,Senti0.41-0.60,Senti0.61-0.80,Senti0.81-1.00,SentiTotal
3.3648598279690834E-4,0.39697510199130176,0.14217152227959673,0.17266778526702709,3.0,2.0,0.0,0.0,0.0,1.7513185470365275E-9