TimeMin,TimeMax,TimeAvg,TimeStdev,TimeTotal
720.0,3000.0,1251.4285714285713,731.8748638439025,8760.0
