SentiMin,SentiMax,SentiAvg,SentiStdev,Senti0-0.20,Senti0.21-0.40,Senti0.41-0.60,Senti0.61-0.80,Senti0.81-1.00,SentiTotal
0.00781532752228911,0.49789225920557484,0.3115795031662189,0.16858990980998853,1.0,3.0,2.0,0.0,0.0,5.10906453117497E-4