SentiMin,SentiMax,SentiAvg,SentiStdev,Senti0-0.20,Senti0.21-0.40,Senti0.41-0.60,Senti0.61-0.80,Senti0.81-1.00,SentiTotal
3.9534846865865145E-5,0.49789225920557484,0.1907903033882158,0.17287051152606137,5.0,6.0,1.0,0.0,0.0,8.718063033232529E-19