TraitMin,TraitMax,TraitAvg,TraitStdev,TraitTotal
142.22222222222223,620.0,305.00505050505046,135.22092213225093,244.27184466019418
