SentiMin,SentiMax,SentiAvg,SentiStdev,Senti0-0.20,Senti0.21-0.40,Senti0.41-0.60,Senti0.61-0.80,Senti0.81-1.00,SentiTotal
3.380473148797396E-8,0.4560602144692724,0.14551162447012925,0.13972952002294825,9.0,4.0,1.0,0.0,0.0,3.2672323132824457E-25