TraitMin,TraitMax,TraitAvg,TraitStdev,TraitTotal
160.0,800.0,347.1247863247863,171.94273974804432,264.8421052631579
