TraitMin,TraitMax,TraitAvg,TraitStdev,TraitTotal
137.14285714285714,700.0,343.0074647574648,180.82426106255065,266.28735632183907
