TraitMin,TraitMax,TraitAvg,TraitStdev,TraitTotal
155.2941176470588,1080.0,476.51213492389957,300.01722375880144,278.62068965517244
