TimeMin,TimeMax,TimeAvg,TimeStdev,TimeTotal
320.0,4600.0,1930.5833333333333,1167.092716849104,23167.0
