TraitMin,TraitMax,TraitAvg,TraitStdev,TraitTotal
140.0,920.0,288.36186036186035,196.0569936441535,237.52212389380531
