TimeMin,TimeMax,TimeAvg,TimeStdev,TimeTotal
680.0,3720.0,1677.3333333333333,849.2150624089413,25160.0
