TraitMin,TraitMax,TraitAvg,TraitStdev,TraitTotal
206.66666666666666,880.0,536.1111111111111,259.7179144027774,335.0
