TraitMin,TraitMax,TraitAvg,TraitStdev,TraitTotal
181.33333333333334,880.0,338.558170995671,166.10475575779287,282.4778761061947
