SentiMin,SentiMax,SentiAvg,SentiStdev,Senti0-0.20,Senti0.21-0.40,Senti0.41-0.60,Senti0.61-0.80,Senti0.81-1.00,SentiTotal
0.0322022383539764,0.5979693869786317,0.24827871108021568,0.17288163076419175,7.0,3.0,2.0,0.0,0.0,3.3873141568935113E-8