SentiMin,SentiMax,SentiAvg,SentiStdev,Senti0-0.20,Senti0.21-0.40,Senti0.41-0.60,Senti0.61-0.80,Senti0.81-1.00,SentiTotal
2.1895461356691998E-6,0.49789225920557484,0.17635413457373378,0.17792444954725523,7.0,4.0,2.0,0.0,0.0,2.6679794382624027E-20