TraitMin,TraitMax,TraitAvg,TraitStdev,TraitTotal
184.0,680.0,352.0992063492063,126.6592826024313,320.72727272727275
