TimeMin,TimeMax,TimeAvg,TimeStdev,TimeTotal
840.0,3920.0,1797.142857142857,989.5989705173403,25160.0
