SentiMin,SentiMax,SentiAvg,SentiStdev,Senti0-0.20,Senti0.21-0.40,Senti0.41-0.60,Senti0.61-0.80,Senti0.81-1.00,SentiTotal
0.0030485337756475687,0.6921459309296395,0.24545817113829688,0.24077781713254942,6.0,4.0,1.0,2.0,0.0,2.2383843788376906E-13