TraitMin,TraitMax,TraitAvg,TraitStdev,TraitTotal
200.0,600.0,339.72222222222223,135.42428753484725,283.77358490566036
