TraitMin,TraitMax,TraitAvg,TraitStdev,TraitTotal
160.0,1000.0,432.69047619047615,214.44792141154556,348.2926829268293
