SentiMin,SentiMax,SentiAvg,SentiStdev,Senti0-0.20,Senti0.21-0.40,Senti0.41-0.60,Senti0.61-0.80,Senti0.81-1.00,SentiTotal
4.311874670064805E-5,0.46364466503952073,0.14286453753434877,0.15553891522167484,9.0,1.0,2.0,0.0,0.0,8.570515522872324E-16