SentiMin,SentiMax,SentiAvg,SentiStdev,Senti0-0.20,Senti0.21-0.40,Senti0.41-0.60,Senti0.61-0.80,Senti0.81-1.00,SentiTotal
8.510571342612984E-4,0.6921459309296395,0.20372314125652127,0.1854914276850031,6.0,5.0,0.0,1.0,0.0,1.749191428350199E-11