SentiMin,SentiMax,SentiAvg,SentiStdev,Senti0-0.20,Senti0.21-0.40,Senti0.41-0.60,Senti0.61-0.80,Senti0.81-1.00,SentiTotal
0.00449366550136064,0.49789225920557484,0.21976027350363808,0.16045436712809608,7.0,4.0,3.0,0.0,0.0,2.1604611457244703E-11