TraitMin,TraitMax,TraitAvg,TraitStdev,TraitTotal
195.0,880.0,335.41025641025647,166.56120529247278,282.85714285714283
