SentiMin,SentiMax,SentiAvg,SentiStdev,Senti0-0.20,Senti0.21-0.40,Senti0.41-0.60,Senti0.61-0.80,Senti0.81-1.00,SentiTotal
0.0012285210562499678,0.7059585760742828,0.2533699509171351,0.22231891799106224,8.0,2.0,5.0,1.0,0.0,8.684092025166557E-15