TraitMin,TraitMax,TraitAvg,TraitStdev,TraitTotal
200.0,840.0,418.67559523809524,195.87506735702055,314.92063492063494
