TraitMin,TraitMax,TraitAvg,TraitStdev,TraitTotal
184.0,760.0,364.04855275443504,168.51886133891514,303.7037037037037
