TraitMin,TraitMax,TraitAvg,TraitStdev,TraitTotal
240.0,976.0,421.07070707070704,209.05054604802945,400.0
