SentiMin,SentiMax,SentiAvg,SentiStdev,Senti0-0.20,Senti0.21-0.40,Senti0.41-0.60,Senti0.61-0.80,Senti0.81-1.00,SentiTotal
0.0021600174459014757,0.6921459309296395,0.23709009792599084,0.2089754768420712,8.0,2.0,3.0,1.0,0.0,1.5131025208912584E-11