TimeMin,TimeMax,TimeAvg,TimeStdev,TimeTotal
600.0,2840.0,1253.3333333333333,593.3707853348435,15040.0
