SentiMin,SentiMax,SentiAvg,SentiStdev,Senti0-0.20,Senti0.21-0.40,Senti0.41-0.60,Senti0.61-0.80,Senti0.81-1.00,SentiTotal
7.369845191762272E-4,0.5136446707795853,0.17517329855183125,0.187788810392811,9.0,2.0,3.0,0.0,0.0,6.654120236676069E-18