TraitMin,TraitMax,TraitAvg,TraitStdev,TraitTotal
176.0,1000.0,405.0113378684807,198.2291769336443,328.39506172839504
