TraitMin,TraitMax,TraitAvg,TraitStdev,TraitTotal
150.0,760.0,320.62222222222226,156.7859530115131,283.75
