SentiMin,SentiMax,SentiAvg,SentiStdev,Senti0-0.20,Senti0.21-0.40,Senti0.41-0.60,Senti0.61-0.80,Senti0.81-1.00,SentiTotal
8.454358238917729E-4,0.8484384801876224,0.21330955162047532,0.24389308185798866,9.0,5.0,2.0,0.0,1.0,3.352904111611117E-19