TraitMin,TraitMax,TraitAvg,TraitStdev,TraitTotal
182.85714285714286,800.0,381.452380952381,160.25586295039977,340.2985074626866
