TraitMin,TraitMax,TraitAvg,TraitStdev,TraitTotal
195.55555555555554,880.0,417.968253968254,174.5243342925767,356.6666666666667
