TimeMin,TimeMax,TimeAvg,TimeStdev,TimeTotal
480.0,3080.0,1334.2857142857142,700.3031413580253,18680.0
