TimeMin,TimeMax,TimeAvg,TimeStdev,TimeTotal
560.0,1880.0,1141.1764705882354,378.26045108910273,19400.0
