TimeMin,TimeMax,TimeAvg,TimeStdev,TimeTotal
560.0,2320.0,1222.857142857143,531.2442076514956,17120.0
