SentiMin,SentiMax,SentiAvg,SentiStdev,Senti0-0.20,Senti0.21-0.40,Senti0.41-0.60,Senti0.61-0.80,Senti0.81-1.00,SentiTotal
0.0022754184966165274,0.6921459309296395,0.18414694473606025,0.20735993960988017,11.0,1.0,2.0,1.0,0.0,7.289396201880456E-16