TraitMin,TraitMax,TraitAvg,TraitStdev,TraitTotal
222.85714285714286,1040.0,472.2506868131868,255.98935903233138,393.76623376623377
