TimeMin,TimeMax,TimeAvg,TimeStdev,TimeTotal
800.0,2720.0,1549.3333333333333,641.2432369147366,23240.0
