TimeMin,TimeMax,TimeAvg,TimeStdev,TimeTotal
520.0,4880.0,2109.090909090909,1142.1308199665025,23200.0
