TimeMin,TimeMax,TimeAvg,TimeStdev,TimeTotal
680.0,1680.0,1218.4615384615386,312.84909495317027,15840.0
