TraitMin,TraitMax,TraitAvg,TraitStdev,TraitTotal
220.0,1000.0,519.2380952380952,233.8957652992959,454.0740740740741
