TimeMin,TimeMax,TimeAvg,TimeStdev,TimeTotal
720.0,3440.0,1751.4285714285713,899.6734101316762,24520.0
