TraitMin,TraitMax,TraitAvg,TraitStdev,TraitTotal
106.66666666666667,1880.0,648.125,537.6452888263992,415.45454545454544
