TraitMin,TraitMax,TraitAvg,TraitStdev,TraitTotal
155.0,540.0,333.4182484182484,103.82157196696663,313.84615384615387
