SentiMin,SentiMax,SentiAvg,SentiStdev,Senti0-0.20,Senti0.21-0.40,Senti0.41-0.60,Senti0.61-0.80,Senti0.81-1.00,SentiTotal
0.0035236145827320085,0.5136446707795853,0.21314533044111106,0.16353391844955514,9.0,5.0,3.0,0.0,0.0,5.84846016983597E-14