TraitMin,TraitMax,TraitAvg,TraitStdev,TraitTotal
216.0,1000.0,458.2730158730159,176.5570442135517,407.719298245614
