SentiMin,SentiMax,SentiAvg,SentiStdev,Senti0-0.20,Senti0.21-0.40,Senti0.41-0.60,Senti0.61-0.80,Senti0.81-1.00,SentiTotal
2.9598953332835275E-5,0.49789225920557484,0.1670285234097707,0.14399191892299898,10.0,4.0,2.0,0.0,0.0,2.401699245496996E-18