TimeMin,TimeMax,TimeAvg,TimeStdev,TimeTotal
600.0,1880.0,1210.6666666666667,367.90336895561165,18160.0
