SentiMin,SentiMax,SentiAvg,SentiStdev,Senti0-0.20,Senti0.21-0.40,Senti0.41-0.60,Senti0.61-0.80,Senti0.81-1.00,SentiTotal
0.0030512286059632965,0.2770774727235846,0.14006435066477393,0.13701312205881064,1.0,1.0,0.0,0.0,0.0,0.0011815699955750234