SentiMin,SentiMax,SentiAvg,SentiStdev,Senti0-0.20,Senti0.21-0.40,Senti0.41-0.60,Senti0.61-0.80,Senti0.81-1.00,SentiTotal
2.565625019034416E-4,0.46364466503952073,0.1502674610821422,0.1546657537908048,11.0,3.0,2.0,0.0,0.0,4.281917134061982E-22