TimeMin,TimeMax,TimeAvg,TimeStdev,TimeTotal
800.0,2880.0,1569.2307692307693,613.9213372118808,20400.0
