SentiMin,SentiMax,SentiAvg,SentiStdev,Senti0-0.20,Senti0.21-0.40,Senti0.41-0.60,Senti0.61-0.80,Senti0.81-1.00,SentiTotal
0.020474811570527034,0.49789225920557484,0.23758477370894684,0.16139212105234305,3.0,3.0,2.0,0.0,0.0,6.9288162539368E-6