TraitMin,TraitMax,TraitAvg,TraitStdev,TraitTotal
200.0,500.0,353.2142857142858,90.5504864126591,333.57142857142856
