SentiMin,SentiMax,SentiAvg,SentiStdev,Senti0-0.20,Senti0.21-0.40,Senti0.41-0.60,Senti0.61-0.80,Senti0.81-1.00,SentiTotal
0.003164888938229417,0.7213667808671829,0.23796594475885097,0.25617044433497743,7.0,3.0,2.0,1.0,0.0,2.8127027030318006E-13