TraitMin,TraitMax,TraitAvg,TraitStdev,TraitTotal
293.3333333333333,1460.0,702.7272727272727,356.7157094059728,645.4545454545455
