TraitMin,TraitMax,TraitAvg,TraitStdev,TraitTotal
188.0,1060.0,503.86666666666673,284.27135705949064,436.0
