TraitMin,TraitMax,TraitAvg,TraitStdev,TraitTotal
193.33333333333334,600.0,392.6,116.07294641254218,324.54545454545456
