TimeMin,TimeMax,TimeAvg,TimeStdev,TimeTotal
200.0,2240.0,993.8461538461538,515.0883189622542,12920.0
