SentiMin,SentiMax,SentiAvg,SentiStdev,Senti0-0.20,Senti0.21-0.40,Senti0.41-0.60,Senti0.61-0.80,Senti0.81-1.00,SentiTotal
2.8590145351680825E-5,0.949053549766115,0.25308467788083333,0.27005409434198263,5.0,4.0,1.0,0.0,1.0,2.95934975293876E-12