SentiMin,SentiMax,SentiAvg,SentiStdev,Senti0-0.20,Senti0.21-0.40,Senti0.41-0.60,Senti0.61-0.80,Senti0.81-1.00,SentiTotal
1.0017916808424948E-5,0.39616599505341776,0.05853701053723238,0.13785336519642324,6.0,1.0,0.0,0.0,0.0,1.2916151197658056E-19