SentiMin,SentiMax,SentiAvg,SentiStdev,Senti0-0.20,Senti0.21-0.40,Senti0.41-0.60,Senti0.61-0.80,Senti0.81-1.00,SentiTotal
3.3128768198944486E-14,0.5954306636047291,0.29841718918053534,0.23240762401415513,4.0,2.0,4.0,0.0,0.0,9.962076378723861E-25