TraitMin,TraitMax,TraitAvg,TraitStdev,TraitTotal
241.6,740.0,407.4933333333334,143.15343501137357,312.8
