SentiMin,SentiMax,SentiAvg,SentiStdev,Senti0-0.20,Senti0.21-0.40,Senti0.41-0.60,Senti0.61-0.80,Senti0.81-1.00,SentiTotal
2.2331177241630793E-8,0.9611958417475951,0.2820550421567988,0.2669576074841359,4.0,3.0,2.0,0.0,1.0,2.5967603466062796E-12