TraitMin,TraitMax,TraitAvg,TraitStdev,TraitTotal
184.0,310.0,246.6275946275946,38.49813016033752,261.0810810810811
