TimeMin,TimeMax,TimeAvg,TimeStdev,TimeTotal
480.0,6920.0,2232.7272727272725,1969.72121197203,24560.0
