TimeMin,TimeMax,TimeAvg,TimeStdev,TimeTotal
400.0,6720.0,1977.7777777777778,2265.655547899635,17800.0
