TraitMin,TraitMax,TraitAvg,TraitStdev,TraitTotal
150.0,880.0,316.1111111111111,253.48253403682156,225.3658536585366
