TraitMin,TraitMax,TraitAvg,TraitStdev,TraitTotal
200.0,960.0,520.7692307692307,220.66005817881194,461.42857142857144
