SentiMin,SentiMax,SentiAvg,SentiStdev,Senti0-0.20,Senti0.21-0.40,Senti0.41-0.60,Senti0.61-0.80,Senti0.81-1.00,SentiTotal
0.002232160013658974,0.49789225920557484,0.28118982011721744,0.17293270376891148,5.0,6.0,4.0,0.0,0.0,1.2182955952888221E-10