SentiMin,SentiMax,SentiAvg,SentiStdev,Senti0-0.20,Senti0.21-0.40,Senti0.41-0.60,Senti0.61-0.80,Senti0.81-1.00,SentiTotal
1.226522552280689E-4,0.927573679488838,0.3253732705719863,0.26480325991813086,3.0,4.0,2.0,0.0,1.0,3.1050007209644725E-10