TraitMin,TraitMax,TraitAvg,TraitStdev,TraitTotal
176.0,1220.0,642.3030303030303,364.54996344726624,522.5531914893617
