TimeMin,TimeMax,TimeAvg,TimeStdev,TimeTotal
520.0,2920.0,1290.909090909091,850.2561597483917,14200.0
