SentiMin,SentiMax,SentiAvg,SentiStdev,Senti0-0.20,Senti0.21-0.40,Senti0.41-0.60,Senti0.61-0.80,Senti0.81-1.00,SentiTotal
0.04753604247719294,0.577537224331707,0.258101830797201,0.1766074915828467,3.0,2.0,1.0,0.0,0.0,4.450241936952745E-4