TimeMin,TimeMax,TimeAvg,TimeStdev,TimeTotal
480.0,2600.0,1222.2222222222222,679.6367947952098,11000.0
