TraitMin,TraitMax,TraitAvg,TraitStdev,TraitTotal
253.33333333333334,1112.0,597.0370370370371,253.38305771479645,593.3333333333334
