SentiMin,SentiMax,SentiAvg,SentiStdev,Senti0-0.20,Senti0.21-0.40,Senti0.41-0.60,Senti0.61-0.80,Senti0.81-1.00,SentiTotal
5.653726132567145E-5,0.8796694128852408,0.2393708256861594,0.29843756686218664,6.0,0.0,3.0,0.0,1.0,1.0744867059285193E-15