SentiMin,SentiMax,SentiAvg,SentiStdev,Senti0-0.20,Senti0.21-0.40,Senti0.41-0.60,Senti0.61-0.80,Senti0.81-1.00,SentiTotal
0.07702426503522347,0.5159436667231726,0.32115438948023317,0.16683378382224345,3.0,3.0,5.0,0.0,0.0,6.31097572005323E-5