TimeMin,TimeMax,TimeAvg,TimeStdev,TimeTotal
440.0,6360.0,1453.3333333333333,1418.932305957155,21800.0
