SentiMin,SentiMax,SentiAvg,SentiStdev,Senti0-0.20,Senti0.21-0.40,Senti0.41-0.60,Senti0.61-0.80,Senti0.81-1.00,SentiTotal
1.2087705606280073E-5,0.34155692572047375,0.08056058364603023,0.10429544684832597,9.0,2.0,0.0,0.0,0.0,9.246511853911044E-23