TimeMin,TimeMax,TimeAvg,TimeStdev,TimeTotal
600.0,8040.0,2505.4545454545455,2244.817723462252,27560.0
