TraitMin,TraitMax,TraitAvg,TraitStdev,TraitTotal
160.0,760.0,371.8578754578755,172.7143662168085,320.0
