SentiMin,SentiMax,SentiAvg,SentiStdev,Senti0-0.20,Senti0.21-0.40,Senti0.41-0.60,Senti0.61-0.80,Senti0.81-1.00,SentiTotal
6.574634918070592E-4,0.8660810587511364,0.33512703338865224,0.20979546519099737,3.0,5.0,7.0,0.0,1.0,2.073472621911032E-8