SentiMin,SentiMax,SentiAvg,SentiStdev,Senti0-0.20,Senti0.21-0.40,Senti0.41-0.60,Senti0.61-0.80,Senti0.81-1.00,SentiTotal
2.276950659378569E-4,0.9517079513629201,0.2150000521281527,0.2726118156345066,5.0,3.0,0.0,0.0,1.0,2.130022626546121E-9