SentiMin,SentiMax,SentiAvg,SentiStdev,Senti0-0.20,Senti0.21-0.40,Senti0.41-0.60,Senti0.61-0.80,Senti0.81-1.00,SentiTotal
6.087101908914137E-7,0.9983864964569151,0.20362227293608923,0.264199182494988,7.0,5.0,2.0,0.0,1.0,2.730533004239672E-25