TraitMin,TraitMax,TraitAvg,TraitStdev,TraitTotal
148.57142857142858,620.0,317.44011544011545,153.29140125121518,265.0
