TraitMin,TraitMax,TraitAvg,TraitStdev,TraitTotal
162.5,560.0,320.2037037037037,131.9330586380503,244.44444444444446
