TraitMin,TraitMax,TraitAvg,TraitStdev,TraitTotal
212.0,520.0,359.7,109.054160855971,317.37704918032784
