TraitMin,TraitMax,TraitAvg,TraitStdev,TraitTotal
126.2,639.0,295.51848290598286,161.28257995083297,247.9493670886076
