SentiMin,SentiMax,SentiAvg,SentiStdev,Senti0-0.20,Senti0.21-0.40,Senti0.41-0.60,Senti0.61-0.80,Senti0.81-1.00,SentiTotal
0.28476150343825457,0.49789225920557484,0.41539766946011825,0.08653154752067177,0.0,6.0,7.0,0.0,0.0,0.010878481412153009