SentiMin,SentiMax,SentiAvg,SentiStdev,Senti0-0.20,Senti0.21-0.40,Senti0.41-0.60,Senti0.61-0.80,Senti0.81-1.00,SentiTotal
0.011905755414161995,0.49789225920557484,0.2276078089209826,0.15689011016643653,7.0,4.0,2.0,0.0,0.0,1.8538314558241202E-9