SentiMin,SentiMax,SentiAvg,SentiStdev,Senti0-0.20,Senti0.21-0.40,Senti0.41-0.60,Senti0.61-0.80,Senti0.81-1.00,SentiTotal
0.04446653781641114,0.49789225920557484,0.36883324916354904,0.15857961175542598,2.0,2.0,4.0,0.0,0.0,0.0036557220949157525