TimeMin,TimeMax,TimeAvg,TimeStdev,TimeTotal
352.0,1697.0,756.6923076923077,343.27257270512837,9837.0
