TraitMin,TraitMax,TraitAvg,TraitStdev,TraitTotal
117.33333333333333,912.0,360.3782051282051,224.2218824747913,281.0571428571429
