TraitMin,TraitMax,TraitAvg,TraitStdev,TraitTotal
74.25,823.0,251.440625,177.69944516349773,191.74418604651163
