SentiMin,SentiMax,SentiAvg,SentiStdev,Senti0-0.20,Senti0.21-0.40,Senti0.41-0.60,Senti0.61-0.80,Senti0.81-1.00,SentiTotal
0.0010345533356585107,0.49789225920557484,0.26343280870900526,0.1822521843942889,4.0,6.0,4.0,0.0,0.0,2.3881964152007616E-11