SentiMin,SentiMax,SentiAvg,SentiStdev,Senti0-0.20,Senti0.21-0.40,Senti0.41-0.60,Senti0.61-0.80,Senti0.81-1.00,SentiTotal
0.03072219351914333,0.540222577411058,0.4356026727992581,0.12701093548493206,1.0,2.0,13.0,0.0,0.0,0.003236393879993122