SentiMin,SentiMax,SentiAvg,SentiStdev,Senti0-0.20,Senti0.21-0.40,Senti0.41-0.60,Senti0.61-0.80,Senti0.81-1.00,SentiTotal
0.05397330486365735,0.49789225920557484,0.34287749384733207,0.17032391529607196,3.0,2.0,4.0,0.0,0.0,5.798740705563414E-4