TimeMin,TimeMax,TimeAvg,TimeStdev,TimeTotal
377.0,3919.0,1225.5384615384614,970.45973366985,15932.0
