TraitMin,TraitMax,TraitAvg,TraitStdev,TraitTotal
213.33333333333334,535.0,346.92121212121214,114.74857514655008,294.51724137931035
