TraitMin,TraitMax,TraitAvg,TraitStdev,TraitTotal
104.0,693.4,331.5074404761905,169.88380655205924,297.93333333333334
