TimeMin,TimeMax,TimeAvg,TimeStdev,TimeTotal
417.0,5551.0,2176.4444444444443,1908.5539675140392,19588.0
