TimeMin,TimeMax,TimeAvg,TimeStdev,TimeTotal
312.0,3467.0,1276.857142857143,1114.0208293219946,17876.0
