TimeMin,TimeMax,TimeAvg,TimeStdev,TimeTotal
112.0,5817.0,1954.6666666666667,1992.2419252914262,23456.0
