TraitMin,TraitMax,TraitAvg,TraitStdev,TraitTotal
124.14285714285714,234.0,178.5617249411009,36.440487670656175,188.9151515151515
