TraitMin,TraitMax,TraitAvg,TraitStdev,TraitTotal
79.3,339.0,194.23650137741043,66.27547886999203,170.8108108108108
