TimeMin,TimeMax,TimeAvg,TimeStdev,TimeTotal
145.0,3545.0,1467.4285714285713,1071.1450291484284,10272.0
