TraitMin,TraitMax,TraitAvg,TraitStdev,TraitTotal
145.0,552.0,256.0578231292517,127.48452007957466,218.5531914893617
