SentiMin,SentiMax,SentiAvg,SentiStdev,Senti0-0.20,Senti0.21-0.40,Senti0.41-0.60,Senti0.61-0.80,Senti0.81-1.00,SentiTotal
9.444160104768248E-5,0.7758538115166533,0.2882631814635009,0.22620797372584317,4.0,6.0,1.0,1.0,0.0,2.2083496650994045E-13