SentiMin,SentiMax,SentiAvg,SentiStdev,Senti0-0.20,Senti0.21-0.40,Senti0.41-0.60,Senti0.61-0.80,Senti0.81-1.00,SentiTotal
5.7764167430823266E-5,0.49789225920557484,0.22036598690951958,0.17753077080659668,8.0,3.0,3.0,0.0,0.0,1.4382343424543443E-14