SentiMin,SentiMax,SentiAvg,SentiStdev,Senti0-0.20,Senti0.21-0.40,Senti0.41-0.60,Senti0.61-0.80,Senti0.81-1.00,SentiTotal
0.06735618519505979,0.49789225920557484,0.25540388161352084,0.13076241179092923,3.0,3.0,1.0,0.0,0.0,2.2296963847101694E-4