TraitMin,TraitMax,TraitAvg,TraitStdev,TraitTotal
154.66666666666666,760.0,295.22628959276017,155.73453920523005,272.3313609467456
