SentiMin,SentiMax,SentiAvg,SentiStdev,Senti0-0.20,Senti0.21-0.40,Senti0.41-0.60,Senti0.61-0.80,Senti0.81-1.00,SentiTotal
0.017995505787178602,0.5159436667231726,0.19732216036429842,0.1864207748455559,7.0,2.0,2.0,0.0,0.0,1.5534090580582506E-10