TraitMin,TraitMax,TraitAvg,TraitStdev,TraitTotal
56.0,268.8,162.71501610305958,67.1179050701795,197.109243697479
