TimeMin,TimeMax,TimeAvg,TimeStdev,TimeTotal
321.0,2362.0,1149.090909090909,686.5168281782326,12640.0
