SentiMin,SentiMax,SentiAvg,SentiStdev,Senti0-0.20,Senti0.21-0.40,Senti0.41-0.60,Senti0.61-0.80,Senti0.81-1.00,SentiTotal
1.996249569908218E-5,0.49789225920557484,0.12901293927589458,0.1714172921384679,9.0,3.0,1.0,0.0,0.0,2.9703493993318356E-25