SentiMin,SentiMax,SentiAvg,SentiStdev,Senti0-0.20,Senti0.21-0.40,Senti0.41-0.60,Senti0.61-0.80,Senti0.81-1.00,SentiTotal
0.010483549325158817,0.5628056929000496,0.20478171350708446,0.20536391106145074,7.0,2.0,2.0,0.0,0.0,2.0623611152865634E-10