TraitMin,TraitMax,TraitAvg,TraitStdev,TraitTotal
91.0,324.5,234.62316017316016,76.44747146471933,234.41489361702128
