SentiMin,SentiMax,SentiAvg,SentiStdev,Senti0-0.20,Senti0.21-0.40,Senti0.41-0.60,Senti0.61-0.80,Senti0.81-1.00,SentiTotal
0.0213460923849593,0.6155765545157244,0.3245685509347317,0.1883378434949185,4.0,4.0,6.0,1.0,0.0,5.2234147529411296E-8