TraitMin,TraitMax,TraitAvg,TraitStdev,TraitTotal
74.0,426.3636363636364,222.27944185938838,89.13969505828184,243.8170731707317
