TimeMin,TimeMax,TimeAvg,TimeStdev,TimeTotal
155.0,12607.0,3835.3333333333335,3778.255623373775,46024.0
