SentiMin,SentiMax,SentiAvg,SentiStdev,Senti0-0.20,Senti0.21-0.40,Senti0.41-0.60,Senti0.61-0.80,Senti0.81-1.00,SentiTotal
0.05450849044161383,0.5318834537628724,0.3031050345552991,0.17609768448751836,6.0,3.0,6.0,0.0,0.0,2.194202491818703E-7