TimeMin,TimeMax,TimeAvg,TimeStdev,TimeTotal
148.0,4690.0,1817.5454545454545,1387.7463983436248,19993.0
