SentiMin,SentiMax,SentiAvg,SentiStdev,Senti0-0.20,Senti0.21-0.40,Senti0.41-0.60,Senti0.61-0.80,Senti0.81-1.00,SentiTotal
2.1954630834689885E-8,0.49789225920557484,0.2410292938277616,0.18250061837618536,5.0,4.0,3.0,0.0,0.0,6.944236986668797E-19