TraitMin,TraitMax,TraitAvg,TraitStdev,TraitTotal
80.5,485.6666666666667,226.4627378573807,92.94846589354474,225.659793814433
