TraitMin,TraitMax,TraitAvg,TraitStdev,TraitTotal
104.0,720.0,232.31766169503013,145.03512765599913,191.83064516129033
