SentiMin,SentiMax,SentiAvg,SentiStdev,Senti0-0.20,Senti0.21-0.40,Senti0.41-0.60,Senti0.61-0.80,Senti0.81-1.00,SentiTotal
1.8322857725460147E-5,0.540222577411058,0.23388996641897614,0.190050390092636,4.0,4.0,3.0,0.0,0.0,2.1884179145699792E-13