TraitMin,TraitMax,TraitAvg,TraitStdev,TraitTotal
88.85714285714286,297.5,166.23532594856124,62.54392269429226,169.55555555555554
