TimeMin,TimeMax,TimeAvg,TimeStdev,TimeTotal
800.0,5120.0,2250.909090909091,1245.3364243919614,24760.0
