TimeMin,TimeMax,TimeAvg,TimeStdev,TimeTotal
520.0,3600.0,1672.7272727272727,982.733579998261,18400.0
