TimeMin,TimeMax,TimeAvg,TimeStdev,TimeTotal
640.0,2680.0,1517.7777777777778,559.7574430605888,27320.0
