SentiMin,SentiMax,SentiAvg,SentiStdev,Senti0-0.20,Senti0.21-0.40,Senti0.41-0.60,Senti0.61-0.80,Senti0.81-1.00,SentiTotal
4.020943619737741E-5,0.49789225920557484,0.3520492479156607,0.18118873901174312,3.0,5.0,9.0,0.0,0.0,1.9153469092992644E-10