TimeMin,TimeMax,TimeAvg,TimeStdev,TimeTotal
560.0,2800.0,1522.857142857143,694.3797702310476,21320.0
