SentiMin,SentiMax,SentiAvg,SentiStdev,Senti0-0.20,Senti0.21-0.40,Senti0.41-0.60,Senti0.61-0.80,Senti0.81-1.00,SentiTotal
0.0033472965186643697,0.565581293404478,0.3772818246824403,0.16728328369385592,3.0,4.0,10.0,0.0,0.0,2.5509429089144367E-6