TimeMin,TimeMax,TimeAvg,TimeStdev,TimeTotal
320.0,3480.0,1461.1764705882354,812.7359918125586,24840.0
