SentiMin,SentiMax,SentiAvg,SentiStdev,Senti0-0.20,Senti0.21-0.40,Senti0.41-0.60,Senti0.61-0.80,Senti0.81-1.00,SentiTotal
0.0029491203396373143,0.5136446707795853,0.3160662810959381,0.1597680217730258,4.0,6.0,5.0,0.0,0.0,7.690005802808047E-8