SentiMin,SentiMax,SentiAvg,SentiStdev,Senti0-0.20,Senti0.21-0.40,Senti0.41-0.60,Senti0.61-0.80,Senti0.81-1.00,SentiTotal
0.016150468320665433,0.5318834537628724,0.31808738510043466,0.1720039496845956,3.0,5.0,5.0,0.0,0.0,4.4147377917812095E-8