TraitMin,TraitMax,TraitAvg,TraitStdev,TraitTotal
240.0,800.0,391.9145299145299,149.68036951367898,327.0
