TraitMin,TraitMax,TraitAvg,TraitStdev,TraitTotal
275.0,800.0,454.86813186813185,163.5206031949168,371.3333333333333
