SentiMin,SentiMax,SentiAvg,SentiStdev,Senti0-0.20,Senti0.21-0.40,Senti0.41-0.60,Senti0.61-0.80,Senti0.81-1.00,SentiTotal
0.026769018185620705,0.5496678701602578,0.3237706701459849,0.1847665636800846,5.0,3.0,6.0,0.0,0.0,8.551238558562752E-7