SentiMin,SentiMax,SentiAvg,SentiStdev,Senti0-0.20,Senti0.21-0.40,Senti0.41-0.60,Senti0.61-0.80,Senti0.81-1.00,SentiTotal
0.029608885629010394,0.49789225920557484,0.2996200194690877,0.18015904697328483,5.0,5.0,4.0,0.0,0.0,7.296135763668747E-8