TraitMin,TraitMax,TraitAvg,TraitStdev,TraitTotal
296.0,640.0,446.6587301587302,103.72398088257361,407.76119402985074
