TraitMin,TraitMax,TraitAvg,TraitStdev,TraitTotal
182.85714285714286,1240.0,400.7370851370851,281.79412266536076,310.1123595505618
