TraitMin,TraitMax,TraitAvg,TraitStdev,TraitTotal
160.0,1040.0,400.0746965452849,254.86442188435268,299.27710843373495
