SentiMin,SentiMax,SentiAvg,SentiStdev,Senti0-0.20,Senti0.21-0.40,Senti0.41-0.60,Senti0.61-0.80,Senti0.81-1.00,SentiTotal
0.00856520062263418,0.5372318511317483,0.30041650743576925,0.18604634420544217,7.0,2.0,7.0,0.0,0.0,8.137843750855378E-9