TimeMin,TimeMax,TimeAvg,TimeStdev,TimeTotal
520.0,3480.0,1651.4285714285713,835.9669947590817,23120.0
