SentiMin,SentiMax,SentiAvg,SentiStdev,Senti0-0.20,Senti0.21-0.40,Senti0.41-0.60,Senti0.61-0.80,Senti0.81-1.00,SentiTotal
0.14902308746955298,0.6959033095314103,0.4313705609695645,0.1619978278878775,1.0,5.0,6.0,2.0,0.0,0.01336462856952401