SentiMin,SentiMax,SentiAvg,SentiStdev,Senti0-0.20,Senti0.21-0.40,Senti0.41-0.60,Senti0.61-0.80,Senti0.81-1.00,SentiTotal
0.09354615454035446,0.7502865685021818,0.4317646670704037,0.1587979112522234,1.0,3.0,8.0,1.0,0.0,0.014329429170705812