TimeMin,TimeMax,TimeAvg,TimeStdev,TimeTotal
760.0,1640.0,1226.6666666666667,361.23245824384173,3680.0
