TraitMin,TraitMax,TraitAvg,TraitStdev,TraitTotal
256.0,380.0,321.3333333333333,50.84180257316698,306.6666666666667
