TraitMin,TraitMax,TraitAvg,TraitStdev,TraitTotal
183.1578947368421,1040.0,443.65413533834584,259.98419308612614,304.2105263157895
