TraitMin,TraitMax,TraitAvg,TraitStdev,TraitTotal
184.0,1120.0,440.99038461538464,248.19024293065917,346.2068965517241
