SentiMin,SentiMax,SentiAvg,SentiStdev,Senti0-0.20,Senti0.21-0.40,Senti0.41-0.60,Senti0.61-0.80,Senti0.81-1.00,SentiTotal
0.012807152856987912,0.5159436667231726,0.26586293921283605,0.20693591792463578,3.0,0.0,2.0,0.0,0.0,1.6837719630186294E-4