SentiMin,SentiMax,SentiAvg,SentiStdev,Senti0-0.20,Senti0.21-0.40,Senti0.41-0.60,Senti0.61-0.80,Senti0.81-1.00,SentiTotal
0.010706894521108972,0.6959033095314103,0.3469585945487356,0.21117033202396612,2.0,3.0,4.0,1.0,0.0,2.3426944064060412E-5