TraitMin,TraitMax,TraitAvg,TraitStdev,TraitTotal
454.0,1185.0,667.5873015873016,243.96153095114443,564.1612903225806
