SentiMin,SentiMax,SentiAvg,SentiStdev,Senti0-0.20,Senti0.21-0.40,Senti0.41-0.60,Senti0.61-0.80,Senti0.81-1.00,SentiTotal
0.05368207251344456,0.6959033095314103,0.34299875974056365,0.1744231378725171,1.0,5.0,1.0,1.0,0.0,0.0018439929834915359