TraitMin,TraitMax,TraitAvg,TraitStdev,TraitTotal
257.0,1501.0,690.7619047619048,439.28288294351455,526.5384615384615
