TimeMin,TimeMax,TimeAvg,TimeStdev,TimeTotal
727.0,5377.0,2689.5555555555557,1749.9998800705423,24206.0
