SentiMin,SentiMax,SentiAvg,SentiStdev,Senti0-0.20,Senti0.21-0.40,Senti0.41-0.60,Senti0.61-0.80,Senti0.81-1.00,SentiTotal
0.03035430279907558,0.5159436667231726,0.28235006979766786,0.16520714572560619,2.0,5.0,1.0,0.0,0.0,8.542650916893227E-5