TimeMin,TimeMax,TimeAvg,TimeStdev,TimeTotal
514.0,1501.0,977.8571428571429,272.45939596383823,6845.0
