TraitMin,TraitMax,TraitAvg,TraitStdev,TraitTotal
177.75,1606.6666666666667,850.0217261904762,546.4827786960302,715.8235294117648
