TraitMin,TraitMax,TraitAvg,TraitStdev,TraitTotal
246.45454545454547,1137.0,614.9901515151515,273.94802785716007,552.2
