TraitMin,TraitMax,TraitAvg,TraitStdev,TraitTotal
122.0,1608.0,599.1100529100529,434.80002465893284,412.1304347826087
