SentiMin,SentiMax,SentiAvg,SentiStdev,Senti0-0.20,Senti0.21-0.40,Senti0.41-0.60,Senti0.61-0.80,Senti0.81-1.00,SentiTotal
0.006336482828616292,0.49789225920557484,0.2080279500634952,0.19765973143625717,3.0,1.0,2.0,0.0,0.0,3.325983478019983E-7