SentiMin,SentiMax,SentiAvg,SentiStdev,Senti0-0.20,Senti0.21-0.40,Senti0.41-0.60,Senti0.61-0.80,Senti0.81-1.00,SentiTotal
4.574722941306699E-4,0.49789225920557484,0.2813319154622619,0.1688927146676318,4.0,4.0,4.0,0.0,0.0,5.94918425516744E-12