TimeMin,TimeMax,TimeAvg,TimeStdev,TimeTotal
423.0,4280.0,1537.5384615384614,1026.0651962630097,19988.0
