TraitMin,TraitMax,TraitAvg,TraitStdev,TraitTotal
335.25,1310.0,672.7295918367347,368.5611293535814,586.3529411764706
