SentiMin,SentiMax,SentiAvg,SentiStdev,Senti0-0.20,Senti0.21-0.40,Senti0.41-0.60,Senti0.61-0.80,Senti0.81-1.00,SentiTotal
0.003869250173707276,0.43796879524747484,0.23997659791480094,0.19422819212196807,4.0,3.0,2.0,0.0,0.0,6.032722739627141E-10