TimeMin,TimeMax,TimeAvg,TimeStdev,TimeTotal
454.0,10784.0,2914.8333333333335,3584.7976891621397,17489.0
