SentiMin,SentiMax,SentiAvg,SentiStdev,Senti0-0.20,Senti0.21-0.40,Senti0.41-0.60,Senti0.61-0.80,Senti0.81-1.00,SentiTotal
0.022196185990569346,0.5755436691302463,0.35956772131778414,0.1700156150172566,2.0,3.0,4.0,0.0,0.0,7.233450728405263E-4