TimeMin,TimeMax,TimeAvg,TimeStdev,TimeTotal
488.0,4743.0,2106.4444444444443,1460.7412966718198,18958.0
