SentiMin,SentiMax,SentiAvg,SentiStdev,Senti0-0.20,Senti0.21-0.40,Senti0.41-0.60,Senti0.61-0.80,Senti0.81-1.00,SentiTotal
0.0736401149528525,0.5136446707795853,0.35532676796825197,0.14453984713238266,1.0,4.0,2.0,0.0,0.0,0.006746552642430834