SentiMin,SentiMax,SentiAvg,SentiStdev,Senti0-0.20,Senti0.21-0.40,Senti0.41-0.60,Senti0.61-0.80,Senti0.81-1.00,SentiTotal
0.10408087164763433,0.974912121514536,0.40099632644809075,0.302639075561923,1.0,3.0,0.0,0.0,1.0,0.280453775446938