TraitMin,TraitMax,TraitAvg,TraitStdev,TraitTotal
200.0,1020.0,465.4761904761905,203.86352422131947,443.125
