SentiMin,SentiMax,SentiAvg,SentiStdev,Senti0-0.20,Senti0.21-0.40,Senti0.41-0.60,Senti0.61-0.80,Senti0.81-1.00,SentiTotal
2.136956282931859E-5,0.5425813081463245,0.23854495641264992,0.19239072440940685,5.0,1.0,4.0,0.0,0.0,4.9282162096218596E-11