TraitMin,TraitMax,TraitAvg,TraitStdev,TraitTotal
480.0,880.0,620.0,184.02898322456346,553.3333333333334
