SentiMin,SentiMax,SentiAvg,SentiStdev,Senti0-0.20,Senti0.21-0.40,Senti0.41-0.60,Senti0.61-0.80,Senti0.81-1.00,SentiTotal
8.067875063334375E-7,0.6242094968955547,0.22293179806630137,0.18734614063812338,4.0,4.0,0.0,1.0,0.0,2.174151673509384E-12