TraitMin,TraitMax,TraitAvg,TraitStdev,TraitTotal
265.45454545454544,800.0,412.874025974026,144.6944882068736,356.8627450980392
