SentiMin,SentiMax,SentiAvg,SentiStdev,Senti0-0.20,Senti0.21-0.40,Senti0.41-0.60,Senti0.61-0.80,Senti0.81-1.00,SentiTotal
0.0026546104447385346,0.9041098809645616,0.29878757717812054,0.2309060527947521,6.0,5.0,3.0,0.0,1.0,8.997590981681237E-10