TraitMin,TraitMax,TraitAvg,TraitStdev,TraitTotal
253.33333333333334,680.0,443.38624338624345,151.98517459035432,481.9047619047619
