TraitMin,TraitMax,TraitAvg,TraitStdev,TraitTotal
274.2857142857143,780.0,424.033374033374,172.7693310892688,376.0
