TraitMin,TraitMax,TraitAvg,TraitStdev,TraitTotal
296.0,1080.0,522.352380952381,223.45261937729882,505.18518518518516
