TraitMin,TraitMax,TraitAvg,TraitStdev,TraitTotal
320.0,1000.0,593.7989417989418,197.84029404798608,564.8979591836735
