SentiMin,SentiMax,SentiAvg,SentiStdev,Senti0-0.20,Senti0.21-0.40,Senti0.41-0.60,Senti0.61-0.80,Senti0.81-1.00,SentiTotal
1.9636130699635828E-9,0.3726847435457324,0.11355877496209668,0.12483777597313836,7.0,1.0,0.0,0.0,0.0,2.3772022694257607E-19