TimeMin,TimeMax,TimeAvg,TimeStdev,TimeTotal
520.0,8800.0,3530.909090909091,2720.806880806616,38840.0
