TimeMin,TimeMax,TimeAvg,TimeStdev,TimeTotal
1000.0,9280.0,3075.5555555555557,2735.0202563178827,27680.0
