TraitMin,TraitMax,TraitAvg,TraitStdev,TraitTotal
243.33333333333334,620.0,371.94117647058823,113.74523493236673,363.0188679245283
