TimeMin,TimeMax,TimeAvg,TimeStdev,TimeTotal
280.0,4320.0,1890.6666666666667,1048.7291780478356,28360.0
