SentiMin,SentiMax,SentiAvg,SentiStdev,Senti0-0.20,Senti0.21-0.40,Senti0.41-0.60,Senti0.61-0.80,Senti0.81-1.00,SentiTotal
4.8513868814000994E-9,0.4254270986760844,0.2660282333592154,0.1608497387547157,3.0,5.0,3.0,0.0,0.0,2.332488530435866E-15