SentiMin,SentiMax,SentiAvg,SentiStdev,Senti0-0.20,Senti0.21-0.40,Senti0.41-0.60,Senti0.61-0.80,Senti0.81-1.00,SentiTotal
5.78644487356607E-4,0.25904246346744453,0.11930561680862953,0.09003605166138554,7.0,2.0,0.0,0.0,0.0,1.3657334687883924E-11