SentiMin,SentiMax,SentiAvg,SentiStdev,Senti0-0.20,Senti0.21-0.40,Senti0.41-0.60,Senti0.61-0.80,Senti0.81-1.00,SentiTotal
5.6892359391683046E-8,0.2162792503839917,0.05548141714858863,0.07343374099903746,9.0,1.0,0.0,0.0,0.0,1.4529064114312007E-26