SentiMin,SentiMax,SentiAvg,SentiStdev,Senti0-0.20,Senti0.21-0.40,Senti0.41-0.60,Senti0.61-0.80,Senti0.81-1.00,SentiTotal
0.011758396568788302,0.41901263796461236,0.22121267020402027,0.18429582671602643,3.0,1.0,2.0,0.0,0.0,5.298390187932623E-6