SentiMin,SentiMax,SentiAvg,SentiStdev,Senti0-0.20,Senti0.21-0.40,Senti0.41-0.60,Senti0.61-0.80,Senti0.81-1.00,SentiTotal
0.3169237768379855,0.4529542544172304,0.3710335679310512,0.05891325337326848,0.0,2.0,1.0,0.0,0.0,0.16955419840464506