SentiMin,SentiMax,SentiAvg,SentiStdev,Senti0-0.20,Senti0.21-0.40,Senti0.41-0.60,Senti0.61-0.80,Senti0.81-1.00,SentiTotal
0.0017412873855645315,0.49789225920557484,0.2276310341422309,0.16561786456368174,7.0,5.0,3.0,0.0,0.0,2.7775315169563645E-14