TraitMin,TraitMax,TraitAvg,TraitStdev,TraitTotal
140.0,1160.0,504.965367965368,293.3264148051763,370.7936507936508
