TraitMin,TraitMax,TraitAvg,TraitStdev,TraitTotal
250.0,800.0,473.0980392156863,156.4277596307108,423.0769230769231
