TraitMin,TraitMax,TraitAvg,TraitStdev,TraitTotal
170.0,920.0,485.6084656084656,255.04744035374236,331.0344827586207
