SentiMin,SentiMax,SentiAvg,SentiStdev,Senti0-0.20,Senti0.21-0.40,Senti0.41-0.60,Senti0.61-0.80,Senti0.81-1.00,SentiTotal
7.896031112433768E-5,0.49789225920557484,0.20769593534564693,0.15859057586653977,7.0,6.0,2.0,0.0,0.0,1.3233538228578917E-16