TraitMin,TraitMax,TraitAvg,TraitStdev,TraitTotal
252.0,1040.0,488.29047619047617,245.46552810431112,357.2295081967213
