TimeMin,TimeMax,TimeAvg,TimeStdev,TimeTotal
480.0,3160.0,1557.3333333333333,778.9862357933905,23360.0
