TimeMin,TimeMax,TimeAvg,TimeStdev,TimeTotal
480.0,3160.0,1181.1764705882354,644.851851229879,20080.0
