TimeMin,TimeMax,TimeAvg,TimeStdev,TimeTotal
560.0,5120.0,1452.7333333333333,1118.8079648546584,21791.0
