SentiMin,SentiMax,SentiAvg,SentiStdev,Senti0-0.20,Senti0.21-0.40,Senti0.41-0.60,Senti0.61-0.80,Senti0.81-1.00,SentiTotal
4.168396329080451E-4,0.6237751680575983,0.19477861234436528,0.17207068907815418,8.0,5.0,0.0,1.0,0.0,1.4439572745201144E-14