SentiMin,SentiMax,SentiAvg,SentiStdev,Senti0-0.20,Senti0.21-0.40,Senti0.41-0.60,Senti0.61-0.80,Senti0.81-1.00,SentiTotal
5.949877369084933E-4,0.49789225920557484,0.17632008601494548,0.17857160645637596,9.0,4.0,2.0,0.0,0.0,3.6708638170081544E-20