TimeMin,TimeMax,TimeAvg,TimeStdev,TimeTotal
400.0,3640.0,1294.1176470588234,795.036505440284,22000.0
