TraitMin,TraitMax,TraitAvg,TraitStdev,TraitTotal
186.66666666666666,1000.0,437.4866310160428,215.19810107245294,340.33898305084745
