SentiMin,SentiMax,SentiAvg,SentiStdev,Senti0-0.20,Senti0.21-0.40,Senti0.41-0.60,Senti0.61-0.80,Senti0.81-1.00,SentiTotal
1.95569416759229E-4,0.5318834537628724,0.23663737251650035,0.16361934295055067,5.0,7.0,3.0,0.0,0.0,9.953152382392619E-14