TraitMin,TraitMax,TraitAvg,TraitStdev,TraitTotal
196.0,880.0,437.5,175.18429071776302,360.6779661016949
