TraitMin,TraitMax,TraitAvg,TraitStdev,TraitTotal
205.71428571428572,1000.0,394.9269841269841,191.01433335087043,338.4
