TimeMin,TimeMax,TimeAvg,TimeStdev,TimeTotal
360.0,3200.0,1437.3333333333333,717.8436846246929,21560.0
