TraitMin,TraitMax,TraitAvg,TraitStdev,TraitTotal
201.77777777777777,1375.0,618.5534188034188,366.2662314956032,422.7368421052632
