TraitMin,TraitMax,TraitAvg,TraitStdev,TraitTotal
222.66666666666666,1063.0,584.6614583333333,274.4382998020147,420.0967741935484
