TimeMin,TimeMax,TimeAvg,TimeStdev,TimeTotal
981.0,4289.0,2184.6666666666665,1086.7638606840442,32770.0
