SentiMin,SentiMax,SentiAvg,SentiStdev,Senti0-0.20,Senti0.21-0.40,Senti0.41-0.60,Senti0.61-0.80,Senti0.81-1.00,SentiTotal
0.003399149939507226,0.49789225920557484,0.29359929997456935,0.18532547903925592,5.0,4.0,6.0,0.0,0.0,1.9698928346316917E-9