SentiMin,SentiMax,SentiAvg,SentiStdev,Senti0-0.20,Senti0.21-0.40,Senti0.41-0.60,Senti0.61-0.80,Senti0.81-1.00,SentiTotal
0.0017490725795546648,0.7353390177263132,0.39168562851778094,0.30126970258889574,1.0,0.0,1.0,1.0,0.0,0.0038432559113663863