TimeMin,TimeMax,TimeAvg,TimeStdev,TimeTotal
309.0,3016.0,1366.7368421052631,697.0354398681125,25968.0
