SentiMin,SentiMax,SentiAvg,SentiStdev,Senti0-0.20,Senti0.21-0.40,Senti0.41-0.60,Senti0.61-0.80,Senti0.81-1.00,SentiTotal
0.03618754894050118,0.5495922250151081,0.3618381175241648,0.1516411825000114,2.0,8.0,9.0,0.0,0.0,1.6130024166844796E-6