TraitMin,TraitMax,TraitAvg,TraitStdev,TraitTotal
254.66666666666666,372.85714285714283,313.76190476190476,59.09523809523809,337.4
