SentiMin,SentiMax,SentiAvg,SentiStdev,Senti0-0.20,Senti0.21-0.40,Senti0.41-0.60,Senti0.61-0.80,Senti0.81-1.00,SentiTotal
0.011632127081647615,0.4737554465528978,0.3423041790706819,0.17686671822756098,2.0,2.0,4.0,0.0,0.0,2.992841773238991E-4