TraitMin,TraitMax,TraitAvg,TraitStdev,TraitTotal
275.0,563.0,460.0,109.77021453928201,409.54545454545456
