SentiMin,SentiMax,SentiAvg,SentiStdev,Senti0-0.20,Senti0.21-0.40,Senti0.41-0.60,Senti0.61-0.80,Senti0.81-1.00,SentiTotal
0.012894294335552923,0.5136446707795853,0.3700475197865451,0.14404045307392324,2.0,6.0,8.0,0.0,0.0,4.778360075374892E-7