SentiMin,SentiMax,SentiAvg,SentiStdev,Senti0-0.20,Senti0.21-0.40,Senti0.41-0.60,Senti0.61-0.80,Senti0.81-1.00,SentiTotal
0.0736401149528525,0.49789225920557484,0.32483394415844374,0.14531457683333648,3.0,5.0,5.0,0.0,0.0,1.656278004966963E-5