TimeMin,TimeMax,TimeAvg,TimeStdev,TimeTotal
1000.0,3336.0,1306.1666666666667,535.5509364715513,23511.0
