TimeMin,TimeMax,TimeAvg,TimeStdev,TimeTotal
160.0,3604.0,1536.4444444444443,890.6197107272006,27656.0
