TraitMin,TraitMax,TraitAvg,TraitStdev,TraitTotal
73.14285714285714,1000.0,436.3268626110731,231.9333685824308,346.24
