TraitMin,TraitMax,TraitAvg,TraitStdev,TraitTotal
157.14285714285714,1000.0,506.0508658008658,306.3381979607875,371.4418604651163
