TraitMin,TraitMax,TraitAvg,TraitStdev,TraitTotal
261.25,1765.0,765.3880208333334,408.9134157490921,523.3
