TimeMin,TimeMax,TimeAvg,TimeStdev,TimeTotal
176.0,5200.0,1729.3333333333333,1359.9797384111607,15564.0
