TimeMin,TimeMax,TimeAvg,TimeStdev,TimeTotal
696.0,3952.0,1464.0714285714287,915.070759503307,20497.0
