TraitMin,TraitMax,TraitAvg,TraitStdev,TraitTotal
201.4,1575.0,643.8619658119658,380.09325480545044,427.4727272727273
