TimeMin,TimeMax,TimeAvg,TimeStdev,TimeTotal
1000.0,3000.0,1361.6923076923076,539.0687675006544,17702.0
