TraitMin,TraitMax,TraitAvg,TraitStdev,TraitTotal
175.33333333333334,1088.0,545.6965201465201,297.4663358283982,411.6744186046512
