SentiMin,SentiMax,SentiAvg,SentiStdev,Senti0-0.20,Senti0.21-0.40,Senti0.41-0.60,Senti0.61-0.80,Senti0.81-1.00,SentiTotal
9.228410722443052E-4,0.49789225920557484,0.20323711852114604,0.1844514418426804,8.0,4.0,3.0,0.0,0.0,2.267386288506368E-15