TimeMin,TimeMax,TimeAvg,TimeStdev,TimeTotal
894.0,2303.0,1209.764705882353,354.7337907272678,20566.0
