TraitMin,TraitMax,TraitAvg,TraitStdev,TraitTotal
166.66666666666666,479.6666666666667,297.5787037037037,112.5863016791508,311.28
