TraitMin,TraitMax,TraitAvg,TraitStdev,TraitTotal
103.5,1089.0,456.19999999999993,339.3221866085186,281.9142857142857
