SentiMin,SentiMax,SentiAvg,SentiStdev,Senti0-0.20,Senti0.21-0.40,Senti0.41-0.60,Senti0.61-0.80,Senti0.81-1.00,SentiTotal
0.16432276557105935,0.4737554465528978,0.332761946040119,0.14232287188283635,1.0,1.0,2.0,0.0,0.0,0.043876074860737205