TraitMin,TraitMax,TraitAvg,TraitStdev,TraitTotal
191.8,778.0,501.44019274376416,217.08615088067378,379.5740740740741
