TimeMin,TimeMax,TimeAvg,TimeStdev,TimeTotal
1012.0,3432.0,1388.9166666666667,658.4269711888244,16667.0
