SentiMin,SentiMax,SentiAvg,SentiStdev,Senti0-0.20,Senti0.21-0.40,Senti0.41-0.60,Senti0.61-0.80,Senti0.81-1.00,SentiTotal
0.03831561697170912,0.6959033095314103,0.40290046156541043,0.1667282566758809,1.0,3.0,7.0,1.0,0.0,0.002028133431041102