TraitMin,TraitMax,TraitAvg,TraitStdev,TraitTotal
202.7,1096.0,471.41777777777776,290.36357920440895,323.9032258064516
