TraitMin,TraitMax,TraitAvg,TraitStdev,TraitTotal
288.8333333333333,1089.0,702.5625,304.9901659104492,537.6451612903226
