TraitMin,TraitMax,TraitAvg,TraitStdev,TraitTotal
299.42857142857144,299.42857142857144,299.42857142857144,0.0,299.42857142857144
