SentiMin,SentiMax,SentiAvg,SentiStdev,Senti0-0.20,Senti0.21-0.40,Senti0.41-0.60,Senti0.61-0.80,Senti0.81-1.00,SentiTotal
0.08526058387955399,0.5184174687386771,0.3900512904382548,0.14105139389953916,2.0,3.0,6.0,0.0,0.0,0.0026359675630382583