TraitMin,TraitMax,TraitAvg,TraitStdev,TraitTotal
151.36363636363637,1078.0,415.7566844919786,264.6805861610512,311.6060606060606
