TraitMin,TraitMax,TraitAvg,TraitStdev,TraitTotal
190.8,1035.0,591.3777777777777,345.9846125173278,327.7142857142857
