SentiMin,SentiMax,SentiAvg,SentiStdev,Senti0-0.20,Senti0.21-0.40,Senti0.41-0.60,Senti0.61-0.80,Senti0.81-1.00,SentiTotal
0.11685690667730292,0.49789225920557484,0.3918498371722655,0.1125494910423218,1.0,7.0,5.0,0.0,0.0,0.00445228848646094