TraitMin,TraitMax,TraitAvg,TraitStdev,TraitTotal
20.0,1085.0,479.12956349206354,275.7342936319685,363.89473684210526
