TimeMin,TimeMax,TimeAvg,TimeStdev,TimeTotal
1035.0,1908.0,1529.3333333333333,365.6649954382958,4588.0
