SentiMin,SentiMax,SentiAvg,SentiStdev,Senti0-0.20,Senti0.21-0.40,Senti0.41-0.60,Senti0.61-0.80,Senti0.81-1.00,SentiTotal
0.036842032950241646,0.49789225920557484,0.35430820103559935,0.1617169530993411,2.0,4.0,8.0,0.0,0.0,2.3089230659125787E-5