TraitMin,TraitMax,TraitAvg,TraitStdev,TraitTotal
220.0,1000.0,518.5714285714286,302.15889859476255,387.82608695652175
