SentiMin,SentiMax,SentiAvg,SentiStdev,Senti0-0.20,Senti0.21-0.40,Senti0.41-0.60,Senti0.61-0.80,Senti0.81-1.00,SentiTotal
0.005892923926189134,0.9426756541917749,0.2034379275224246,0.28233350593211454,6.0,2.0,0.0,0.0,1.0,4.247005724181598E-10