SentiMin,SentiMax,SentiAvg,SentiStdev,Senti0-0.20,Senti0.21-0.40,Senti0.41-0.60,Senti0.61-0.80,Senti0.81-1.00,SentiTotal
5.049350731279802E-4,0.6323720940364075,0.25180628483069833,0.20777187174139825,5.0,4.0,2.0,1.0,0.0,7.333164575522696E-11