TraitMin,TraitMax,TraitAvg,TraitStdev,TraitTotal
232.0,840.0,444.01851851851853,207.3001136170073,345.88235294117646
