TraitMin,TraitMax,TraitAvg,TraitStdev,TraitTotal
184.0,1900.0,544.1128747795415,502.69501668933,517.7777777777778
