SentiMin,SentiMax,SentiAvg,SentiStdev,Senti0-0.20,Senti0.21-0.40,Senti0.41-0.60,Senti0.61-0.80,Senti0.81-1.00,SentiTotal
7.976878914896144E-6,0.3717172492570866,0.09609782185185374,0.13497306458426367,9.0,2.0,0.0,0.0,0.0,9.537294400788465E-24