SentiMin,SentiMax,SentiAvg,SentiStdev,Senti0-0.20,Senti0.21-0.40,Senti0.41-0.60,Senti0.61-0.80,Senti0.81-1.00,SentiTotal
2.397772581857066E-5,0.39697510199130176,0.2034548521233772,0.17827510817063763,5.0,6.0,0.0,0.0,0.0,6.565852321373505E-17