TraitMin,TraitMax,TraitAvg,TraitStdev,TraitTotal
210.0,1000.0,459.2424242424242,227.90145357943197,345.45454545454544
