SentiMin,SentiMax,SentiAvg,SentiStdev,Senti0-0.20,Senti0.21-0.40,Senti0.41-0.60,Senti0.61-0.80,Senti0.81-1.00,SentiTotal
8.355783289564517E-5,0.7863797683918421,0.2749513542989516,0.28133023697042714,4.0,0.0,1.0,1.0,0.0,5.955389468266784E-7