TraitMin,TraitMax,TraitAvg,TraitStdev,TraitTotal
300.0,880.0,519.1666666666666,215.9941485832943,430.3030303030303
