TraitMin,TraitMax,TraitAvg,TraitStdev,TraitTotal
240.0,1000.0,541.0850340136054,272.39441963910576,393.65909090909093
