TraitMin,TraitMax,TraitAvg,TraitStdev,TraitTotal
320.0,1000.0,588.1481481481482,216.6131621179643,518.0952380952381
