TraitMin,TraitMax,TraitAvg,TraitStdev,TraitTotal
312.0,1240.0,568.925785698895,297.79454291902357,448.3018867924528
