SentiMin,SentiMax,SentiAvg,SentiStdev,Senti0-0.20,Senti0.21-0.40,Senti0.41-0.60,Senti0.61-0.80,Senti0.81-1.00,SentiTotal
3.054117282689264E-4,0.7725997405179742,0.33951664847482643,0.2108497713916075,4.0,4.0,5.0,1.0,0.0,2.7523749765866833E-10