TraitMin,TraitMax,TraitAvg,TraitStdev,TraitTotal
228.57142857142858,920.0,494.0,199.73003837488017,413.0769230769231
