TimeMin,TimeMax,TimeAvg,TimeStdev,TimeTotal
640.0,2640.0,1208.888888888889,632.6741208630842,10880.0
