TimeMin,TimeMax,TimeAvg,TimeStdev,TimeTotal
1240.0,7840.0,3394.285714285714,2031.233665554417,23760.0
