SentiMin,SentiMax,SentiAvg,SentiStdev,Senti0-0.20,Senti0.21-0.40,Senti0.41-0.60,Senti0.61-0.80,Senti0.81-1.00,SentiTotal
0.03341607643163826,0.49789225920557484,0.27651321690820796,0.1445263204658112,2.0,6.0,1.0,0.0,0.0,2.0521789511834966E-5