TimeMin,TimeMax,TimeAvg,TimeStdev,TimeTotal
441.0,2960.0,1237.2142857142858,750.004397946289,17321.0
