TraitMin,TraitMax,TraitAvg,TraitStdev,TraitTotal
306.6666666666667,800.0,478.96331738437,156.95910016096929,391.1111111111111
