SentiMin,SentiMax,SentiAvg,SentiStdev,Senti0-0.20,Senti0.21-0.40,Senti0.41-0.60,Senti0.61-0.80,Senti0.81-1.00,SentiTotal
1.0838277795141697E-4,0.38130120888150376,0.15475587009417374,0.1383063272943003,4.0,3.0,0.0,0.0,0.0,2.7127938089043686E-12