TimeMin,TimeMax,TimeAvg,TimeStdev,TimeTotal
720.0,6560.0,1952.7272727272727,1553.2083563859383,21480.0
