TraitMin,TraitMax,TraitAvg,TraitStdev,TraitTotal
260.0,1540.0,846.8571428571429,486.0900647209406,550.125
