SentiMin,SentiMax,SentiAvg,SentiStdev,Senti0-0.20,Senti0.21-0.40,Senti0.41-0.60,Senti0.61-0.80,Senti0.81-1.00,SentiTotal
0.2187609072519921,0.2250247036064337,0.2218928054292129,0.0031318981772208015,0.0,2.0,0.0,0.0,0.0,0.07578167593299086