SentiMin,SentiMax,SentiAvg,SentiStdev,Senti0-0.20,Senti0.21-0.40,Senti0.41-0.60,Senti0.61-0.80,Senti0.81-1.00,SentiTotal
0.004233274672417826,0.5478717739367748,0.30284919158433377,0.18960241059305868,5.0,3.0,5.0,0.0,0.0,3.091002637100599E-9