SentiMin,SentiMax,SentiAvg,SentiStdev,Senti0-0.20,Senti0.21-0.40,Senti0.41-0.60,Senti0.61-0.80,Senti0.81-1.00,SentiTotal
0.014717029779226148,0.015361244690699577,0.015039137234962863,3.221074557367143E-4,2.0,0.0,0.0,0.0,0.0,2.349460611293108E-4