TimeMin,TimeMax,TimeAvg,TimeStdev,TimeTotal
1000.0,4900.0,2112.4285714285716,1166.493752006151,29574.0
