SentiMin,SentiMax,SentiAvg,SentiStdev,Senti0-0.20,Senti0.21-0.40,Senti0.41-0.60,Senti0.61-0.80,Senti0.81-1.00,SentiTotal
0.010428507730707326,0.6959033095314103,0.3982903373518798,0.1703693227270063,1.0,5.0,4.0,1.0,0.0,7.819774904246331E-4