SentiMin,SentiMax,SentiAvg,SentiStdev,Senti0-0.20,Senti0.21-0.40,Senti0.41-0.60,Senti0.61-0.80,Senti0.81-1.00,SentiTotal
0.08467220916860284,0.49789225920557484,0.39040804920487243,0.13527618330570812,2.0,3.0,7.0,0.0,0.0,0.0019140492007325748