TimeMin,TimeMax,TimeAvg,TimeStdev,TimeTotal
1000.0,1971.0,1202.7272727272727,311.2307214647537,13230.0
