TraitMin,TraitMax,TraitAvg,TraitStdev,TraitTotal
210.8421052631579,534.5,311.2799655388471,98.53504554222481,270.7962962962963
