TraitMin,TraitMax,TraitAvg,TraitStdev,TraitTotal
171.5,175.57142857142858,173.53571428571428,2.035714285714292,173.4
