SentiMin,SentiMax,SentiAvg,SentiStdev,Senti0-0.20,Senti0.21-0.40,Senti0.41-0.60,Senti0.61-0.80,Senti0.81-1.00,SentiTotal
0.004549205536357722,0.5388994659433609,0.2649162499790959,0.20094795301467716,4.0,1.0,3.0,0.0,0.0,1.7174830859743746E-6