TimeMin,TimeMax,TimeAvg,TimeStdev,TimeTotal
836.0,4565.0,1853.8461538461538,958.4869363223431,24100.0
