SentiMin,SentiMax,SentiAvg,SentiStdev,Senti0-0.20,Senti0.21-0.40,Senti0.41-0.60,Senti0.61-0.80,Senti0.81-1.00,SentiTotal
0.006621983384816864,0.49789225920557484,0.30833269273382086,0.189937148559302,6.0,1.0,7.0,0.0,0.0,5.650736223185719E-8