TraitMin,TraitMax,TraitAvg,TraitStdev,TraitTotal
282.6,1044.0,580.8575757575758,248.45575143756662,472.5
