TimeMin,TimeMax,TimeAvg,TimeStdev,TimeTotal
1000.0,8981.0,3335.0833333333335,2492.8207402570197,40021.0
