TimeMin,TimeMax,TimeAvg,TimeStdev,TimeTotal
1000.0,2380.0,1393.6363636363637,407.9095872922806,15330.0
