TraitMin,TraitMax,TraitAvg,TraitStdev,TraitTotal
261.3333333333333,1251.0,670.6136363636364,359.171212571821,450.88235294117646
