SentiMin,SentiMax,SentiAvg,SentiStdev,Senti0-0.20,Senti0.21-0.40,Senti0.41-0.60,Senti0.61-0.80,Senti0.81-1.00,SentiTotal
0.046109001883437986,0.49789225920557484,0.31185891758387807,0.17642447896629673,3.0,1.0,3.0,0.0,0.0,8.003603594656615E-4