TraitMin,TraitMax,TraitAvg,TraitStdev,TraitTotal
329.4166666666667,369.6363636363636,349.5265151515151,20.10984848484847,355.44117647058823
