TimeMin,TimeMax,TimeAvg,TimeStdev,TimeTotal
1058.0,1935.0,1342.5833333333333,269.7648538799836,16111.0
