TraitMin,TraitMax,TraitAvg,TraitStdev,TraitTotal
225.0625,1077.0,485.7808035714286,325.6657626909028,305.5038167938931
