TimeMin,TimeMax,TimeAvg,TimeStdev,TimeTotal
560.0,3640.0,1232.7272727272727,944.3910102099072,13560.0
