TraitMin,TraitMax,TraitAvg,TraitStdev,TraitTotal
200.0,1160.0,489.00360144057623,249.6880433984653,352.15686274509807
