TraitMin,TraitMax,TraitAvg,TraitStdev,TraitTotal
220.0,1060.0,415.25925925925924,255.53651029408394,390.63829787234044
