TraitMin,TraitMax,TraitAvg,TraitStdev,TraitTotal
226.66666666666666,840.0,529.4761904761905,193.867272313757,437.3333333333333
