SentiMin,SentiMax,SentiAvg,SentiStdev,Senti0-0.20,Senti0.21-0.40,Senti0.41-0.60,Senti0.61-0.80,Senti0.81-1.00,SentiTotal
1.8390696073140162E-4,0.6342535296593312,0.27278636958798036,0.21547352400734793,7.0,6.0,5.0,1.0,0.0,3.82252703382478E-17