TimeMin,TimeMax,TimeAvg,TimeStdev,TimeTotal
400.0,1560.0,870.7692307692307,348.0597105816436,11320.0
