SentiMin,SentiMax,SentiAvg,SentiStdev,Senti0-0.20,Senti0.21-0.40,Senti0.41-0.60,Senti0.61-0.80,Senti0.81-1.00,SentiTotal
4.339351250999078E-5,0.5755436691302463,0.13004329151665475,0.19349444644359828,6.0,0.0,1.0,0.0,0.0,2.2217356559430313E-13