SentiMin,SentiMax,SentiAvg,SentiStdev,Senti0-0.20,Senti0.21-0.40,Senti0.41-0.60,Senti0.61-0.80,Senti0.81-1.00,SentiTotal
0.00568463664582831,0.5908618181140313,0.28160137171461574,0.2199420507622838,4.0,1.0,4.0,0.0,0.0,3.4780682709470873E-7