TimeMin,TimeMax,TimeAvg,TimeStdev,TimeTotal
680.0,3480.0,1593.3333333333333,872.9770265527546,19120.0
