TimeMin,TimeMax,TimeAvg,TimeStdev,TimeTotal
600.0,6600.0,2765.714285714286,2405.083052577586,19360.0
