TraitMin,TraitMax,TraitAvg,TraitStdev,TraitTotal
280.0,640.0,430.85714285714283,155.55457077757606,354.2857142857143
