SentiMin,SentiMax,SentiAvg,SentiStdev,Senti0-0.20,Senti0.21-0.40,Senti0.41-0.60,Senti0.61-0.80,Senti0.81-1.00,SentiTotal
0.007457458252790471,0.5849412739775803,0.3765619733943713,0.19657644214550601,2.0,4.0,6.0,0.0,0.0,3.2856415368362696E-5