TimeMin,TimeMax,TimeAvg,TimeStdev,TimeTotal
320.0,2200.0,1103.157894736842,528.0057080191757,20960.0
