SentiMin,SentiMax,SentiAvg,SentiStdev,Senti0-0.20,Senti0.21-0.40,Senti0.41-0.60,Senti0.61-0.80,Senti0.81-1.00,SentiTotal
8.790716907583283E-6,0.39697510199130176,0.0841912231691445,0.12462177262108584,8.0,1.0,0.0,0.0,0.0,2.3779688810228967E-18