TraitMin,TraitMax,TraitAvg,TraitStdev,TraitTotal
153.33333333333334,760.0,316.37092731829574,162.25593830857937,268.71794871794873
