TraitMin,TraitMax,TraitAvg,TraitStdev,TraitTotal
136.0,680.0,379.984126984127,155.91461718146903,283.1372549019608
