TraitMin,TraitMax,TraitAvg,TraitStdev,TraitTotal
230.0,760.0,513.2592592592594,186.7196867676566,402.22222222222223
