SentiMin,SentiMax,SentiAvg,SentiStdev,Senti0-0.20,Senti0.21-0.40,Senti0.41-0.60,Senti0.61-0.80,Senti0.81-1.00,SentiTotal
3.8010010583447744E-4,0.49789225920557484,0.1686378745313013,0.1928961782399234,8.0,2.0,2.0,0.0,0.0,5.710664713573576E-18