TimeMin,TimeMax,TimeAvg,TimeStdev,TimeTotal
640.0,4560.0,1528.888888888889,1253.0180848605717,13760.0
