TraitMin,TraitMax,TraitAvg,TraitStdev,TraitTotal
280.0,640.0,426.0,112.8007092176286,382.22222222222223
