TraitMin,TraitMax,TraitAvg,TraitStdev,TraitTotal
192.0,560.0,342.46153846153845,121.37738975168433,290.2564102564103
