SentiMin,SentiMax,SentiAvg,SentiStdev,Senti0-0.20,Senti0.21-0.40,Senti0.41-0.60,Senti0.61-0.80,Senti0.81-1.00,SentiTotal
0.023433329766063778,0.43796879524747484,0.24686153918245027,0.1318149573153558,2.0,4.0,1.0,0.0,0.0,6.994357738276658E-5