TraitMin,TraitMax,TraitAvg,TraitStdev,TraitTotal
207.05882352941177,246.66666666666666,226.86274509803923,19.803921568627445,217.3913043478261
