SentiMin,SentiMax,SentiAvg,SentiStdev,Senti0-0.20,Senti0.21-0.40,Senti0.41-0.60,Senti0.61-0.80,Senti0.81-1.00,SentiTotal
9.695428150352226E-6,0.5628056929000496,0.2658347623801093,0.1995420256691124,5.0,6.0,3.0,0.0,0.0,2.1995819583800222E-15