TimeMin,TimeMax,TimeAvg,TimeStdev,TimeTotal
760.0,5640.0,2485.714285714286,1899.7056700060305,17400.0
