SentiMin,SentiMax,SentiAvg,SentiStdev,Senti0-0.20,Senti0.21-0.40,Senti0.41-0.60,Senti0.61-0.80,Senti0.81-1.00,SentiTotal
0.03508938385458768,0.5755436691302463,0.37519168630709715,0.14604054688536092,1.0,8.0,5.0,0.0,0.0,1.8432924250395214E-5