SentiMin,SentiMax,SentiAvg,SentiStdev,Senti0-0.20,Senti0.21-0.40,Senti0.41-0.60,Senti0.61-0.80,Senti0.81-1.00,SentiTotal
0.014534660142143016,0.5849412739775803,0.2361823736193242,0.21712543903231776,5.0,1.0,3.0,0.0,0.0,2.6107826404266613E-8