SentiMin,SentiMax,SentiAvg,SentiStdev,Senti0-0.20,Senti0.21-0.40,Senti0.41-0.60,Senti0.61-0.80,Senti0.81-1.00,SentiTotal
1.2396345947650903E-7,0.49789225920557484,0.2290178343526308,0.19642466756560126,4.0,3.0,2.0,0.0,0.0,1.936750855141635E-14