TraitMin,TraitMax,TraitAvg,TraitStdev,TraitTotal
208.88888888888889,1000.0,515.7575757575758,229.41971309069515,376.6666666666667
