SentiMin,SentiMax,SentiAvg,SentiStdev,Senti0-0.20,Senti0.21-0.40,Senti0.41-0.60,Senti0.61-0.80,Senti0.81-1.00,SentiTotal
4.37816457091979E-5,0.5755436691302463,0.26979586801551175,0.19377874177581458,3.0,5.0,3.0,0.0,0.0,2.5888863637736996E-12