TraitMin,TraitMax,TraitAvg,TraitStdev,TraitTotal
210.0,800.0,530.9353741496599,220.51149080265637,420.8695652173913
