TimeMin,TimeMax,TimeAvg,TimeStdev,TimeTotal
360.0,2160.0,937.1428571428571,478.26216019830696,13120.0
