TraitMin,TraitMax,TraitAvg,TraitStdev,TraitTotal
240.0,1020.0,404.44444444444446,248.82439640620768,324.1025641025641
