TraitMin,TraitMax,TraitAvg,TraitStdev,TraitTotal
224.0,500.0,317.02034306545585,87.49375960124108,276.1904761904762
