SentiMin,SentiMax,SentiAvg,SentiStdev,Senti0-0.20,Senti0.21-0.40,Senti0.41-0.60,Senti0.61-0.80,Senti0.81-1.00,SentiTotal
2.773061017592565E-4,0.5316624617817726,0.26007110064307376,0.16724022577953607,4.0,5.0,3.0,0.0,0.0,4.5290899440284297E-10