TimeMin,TimeMax,TimeAvg,TimeStdev,TimeTotal
400.0,1480.0,804.4444444444445,311.23806933353944,7240.0
