TimeMin,TimeMax,TimeAvg,TimeStdev,TimeTotal
520.0,3560.0,2208.8888888888887,1052.1981693836578,19880.0
