TraitMin,TraitMax,TraitAvg,TraitStdev,TraitTotal
186.66666666666666,760.0,407.23153099623687,200.75933357481736,286.6666666666667
