TimeMin,TimeMax,TimeAvg,TimeStdev,TimeTotal
480.0,2480.0,1203.3333333333333,634.8665651580303,14440.0
