TraitMin,TraitMax,TraitAvg,TraitStdev,TraitTotal
216.0,920.0,478.23015873015873,226.47522413698192,382.4
