TraitMin,TraitMax,TraitAvg,TraitStdev,TraitTotal
85.71428571428571,720.0,475.07936507936506,185.36386693345892,352.72727272727275
