TimeMin,TimeMax,TimeAvg,TimeStdev,TimeTotal
1280.0,4440.0,2632.7272727272725,1035.6297241870932,28960.0
