TimeMin,TimeMax,TimeAvg,TimeStdev,TimeTotal
760.0,11440.0,2573.3333333333335,3207.9346072581407,23160.0
