SentiMin,SentiMax,SentiAvg,SentiStdev,Senti0-0.20,Senti0.21-0.40,Senti0.41-0.60,Senti0.61-0.80,Senti0.81-1.00,SentiTotal
0.014722480542883491,0.6959033095314103,0.36504449538258565,0.16143006948354893,2.0,8.0,2.0,1.0,0.0,6.33968789445909E-5