TraitMin,TraitMax,TraitAvg,TraitStdev,TraitTotal
237.14285714285714,453.3333333333333,312.8424196124731,69.53898642035536,286.73267326732673
