TraitMin,TraitMax,TraitAvg,TraitStdev,TraitTotal
265.0,680.0,415.7985347985349,121.87228298138638,342.85714285714283
