TimeMin,TimeMax,TimeAvg,TimeStdev,TimeTotal
680.0,3120.0,1453.3333333333333,812.7867015535024,13080.0
