SentiMin,SentiMax,SentiAvg,SentiStdev,Senti0-0.20,Senti0.21-0.40,Senti0.41-0.60,Senti0.61-0.80,Senti0.81-1.00,SentiTotal
0.0033975024302862534,0.49789225920557484,0.3309905098398314,0.1495475126674401,1.0,6.0,3.0,0.0,0.0,2.06178222296275E-5