SentiMin,SentiMax,SentiAvg,SentiStdev,Senti0-0.20,Senti0.21-0.40,Senti0.41-0.60,Senti0.61-0.80,Senti0.81-1.00,SentiTotal
8.765804437337708E-5,0.7949988672416872,0.3251894210715279,0.22704178001333075,5.0,4.0,6.0,1.0,0.0,6.181770860426477E-14