TraitMin,TraitMax,TraitAvg,TraitStdev,TraitTotal
268.57142857142856,840.0,471.87830687830683,173.083882237213,373.7142857142857
