TraitMin,TraitMax,TraitAvg,TraitStdev,TraitTotal
265.0,1040.0,450.5238095238095,266.5772677055274,325.16129032258067
