TraitMin,TraitMax,TraitAvg,TraitStdev,TraitTotal
282.0,840.0,492.35637065637064,188.80280040443503,350.22222222222223
