SentiMin,SentiMax,SentiAvg,SentiStdev,Senti0-0.20,Senti0.21-0.40,Senti0.41-0.60,Senti0.61-0.80,Senti0.81-1.00,SentiTotal
0.02843091271354458,0.9918593881945378,0.4167130433743022,0.3207488349284122,3.0,2.0,3.0,0.0,2.0,0.10181052567064486