TraitMin,TraitMax,TraitAvg,TraitStdev,TraitTotal
253.33333333333334,920.0,392.3560606060606,169.7373719152667,325.2
