TraitMin,TraitMax,TraitAvg,TraitStdev,TraitTotal
230.0,720.0,408.84615384615387,156.28620553574987,331.30434782608694
