TraitMin,TraitMax,TraitAvg,TraitStdev,TraitTotal
201.25,840.0,350.9811076604555,171.5370700136254,281.9047619047619
