TraitMin,TraitMax,TraitAvg,TraitStdev,TraitTotal
154.28571428571428,840.0,435.1699855699856,206.59939981495103,318.1818181818182
