SentiMin,SentiMax,SentiAvg,SentiStdev,Senti0-0.20,Senti0.21-0.40,Senti0.41-0.60,Senti0.61-0.80,Senti0.81-1.00,SentiTotal
0.008761458124194297,0.5136446707795853,0.20483578796746787,0.18052931685238122,10.0,3.0,3.0,0.0,0.0,4.037144921744574E-14