TraitMin,TraitMax,TraitAvg,TraitStdev,TraitTotal
155.55555555555554,860.0,354.1273342670402,179.571250761875,287.17241379310343
