SentiMin,SentiMax,SentiAvg,SentiStdev,Senti0-0.20,Senti0.21-0.40,Senti0.41-0.60,Senti0.61-0.80,Senti0.81-1.00,SentiTotal
0.046179189119540456,0.5628056929000496,0.31309104429360635,0.17334101217232636,5.0,4.0,4.0,0.0,0.0,3.6698436691958665E-6