TraitMin,TraitMax,TraitAvg,TraitStdev,TraitTotal
244.44444444444446,760.0,409.4666666666667,139.45621621450482,371.28205128205127
