SentiMin,SentiMax,SentiAvg,SentiStdev,Senti0-0.20,Senti0.21-0.40,Senti0.41-0.60,Senti0.61-0.80,Senti0.81-1.00,SentiTotal
0.002199049413478216,0.900378250098046,0.3931515409379663,0.3418093393832565,2.0,1.0,0.0,1.0,1.0,0.0013465582446705625