TraitMin,TraitMax,TraitAvg,TraitStdev,TraitTotal
140.0,1440.0,712.2448979591836,458.891335513372,454.2857142857143
