TraitMin,TraitMax,TraitAvg,TraitStdev,TraitTotal
140.0,1040.0,531.9515455304929,293.17523258872444,367.21311475409834
