TraitMin,TraitMax,TraitAvg,TraitStdev,TraitTotal
177.14285714285714,341.8181818181818,288.5922077922078,62.43068038443614,289.03225806451616
