TimeMin,TimeMax,TimeAvg,TimeStdev,TimeTotal
280.0,2240.0,1178.9473684210527,492.53260364261115,22400.0
