TimeMin,TimeMax,TimeAvg,TimeStdev,TimeTotal
640.0,3440.0,1696.4705882352941,849.7538825446189,28840.0
