TraitMin,TraitMax,TraitAvg,TraitStdev,TraitTotal
185.0,680.0,455.6666666666667,165.87679497479783,336.0
