TimeMin,TimeMax,TimeAvg,TimeStdev,TimeTotal
280.0,1440.0,908.5714285714286,436.9840981555465,6360.0
