SentiMin,SentiMax,SentiAvg,SentiStdev,Senti0-0.20,Senti0.21-0.40,Senti0.41-0.60,Senti0.61-0.80,Senti0.81-1.00,SentiTotal
0.0036736358199590123,0.49789225920557484,0.3149003948550582,0.19807377060632284,2.0,3.0,2.0,0.0,0.0,1.5357591446249038E-5