SentiMin,SentiMax,SentiAvg,SentiStdev,Senti0-0.20,Senti0.21-0.40,Senti0.41-0.60,Senti0.61-0.80,Senti0.81-1.00,SentiTotal
0.005816171186818087,0.5316624617817726,0.29244579820938127,0.2075176907087114,8.0,3.0,8.0,0.0,0.0,2.2436703175305242E-13