TraitMin,TraitMax,TraitAvg,TraitStdev,TraitTotal
265.0,720.0,418.0476190476191,137.95334253490665,374.19354838709677
