SentiMin,SentiMax,SentiAvg,SentiStdev,Senti0-0.20,Senti0.21-0.40,Senti0.41-0.60,Senti0.61-0.80,Senti0.81-1.00,SentiTotal
1.9894188729738992E-4,0.5954966733673009,0.26540356640631657,0.20584114275537796,3.0,3.0,2.0,0.0,0.0,6.201131898944232E-8