TraitMin,TraitMax,TraitAvg,TraitStdev,TraitTotal
190.0,1260.0,606.1015585721468,299.88660856670407,430.44776119402985
