SentiMin,SentiMax,SentiAvg,SentiStdev,Senti0-0.20,Senti0.21-0.40,Senti0.41-0.60,Senti0.61-0.80,Senti0.81-1.00,SentiTotal
9.152702451057904E-5,0.5293700225891195,0.32190789356947025,0.19535978277946314,6.0,3.0,8.0,0.0,0.0,1.5761519150873628E-11