TimeMin,TimeMax,TimeAvg,TimeStdev,TimeTotal
840.0,2680.0,1657.142857142857,550.4728950305049,11600.0
