TraitMin,TraitMax,TraitAvg,TraitStdev,TraitTotal
196.66666666666666,1160.0,377.51488095238096,227.40737768334554,307.14285714285717
