SentiMin,SentiMax,SentiAvg,SentiStdev,Senti0-0.20,Senti0.21-0.40,Senti0.41-0.60,Senti0.61-0.80,Senti0.81-1.00,SentiTotal
0.021039297710099335,0.8945808700703616,0.3587557924509472,0.2858295803303284,3.0,1.0,2.0,0.0,1.0,0.0020056090847248966