SentiMin,SentiMax,SentiAvg,SentiStdev,Senti0-0.20,Senti0.21-0.40,Senti0.41-0.60,Senti0.61-0.80,Senti0.81-1.00,SentiTotal
0.0011438806590754413,0.5954966733673009,0.19821685047545143,0.20414994105694204,9.0,3.0,4.0,0.0,0.0,2.44315562333897E-19