TimeMin,TimeMax,TimeAvg,TimeStdev,TimeTotal
143.0,3040.0,1267.5454545454545,765.8069260158753,13943.0
