TraitMin,TraitMax,TraitAvg,TraitStdev,TraitTotal
222.85714285714286,1000.0,438.2142857142857,324.8223611861268,283.0769230769231
