TraitMin,TraitMax,TraitAvg,TraitStdev,TraitTotal
20.428571428571427,3040.0,944.0428571428572,960.1170848030006,378.8787878787879
