TraitMin,TraitMax,TraitAvg,TraitStdev,TraitTotal
308.57142857142856,1120.0,690.9920634920635,272.61904473094427,504.0
