TimeMin,TimeMax,TimeAvg,TimeStdev,TimeTotal
480.0,6040.0,2391.4285714285716,1687.5462200775298,33480.0
