SentiMin,SentiMax,SentiAvg,SentiStdev,Senti0-0.20,Senti0.21-0.40,Senti0.41-0.60,Senti0.61-0.80,Senti0.81-1.00,SentiTotal
3.1013222545963877E-6,0.5159436667231726,0.24033304889325408,0.1481132529217762,3.0,6.0,1.0,0.0,0.0,1.3949013898448246E-10