TraitMin,TraitMax,TraitAvg,TraitStdev,TraitTotal
224.0,465.45454545454544,325.07878787878786,70.52909213555469,344.8484848484849
