TimeMin,TimeMax,TimeAvg,TimeStdev,TimeTotal
840.0,7600.0,2528.8888888888887,2199.6991938012516,22760.0
