SentiMin,SentiMax,SentiAvg,SentiStdev,Senti0-0.20,Senti0.21-0.40,Senti0.41-0.60,Senti0.61-0.80,Senti0.81-1.00,SentiTotal
2.818302432093404E-7,0.34322267253793753,0.12578220233578502,0.10962845698172434,7.0,4.0,0.0,0.0,0.0,1.226911148578222E-17