TraitMin,TraitMax,TraitAvg,TraitStdev,TraitTotal
224.0,960.0,463.8251748251748,262.4907059824689,336.271186440678
