SentiMin,SentiMax,SentiAvg,SentiStdev,Senti0-0.20,Senti0.21-0.40,Senti0.41-0.60,Senti0.61-0.80,Senti0.81-1.00,SentiTotal
0.11018117092343485,0.7798553008701609,0.44610672674538177,0.18985411308096323,1.0,2.0,5.0,1.0,0.0,0.08032169237539188