SentiMin,SentiMax,SentiAvg,SentiStdev,Senti0-0.20,Senti0.21-0.40,Senti0.41-0.60,Senti0.61-0.80,Senti0.81-1.00,SentiTotal
0.009669445304387132,0.49789225920557484,0.18912491473406026,0.14358985319239334,4.0,4.0,1.0,0.0,0.0,4.314890709029806E-8