SentiMin,SentiMax,SentiAvg,SentiStdev,Senti0-0.20,Senti0.21-0.40,Senti0.41-0.60,Senti0.61-0.80,Senti0.81-1.00,SentiTotal
5.472975708620159E-4,0.9937324317124099,0.3345899903622551,0.35260003869015744,4.0,3.0,0.0,0.0,2.0,1.19175243413712E-6