TraitMin,TraitMax,TraitAvg,TraitStdev,TraitTotal
240.0,1000.0,679.8518518518517,288.567646651702,498.94736842105266
