SentiMin,SentiMax,SentiAvg,SentiStdev,Senti0-0.20,Senti0.21-0.40,Senti0.41-0.60,Senti0.61-0.80,Senti0.81-1.00,SentiTotal
0.009734873062520168,0.7440786448968312,0.3250375800302752,0.22165203451063709,5.0,2.0,4.0,1.0,0.0,1.4638118288910693E-6