SentiMin,SentiMax,SentiAvg,SentiStdev,Senti0-0.20,Senti0.21-0.40,Senti0.41-0.60,Senti0.61-0.80,Senti0.81-1.00,SentiTotal
0.004882102313745072,0.5653185868409526,0.2223378728758771,0.22002792153589043,8.0,1.0,5.0,0.0,0.0,7.727556372861012E-14