SentiMin,SentiMax,SentiAvg,SentiStdev,Senti0-0.20,Senti0.21-0.40,Senti0.41-0.60,Senti0.61-0.80,Senti0.81-1.00,SentiTotal
4.6056951526882265E-5,0.39697510199130176,0.13024630648498622,0.16112225145694017,3.0,1.0,0.0,0.0,0.0,2.2319460710295665E-8