TraitMin,TraitMax,TraitAvg,TraitStdev,TraitTotal
216.0,840.0,408.24397824397823,199.88077005398958,379.3333333333333
