SentiMin,SentiMax,SentiAvg,SentiStdev,Senti0-0.20,Senti0.21-0.40,Senti0.41-0.60,Senti0.61-0.80,Senti0.81-1.00,SentiTotal
0.06433169730601151,0.5136446707795853,0.2439818760554121,0.12371370684738946,4.0,7.0,1.0,0.0,0.0,3.3055569574250153E-7