SentiMin,SentiMax,SentiAvg,SentiStdev,Senti0-0.20,Senti0.21-0.40,Senti0.41-0.60,Senti0.61-0.80,Senti0.81-1.00,SentiTotal
1.1685211412575812E-4,0.49789225920557484,0.22472537257680408,0.1891432526093832,6.0,3.0,2.0,0.0,0.0,2.6642479275048578E-14