TraitMin,TraitMax,TraitAvg,TraitStdev,TraitTotal
160.0,840.0,396.64761904761906,200.36538867676683,299.55555555555554
