TraitMin,TraitMax,TraitAvg,TraitStdev,TraitTotal
193.33333333333334,840.0,495.2164502164502,253.17315132758065,363.72093023255815
