SentiMin,SentiMax,SentiAvg,SentiStdev,Senti0-0.20,Senti0.21-0.40,Senti0.41-0.60,Senti0.61-0.80,Senti0.81-1.00,SentiTotal
0.004375263527445797,0.7871759834606769,0.2934395117030516,0.26491296917012,5.0,1.0,3.0,1.0,0.0,3.6994702619403575E-8