TimeMin,TimeMax,TimeAvg,TimeStdev,TimeTotal
640.0,4640.0,1803.6363636363637,1211.3949339296466,19840.0
