SentiMin,SentiMax,SentiAvg,SentiStdev,Senti0-0.20,Senti0.21-0.40,Senti0.41-0.60,Senti0.61-0.80,Senti0.81-1.00,SentiTotal
0.003555833639484226,0.9041098809645616,0.2931979305779589,0.38471594848967566,7.0,0.0,0.0,0.0,3.0,9.27985087456684E-10