TimeMin,TimeMax,TimeAvg,TimeStdev,TimeTotal
800.0,1640.0,1053.3333333333333,255.77768124334503,9480.0
