SentiMin,SentiMax,SentiAvg,SentiStdev,Senti0-0.20,Senti0.21-0.40,Senti0.41-0.60,Senti0.61-0.80,Senti0.81-1.00,SentiTotal
0.34322267253793753,0.5806838052957122,0.49575723151791923,0.06101863618029482,0.0,1.0,8.0,0.0,0.0,0.47412092134987305