TraitMin,TraitMax,TraitAvg,TraitStdev,TraitTotal
233.33333333333334,733.3333333333334,465.07936507936506,182.3187068272438,423.8095238095238
