TraitMin,TraitMax,TraitAvg,TraitStdev,TraitTotal
285.7142857142857,1400.0,895.2380952380953,460.89728124049,488.8888888888889
