TimeMin,TimeMax,TimeAvg,TimeStdev,TimeTotal
1000.0,5300.0,2663.6363636363635,1478.4959970264176,29300.0
