TimeMin,TimeMax,TimeAvg,TimeStdev,TimeTotal
700.0,2200.0,1483.3333333333333,527.3097339852125,8900.0
