TraitMin,TraitMax,TraitAvg,TraitStdev,TraitTotal
100.0,1000.0,573.1481481481482,320.34360838768464,450.0
