SentiMin,SentiMax,SentiAvg,SentiStdev,Senti0-0.20,Senti0.21-0.40,Senti0.41-0.60,Senti0.61-0.80,Senti0.81-1.00,SentiTotal
0.35509496682161057,0.49789225920557484,0.47749264600786573,0.04996864328453298,0.0,1.0,6.0,0.0,0.0,0.35509496682161057