TimeMin,TimeMax,TimeAvg,TimeStdev,TimeTotal
1000.0,4800.0,2166.6666666666665,1228.3683848458852,13000.0
