TraitMin,TraitMax,TraitAvg,TraitStdev,TraitTotal
76.92307692307692,1000.0,649.0272690272691,354.7003816180237,516.9811320754717
