TraitMin,TraitMax,TraitAvg,TraitStdev,TraitTotal
320.0,2000.0,863.1111111111111,612.6543745996182,542.8571428571429
