TimeMin,TimeMax,TimeAvg,TimeStdev,TimeTotal
1000.0,8900.0,4357.142857142857,2786.117186981164,30500.0
