TimeMin,TimeMax,TimeAvg,TimeStdev,TimeTotal
100.0,8000.0,3122.222222222222,2526.208303972918,28100.0
