SentiMin,SentiMax,SentiAvg,SentiStdev,Senti0-0.20,Senti0.21-0.40,Senti0.41-0.60,Senti0.61-0.80,Senti0.81-1.00,SentiTotal
0.1544534555527003,0.7643171901195182,0.6065327505727551,0.18485309216517457,1.0,0.0,2.0,6.0,0.0,0.9817840668635888