SentiMin,SentiMax,SentiAvg,SentiStdev,Senti0-0.20,Senti0.21-0.40,Senti0.41-0.60,Senti0.61-0.80,Senti0.81-1.00,SentiTotal
0.21921412548362115,0.5887926032804369,0.43197054382802186,0.15413321444991332,0.0,2.0,4.0,0.0,0.0,0.13248024362838695