TraitMin,TraitMax,TraitAvg,TraitStdev,TraitTotal
200.0,1000.0,467.31431966726086,218.6577752831605,411.125
