TraitMin,TraitMax,TraitAvg,TraitStdev,TraitTotal
100.0,900.0,400.8333333333333,303.59306645574105,361.1111111111111
