TimeMin,TimeMax,TimeAvg,TimeStdev,TimeTotal
1000.0,2000.0,1466.6666666666667,410.96093353126514,4400.0
