SentiMin,SentiMax,SentiAvg,SentiStdev,Senti0-0.20,Senti0.21-0.40,Senti0.41-0.60,Senti0.61-0.80,Senti0.81-1.00,SentiTotal
0.299944371832293,0.613851619887851,0.4648363739526807,0.0952658741845137,0.0,3.0,5.0,1.0,0.0,0.2200173384057941