TraitMin,TraitMax,TraitAvg,TraitStdev,TraitTotal
237.5,500.0,347.47904212189934,84.09155200900034,341.09589041095893
