TimeMin,TimeMax,TimeAvg,TimeStdev,TimeTotal
1000.0,7600.0,3654.4444444444443,2535.819442884998,32890.0
