TimeMin,TimeMax,TimeAvg,TimeStdev,TimeTotal
1000.0,10100.0,3557.1428571428573,2828.860014138529,24900.0
