SentiMin,SentiMax,SentiAvg,SentiStdev,Senti0-0.20,Senti0.21-0.40,Senti0.41-0.60,Senti0.61-0.80,Senti0.81-1.00,SentiTotal
0.21921412548362115,0.8232975942751998,0.5375411472991273,0.17269152320656386,0.0,1.0,4.0,1.0,1.0,0.7748713085495238