TraitMin,TraitMax,TraitAvg,TraitStdev,TraitTotal
350.0,1000.0,622.0940170940171,283.53032625359765,464.2857142857143
