TraitMin,TraitMax,TraitAvg,TraitStdev,TraitTotal
244.44444444444446,1000.0,426.58730158730157,195.6780054357423,357.3170731707317
