TraitMin,TraitMax,TraitAvg,TraitStdev,TraitTotal
371.42857142857144,1560.0,892.6285714285714,313.59599122802206,673.1034482758621
