SentiMin,SentiMax,SentiAvg,SentiStdev,Senti0-0.20,Senti0.21-0.40,Senti0.41-0.60,Senti0.61-0.80,Senti0.81-1.00,SentiTotal
0.029608885629010394,0.49789225920557484,0.24647241850566368,0.15386962752366573,4.0,5.0,2.0,0.0,0.0,3.407562237950138E-7