SentiMin,SentiMax,SentiAvg,SentiStdev,Senti0-0.20,Senti0.21-0.40,Senti0.41-0.60,Senti0.61-0.80,Senti0.81-1.00,SentiTotal
0.04197472066436676,0.5628056929000496,0.3929099022804157,0.16319622765279007,1.0,4.0,6.0,0.0,0.0,0.0018884446176023353