TimeMin,TimeMax,TimeAvg,TimeStdev,TimeTotal
1200.0,3400.0,1982.857142857143,710.68808279048,13880.0
