TraitMin,TraitMax,TraitAvg,TraitStdev,TraitTotal
326.6666666666667,720.0,459.1111111111112,130.9779253585005,420.6060606060606
