TraitMin,TraitMax,TraitAvg,TraitStdev,TraitTotal
240.0,880.0,466.3586925894618,175.76155658223024,373.1506849315069
