TimeMin,TimeMax,TimeAvg,TimeStdev,TimeTotal
600.0,2720.0,1665.8823529411766,657.6880972147762,28320.0
