SentiMin,SentiMax,SentiAvg,SentiStdev,Senti0-0.20,Senti0.21-0.40,Senti0.41-0.60,Senti0.61-0.80,Senti0.81-1.00,SentiTotal
4.966873562508613E-4,0.49789225920557484,0.2573025902848066,0.17722300360681512,7.0,6.0,4.0,0.0,0.0,1.2922047309464583E-13