TraitMin,TraitMax,TraitAvg,TraitStdev,TraitTotal
380.0,1040.0,665.3333333333334,215.80237873264204,526.0
