TraitMin,TraitMax,TraitAvg,TraitStdev,TraitTotal
288.57142857142856,820.0,461.2160566706021,159.74138006702208,384.375
