SentiMin,SentiMax,SentiAvg,SentiStdev,Senti0-0.20,Senti0.21-0.40,Senti0.41-0.60,Senti0.61-0.80,Senti0.81-1.00,SentiTotal
0.013376712282173964,0.49789225920557484,0.3156864957576325,0.1805856410612189,3.0,2.0,4.0,0.0,0.0,3.9639178599785885E-5