SentiMin,SentiMax,SentiAvg,SentiStdev,Senti0-0.20,Senti0.21-0.40,Senti0.41-0.60,Senti0.61-0.80,Senti0.81-1.00,SentiTotal
0.21921412548362115,0.8397162211936369,0.40950367693623946,0.18536866397291735,0.0,6.0,2.0,0.0,1.0,0.03390271279629028