TraitMin,TraitMax,TraitAvg,TraitStdev,TraitTotal
328.0,906.6666666666666,578.5071428571429,171.22994976720312,520.0
