SentiMin,SentiMax,SentiAvg,SentiStdev,Senti0-0.20,Senti0.21-0.40,Senti0.41-0.60,Senti0.61-0.80,Senti0.81-1.00,SentiTotal
0.0032095377216989885,0.49789225920557484,0.2755252244319875,0.16485346107563456,4.0,9.0,4.0,0.0,0.0,7.55302497864505E-11