SentiMin,SentiMax,SentiAvg,SentiStdev,Senti0-0.20,Senti0.21-0.40,Senti0.41-0.60,Senti0.61-0.80,Senti0.81-1.00,SentiTotal
0.0736401149528525,0.5548866269185188,0.30986651809142685,0.16032322939758362,4.0,5.0,4.0,0.0,0.0,5.186663709865006E-6