TimeMin,TimeMax,TimeAvg,TimeStdev,TimeTotal
720.0,7080.0,4093.3333333333335,2309.0931360841882,36840.0
