SentiMin,SentiMax,SentiAvg,SentiStdev,Senti0-0.20,Senti0.21-0.40,Senti0.41-0.60,Senti0.61-0.80,Senti0.81-1.00,SentiTotal
0.10848800174525688,0.7132972633397342,0.4145461068350871,0.15850635674484184,1.0,3.0,6.0,1.0,0.0,0.01218346878048738