TimeMin,TimeMax,TimeAvg,TimeStdev,TimeTotal
880.0,3840.0,2451.4285714285716,848.7205256220948,17160.0
