SentiMin,SentiMax,SentiAvg,SentiStdev,Senti0-0.20,Senti0.21-0.40,Senti0.41-0.60,Senti0.61-0.80,Senti0.81-1.00,SentiTotal
0.07958346188358406,0.5727931040384413,0.41595523147813973,0.14123693412144853,1.0,4.0,9.0,0.0,0.0,0.0034266257524051694