TraitMin,TraitMax,TraitAvg,TraitStdev,TraitTotal
160.0,1040.0,422.8770053475936,214.8147429489243,324.7761194029851
