TimeMin,TimeMax,TimeAvg,TimeStdev,TimeTotal
760.0,6480.0,2545.4545454545455,1689.8647801544985,28000.0
