SentiMin,SentiMax,SentiAvg,SentiStdev,Senti0-0.20,Senti0.21-0.40,Senti0.41-0.60,Senti0.61-0.80,Senti0.81-1.00,SentiTotal
2.588594071921545E-4,0.49789225920557484,0.2554420146410591,0.19126770547499336,5.0,4.0,4.0,0.0,0.0,2.146736080590578E-11