TraitMin,TraitMax,TraitAvg,TraitStdev,TraitTotal
300.0,1120.0,569.3333333333333,290.3362035832099,425.18518518518516
