TimeMin,TimeMax,TimeAvg,TimeStdev,TimeTotal
560.0,3240.0,1713.8461538461538,787.4158168585727,22280.0
