TraitMin,TraitMax,TraitAvg,TraitStdev,TraitTotal
385.0,1320.0,632.4206349206348,335.28229598655463,473.84615384615387
