SentiMin,SentiMax,SentiAvg,SentiStdev,Senti0-0.20,Senti0.21-0.40,Senti0.41-0.60,Senti0.61-0.80,Senti0.81-1.00,SentiTotal
0.27292421987320603,0.8397162211936369,0.5292415933095123,0.19233428950309697,0.0,2.0,2.0,1.0,1.0,0.7321471600337139