SentiMin,SentiMax,SentiAvg,SentiStdev,Senti0-0.20,Senti0.21-0.40,Senti0.41-0.60,Senti0.61-0.80,Senti0.81-1.00,SentiTotal
0.013961110024985712,0.9647814960380346,0.4893222385764118,0.2720079319598592,1.0,2.0,2.0,1.0,1.0,0.2525864870216728