TimeMin,TimeMax,TimeAvg,TimeStdev,TimeTotal
720.0,7240.0,2534.5454545454545,2188.3175921921206,27880.0
