TraitMin,TraitMax,TraitAvg,TraitStdev,TraitTotal
348.57142857142856,920.0,500.05194805194805,182.80505825513512,432.0
