TraitMin,TraitMax,TraitAvg,TraitStdev,TraitTotal
177.14285714285714,680.0,365.91036414565826,124.36425284305442,301.27659574468083
