SentiMin,SentiMax,SentiAvg,SentiStdev,Senti0-0.20,Senti0.21-0.40,Senti0.41-0.60,Senti0.61-0.80,Senti0.81-1.00,SentiTotal
0.001801134643307027,0.49789225920557484,0.1955698391141449,0.1922118696317817,7.0,2.0,3.0,0.0,0.0,3.3408147604640223E-12