SentiMin,SentiMax,SentiAvg,SentiStdev,Senti0-0.20,Senti0.21-0.40,Senti0.41-0.60,Senti0.61-0.80,Senti0.81-1.00,SentiTotal
0.21921412548362115,0.48728019602140255,0.3634108206190047,0.1069797426314796,0.0,4.0,2.0,0.0,0.0,0.02812670172932599