TraitMin,TraitMax,TraitAvg,TraitStdev,TraitTotal
252.0,760.0,466.1774891774892,178.4796463590868,363.8709677419355
