TimeMin,TimeMax,TimeAvg,TimeStdev,TimeTotal
1160.0,6560.0,2909.090909090909,1659.0986301190203,32000.0
