SentiMin,SentiMax,SentiAvg,SentiStdev,Senti0-0.20,Senti0.21-0.40,Senti0.41-0.60,Senti0.61-0.80,Senti0.81-1.00,SentiTotal
0.0736401149528525,0.8607342220277507,0.39690191470931974,0.2629359607752075,3.0,3.0,3.0,0.0,2.0,8.641349911407749E-4