TimeMin,TimeMax,TimeAvg,TimeStdev,TimeTotal
680.0,3160.0,1677.142857142857,739.3378173495964,23480.0
