SentiMin,SentiMax,SentiAvg,SentiStdev,Senti0-0.20,Senti0.21-0.40,Senti0.41-0.60,Senti0.61-0.80,Senti0.81-1.00,SentiTotal
5.905894462484227E-4,0.49789225920557484,0.257218681305747,0.13638598538128513,3.0,7.0,1.0,0.0,0.0,1.9800491395989186E-8