TraitMin,TraitMax,TraitAvg,TraitStdev,TraitTotal
252.0,880.0,394.85714285714283,204.96221810850852,323.77358490566036
