TraitMin,TraitMax,TraitAvg,TraitStdev,TraitTotal
316.0,1520.0,735.2727272727273,346.3422088337411,547.3684210526316
