SentiMin,SentiMax,SentiAvg,SentiStdev,Senti0-0.20,Senti0.21-0.40,Senti0.41-0.60,Senti0.61-0.80,Senti0.81-1.00,SentiTotal
0.048248516844336294,0.8718153517191587,0.4912995283208344,0.2365239363129145,1.0,2.0,5.0,1.0,2.0,0.28434019641198927