SentiMin,SentiMax,SentiAvg,SentiStdev,Senti0-0.20,Senti0.21-0.40,Senti0.41-0.60,Senti0.61-0.80,Senti0.81-1.00,SentiTotal
0.013485227611610154,0.5628056929000496,0.26796481573329484,0.1722807486420071,7.0,6.0,4.0,0.0,0.0,2.3291758802557553E-10