TimeMin,TimeMax,TimeAvg,TimeStdev,TimeTotal
920.0,5240.0,2552.7272727272725,1341.7836901208705,28080.0
