TimeMin,TimeMax,TimeAvg,TimeStdev,TimeTotal
560.0,5000.0,2095.3846153846152,1250.9726393405645,27240.0
