SentiMin,SentiMax,SentiAvg,SentiStdev,Senti0-0.20,Senti0.21-0.40,Senti0.41-0.60,Senti0.61-0.80,Senti0.81-1.00,SentiTotal
0.007829970418242042,0.49789225920557484,0.3674175659037093,0.181531001664214,3.0,0.0,8.0,0.0,0.0,5.595035361809797E-5