SentiMin,SentiMax,SentiAvg,SentiStdev,Senti0-0.20,Senti0.21-0.40,Senti0.41-0.60,Senti0.61-0.80,Senti0.81-1.00,SentiTotal
0.0370495941202203,0.5548866269185188,0.2930932169642317,0.18632229689745292,3.0,4.0,4.0,0.0,0.0,2.518166034403915E-6