SentiMin,SentiMax,SentiAvg,SentiStdev,Senti0-0.20,Senti0.21-0.40,Senti0.41-0.60,Senti0.61-0.80,Senti0.81-1.00,SentiTotal
0.0012430880904783425,0.8439925691239514,0.3857777042252576,0.24848302378665604,2.0,6.0,4.0,2.0,1.0,2.964211732881625E-7