SentiMin,SentiMax,SentiAvg,SentiStdev,Senti0-0.20,Senti0.21-0.40,Senti0.41-0.60,Senti0.61-0.80,Senti0.81-1.00,SentiTotal
0.031474368124527696,0.5136446707795853,0.2662583645493401,0.17466661040677148,5.0,4.0,4.0,0.0,0.0,1.4769297692499854E-8