TraitMin,TraitMax,TraitAvg,TraitStdev,TraitTotal
246.66666666666666,1160.0,563.3992673992675,270.27650727532875,454.6938775510204
