SentiMin,SentiMax,SentiAvg,SentiStdev,Senti0-0.20,Senti0.21-0.40,Senti0.41-0.60,Senti0.61-0.80,Senti0.81-1.00,SentiTotal
0.21921412548362115,0.5136446707795853,0.44530711477598617,0.11321100088926396,0.0,1.0,4.0,0.0,0.0,0.2301917679834784