TraitMin,TraitMax,TraitAvg,TraitStdev,TraitTotal
204.44444444444446,960.0,472.77777777777777,295.6114191148764,325.45454545454544
