SentiMin,SentiMax,SentiAvg,SentiStdev,Senti0-0.20,Senti0.21-0.40,Senti0.41-0.60,Senti0.61-0.80,Senti0.81-1.00,SentiTotal
0.207614473560813,0.49789225920557484,0.3994698391909132,0.10601403140295591,0.0,3.0,2.0,0.0,0.0,0.10352354069096625