TimeMin,TimeMax,TimeAvg,TimeStdev,TimeTotal
1000.0,4040.0,2236.3636363636365,919.5183791457225,24600.0
