TimeMin,TimeMax,TimeAvg,TimeStdev,TimeTotal
640.0,5120.0,2050.909090909091,1210.630598605946,22560.0
