TraitMin,TraitMax,TraitAvg,TraitStdev,TraitTotal
287.27272727272725,1040.0,459.011544011544,183.59722133892055,376.8421052631579
