TimeMin,TimeMax,TimeAvg,TimeStdev,TimeTotal
640.0,2320.0,1168.888888888889,575.2766376940256,10520.0
