TraitMin,TraitMax,TraitAvg,TraitStdev,TraitTotal
308.0,720.0,490.22038567493115,149.46342021138628,442.53968253968253
