TimeMin,TimeMax,TimeAvg,TimeStdev,TimeTotal
640.0,4040.0,1849.4117647058824,1043.6613750369152,31440.0
