TraitMin,TraitMax,TraitAvg,TraitStdev,TraitTotal
430.0,1200.0,644.5281385281386,242.90794755303259,579.5744680851063
