TraitMin,TraitMax,TraitAvg,TraitStdev,TraitTotal
265.45454545454544,700.0,436.2696351267779,127.58257698056269,372.6984126984127
