TimeMin,TimeMax,TimeAvg,TimeStdev,TimeTotal
800.0,2800.0,1710.7692307692307,656.3589723556128,22240.0
