TraitMin,TraitMax,TraitAvg,TraitStdev,TraitTotal
360.0,920.0,695.6190476190476,203.51416070004115,490.0
