TraitMin,TraitMax,TraitAvg,TraitStdev,TraitTotal
328.0,880.0,571.6,210.9270964101104,465.45454545454544
