TraitMin,TraitMax,TraitAvg,TraitStdev,TraitTotal
264.0,624.0,439.56277056277054,122.17312941823573,464.22535211267603
