TraitMin,TraitMax,TraitAvg,TraitStdev,TraitTotal
240.0,570.0,386.4020979020979,83.16136501660202,369.4736842105263
