SentiMin,SentiMax,SentiAvg,SentiStdev,Senti0-0.20,Senti0.21-0.40,Senti0.41-0.60,Senti0.61-0.80,Senti0.81-1.00,SentiTotal
0.014130381573922022,0.6959033095314103,0.22018623002334545,0.19979082180189958,8.0,3.0,1.0,1.0,0.0,1.0440359059586368E-10