TraitMin,TraitMax,TraitAvg,TraitStdev,TraitTotal
269.3333333333333,820.0,484.46498599439775,153.22825316132102,397.9746835443038
