TraitMin,TraitMax,TraitAvg,TraitStdev,TraitTotal
284.44444444444446,680.0,455.0289449112979,148.60964808219734,444.8
