SentiMin,SentiMax,SentiAvg,SentiStdev,Senti0-0.20,Senti0.21-0.40,Senti0.41-0.60,Senti0.61-0.80,Senti0.81-1.00,SentiTotal
0.002485062485304814,0.36075706408024416,0.18600155254496725,0.14968329902774374,2.0,2.0,0.0,0.0,0.0,5.2855227151517615E-5