TraitMin,TraitMax,TraitAvg,TraitStdev,TraitTotal
266.6666666666667,1011.4285714285714,568.9290462623796,225.11092477646727,566.7692307692307
