SentiMin,SentiMax,SentiAvg,SentiStdev,Senti0-0.20,Senti0.21-0.40,Senti0.41-0.60,Senti0.61-0.80,Senti0.81-1.00,SentiTotal
0.02921195659612766,0.9773656006843323,0.43074699759072915,0.27224807504734433,3.0,2.0,7.0,0.0,2.0,0.015144557968791963