TraitMin,TraitMax,TraitAvg,TraitStdev,TraitTotal
304.0,880.0,485.1794871794872,163.54860188453748,419.62264150943395
