TraitMin,TraitMax,TraitAvg,TraitStdev,TraitTotal
280.0,1360.0,762.2222222222222,371.9352127308408,580.0
