TimeMin,TimeMax,TimeAvg,TimeStdev,TimeTotal
1360.0,7560.0,3891.4285714285716,2595.091127337087,27240.0
