TraitMin,TraitMax,TraitAvg,TraitStdev,TraitTotal
270.0,890.0,468.8181818181818,176.24855190729886,457.14285714285717
