SentiMin,SentiMax,SentiAvg,SentiStdev,Senti0-0.20,Senti0.21-0.40,Senti0.41-0.60,Senti0.61-0.80,Senti0.81-1.00,SentiTotal
0.00872527397089424,0.39697510199130176,0.12074767692002775,0.1310775144905296,5.0,2.0,0.0,0.0,0.0,7.779195023136653E-9