TraitMin,TraitMax,TraitAvg,TraitStdev,TraitTotal
168.0,792.0,406.9469846392924,200.94429205350838,362.5
