TraitMin,TraitMax,TraitAvg,TraitStdev,TraitTotal
296.0,2560.0,632.625,522.873549019157,505.6393442622951
