SentiMin,SentiMax,SentiAvg,SentiStdev,Senti0-0.20,Senti0.21-0.40,Senti0.41-0.60,Senti0.61-0.80,Senti0.81-1.00,SentiTotal
9.094411482703366E-6,0.9993808428651104,0.3071884424069465,0.284956829980553,8.0,5.0,2.0,2.0,1.0,5.9447429346491E-14