SentiMin,SentiMax,SentiAvg,SentiStdev,Senti0-0.20,Senti0.21-0.40,Senti0.41-0.60,Senti0.61-0.80,Senti0.81-1.00,SentiTotal
1.3536880714468063E-7,0.26008959351565597,0.09641596923231693,0.10486935293676278,6.0,2.0,0.0,0.0,0.0,9.626411600671407E-21