TimeMin,TimeMax,TimeAvg,TimeStdev,TimeTotal
800.0,5280.0,2747.6923076923076,1370.581874444651,35720.0
