SentiMin,SentiMax,SentiAvg,SentiStdev,Senti0-0.20,Senti0.21-0.40,Senti0.41-0.60,Senti0.61-0.80,Senti0.81-1.00,SentiTotal
2.094250359295826E-9,0.006907879385806453,0.002455175194526394,0.0031540756716186423,3.0,0.0,0.0,0.0,0.0,6.783183459865384E-15