TraitMin,TraitMax,TraitAvg,TraitStdev,TraitTotal
206.0,440.0,335.62237762237766,89.14719369050307,282.4
