TraitMin,TraitMax,TraitAvg,TraitStdev,TraitTotal
230.76923076923077,800.0,354.71125807324904,158.19789681349863,292.78688524590166
