SentiMin,SentiMax,SentiAvg,SentiStdev,Senti0-0.20,Senti0.21-0.40,Senti0.41-0.60,Senti0.61-0.80,Senti0.81-1.00,SentiTotal
1.7051585119467573E-5,0.020090214407686716,0.005135601348008035,0.008634460049884713,4.0,0.0,0.0,0.0,0.0,1.6706188842380407E-14