SentiMin,SentiMax,SentiAvg,SentiStdev,Senti0-0.20,Senti0.21-0.40,Senti0.41-0.60,Senti0.61-0.80,Senti0.81-1.00,SentiTotal
5.279958142067383E-6,0.12481190988970024,0.01768896230987413,0.03646327758185181,10.0,0.0,0.0,0.0,0.0,9.459363230272124E-31