TraitMin,TraitMax,TraitAvg,TraitStdev,TraitTotal
253.33333333333334,358.2608695652174,306.8985507246377,37.5424649293019,312.9032258064516
