TraitMin,TraitMax,TraitAvg,TraitStdev,TraitTotal
230.0,400.0,307.33333333333337,55.63372278673351,311.30434782608694
