TraitMin,TraitMax,TraitAvg,TraitStdev,TraitTotal
174.54545454545453,413.3333333333333,293.57359307359303,73.5651057436967,297.3228346456693
