SentiMin,SentiMax,SentiAvg,SentiStdev,Senti0-0.20,Senti0.21-0.40,Senti0.41-0.60,Senti0.61-0.80,Senti0.81-1.00,SentiTotal
1.3096769479014E-5,0.9962940441364322,0.2453915743490883,0.29788238203221323,8.0,1.0,1.0,1.0,1.0,3.9910874815196344E-15