TraitMin,TraitMax,TraitAvg,TraitStdev,TraitTotal
120.0,520.0,286.5582010582011,106.70325687163876,269.4736842105263
