SentiMin,SentiMax,SentiAvg,SentiStdev,Senti0-0.20,Senti0.21-0.40,Senti0.41-0.60,Senti0.61-0.80,Senti0.81-1.00,SentiTotal
0.0032896300297091396,0.466250002021594,0.11981399221083805,0.20001757716928223,3.0,0.0,1.0,0.0,0.0,9.414931664319275E-9