TraitMin,TraitMax,TraitAvg,TraitStdev,TraitTotal
228.0,760.0,371.6476476476476,132.241038141135,333.6585365853659
