TraitMin,TraitMax,TraitAvg,TraitStdev,TraitTotal
177.14285714285714,417.5,273.45238095238096,103.76924185689879,335.0943396226415
