TimeMin,TimeMax,TimeAvg,TimeStdev,TimeTotal
600.0,3440.0,1706.6666666666667,917.5813618178802,20480.0
