TraitMin,TraitMax,TraitAvg,TraitStdev,TraitTotal
245.0,500.0,396.67700501253137,79.83247636894282,398.3193277310924
