SentiMin,SentiMax,SentiAvg,SentiStdev,Senti0-0.20,Senti0.21-0.40,Senti0.41-0.60,Senti0.61-0.80,Senti0.81-1.00,SentiTotal
3.0205067814239567E-7,0.31820487300311295,0.12426878974499891,0.14554871108375886,3.0,2.0,0.0,0.0,0.0,1.0119945833461591E-12