TimeMin,TimeMax,TimeAvg,TimeStdev,TimeTotal
920.0,11120.0,4613.333333333333,3226.7768576226167,55360.0
