TimeMin,TimeMax,TimeAvg,TimeStdev,TimeTotal
880.0,6600.0,3461.5384615384614,1762.3491584283229,45000.0
