SentiMin,SentiMax,SentiAvg,SentiStdev,Senti0-0.20,Senti0.21-0.40,Senti0.41-0.60,Senti0.61-0.80,Senti0.81-1.00,SentiTotal
0.0011501403974881225,0.114754180974192,0.031656342382464245,0.04261693385625345,5.0,0.0,0.0,0.0,0.0,1.2724169484885174E-10