SentiMin,SentiMax,SentiAvg,SentiStdev,Senti0-0.20,Senti0.21-0.40,Senti0.41-0.60,Senti0.61-0.80,Senti0.81-1.00,SentiTotal
7.797405619028043E-7,0.33144902671512344,0.07303092194424303,0.11480000666620876,11.0,2.0,0.0,0.0,0.0,6.94870505123717E-31