TraitMin,TraitMax,TraitAvg,TraitStdev,TraitTotal
120.0,2280.0,595.5555555555555,629.7638201229112,744.4444444444445
