SentiMin,SentiMax,SentiAvg,SentiStdev,Senti0-0.20,Senti0.21-0.40,Senti0.41-0.60,Senti0.61-0.80,Senti0.81-1.00,SentiTotal
0.39697510199130176,0.5755436691302463,0.4696436188723785,0.06882370267889673,0.0,4.0,5.0,0.0,0.0,0.4428787271992788