SentiMin,SentiMax,SentiAvg,SentiStdev,Senti0-0.20,Senti0.21-0.40,Senti0.41-0.60,Senti0.61-0.80,Senti0.81-1.00,SentiTotal
2.8030868987146824E-8,0.8554499811481738,0.34523600012825156,0.3381531519325857,2.0,0.0,1.0,0.0,1.0,1.2275544375709705E-8