TimeMin,TimeMax,TimeAvg,TimeStdev,TimeTotal
320.0,1840.0,853.3333333333334,698.4427121978024,2560.0
