SentiMin,SentiMax,SentiAvg,SentiStdev,Senti0-0.20,Senti0.21-0.40,Senti0.41-0.60,Senti0.61-0.80,Senti0.81-1.00,SentiTotal
7.174664522584843E-6,0.5973987910878694,0.2542894281873483,0.2139478693204885,5.0,4.0,3.0,0.0,0.0,3.757035092581938E-17