SentiMin,SentiMax,SentiAvg,SentiStdev,Senti0-0.20,Senti0.21-0.40,Senti0.41-0.60,Senti0.61-0.80,Senti0.81-1.00,SentiTotal
0.1677337679505598,0.46179436388641554,0.29117612108813423,0.11319527560785098,1.0,3.0,1.0,0.0,0.0,3.3903094592884744E-4