SentiMin,SentiMax,SentiAvg,SentiStdev,Senti0-0.20,Senti0.21-0.40,Senti0.41-0.60,Senti0.61-0.80,Senti0.81-1.00,SentiTotal
5.060890768936476E-7,0.5755436691302463,0.18162727894197797,0.19667753231976737,6.0,0.0,2.0,0.0,0.0,5.110428219296953E-13