TraitMin,TraitMax,TraitAvg,TraitStdev,TraitTotal
173.33333333333334,420.0,299.0,97.20310923239258,274.11764705882354
