TraitMin,TraitMax,TraitAvg,TraitStdev,TraitTotal
104.0,1113.3333333333333,422.1481481481481,275.27149835246763,428.1081081081081
