TraitMin,TraitMax,TraitAvg,TraitStdev,TraitTotal
240.0,362.6666666666667,314.1333333333333,57.32775166628386,318.51851851851853
