TraitMin,TraitMax,TraitAvg,TraitStdev,TraitTotal
213.33333333333334,1173.3333333333333,444.44444444444446,296.08661562221494,409.5652173913044
