TraitMin,TraitMax,TraitAvg,TraitStdev,TraitTotal
200.0,920.0,428.48484848484856,209.36230081548783,414.19354838709677
