SentiMin,SentiMax,SentiAvg,SentiStdev,Senti0-0.20,Senti0.21-0.40,Senti0.41-0.60,Senti0.61-0.80,Senti0.81-1.00,SentiTotal
0.18764054436484123,0.8840757314493582,0.46585685040572505,0.15984210180730787,1.0,4.0,5.0,0.0,1.0,0.23768642454154207