SentiMin,SentiMax,SentiAvg,SentiStdev,Senti0-0.20,Senti0.21-0.40,Senti0.41-0.60,Senti0.61-0.80,Senti0.81-1.00,SentiTotal
4.699597129768205E-4,0.5755436691302463,0.2614602575398362,0.23501384588429788,3.0,1.0,2.0,0.0,0.0,1.1420900862411101E-6