TraitMin,TraitMax,TraitAvg,TraitStdev,TraitTotal
200.0,378.8888888888889,276.8650793650794,69.25424065592244,342.5
