TraitMin,TraitMax,TraitAvg,TraitStdev,TraitTotal
280.0,1500.0,546.5,378.2271143109653,507.0967741935484
