TimeMin,TimeMax,TimeAvg,TimeStdev,TimeTotal
240.0,2720.0,956.3636363636364,783.3642218867487,10520.0
