TraitMin,TraitMax,TraitAvg,TraitStdev,TraitTotal
160.0,204.44444444444446,188.14814814814815,19.98627787145488,196.92307692307693
