TimeMin,TimeMax,TimeAvg,TimeStdev,TimeTotal
280.0,6840.0,1488.888888888889,2152.478903984605,13400.0
