SentiMin,SentiMax,SentiAvg,SentiStdev,Senti0-0.20,Senti0.21-0.40,Senti0.41-0.60,Senti0.61-0.80,Senti0.81-1.00,SentiTotal
1.6846969996774137E-10,0.9092808884569973,0.2918269745538385,0.3093339864132906,4.0,2.0,2.0,0.0,1.0,4.912401226058976E-23