TraitMin,TraitMax,TraitAvg,TraitStdev,TraitTotal
200.0,600.0,322.68398268398266,120.36693585300243,339.35483870967744
