TimeMin,TimeMax,TimeAvg,TimeStdev,TimeTotal
280.0,5040.0,1581.8181818181818,1358.6478450805967,17400.0
