SentiMin,SentiMax,SentiAvg,SentiStdev,Senti0-0.20,Senti0.21-0.40,Senti0.41-0.60,Senti0.61-0.80,Senti0.81-1.00,SentiTotal
9.689691131330022E-5,0.5159436667231726,0.26898230352879715,0.21684530225300241,4.0,0.0,4.0,0.0,0.0,9.006233453751192E-9