TimeMin,TimeMax,TimeAvg,TimeStdev,TimeTotal
280.0,2440.0,796.3636363636364,578.0102661446377,8760.0
