SentiMin,SentiMax,SentiAvg,SentiStdev,Senti0-0.20,Senti0.21-0.40,Senti0.41-0.60,Senti0.61-0.80,Senti0.81-1.00,SentiTotal
0.0036983430881565808,0.5705318806625045,0.32942603253790337,0.2037659886258893,3.0,3.0,5.0,0.0,0.0,7.06981069556094E-7