TraitMin,TraitMax,TraitAvg,TraitStdev,TraitTotal
155.0,546.6666666666666,302.3667861409797,107.63201257774534,315.609756097561
