SentiMin,SentiMax,SentiAvg,SentiStdev,Senti0-0.20,Senti0.21-0.40,Senti0.41-0.60,Senti0.61-0.80,Senti0.81-1.00,SentiTotal
5.3466325155122444E-5,0.5755436691302463,0.23006382663273886,0.19064138384215398,4.0,3.0,2.0,0.0,0.0,9.138419887724431E-10