TraitMin,TraitMax,TraitAvg,TraitStdev,TraitTotal
160.0,933.3333333333334,349.4444444444445,194.53212308917065,330.5660377358491
