SentiMin,SentiMax,SentiAvg,SentiStdev,Senti0-0.20,Senti0.21-0.40,Senti0.41-0.60,Senti0.61-0.80,Senti0.81-1.00,SentiTotal
0.007807271813806276,0.551077815994506,0.30385724022713234,0.19375016140683687,3.0,3.0,3.0,0.0,0.0,3.944298849676745E-6