TraitMin,TraitMax,TraitAvg,TraitStdev,TraitTotal
120.0,445.0,325.0,117.5443178833697,293.7931034482759
