TimeMin,TimeMax,TimeAvg,TimeStdev,TimeTotal
320.0,5240.0,2093.3333333333335,1816.1742451892906,18840.0
