TimeMin,TimeMax,TimeAvg,TimeStdev,TimeTotal
320.0,10880.0,2875.5555555555557,3177.5011534611463,25880.0
