TraitMin,TraitMax,TraitAvg,TraitStdev,TraitTotal
148.57142857142858,380.0,250.64935064935068,75.59160545582766,250.28571428571428
