TraitMin,TraitMax,TraitAvg,TraitStdev,TraitTotal
205.71428571428572,800.0,356.98947206639514,152.4484902393586,308.1188118811881
