TimeMin,TimeMax,TimeAvg,TimeStdev,TimeTotal
960.0,6440.0,2048.8888888888887,1610.1652395842582,18440.0
