TraitMin,TraitMax,TraitAvg,TraitStdev,TraitTotal
229.0909090909091,1160.0,587.0065736732404,307.58384000856194,383.27272727272725
