TraitMin,TraitMax,TraitAvg,TraitStdev,TraitTotal
251.42857142857142,1560.0,582.8809523809524,410.7411293275116,388.44444444444446
