TraitMin,TraitMax,TraitAvg,TraitStdev,TraitTotal
294.54545454545456,1640.0,543.3829201101929,378.03503704676507,452.8
