TraitMin,TraitMax,TraitAvg,TraitStdev,TraitTotal
190.0,1240.0,720.4814814814814,341.41264671373386,547.5862068965517
