TimeMin,TimeMax,TimeAvg,TimeStdev,TimeTotal
1000.0,8160.0,3406.6666666666665,2307.7165240894637,20440.0
