SentiMin,SentiMax,SentiAvg,SentiStdev,Senti0-0.20,Senti0.21-0.40,Senti0.41-0.60,Senti0.61-0.80,Senti0.81-1.00,SentiTotal
2.9140986549508006E-5,0.49796141894723084,0.24639509538640744,0.21437604541093888,3.0,2.0,2.0,0.0,0.0,2.3893372225321874E-10