TraitMin,TraitMax,TraitAvg,TraitStdev,TraitTotal
312.72727272727275,840.0,519.1515151515151,175.72292836581298,432.3809523809524
