SentiMin,SentiMax,SentiAvg,SentiStdev,Senti0-0.20,Senti0.21-0.40,Senti0.41-0.60,Senti0.61-0.80,Senti0.81-1.00,SentiTotal
3.090788634968877E-5,0.5755436691302463,0.26040226563685664,0.21203608790207687,5.0,4.0,5.0,0.0,0.0,5.671655043551351E-17