SentiMin,SentiMax,SentiAvg,SentiStdev,Senti0-0.20,Senti0.21-0.40,Senti0.41-0.60,Senti0.61-0.80,Senti0.81-1.00,SentiTotal
0.002206628707456922,0.49789225920557484,0.19363248409018438,0.17569838834915338,5.0,3.0,2.0,0.0,0.0,1.1188530722197682E-11