SentiMin,SentiMax,SentiAvg,SentiStdev,Senti0-0.20,Senti0.21-0.40,Senti0.41-0.60,Senti0.61-0.80,Senti0.81-1.00,SentiTotal
0.06800830350910309,0.7214421456161486,0.4246414493598512,0.1927607112780313,2.0,1.0,5.0,1.0,0.0,0.019634290982379628