TraitMin,TraitMax,TraitAvg,TraitStdev,TraitTotal
175.3846153846154,1360.0,480.3936063936064,272.48806684234967,364.70588235294116
