TraitMin,TraitMax,TraitAvg,TraitStdev,TraitTotal
160.0,800.0,411.5757575757576,206.769093963651,374.11764705882354
