SentiMin,SentiMax,SentiAvg,SentiStdev,Senti0-0.20,Senti0.21-0.40,Senti0.41-0.60,Senti0.61-0.80,Senti0.81-1.00,SentiTotal
9.98587660491652E-4,0.43796879524747484,0.13095962699392874,0.16606734994829056,7.0,2.0,1.0,0.0,0.0,7.299666019636565E-16