TimeMin,TimeMax,TimeAvg,TimeStdev,TimeTotal
520.0,4800.0,1817.142857142857,1235.8191532711558,25440.0
