SentiMin,SentiMax,SentiAvg,SentiStdev,Senti0-0.20,Senti0.21-0.40,Senti0.41-0.60,Senti0.61-0.80,Senti0.81-1.00,SentiTotal
0.04070568919386473,0.5550046396563949,0.29592653288820203,0.16754258681991843,4.0,3.0,2.0,0.0,0.0,6.674603768293522E-5