SentiMin,SentiMax,SentiAvg,SentiStdev,Senti0-0.20,Senti0.21-0.40,Senti0.41-0.60,Senti0.61-0.80,Senti0.81-1.00,SentiTotal
9.99339341559601E-5,0.39697510199130176,0.15821162546778308,0.13691924834141764,4.0,4.0,0.0,0.0,0.0,8.661579654792078E-11