TraitMin,TraitMax,TraitAvg,TraitStdev,TraitTotal
211.42857142857142,486.6666666666667,322.94885361552025,83.15788089966146,314.0740740740741
