TimeMin,TimeMax,TimeAvg,TimeStdev,TimeTotal
760.0,2600.0,1456.6666666666667,552.9215335128686,17480.0
