TraitMin,TraitMax,TraitAvg,TraitStdev,TraitTotal
330.0,1150.0,820.0,246.08038433722334,685.3846153846154
