SentiMin,SentiMax,SentiAvg,SentiStdev,Senti0-0.20,Senti0.21-0.40,Senti0.41-0.60,Senti0.61-0.80,Senti0.81-1.00,SentiTotal
0.004015980766583559,0.5982847095582557,0.26075744427232955,0.18396386061760417,4.0,5.0,2.0,0.0,0.0,1.6218842631705837E-8