SentiMin,SentiMax,SentiAvg,SentiStdev,Senti0-0.20,Senti0.21-0.40,Senti0.41-0.60,Senti0.61-0.80,Senti0.81-1.00,SentiTotal
2.813300805198751E-5,0.5609382113916234,0.23305945137602818,0.20135229539703633,8.0,2.0,5.0,0.0,0.0,4.748747203504017E-18