SentiMin,SentiMax,SentiAvg,SentiStdev,Senti0-0.20,Senti0.21-0.40,Senti0.41-0.60,Senti0.61-0.80,Senti0.81-1.00,SentiTotal
2.6237660629410095E-4,0.369885403983772,0.18507389029503304,0.18481151368873894,1.0,1.0,0.0,0.0,0.0,1.5533910643413166E-4