TraitMin,TraitMax,TraitAvg,TraitStdev,TraitTotal
163.07692307692307,2040.0,622.1245421245421,453.07162929643897,410.3225806451613
