TimeMin,TimeMax,TimeAvg,TimeStdev,TimeTotal
920.0,3440.0,1554.2857142857142,847.8351784373649,10880.0
