TimeMin,TimeMax,TimeAvg,TimeStdev,TimeTotal
720.0,5160.0,1764.4444444444443,1306.7271338994747,15880.0
