SentiMin,SentiMax,SentiAvg,SentiStdev,Senti0-0.20,Senti0.21-0.40,Senti0.41-0.60,Senti0.61-0.80,Senti0.81-1.00,SentiTotal
7.668129797226262E-5,0.37142605093897746,0.06460511402810488,0.1372967539589618,5.0,1.0,0.0,0.0,0.0,1.6497529281277683E-17