SentiMin,SentiMax,SentiAvg,SentiStdev,Senti0-0.20,Senti0.21-0.40,Senti0.41-0.60,Senti0.61-0.80,Senti0.81-1.00,SentiTotal
0.0063732844472098715,0.5295371367018571,0.2344202896093921,0.1936444483424348,4.0,3.0,2.0,0.0,0.0,4.093974944115918E-8