TimeMin,TimeMax,TimeAvg,TimeStdev,TimeTotal
600.0,4240.0,1563.6363636363637,1098.025274814852,17200.0
