TraitMin,TraitMax,TraitAvg,TraitStdev,TraitTotal
177.77777777777777,2240.0,489.3220390720391,493.41721975392585,333.6470588235294
