SentiMin,SentiMax,SentiAvg,SentiStdev,Senti0-0.20,Senti0.21-0.40,Senti0.41-0.60,Senti0.61-0.80,Senti0.81-1.00,SentiTotal
0.03960809798836776,0.05406469042000669,0.046836394204187226,0.007228296215819465,2.0,0.0,0.0,0.0,0.0,0.0023714729950982893