TraitMin,TraitMax,TraitAvg,TraitStdev,TraitTotal
250.0,428.8888888888889,339.44444444444446,89.44444444444446,373.84615384615387
