SentiMin,SentiMax,SentiAvg,SentiStdev,Senti0-0.20,Senti0.21-0.40,Senti0.41-0.60,Senti0.61-0.80,Senti0.81-1.00,SentiTotal
4.568001923061356E-4,0.49789225920557484,0.17161419521880836,0.1401923959287947,6.0,2.0,1.0,0.0,0.0,2.1191484203126103E-10