SentiMin,SentiMax,SentiAvg,SentiStdev,Senti0-0.20,Senti0.21-0.40,Senti0.41-0.60,Senti0.61-0.80,Senti0.81-1.00,SentiTotal
4.947354235712367E-5,0.49789225920557484,0.1839171263066113,0.20580467540178066,6.0,2.0,2.0,0.0,0.0,2.040824487960537E-17