TimeMin,TimeMax,TimeAvg,TimeStdev,TimeTotal
1760.0,4320.0,3333.3333333333335,1124.4356609230942,10000.0
