TraitMin,TraitMax,TraitAvg,TraitStdev,TraitTotal
400.0,960.0,713.3333333333334,167.4647558277396,691.7647058823529
