SentiMin,SentiMax,SentiAvg,SentiStdev,Senti0-0.20,Senti0.21-0.40,Senti0.41-0.60,Senti0.61-0.80,Senti0.81-1.00,SentiTotal
0.393125859423823,0.4042041767695276,0.3986650180966753,0.00553915867285229,0.0,1.0,1.0,0.0,0.0,0.3070944192876373