TraitMin,TraitMax,TraitAvg,TraitStdev,TraitTotal
308.57142857142856,480.0,394.2857142857143,85.71428571428572,346.6666666666667
