TimeMin,TimeMax,TimeAvg,TimeStdev,TimeTotal
560.0,3040.0,1525.7142857142858,1002.7228237277187,10680.0
