TimeMin,TimeMax,TimeAvg,TimeStdev,TimeTotal
520.0,6800.0,2351.4285714285716,1812.097668224225,32920.0
