TraitMin,TraitMax,TraitAvg,TraitStdev,TraitTotal
304.0,880.0,559.6666666666666,191.95688173244648,454.7368421052632
