SentiMin,SentiMax,SentiAvg,SentiStdev,Senti0-0.20,Senti0.21-0.40,Senti0.41-0.60,Senti0.61-0.80,Senti0.81-1.00,SentiTotal
1.304743769101055E-7,0.4898631585877994,0.0886578570648288,0.1588782231639128,11.0,2.0,1.0,0.0,0.0,6.39240823307587E-36