TraitMin,TraitMax,TraitAvg,TraitStdev,TraitTotal
280.0,720.0,408.66666666666663,123.47919302907317,386.3414634146341
