TraitMin,TraitMax,TraitAvg,TraitStdev,TraitTotal
275.0,1040.0,628.6363636363636,246.24535906185957,478.51851851851853
