TraitMin,TraitMax,TraitAvg,TraitStdev,TraitTotal
213.33333333333334,800.0,485.83333333333337,184.7351708076546,390.0
