TimeMin,TimeMax,TimeAvg,TimeStdev,TimeTotal
760.0,2200.0,1174.5454545454545,383.0111234170061,12920.0
