SentiMin,SentiMax,SentiAvg,SentiStdev,Senti0-0.20,Senti0.21-0.40,Senti0.41-0.60,Senti0.61-0.80,Senti0.81-1.00,SentiTotal
0.0013826076901372413,0.165525553996856,0.05643790467571489,0.07713774704923845,3.0,0.0,0.0,0.0,0.0,6.734966356280463E-7