SentiMin,SentiMax,SentiAvg,SentiStdev,Senti0-0.20,Senti0.21-0.40,Senti0.41-0.60,Senti0.61-0.80,Senti0.81-1.00,SentiTotal
0.019669489492277793,0.6323720940364075,0.36022065468469394,0.16836383984910935,3.0,3.0,4.0,1.0,0.0,1.7710699283750674E-4