TraitMin,TraitMax,TraitAvg,TraitStdev,TraitTotal
248.88888888888889,760.0,439.22222222222223,184.57854180602385,323.6363636363636
