SentiMin,SentiMax,SentiAvg,SentiStdev,Senti0-0.20,Senti0.21-0.40,Senti0.41-0.60,Senti0.61-0.80,Senti0.81-1.00,SentiTotal
0.18482973751684934,0.43052517372504884,0.29767523847958827,0.0941303001877517,1.0,6.0,1.0,0.0,0.0,7.891471855765178E-4