SentiMin,SentiMax,SentiAvg,SentiStdev,Senti0-0.20,Senti0.21-0.40,Senti0.41-0.60,Senti0.61-0.80,Senti0.81-1.00,SentiTotal
0.00310516182411985,0.39751759361842637,0.2849323148951682,0.12511994683036043,1.0,7.0,0.0,0.0,0.0,1.729422801245245E-5