SentiMin,SentiMax,SentiAvg,SentiStdev,Senti0-0.20,Senti0.21-0.40,Senti0.41-0.60,Senti0.61-0.80,Senti0.81-1.00,SentiTotal
0.0753872311417417,0.43796879524747484,0.2723600587213371,0.1375805783926257,2.0,4.0,2.0,0.0,0.0,1.4440520842381183E-4