TraitMin,TraitMax,TraitAvg,TraitStdev,TraitTotal
440.0,960.0,689.3333333333334,161.6910634512619,656.0
