TraitMin,TraitMax,TraitAvg,TraitStdev,TraitTotal
200.0,920.0,595.0,211.53976948572594,478.51851851851853
