TraitMin,TraitMax,TraitAvg,TraitStdev,TraitTotal
226.66666666666666,920.0,530.0,217.02534414210706,406.0
