SentiMin,SentiMax,SentiAvg,SentiStdev,Senti0-0.20,Senti0.21-0.40,Senti0.41-0.60,Senti0.61-0.80,Senti0.81-1.00,SentiTotal
0.0030253171740777275,0.39697510199130176,0.2126270427428476,0.18304060362471045,3.0,4.0,0.0,0.0,0.0,1.848282459540992E-8