TraitMin,TraitMax,TraitAvg,TraitStdev,TraitTotal
188.57142857142858,520.0,313.30158730158735,95.34664864125777,304.81481481481484
