SentiMin,SentiMax,SentiAvg,SentiStdev,Senti0-0.20,Senti0.21-0.40,Senti0.41-0.60,Senti0.61-0.80,Senti0.81-1.00,SentiTotal
0.027998610085155032,0.9053729876693012,0.2771795114897016,0.23127852554609057,8.0,2.0,3.0,0.0,1.0,4.0975277650381523E-8