TimeMin,TimeMax,TimeAvg,TimeStdev,TimeTotal
920.0,2040.0,1253.3333333333333,338.8870673903689,11280.0
