SentiMin,SentiMax,SentiAvg,SentiStdev,Senti0-0.20,Senti0.21-0.40,Senti0.41-0.60,Senti0.61-0.80,Senti0.81-1.00,SentiTotal
0.025023824160721367,0.6323720940364075,0.3462465904179862,0.1715846414303949,3.0,9.0,3.0,2.0,0.0,1.2076381312758151E-6