SentiMin,SentiMax,SentiAvg,SentiStdev,Senti0-0.20,Senti0.21-0.40,Senti0.41-0.60,Senti0.61-0.80,Senti0.81-1.00,SentiTotal
1.589721434372828E-4,0.552604093023779,0.3211467238823536,0.19801359429886867,2.0,1.0,3.0,0.0,0.0,1.1769364246335175E-5