TimeMin,TimeMax,TimeAvg,TimeStdev,TimeTotal
1000.0,2120.0,1236.3636363636363,341.7408036209667,13600.0
