SentiMin,SentiMax,SentiAvg,SentiStdev,Senti0-0.20,Senti0.21-0.40,Senti0.41-0.60,Senti0.61-0.80,Senti0.81-1.00,SentiTotal
0.24157783720983686,0.6155765545157244,0.4075091332817948,0.10898708643380156,0.0,5.0,0.0,1.0,0.0,0.09084024416483291