SentiMin,SentiMax,SentiAvg,SentiStdev,Senti0-0.20,Senti0.21-0.40,Senti0.41-0.60,Senti0.61-0.80,Senti0.81-1.00,SentiTotal
0.010644260104060598,0.49789225920557484,0.2305387359860341,0.14711518182105993,4.0,5.0,2.0,0.0,0.0,2.767794720560274E-8