TimeMin,TimeMax,TimeAvg,TimeStdev,TimeTotal
1000.0,2440.0,1485.7142857142858,388.06689934513474,20800.0
