TraitMin,TraitMax,TraitAvg,TraitStdev,TraitTotal
290.0,1360.0,743.8412698412699,343.20927537282563,485.5813953488372
