SentiMin,SentiMax,SentiAvg,SentiStdev,Senti0-0.20,Senti0.21-0.40,Senti0.41-0.60,Senti0.61-0.80,Senti0.81-1.00,SentiTotal
0.015356214625376449,0.47589482758792406,0.29607538140153405,0.2010961937625651,1.0,1.0,1.0,0.0,0.0,0.009391837724973056