TraitMin,TraitMax,TraitAvg,TraitStdev,TraitTotal
253.33333333333334,1020.0,690.3703703703704,303.36566553141705,512.7272727272727
