TraitMin,TraitMax,TraitAvg,TraitStdev,TraitTotal
246.66666666666666,1000.0,433.2619047619047,189.26433092754496,364.9122807017544
