TraitMin,TraitMax,TraitAvg,TraitStdev,TraitTotal
360.0,1000.0,817.7777777777777,263.27472390435355,672.0
