TraitMin,TraitMax,TraitAvg,TraitStdev,TraitTotal
268.57142857142856,1040.0,620.6349206349206,332.4603837715493,417.39130434782606
