TraitMin,TraitMax,TraitAvg,TraitStdev,TraitTotal
250.0,1000.0,646.5294117647057,293.8680300229826,487.775
