TraitMin,TraitMax,TraitAvg,TraitStdev,TraitTotal
229.47368421052633,657.1428571428571,424.8668077819181,147.0761233236551,389.82456140350877
