TraitMin,TraitMax,TraitAvg,TraitStdev,TraitTotal
217.14285714285714,1320.0,542.9659863945578,350.2663059383002,393.77777777777777
