SentiMin,SentiMax,SentiAvg,SentiStdev,Senti0-0.20,Senti0.21-0.40,Senti0.41-0.60,Senti0.61-0.80,Senti0.81-1.00,SentiTotal
0.0011566344214566744,0.39697510199130176,0.15748937171536784,0.13035911673237174,4.0,2.0,0.0,0.0,0.0,1.8627857363945755E-7