SentiMin,SentiMax,SentiAvg,SentiStdev,Senti0-0.20,Senti0.21-0.40,Senti0.41-0.60,Senti0.61-0.80,Senti0.81-1.00,SentiTotal
2.4259040775485866E-8,0.43939331059263514,0.10483119975513724,0.17047087561602503,4.0,0.0,1.0,0.0,0.0,1.656483818301636E-21