TraitMin,TraitMax,TraitAvg,TraitStdev,TraitTotal
163.63636363636363,1000.0,403.12510406260407,251.47220328044173,288.3333333333333
