TraitMin,TraitMax,TraitAvg,TraitStdev,TraitTotal
235.55555555555554,1000.0,569.4444444444445,311.2669913718695,401.14285714285717
