SentiMin,SentiMax,SentiAvg,SentiStdev,Senti0-0.20,Senti0.21-0.40,Senti0.41-0.60,Senti0.61-0.80,Senti0.81-1.00,SentiTotal
3.010026529711749E-4,0.5136446707795853,0.15125715407035958,0.18131314553706931,4.0,1.0,1.0,0.0,0.0,2.2110455955250017E-9