SentiMin,SentiMax,SentiAvg,SentiStdev,Senti0-0.20,Senti0.21-0.40,Senti0.41-0.60,Senti0.61-0.80,Senti0.81-1.00,SentiTotal
0.0018393390265890712,0.46364466503952073,0.1488707271388536,0.17297323151683477,5.0,1.0,1.0,0.0,0.0,4.888875854625874E-11