TraitMin,TraitMax,TraitAvg,TraitStdev,TraitTotal
260.0,660.0,436.0952380952381,136.20729166918662,392.72727272727275
