TimeMin,TimeMax,TimeAvg,TimeStdev,TimeTotal
680.0,9400.0,2531.4285714285716,2871.6318336017766,17720.0
