TraitMin,TraitMax,TraitAvg,TraitStdev,TraitTotal
220.0,626.6666666666666,376.04166666666663,123.05130338151191,323.44827586206895
