SentiMin,SentiMax,SentiAvg,SentiStdev,Senti0-0.20,Senti0.21-0.40,Senti0.41-0.60,Senti0.61-0.80,Senti0.81-1.00,SentiTotal
0.0455298435028339,0.47974531782298224,0.280981613836487,0.14450300354058537,5.0,6.0,4.0,0.0,0.0,2.6945464035376334E-8