TraitMin,TraitMax,TraitAvg,TraitStdev,TraitTotal
266.6666666666667,660.0,425.02222222222224,131.3986000639483,400.95238095238096
