SentiMin,SentiMax,SentiAvg,SentiStdev,Senti0-0.20,Senti0.21-0.40,Senti0.41-0.60,Senti0.61-0.80,Senti0.81-1.00,SentiTotal
0.002031582651638746,0.48728019602140255,0.24465588933652063,0.24262430668488189,1.0,0.0,1.0,0.0,0.0,0.0019472933738697948