TraitMin,TraitMax,TraitAvg,TraitStdev,TraitTotal
213.33333333333334,740.0,457.58974358974353,169.46966820589046,361.77777777777777
