SentiMin,SentiMax,SentiAvg,SentiStdev,Senti0-0.20,Senti0.21-0.40,Senti0.41-0.60,Senti0.61-0.80,Senti0.81-1.00,SentiTotal
0.007739185034617752,0.7252786344335689,0.2635239780383441,0.22800280588704733,7.0,3.0,3.0,1.0,0.0,7.824188003294401E-11