SentiMin,SentiMax,SentiAvg,SentiStdev,Senti0-0.20,Senti0.21-0.40,Senti0.41-0.60,Senti0.61-0.80,Senti0.81-1.00,SentiTotal
1.9207846768443722E-4,0.49789225920557484,0.19131301870039324,0.1607611132778359,5.0,2.0,1.0,0.0,0.0,3.064203243672949E-9