TraitMin,TraitMax,TraitAvg,TraitStdev,TraitTotal
253.33333333333334,720.0,371.8027210884353,134.51037541390113,328.3018867924528
