TraitMin,TraitMax,TraitAvg,TraitStdev,TraitTotal
240.0,640.0,400.5833333333333,126.69799502929966,378.90909090909093
