TimeMin,TimeMax,TimeAvg,TimeStdev,TimeTotal
560.0,6360.0,2231.1111111111113,1708.517514913275,20080.0
