TraitMin,TraitMax,TraitAvg,TraitStdev,TraitTotal
152.0,500.0,341.6969696969697,100.50432972687082,314.0
