TimeMin,TimeMax,TimeAvg,TimeStdev,TimeTotal
520.0,1960.0,1252.3076923076924,541.9928163894347,16280.0
