SentiMin,SentiMax,SentiAvg,SentiStdev,Senti0-0.20,Senti0.21-0.40,Senti0.41-0.60,Senti0.61-0.80,Senti0.81-1.00,SentiTotal
0.0011864311808854231,0.39697510199130176,0.11332771066503255,0.15954491695804066,7.0,2.0,0.0,0.0,0.0,2.3231576140280962E-15