TimeMin,TimeMax,TimeAvg,TimeStdev,TimeTotal
480.0,7320.0,2688.8888888888887,2186.9737815043995,24200.0
