SentiMin,SentiMax,SentiAvg,SentiStdev,Senti0-0.20,Senti0.21-0.40,Senti0.41-0.60,Senti0.61-0.80,Senti0.81-1.00,SentiTotal
2.6864342485411196E-4,0.49789225920557484,0.1644927739377739,0.18300347272964435,5.0,3.0,1.0,0.0,0.0,7.416124970553642E-14