TraitMin,TraitMax,TraitAvg,TraitStdev,TraitTotal
253.33333333333334,613.3333333333334,456.6666666666667,117.7096238867305,457.14285714285717
