SentiMin,SentiMax,SentiAvg,SentiStdev,Senti0-0.20,Senti0.21-0.40,Senti0.41-0.60,Senti0.61-0.80,Senti0.81-1.00,SentiTotal
1.1146303242652361E-5,0.41700163598992057,0.16410168823680235,0.1561511689134916,5.0,2.0,1.0,0.0,0.0,4.8846970651167693E-14