TimeMin,TimeMax,TimeAvg,TimeStdev,TimeTotal
1440.0,3880.0,2306.6666666666665,1114.430597011566,6920.0
