SentiMin,SentiMax,SentiAvg,SentiStdev,Senti0-0.20,Senti0.21-0.40,Senti0.41-0.60,Senti0.61-0.80,Senti0.81-1.00,SentiTotal
0.010532147427244882,0.5628056929000496,0.3666113986267494,0.17694505564310764,3.0,3.0,7.0,0.0,0.0,7.590698719368221E-6