TimeMin,TimeMax,TimeAvg,TimeStdev,TimeTotal
360.0,2160.0,1122.6666666666667,521.6316282162687,16840.0
