SentiMin,SentiMax,SentiAvg,SentiStdev,Senti0-0.20,Senti0.21-0.40,Senti0.41-0.60,Senti0.61-0.80,Senti0.81-1.00,SentiTotal
4.5551355821004915E-4,0.6624055896622104,0.252935556534722,0.2209037097549947,5.0,3.0,2.0,1.0,0.0,1.5459254855901903E-11