TraitMin,TraitMax,TraitAvg,TraitStdev,TraitTotal
266.6666666666667,554.2857142857143,369.6507936507937,130.84677608097027,384.44444444444446
