TimeMin,TimeMax,TimeAvg,TimeStdev,TimeTotal
640.0,2440.0,1242.857142857143,526.86984800299,17400.0
