TraitMin,TraitMax,TraitAvg,TraitStdev,TraitTotal
240.0,560.0,329.7962962962963,93.97313044451502,323.8709677419355
