TimeMin,TimeMax,TimeAvg,TimeStdev,TimeTotal
408.0,7776.0,2951.3636363636365,2522.8416255818743,32465.0
