SentiMin,SentiMax,SentiAvg,SentiStdev,Senti0-0.20,Senti0.21-0.40,Senti0.41-0.60,Senti0.61-0.80,Senti0.81-1.00,SentiTotal
0.004921870072351323,0.39697510199130176,0.14435572140360806,0.15539030204595142,3.0,2.0,0.0,0.0,0.0,4.0721632605155273E-7