TraitMin,TraitMax,TraitAvg,TraitStdev,TraitTotal
230.66666666666666,230.66666666666666,230.66666666666666,0.0,230.66666666666666
