SentiMin,SentiMax,SentiAvg,SentiStdev,Senti0-0.20,Senti0.21-0.40,Senti0.41-0.60,Senti0.61-0.80,Senti0.81-1.00,SentiTotal
0.008588556376478148,0.560923542841832,0.327912247060532,0.1830101650129209,5.0,4.0,8.0,0.0,0.0,3.143462412200243E-8