SentiMin,SentiMax,SentiAvg,SentiStdev,Senti0-0.20,Senti0.21-0.40,Senti0.41-0.60,Senti0.61-0.80,Senti0.81-1.00,SentiTotal
0.06257336084375094,0.49789225920557484,0.21712918267709816,0.16959203926774133,4.0,1.0,1.0,0.0,0.0,8.092831441615801E-5