SentiMin,SentiMax,SentiAvg,SentiStdev,Senti0-0.20,Senti0.21-0.40,Senti0.41-0.60,Senti0.61-0.80,Senti0.81-1.00,SentiTotal
0.004116136845604367,0.49789225920557484,0.2192738108436978,0.1914599321353585,5.0,4.0,2.0,0.0,0.0,2.2507618425722813E-11