SentiMin,SentiMax,SentiAvg,SentiStdev,Senti0-0.20,Senti0.21-0.40,Senti0.41-0.60,Senti0.61-0.80,Senti0.81-1.00,SentiTotal
0.004176641836669318,0.49789225920557484,0.3073475678262616,0.18191689771610214,4.0,4.0,5.0,0.0,0.0,1.3316231779358194E-7