TraitMin,TraitMax,TraitAvg,TraitStdev,TraitTotal
123.4,627.4,288.4331632653062,164.26065433552333,234.93150684931507
