SentiMin,SentiMax,SentiAvg,SentiStdev,Senti0-0.20,Senti0.21-0.40,Senti0.41-0.60,Senti0.61-0.80,Senti0.81-1.00,SentiTotal
0.031474368124527696,0.8516355150809686,0.4100047325591231,0.19962497506928703,2.0,4.0,7.0,0.0,1.0,8.241208199045659E-4