TraitMin,TraitMax,TraitAvg,TraitStdev,TraitTotal
139.2,527.0,288.6131759880986,104.49788110016296,245.9904761904762
