TimeMin,TimeMax,TimeAvg,TimeStdev,TimeTotal
352.0,5072.0,1519.3529411764705,1281.8551327333673,25829.0
