TraitMin,TraitMax,TraitAvg,TraitStdev,TraitTotal
172.125,488.0,311.9867063492064,124.23217467659333,284.8125
