SentiMin,SentiMax,SentiAvg,SentiStdev,Senti0-0.20,Senti0.21-0.40,Senti0.41-0.60,Senti0.61-0.80,Senti0.81-1.00,SentiTotal
0.006136711333721175,0.49789225920557484,0.22414356216535922,0.16352998548077186,6.0,5.0,2.0,0.0,0.0,1.3197257262659318E-11