TimeMin,TimeMax,TimeAvg,TimeStdev,TimeTotal
286.0,8000.0,1591.076923076923,2071.124758027292,20684.0
