TraitMin,TraitMax,TraitAvg,TraitStdev,TraitTotal
118.0,527.8571428571429,258.00683531746034,113.17009963149725,248.03174603174602
