TraitMin,TraitMax,TraitAvg,TraitStdev,TraitTotal
71.5,648.0,349.85805860805857,158.64052922878142,318.2153846153846
