TraitMin,TraitMax,TraitAvg,TraitStdev,TraitTotal
108.75,382.84615384615387,232.2166308077887,82.28092999691283,222.79310344827587
