SentiMin,SentiMax,SentiAvg,SentiStdev,Senti0-0.20,Senti0.21-0.40,Senti0.41-0.60,Senti0.61-0.80,Senti0.81-1.00,SentiTotal
5.106289316519002E-4,0.49789225920557484,0.22730012553193538,0.16515987113154312,6.0,7.0,2.0,0.0,0.0,1.1109702575946924E-13