TraitMin,TraitMax,TraitAvg,TraitStdev,TraitTotal
118.63636363636364,568.0,257.42292207792207,123.85636741485304,237.78947368421052
