TraitMin,TraitMax,TraitAvg,TraitStdev,TraitTotal
150.11764705882354,425.8,280.3835294117647,111.70168318471114,218.03125
