TraitMin,TraitMax,TraitAvg,TraitStdev,TraitTotal
200.08333333333334,693.125,367.37391774891773,144.59860769582554,352.8804347826087
