TimeMin,TimeMax,TimeAvg,TimeStdev,TimeTotal
324.0,4616.0,1296.2857142857142,1144.327839424364,18148.0
