TraitMin,TraitMax,TraitAvg,TraitStdev,TraitTotal
187.0,1200.0,462.6765873015873,264.1866685814531,386.22727272727275
