SentiMin,SentiMax,SentiAvg,SentiStdev,Senti0-0.20,Senti0.21-0.40,Senti0.41-0.60,Senti0.61-0.80,Senti0.81-1.00,SentiTotal
0.0011830911316780843,0.43796879524747484,0.13371808492397583,0.15230825211909874,9.0,1.0,2.0,0.0,0.0,6.348610527627818E-16