SentiMin,SentiMax,SentiAvg,SentiStdev,Senti0-0.20,Senti0.21-0.40,Senti0.41-0.60,Senti0.61-0.80,Senti0.81-1.00,SentiTotal
7.666955144492832E-4,0.39697510199130176,0.13615529023900855,0.11666880858917617,7.0,1.0,0.0,0.0,0.0,4.0263216698822627E-10