TraitMin,TraitMax,TraitAvg,TraitStdev,TraitTotal
117.66666666666667,601.0,312.01827651515146,156.77637127284095,337.5208333333333
