TraitMin,TraitMax,TraitAvg,TraitStdev,TraitTotal
189.33333333333334,966.25,428.23333333333335,212.31421086635362,408.63157894736844
