TraitMin,TraitMax,TraitAvg,TraitStdev,TraitTotal
200.44444444444446,640.0,370.8357638888889,147.42459166142666,335.9347826086956
