TraitMin,TraitMax,TraitAvg,TraitStdev,TraitTotal
162.75,578.5,327.35936883629194,129.38977581015374,337.43055555555554
