SentiMin,SentiMax,SentiAvg,SentiStdev,Senti0-0.20,Senti0.21-0.40,Senti0.41-0.60,Senti0.61-0.80,Senti0.81-1.00,SentiTotal
0.0011757582041721849,0.9983864964569151,0.19078072623870757,0.28582663836561667,9.0,2.0,1.0,0.0,1.0,9.24646230402472E-13