SentiMin,SentiMax,SentiAvg,SentiStdev,Senti0-0.20,Senti0.21-0.40,Senti0.41-0.60,Senti0.61-0.80,Senti0.81-1.00,SentiTotal
0.1516709732610806,0.5901677751668224,0.3741593721516604,0.1419090222296708,1.0,3.0,5.0,0.0,0.0,0.006064356447623712