TimeMin,TimeMax,TimeAvg,TimeStdev,TimeTotal
464.0,5883.0,1868.8461538461538,1415.0048570807558,24295.0
