TraitMin,TraitMax,TraitAvg,TraitStdev,TraitTotal
112.5,800.1666666666666,384.78939393939385,207.3761314924261,428.64444444444445
