SentiMin,SentiMax,SentiAvg,SentiStdev,Senti0-0.20,Senti0.21-0.40,Senti0.41-0.60,Senti0.61-0.80,Senti0.81-1.00,SentiTotal
0.004902363472724635,0.5372928162327417,0.3040327076222194,0.1890478926352893,5.0,4.0,5.0,0.0,0.0,1.1237055535140758E-8