TraitMin,TraitMax,TraitAvg,TraitStdev,TraitTotal
248.0,713.0,446.9033333333333,153.09106255210764,378.9
