TimeMin,TimeMax,TimeAvg,TimeStdev,TimeTotal
416.0,3865.0,1725.3333333333333,1204.4163178347706,15528.0
