TimeMin,TimeMax,TimeAvg,TimeStdev,TimeTotal
455.0,5880.0,2412.9166666666665,1742.1482169213452,28955.0
