TraitMin,TraitMax,TraitAvg,TraitStdev,TraitTotal
104.25,880.0,425.8178571428571,237.18734110472423,370.3673469387755
