SentiMin,SentiMax,SentiAvg,SentiStdev,Senti0-0.20,Senti0.21-0.40,Senti0.41-0.60,Senti0.61-0.80,Senti0.81-1.00,SentiTotal
3.298606127012051E-5,0.3687739445638365,0.11847981342723866,0.1218991746664899,8.0,4.0,0.0,0.0,0.0,3.3790554016098512E-21