SentiMin,SentiMax,SentiAvg,SentiStdev,Senti0-0.20,Senti0.21-0.40,Senti0.41-0.60,Senti0.61-0.80,Senti0.81-1.00,SentiTotal
0.004926947443194791,0.5318834537628724,0.2509081552412278,0.18080648435270513,7.0,2.0,5.0,0.0,0.0,1.2012686090511937E-11