TraitMin,TraitMax,TraitAvg,TraitStdev,TraitTotal
179.75,613.8333333333334,348.8225351037851,121.071480451158,342.987012987013
