TimeMin,TimeMax,TimeAvg,TimeStdev,TimeTotal
355.0,4536.0,1402.142857142857,1003.9079252844754,19630.0
