TraitMin,TraitMax,TraitAvg,TraitStdev,TraitTotal
166.6,848.5,386.99999999999994,206.31975004652185,331.48571428571427
