TimeMin,TimeMax,TimeAvg,TimeStdev,TimeTotal
225.0,4801.0,1753.5454545454545,1397.1251238061134,19289.0
