SentiMin,SentiMax,SentiAvg,SentiStdev,Senti0-0.20,Senti0.21-0.40,Senti0.41-0.60,Senti0.61-0.80,Senti0.81-1.00,SentiTotal
4.00548801398674E-4,0.6220099104351313,0.35549798377885355,0.1841821333501699,2.0,3.0,3.0,1.0,0.0,1.127709034150169E-5