TraitMin,TraitMax,TraitAvg,TraitStdev,TraitTotal
160.0,490.0,295.422969187675,93.90178928101837,328.49557522123894
