TraitMin,TraitMax,TraitAvg,TraitStdev,TraitTotal
228.88888888888889,702.8571428571429,431.6434839844451,135.49208746481045,418.2352941176471
