SentiMin,SentiMax,SentiAvg,SentiStdev,Senti0-0.20,Senti0.21-0.40,Senti0.41-0.60,Senti0.61-0.80,Senti0.81-1.00,SentiTotal
2.716298764259004E-4,0.49789225920557484,0.14628202197923376,0.16104439392029202,10.0,4.0,1.0,0.0,0.0,1.1121261050087116E-20