SentiMin,SentiMax,SentiAvg,SentiStdev,Senti0-0.20,Senti0.21-0.40,Senti0.41-0.60,Senti0.61-0.80,Senti0.81-1.00,SentiTotal
1.1534508158629836E-5,0.7951897272729119,0.17523474117873333,0.25029636194825394,6.0,3.0,0.0,1.0,0.0,2.3810336148865383E-23