TraitMin,TraitMax,TraitAvg,TraitStdev,TraitTotal
266.6666666666667,720.0,420.3746253746254,117.11443700997322,380.58252427184465
