SentiMin,SentiMax,SentiAvg,SentiStdev,Senti0-0.20,Senti0.21-0.40,Senti0.41-0.60,Senti0.61-0.80,Senti0.81-1.00,SentiTotal
8.985249823420592E-4,0.9083252681429272,0.3378289341136464,0.25074936300584955,4.0,4.0,3.0,0.0,1.0,8.546154235731731E-8