TimeMin,TimeMax,TimeAvg,TimeStdev,TimeTotal
400.0,8200.0,3015.3846153846152,2287.116476078105,39200.0
