TraitMin,TraitMax,TraitAvg,TraitStdev,TraitTotal
216.0,386.6666666666667,282.93333333333334,57.57561212102839,281.0
