TraitMin,TraitMax,TraitAvg,TraitStdev,TraitTotal
180.0,560.0,341.5741771456057,106.34568974951092,312.0
