SentiMin,SentiMax,SentiAvg,SentiStdev,Senti0-0.20,Senti0.21-0.40,Senti0.41-0.60,Senti0.61-0.80,Senti0.81-1.00,SentiTotal
7.926406009092856E-4,0.9980592201564064,0.34418220903500146,0.3243728292918592,4.0,1.0,1.0,1.0,1.0,2.6640621639033107E-4