TraitMin,TraitMax,TraitAvg,TraitStdev,TraitTotal
160.0,480.0,295.739417989418,99.6909024603335,258.4
