SentiMin,SentiMax,SentiAvg,SentiStdev,Senti0-0.20,Senti0.21-0.40,Senti0.41-0.60,Senti0.61-0.80,Senti0.81-1.00,SentiTotal
0.001566609469459902,0.9666393539356399,0.3708549814466486,0.32262014857554644,8.0,6.0,3.0,0.0,4.0,2.1995529089182842E-11