TimeMin,TimeMax,TimeAvg,TimeStdev,TimeTotal
640.0,1320.0,1026.6666666666667,285.345794120436,3080.0
