TimeMin,TimeMax,TimeAvg,TimeStdev,TimeTotal
440.0,6000.0,1708.5714285714287,1494.887432342031,35880.0
