TraitMin,TraitMax,TraitAvg,TraitStdev,TraitTotal
220.0,373.3333333333333,304.4444444444444,63.55710953811151,280.0
