SentiMin,SentiMax,SentiAvg,SentiStdev,Senti0-0.20,Senti0.21-0.40,Senti0.41-0.60,Senti0.61-0.80,Senti0.81-1.00,SentiTotal
9.52660973883395E-8,0.39697510199130176,0.07294089537751121,0.11061480081164811,11.0,1.0,0.0,0.0,0.0,4.134344618164097E-27