SentiMin,SentiMax,SentiAvg,SentiStdev,Senti0-0.20,Senti0.21-0.40,Senti0.41-0.60,Senti0.61-0.80,Senti0.81-1.00,SentiTotal
0.001555095986737708,0.410684859988412,0.20611997798757484,0.20456488200083714,1.0,0.0,1.0,0.0,0.0,0.001093403886844818