SentiMin,SentiMax,SentiAvg,SentiStdev,Senti0-0.20,Senti0.21-0.40,Senti0.41-0.60,Senti0.61-0.80,Senti0.81-1.00,SentiTotal
7.994696255966478E-5,0.9611958417475951,0.3086421091918257,0.28772846973182886,10.0,3.0,6.0,0.0,2.0,1.9027097547652196E-18