TraitMin,TraitMax,TraitAvg,TraitStdev,TraitTotal
177.14285714285714,451.42857142857144,322.6623376623377,91.10783007492483,329.12280701754383
