TraitMin,TraitMax,TraitAvg,TraitStdev,TraitTotal
150.0,640.0,355.4757834757835,150.7117313191076,323.75
