SentiMin,SentiMax,SentiAvg,SentiStdev,Senti0-0.20,Senti0.21-0.40,Senti0.41-0.60,Senti0.61-0.80,Senti0.81-1.00,SentiTotal
4.772579268408969E-4,0.4608062727427798,0.20625255853678362,0.17705446217635148,7.0,3.0,3.0,0.0,0.0,3.339233462941392E-15