TraitMin,TraitMax,TraitAvg,TraitStdev,TraitTotal
166.66666666666666,520.0,317.85714285714283,100.09341819438092,283.2
