SentiMin,SentiMax,SentiAvg,SentiStdev,Senti0-0.20,Senti0.21-0.40,Senti0.41-0.60,Senti0.61-0.80,Senti0.81-1.00,SentiTotal
0.01033601698575399,0.44846293211155425,0.2615384204966823,0.1477955952655086,1.0,3.0,1.0,0.0,0.0,6.6314331066994E-4