TraitMin,TraitMax,TraitAvg,TraitStdev,TraitTotal
204.44444444444446,1000.0,686.5185185185185,268.9133342627458,477.89473684210526
