TimeMin,TimeMax,TimeAvg,TimeStdev,TimeTotal
1000.0,3040.0,1708.5714285714287,650.1742309660118,11960.0
