TraitMin,TraitMax,TraitAvg,TraitStdev,TraitTotal
280.0,1000.0,602.6666666666666,292.3620282382026,435.55555555555554
