TraitMin,TraitMax,TraitAvg,TraitStdev,TraitTotal
220.0,393.3333333333333,319.8430735930736,59.96573430413079,322.14285714285717
