SentiMin,SentiMax,SentiAvg,SentiStdev,Senti0-0.20,Senti0.21-0.40,Senti0.41-0.60,Senti0.61-0.80,Senti0.81-1.00,SentiTotal
0.009624219352007374,0.39697510199130176,0.23932123391068125,0.1324239390805744,2.0,4.0,0.0,0.0,0.0,3.22741171029108E-5