TraitMin,TraitMax,TraitAvg,TraitStdev,TraitTotal
404.44444444444446,1100.0,695.2069716775599,295.185364474665,561.4285714285714
