TraitMin,TraitMax,TraitAvg,TraitStdev,TraitTotal
344.0,1013.3333333333334,631.5238095238095,245.71624214798825,569.5238095238095
