TraitMin,TraitMax,TraitAvg,TraitStdev,TraitTotal
280.0,1000.0,650.0,268.51443164195103,528.8888888888889
