TraitMin,TraitMax,TraitAvg,TraitStdev,TraitTotal
313.3333333333333,1000.0,601.6666666666666,283.99432701689267,432.0
