TimeMin,TimeMax,TimeAvg,TimeStdev,TimeTotal
680.0,10480.0,3311.1111111111113,3011.4317172491765,29800.0
