SentiMin,SentiMax,SentiAvg,SentiStdev,Senti0-0.20,Senti0.21-0.40,Senti0.41-0.60,Senti0.61-0.80,Senti0.81-1.00,SentiTotal
7.885656592422576E-6,0.25659347681902434,0.13735059917223205,0.10552959913977712,2.0,1.0,0.0,0.0,0.0,5.095070431161521E-7