TraitMin,TraitMax,TraitAvg,TraitStdev,TraitTotal
194.28571428571428,480.0,328.57142857142856,101.37825713834386,282.6666666666667
