SentiMin,SentiMax,SentiAvg,SentiStdev,Senti0-0.20,Senti0.21-0.40,Senti0.41-0.60,Senti0.61-0.80,Senti0.81-1.00,SentiTotal
0.0026175617468397546,0.49789225920557484,0.18864844656639368,0.19673671897993675,2.0,1.0,1.0,0.0,0.0,2.7073674158277546E-5