SentiMin,SentiMax,SentiAvg,SentiStdev,Senti0-0.20,Senti0.21-0.40,Senti0.41-0.60,Senti0.61-0.80,Senti0.81-1.00,SentiTotal
5.408658482018038E-8,0.8912614164218642,0.24103658849260043,0.27211631525461366,5.0,3.0,0.0,0.0,1.0,9.955734241220763E-14