SentiMin,SentiMax,SentiAvg,SentiStdev,Senti0-0.20,Senti0.21-0.40,Senti0.41-0.60,Senti0.61-0.80,Senti0.81-1.00,SentiTotal
0.03159451607473426,0.43408864805281205,0.21158163829501753,0.11997147418049908,2.0,3.0,1.0,0.0,0.0,5.321820346918953E-6