SentiMin,SentiMax,SentiAvg,SentiStdev,Senti0-0.20,Senti0.21-0.40,Senti0.41-0.60,Senti0.61-0.80,Senti0.81-1.00,SentiTotal
0.1949506299942377,0.9611958417475951,0.5193804114631735,0.33599949067668283,1.0,3.0,0.0,1.0,2.0,0.8356365404783765