SentiMin,SentiMax,SentiAvg,SentiStdev,Senti0-0.20,Senti0.21-0.40,Senti0.41-0.60,Senti0.61-0.80,Senti0.81-1.00,SentiTotal
0.029318831252063603,0.9261906684823746,0.34116030034878736,0.2840465471391807,3.0,1.0,2.0,0.0,1.0,0.0021170678877167524