TimeMin,TimeMax,TimeAvg,TimeStdev,TimeTotal
960.0,5600.0,1777.142857142857,1582.88808634014,12440.0
