TimeMin,TimeMax,TimeAvg,TimeStdev,TimeTotal
1000.0,3640.0,1628.5714285714287,848.7205256220949,11400.0
