SentiMin,SentiMax,SentiAvg,SentiStdev,Senti0-0.20,Senti0.21-0.40,Senti0.41-0.60,Senti0.61-0.80,Senti0.81-1.00,SentiTotal
0.033463974202287174,0.96818178353872,0.41380358413783336,0.34532290052624665,1.0,2.0,0.0,0.0,1.0,0.19711722722465072