TraitMin,TraitMax,TraitAvg,TraitStdev,TraitTotal
217.14285714285714,1000.0,606.1904761904761,298.7612368497475,420.0
