TimeMin,TimeMax,TimeAvg,TimeStdev,TimeTotal
400.0,6360.0,1816.6666666666667,1465.92026461954,21800.0
