SentiMin,SentiMax,SentiAvg,SentiStdev,Senti0-0.20,Senti0.21-0.40,Senti0.41-0.60,Senti0.61-0.80,Senti0.81-1.00,SentiTotal
0.0018719303107115782,0.47548768577181355,0.2620912037710268,0.17022661451039667,1.0,2.0,1.0,0.0,0.0,2.760950009249518E-4