TraitMin,TraitMax,TraitAvg,TraitStdev,TraitTotal
256.0,1820.0,627.047619047619,503.51990955644237,495.6521739130435
