SentiMin,SentiMax,SentiAvg,SentiStdev,Senti0-0.20,Senti0.21-0.40,Senti0.41-0.60,Senti0.61-0.80,Senti0.81-1.00,SentiTotal
0.001141278035810065,0.9983864964569151,0.3356431490265363,0.4242635142280861,5.0,0.0,0.0,1.0,2.0,3.135703849884964E-8