TraitMin,TraitMax,TraitAvg,TraitStdev,TraitTotal
240.0,1000.0,554.405762304922,303.4487935900846,365.88235294117646
