TraitMin,TraitMax,TraitAvg,TraitStdev,TraitTotal
240.0,680.0,479.5802469135803,141.37472972618428,488.5245901639344
