TraitMin,TraitMax,TraitAvg,TraitStdev,TraitTotal
375.0,1000.0,751.0,304.9655718273786,533.3333333333334
