TraitMin,TraitMax,TraitAvg,TraitStdev,TraitTotal
325.0,1200.0,906.0185185185186,309.3635469537635,669.5652173913044
