TraitMin,TraitMax,TraitAvg,TraitStdev,TraitTotal
200.0,1000.0,493.33333333333337,271.1293254355034,364.0
