TraitMin,TraitMax,TraitAvg,TraitStdev,TraitTotal
300.0,1000.0,523.7905844155844,201.49424398933172,458.97435897435895
