TimeMin,TimeMax,TimeAvg,TimeStdev,TimeTotal
1000.0,6100.0,2566.6666666666665,1809.849594733097,15400.0
