TraitMin,TraitMax,TraitAvg,TraitStdev,TraitTotal
366.6666666666667,366.6666666666667,366.6666666666667,0.0,366.6666666666667
