TraitMin,TraitMax,TraitAvg,TraitStdev,TraitTotal
333.3333333333333,350.0,338.88888888888886,7.8567420131838706,339.1304347826087
