TraitMin,TraitMax,TraitAvg,TraitStdev,TraitTotal
230.0,1160.0,589.4444444444445,353.0523865580305,366.3157894736842
