TraitMin,TraitMax,TraitAvg,TraitStdev,TraitTotal
280.0,1060.0,596.3636363636364,232.08085731971002,499.25925925925924
