TraitMin,TraitMax,TraitAvg,TraitStdev,TraitTotal
240.0,280.0,259.75,14.49784466739798,254.73684210526315
