TimeMin,TimeMax,TimeAvg,TimeStdev,TimeTotal
440.0,3120.0,1552.9411764705883,823.9057963418359,26400.0
