TraitMin,TraitMax,TraitAvg,TraitStdev,TraitTotal
232.0,1240.0,601.476430976431,281.5248525591728,457.63440860215053
