SentiMin,SentiMax,SentiAvg,SentiStdev,Senti0-0.20,Senti0.21-0.40,Senti0.41-0.60,Senti0.61-0.80,Senti0.81-1.00,SentiTotal
0.06130501144119004,0.6274708568440207,0.31563006682580824,0.17473386659033277,1.0,4.0,0.0,1.0,0.0,0.0036043346445303825