TraitMin,TraitMax,TraitAvg,TraitStdev,TraitTotal
182.85714285714286,880.0,396.2652625152625,176.65064749208202,393.4065934065934
