SentiMin,SentiMax,SentiAvg,SentiStdev,Senti0-0.20,Senti0.21-0.40,Senti0.41-0.60,Senti0.61-0.80,Senti0.81-1.00,SentiTotal
2.697425971045675E-4,0.5136446707795853,0.303878547789256,0.1747414437784566,4.0,3.0,4.0,0.0,0.0,5.012561274872673E-9