TraitMin,TraitMax,TraitAvg,TraitStdev,TraitTotal
200.0,1120.0,506.3663003663004,272.8593555993968,413.6363636363636
