TimeMin,TimeMax,TimeAvg,TimeStdev,TimeTotal
720.0,3920.0,1708.5714285714287,1142.1712227336218,11960.0
