TraitMin,TraitMax,TraitAvg,TraitStdev,TraitTotal
280.0,540.0,404.44444444444446,116.5872745739971,342.22222222222223
