TraitMin,TraitMax,TraitAvg,TraitStdev,TraitTotal
189.0909090909091,1000.0,446.41711229946526,230.75678152430945,342.85714285714283
