SentiMin,SentiMax,SentiAvg,SentiStdev,Senti0-0.20,Senti0.21-0.40,Senti0.41-0.60,Senti0.61-0.80,Senti0.81-1.00,SentiTotal
1.9307277547252898E-7,0.9288473056233999,0.3617500292047828,0.22428433985814844,4.0,5.0,8.0,0.0,1.0,2.1772761487823005E-12