SentiMin,SentiMax,SentiAvg,SentiStdev,Senti0-0.20,Senti0.21-0.40,Senti0.41-0.60,Senti0.61-0.80,Senti0.81-1.00,SentiTotal
0.0010276417646890889,0.9426756541917749,0.4018317863013669,0.2521482400581077,4.0,4.0,7.0,0.0,2.0,2.5880678298727233E-7