TimeMin,TimeMax,TimeAvg,TimeStdev,TimeTotal
560.0,5800.0,2983.3333333333335,1728.3100287724872,35800.0
