SentiMin,SentiMax,SentiAvg,SentiStdev,Senti0-0.20,Senti0.21-0.40,Senti0.41-0.60,Senti0.61-0.80,Senti0.81-1.00,SentiTotal
0.0030726666470378954,0.6295662714181273,0.27834827333015627,0.20768021536313394,2.0,4.0,0.0,1.0,0.0,1.6248776267486675E-7