SentiMin,SentiMax,SentiAvg,SentiStdev,Senti0-0.20,Senti0.21-0.40,Senti0.41-0.60,Senti0.61-0.80,Senti0.81-1.00,SentiTotal
0.002743035328946194,0.4737554465528978,0.21416511342128103,0.15996554970992788,6.0,6.0,1.0,0.0,0.0,2.2472167886882776E-12