SentiMin,SentiMax,SentiAvg,SentiStdev,Senti0-0.20,Senti0.21-0.40,Senti0.41-0.60,Senti0.61-0.80,Senti0.81-1.00,SentiTotal
0.004588825433202736,0.39697510199130176,0.1051721030382135,0.1684951389061504,3.0,1.0,0.0,0.0,0.0,2.679577187966858E-7