SentiMin,SentiMax,SentiAvg,SentiStdev,Senti0-0.20,Senti0.21-0.40,Senti0.41-0.60,Senti0.61-0.80,Senti0.81-1.00,SentiTotal
5.699818568937368E-7,0.9611958417475951,0.360865412711615,0.28239864477505544,3.0,2.0,4.0,0.0,1.0,3.007344388034375E-10