TimeMin,TimeMax,TimeAvg,TimeStdev,TimeTotal
600.0,2120.0,1225.4545454545455,555.376426585259,13480.0
