SentiMin,SentiMax,SentiAvg,SentiStdev,Senti0-0.20,Senti0.21-0.40,Senti0.41-0.60,Senti0.61-0.80,Senti0.81-1.00,SentiTotal
5.076350033114438E-4,0.8231596257542764,0.2765361445222517,0.32316439862055796,3.0,0.0,0.0,0.0,1.0,5.572087291518451E-5