TraitMin,TraitMax,TraitAvg,TraitStdev,TraitTotal
297.14285714285717,1160.0,633.8280112044819,317.52285186960523,419.40425531914894
