TraitMin,TraitMax,TraitAvg,TraitStdev,TraitTotal
284.0,800.0,521.4805194805195,212.1177287460254,373.75
