TraitMin,TraitMax,TraitAvg,TraitStdev,TraitTotal
213.33333333333334,880.0,517.2592592592592,223.61396286809722,373.75
