SentiMin,SentiMax,SentiAvg,SentiStdev,Senti0-0.20,Senti0.21-0.40,Senti0.41-0.60,Senti0.61-0.80,Senti0.81-1.00,SentiTotal
6.487370489609625E-4,0.49789225920557484,0.23424014774889867,0.18010395577083063,8.0,3.0,4.0,0.0,0.0,6.395915749922333E-14