SentiMin,SentiMax,SentiAvg,SentiStdev,Senti0-0.20,Senti0.21-0.40,Senti0.41-0.60,Senti0.61-0.80,Senti0.81-1.00,SentiTotal
4.293998240655617E-5,0.49789225920557484,0.2644826729576404,0.1672724615752482,2.0,5.0,1.0,0.0,0.0,1.2766875586372633E-9