TimeMin,TimeMax,TimeAvg,TimeStdev,TimeTotal
520.0,5440.0,1811.764705882353,1253.2322224792208,30800.0
