TraitMin,TraitMax,TraitAvg,TraitStdev,TraitTotal
253.33333333333334,680.0,449.6507936507936,154.8922170136654,372.5
