SentiMin,SentiMax,SentiAvg,SentiStdev,Senti0-0.20,Senti0.21-0.40,Senti0.41-0.60,Senti0.61-0.80,Senti0.81-1.00,SentiTotal
5.646776047925207E-7,0.3041233943377613,0.12620805904477342,0.13827058595479935,6.0,3.0,0.0,0.0,0.0,8.987217161500771E-20