TraitMin,TraitMax,TraitAvg,TraitStdev,TraitTotal
220.0,880.0,428.8627450980392,159.6091246275095,399.29824561403507
