TraitMin,TraitMax,TraitAvg,TraitStdev,TraitTotal
112.0,680.0,361.63540163540165,149.51660701259485,356.1111111111111
