TraitMin,TraitMax,TraitAvg,TraitStdev,TraitTotal
160.0,960.0,445.3333333333333,254.39615112930014,354.44444444444446
