SentiMin,SentiMax,SentiAvg,SentiStdev,Senti0-0.20,Senti0.21-0.40,Senti0.41-0.60,Senti0.61-0.80,Senti0.81-1.00,SentiTotal
5.0548314817326794E-5,0.49789225920557484,0.20278406899310242,0.17495505246039827,11.0,3.0,3.0,0.0,0.0,9.754126325703224E-18