TimeMin,TimeMax,TimeAvg,TimeStdev,TimeTotal
600.0,2680.0,1328.888888888889,844.70171519556,11960.0
