TraitMin,TraitMax,TraitAvg,TraitStdev,TraitTotal
260.0,960.0,528.3904761904762,222.44626769308135,408.8
