TraitMin,TraitMax,TraitAvg,TraitStdev,TraitTotal
240.0,840.0,513.8666666666666,215.35062882038056,438.51851851851853
