SentiMin,SentiMax,SentiAvg,SentiStdev,Senti0-0.20,Senti0.21-0.40,Senti0.41-0.60,Senti0.61-0.80,Senti0.81-1.00,SentiTotal
3.000098642549289E-10,0.49789225920557484,0.14236446777459916,0.1859019947948,4.0,0.0,1.0,0.0,0.0,1.6374386989440541E-16