TraitMin,TraitMax,TraitAvg,TraitStdev,TraitTotal
251.42857142857142,1440.0,459.5910364145659,285.81282663852124,366.6666666666667
