SentiMin,SentiMax,SentiAvg,SentiStdev,Senti0-0.20,Senti0.21-0.40,Senti0.41-0.60,Senti0.61-0.80,Senti0.81-1.00,SentiTotal
8.714358441524672E-5,0.78291140448387,0.35666819231903385,0.23321653304078627,4.0,1.0,7.0,1.0,0.0,3.961510809993597E-9