SentiMin,SentiMax,SentiAvg,SentiStdev,Senti0-0.20,Senti0.21-0.40,Senti0.41-0.60,Senti0.61-0.80,Senti0.81-1.00,SentiTotal
1.8114441449253805E-6,0.7317654821989673,0.2533964376818856,0.2357041546062222,8.0,3.0,4.0,1.0,0.0,3.656617199234132E-22