TraitMin,TraitMax,TraitAvg,TraitStdev,TraitTotal
243.33333333333334,900.0,547.9166666666666,214.2813408945248,433.5483870967742
