TimeMin,TimeMax,TimeAvg,TimeStdev,TimeTotal
800.0,6720.0,2554.285714285714,2094.7202823347297,17880.0
