SentiMin,SentiMax,SentiAvg,SentiStdev,Senti0-0.20,Senti0.21-0.40,Senti0.41-0.60,Senti0.61-0.80,Senti0.81-1.00,SentiTotal
1.362079422925833E-4,0.8840757314493582,0.16765170971067667,0.24811672602396237,9.0,3.0,0.0,0.0,1.0,1.4441085271244678E-19