SentiMin,SentiMax,SentiAvg,SentiStdev,Senti0-0.20,Senti0.21-0.40,Senti0.41-0.60,Senti0.61-0.80,Senti0.81-1.00,SentiTotal
0.019898139187564907,0.996942812237108,0.24108749958187098,0.37912937935064217,4.0,0.0,0.0,0.0,1.0,0.0013598440322488902