SentiMin,SentiMax,SentiAvg,SentiStdev,Senti0-0.20,Senti0.21-0.40,Senti0.41-0.60,Senti0.61-0.80,Senti0.81-1.00,SentiTotal
6.231454788194906E-5,0.4589308933394468,0.1105847320547699,0.14558462838067363,10.0,2.0,1.0,0.0,0.0,4.8031610261734435E-23