TraitMin,TraitMax,TraitAvg,TraitStdev,TraitTotal
285.7142857142857,1040.0,506.04112846218106,251.00481380804854,377.8723404255319
