TraitMin,TraitMax,TraitAvg,TraitStdev,TraitTotal
260.0,648.0,440.6720236285454,137.30369738762857,450.0
