SentiMin,SentiMax,SentiAvg,SentiStdev,Senti0-0.20,Senti0.21-0.40,Senti0.41-0.60,Senti0.61-0.80,Senti0.81-1.00,SentiTotal
0.13237660477508878,0.876293989549592,0.4846613407800552,0.22112477891867793,1.0,1.0,4.0,1.0,1.0,0.4315627595012638