SentiMin,SentiMax,SentiAvg,SentiStdev,Senti0-0.20,Senti0.21-0.40,Senti0.41-0.60,Senti0.61-0.80,Senti0.81-1.00,SentiTotal
6.802819404406667E-4,0.2696225550943083,0.08994613319217819,0.0910862921860264,6.0,1.0,0.0,0.0,0.0,1.0935942658066502E-11