SentiMin,SentiMax,SentiAvg,SentiStdev,Senti0-0.20,Senti0.21-0.40,Senti0.41-0.60,Senti0.61-0.80,Senti0.81-1.00,SentiTotal
9.357846537745336E-7,0.37671525749316254,0.09208187674011797,0.1365877097869754,5.0,1.0,0.0,0.0,0.0,5.9745600259498646E-18