TraitMin,TraitMax,TraitAvg,TraitStdev,TraitTotal
163.63636363636363,520.0,387.1160321160321,121.1042657317884,347.3170731707317
