TraitMin,TraitMax,TraitAvg,TraitStdev,TraitTotal
173.33333333333334,666.6666666666666,386.05800082270673,127.34406597955093,355.3488372093023
