SentiMin,SentiMax,SentiAvg,SentiStdev,Senti0-0.20,Senti0.21-0.40,Senti0.41-0.60,Senti0.61-0.80,Senti0.81-1.00,SentiTotal
1.327983539389402E-7,0.49789225920557484,0.09101863463814729,0.151395215452263,8.0,0.0,1.0,0.0,0.0,1.2782726322904386E-21