TimeMin,TimeMax,TimeAvg,TimeStdev,TimeTotal
600.0,11640.0,3123.3333333333335,2959.0745550293627,37480.0
