TimeMin,TimeMax,TimeAvg,TimeStdev,TimeTotal
1600.0,12720.0,5811.428571428572,3691.5170268039774,40680.0
