SentiMin,SentiMax,SentiAvg,SentiStdev,Senti0-0.20,Senti0.21-0.40,Senti0.41-0.60,Senti0.61-0.80,Senti0.81-1.00,SentiTotal
2.593006281910207E-4,0.14446919179863785,0.051719751537606974,0.04850863471947952,7.0,0.0,0.0,0.0,0.0,1.1203080455386215E-12