TraitMin,TraitMax,TraitAvg,TraitStdev,TraitTotal
266.6666666666667,978.4615384615385,561.4894929631772,224.15899573666,572.9577464788732
