TraitMin,TraitMax,TraitAvg,TraitStdev,TraitTotal
232.0,960.0,531.930735930736,253.50057121746013,425.7142857142857
