TraitMin,TraitMax,TraitAvg,TraitStdev,TraitTotal
320.0,560.0,439.1666666666667,74.8656203548138,440.0
