TraitMin,TraitMax,TraitAvg,TraitStdev,TraitTotal
240.0,580.0,412.57142857142856,84.79447207413386,408.76190476190476
