SentiMin,SentiMax,SentiAvg,SentiStdev,Senti0-0.20,Senti0.21-0.40,Senti0.41-0.60,Senti0.61-0.80,Senti0.81-1.00,SentiTotal
0.03359572821148396,0.2739294152743035,0.15539517939865885,0.09082535338814145,4.0,4.0,0.0,0.0,0.0,2.3388932162558797E-7