TraitMin,TraitMax,TraitAvg,TraitStdev,TraitTotal
248.0,1010.0,562.2804232804234,191.6705748868507,506.4864864864865
