TimeMin,TimeMax,TimeAvg,TimeStdev,TimeTotal
880.0,7200.0,2732.3076923076924,1908.5159512287746,35520.0
