SentiMin,SentiMax,SentiAvg,SentiStdev,Senti0-0.20,Senti0.21-0.40,Senti0.41-0.60,Senti0.61-0.80,Senti0.81-1.00,SentiTotal
0.05499752028148167,0.20102445941554453,0.12576120338947233,0.05970009132069886,2.0,1.0,0.0,0.0,0.0,0.0020507887044306228