TraitMin,TraitMax,TraitAvg,TraitStdev,TraitTotal
373.3333333333333,720.0,577.7777777777777,148.20739556029395,537.1428571428571
