TraitMin,TraitMax,TraitAvg,TraitStdev,TraitTotal
214.54545454545453,640.0,307.4451144094001,102.12769199837872,264.48275862068965
