SentiMin,SentiMax,SentiAvg,SentiStdev,Senti0-0.20,Senti0.21-0.40,Senti0.41-0.60,Senti0.61-0.80,Senti0.81-1.00,SentiTotal
5.527891750585698E-7,0.49789225920557484,0.21845933760345695,0.19462433153996167,7.0,4.0,3.0,0.0,0.0,6.49747140918324E-19