SentiMin,SentiMax,SentiAvg,SentiStdev,Senti0-0.20,Senti0.21-0.40,Senti0.41-0.60,Senti0.61-0.80,Senti0.81-1.00,SentiTotal
0.01256913159834836,0.4042041767695276,0.22765568361092095,0.13586465000237768,2.0,3.0,1.0,0.0,0.0,5.783746229439701E-5