TimeMin,TimeMax,TimeAvg,TimeStdev,TimeTotal
720.0,1920.0,1253.3333333333333,498.88765156985886,3760.0
