TraitMin,TraitMax,TraitAvg,TraitStdev,TraitTotal
248.0,760.0,377.87499999999994,156.79143413925533,351.6666666666667
