TimeMin,TimeMax,TimeAvg,TimeStdev,TimeTotal
880.0,3640.0,1916.3636363636363,865.5767675347274,21080.0
