TraitMin,TraitMax,TraitAvg,TraitStdev,TraitTotal
210.0,490.0,308.85714285714283,78.25332958419189,294.48275862068965
