TraitMin,TraitMax,TraitAvg,TraitStdev,TraitTotal
206.66666666666666,3000.0,572.1047979797979,656.5202154134658,363.6363636363636
