SentiMin,SentiMax,SentiAvg,SentiStdev,Senti0-0.20,Senti0.21-0.40,Senti0.41-0.60,Senti0.61-0.80,Senti0.81-1.00,SentiTotal
4.5875035934913027E-4,0.49789225920557484,0.13684918930428505,0.17261265794865052,5.0,1.0,1.0,0.0,0.0,3.937964294524113E-11