TimeMin,TimeMax,TimeAvg,TimeStdev,TimeTotal
760.0,4640.0,1822.857142857143,1285.3205746395863,12760.0
