TimeMin,TimeMax,TimeAvg,TimeStdev,TimeTotal
600.0,4520.0,2191.4285714285716,1256.4965871300196,30680.0
