SentiMin,SentiMax,SentiAvg,SentiStdev,Senti0-0.20,Senti0.21-0.40,Senti0.41-0.60,Senti0.61-0.80,Senti0.81-1.00,SentiTotal
5.376906651470253E-7,0.24777902961736586,0.034598944716627424,0.06208447190331875,14.0,1.0,0.0,0.0,0.0,1.0318515959523843E-34