SentiMin,SentiMax,SentiAvg,SentiStdev,Senti0-0.20,Senti0.21-0.40,Senti0.41-0.60,Senti0.61-0.80,Senti0.81-1.00,SentiTotal
1.167734132099954E-5,0.5159436667231726,0.1213859497306994,0.1936294558835687,12.0,1.0,3.0,0.0,0.0,4.818067712591358E-37