TraitMin,TraitMax,TraitAvg,TraitStdev,TraitTotal
226.66666666666666,380.0,290.48148148148147,46.184531760502885,273.75
