TraitMin,TraitMax,TraitAvg,TraitStdev,TraitTotal
226.66666666666666,880.0,345.02112029384756,182.15127785324447,277.36842105263156
