TraitMin,TraitMax,TraitAvg,TraitStdev,TraitTotal
220.0,466.6666666666667,364.50596877869606,74.36054026943239,352.3529411764706
