SentiMin,SentiMax,SentiAvg,SentiStdev,Senti0-0.20,Senti0.21-0.40,Senti0.41-0.60,Senti0.61-0.80,Senti0.81-1.00,SentiTotal
9.173227659004352E-8,0.5175030083291732,0.12074714341730412,0.1680357657131806,8.0,1.0,1.0,0.0,0.0,1.8815639504823855E-21