SentiMin,SentiMax,SentiAvg,SentiStdev,Senti0-0.20,Senti0.21-0.40,Senti0.41-0.60,Senti0.61-0.80,Senti0.81-1.00,SentiTotal
0.0034866489579098514,0.5159436667231726,0.15301439958980234,0.18466231609142184,6.0,0.0,2.0,0.0,0.0,6.880812610049844E-10