SentiMin,SentiMax,SentiAvg,SentiStdev,Senti0-0.20,Senti0.21-0.40,Senti0.41-0.60,Senti0.61-0.80,Senti0.81-1.00,SentiTotal
8.611987775574911E-5,0.46790029342103856,0.13504573424877012,0.18075915591559114,8.0,1.0,2.0,0.0,0.0,7.0555907823578E-21