SentiMin,SentiMax,SentiAvg,SentiStdev,Senti0-0.20,Senti0.21-0.40,Senti0.41-0.60,Senti0.61-0.80,Senti0.81-1.00,SentiTotal
2.9522615029677912E-5,0.49789225920557484,0.14538517458177413,0.19882145702944334,8.0,1.0,2.0,0.0,0.0,1.5393648831910308E-21