TimeMin,TimeMax,TimeAvg,TimeStdev,TimeTotal
880.0,4720.0,2178.181818181818,1220.1178645138284,23960.0
