TraitMin,TraitMax,TraitAvg,TraitStdev,TraitTotal
164.0,480.0,311.70370370370364,85.80302493788528,296.8888888888889
