TimeMin,TimeMax,TimeAvg,TimeStdev,TimeTotal
934.0,3480.0,1830.6666666666667,677.3882851724621,21968.0
