SentiMin,SentiMax,SentiAvg,SentiStdev,Senti0-0.20,Senti0.21-0.40,Senti0.41-0.60,Senti0.61-0.80,Senti0.81-1.00,SentiTotal
0.0015121701442971979,0.49789225920557484,0.30578604738993664,0.13923014779243706,1.0,8.0,2.0,0.0,0.0,1.2545939754485822E-6