SentiMin,SentiMax,SentiAvg,SentiStdev,Senti0-0.20,Senti0.21-0.40,Senti0.41-0.60,Senti0.61-0.80,Senti0.81-1.00,SentiTotal
3.3070253120639906E-5,0.49789225920557484,0.1880680314846145,0.1765077415370041,7.0,3.0,2.0,0.0,0.0,8.799089478154508E-17