SentiMin,SentiMax,SentiAvg,SentiStdev,Senti0-0.20,Senti0.21-0.40,Senti0.41-0.60,Senti0.61-0.80,Senti0.81-1.00,SentiTotal
0.11098942605605737,0.9778090564457481,0.4219904299923997,0.25878789415498155,2.0,4.0,1.0,1.0,1.0,0.2648545453130845