TraitMin,TraitMax,TraitAvg,TraitStdev,TraitTotal
250.66666666666666,1640.0,636.4256198347108,368.40656658004417,483.3030303030303
