TraitMin,TraitMax,TraitAvg,TraitStdev,TraitTotal
255.66666666666666,1440.0,824.8518518518517,379.60928942799524,677.5263157894736
