TimeMin,TimeMax,TimeAvg,TimeStdev,TimeTotal
520.0,3280.0,1449.909090909091,748.386926486251,15949.0
