TraitMin,TraitMax,TraitAvg,TraitStdev,TraitTotal
364.8888888888889,853.3333333333334,471.3412698412698,162.20313659355077,442.6595744680851
