TraitMin,TraitMax,TraitAvg,TraitStdev,TraitTotal
152.0,1528.0,715.3702380952382,413.39911372583805,590.5454545454545
