TraitMin,TraitMax,TraitAvg,TraitStdev,TraitTotal
290.75,1520.0,811.5648148148148,366.9494317471191,585.2962962962963
