SentiMin,SentiMax,SentiAvg,SentiStdev,Senti0-0.20,Senti0.21-0.40,Senti0.41-0.60,Senti0.61-0.80,Senti0.81-1.00,SentiTotal
0.0751479319354286,0.5628056929000496,0.31877744517632695,0.1499047011965749,3.0,4.0,2.0,0.0,0.0,3.82846955159651E-4