SentiMin,SentiMax,SentiAvg,SentiStdev,Senti0-0.20,Senti0.21-0.40,Senti0.41-0.60,Senti0.61-0.80,Senti0.81-1.00,SentiTotal
0.040859688810194694,0.39697510199130176,0.18603441132108856,0.15263992226202838,2.0,1.0,0.0,0.0,0.0,0.0038839664481808115