TimeMin,TimeMax,TimeAvg,TimeStdev,TimeTotal
767.0,1840.0,1430.3333333333333,299.97370255111065,12873.0
