TimeMin,TimeMax,TimeAvg,TimeStdev,TimeTotal
1293.0,6040.0,2972.1428571428573,1381.614834539789,20805.0
