SentiMin,SentiMax,SentiAvg,SentiStdev,Senti0-0.20,Senti0.21-0.40,Senti0.41-0.60,Senti0.61-0.80,Senti0.81-1.00,SentiTotal
0.0012353495389946217,0.8967245504406093,0.234064791697796,0.30038410779944935,5.0,0.0,1.0,0.0,1.0,1.806008184297869E-7