TraitMin,TraitMax,TraitAvg,TraitStdev,TraitTotal
205.71428571428572,1528.0,624.881746031746,386.1256279632872,448.3265306122449
