SentiMin,SentiMax,SentiAvg,SentiStdev,Senti0-0.20,Senti0.21-0.40,Senti0.41-0.60,Senti0.61-0.80,Senti0.81-1.00,SentiTotal
2.5509379623406503E-4,0.7805089323785629,0.2966641211957692,0.2454696012672215,6.0,1.0,3.0,1.0,0.0,1.2213134987938727E-9