TimeMin,TimeMax,TimeAvg,TimeStdev,TimeTotal
480.0,2600.0,941.3333333333334,514.7150236349777,14120.0
