TraitMin,TraitMax,TraitAvg,TraitStdev,TraitTotal
230.0,680.0,432.57575757575756,132.85404361217613,397.2413793103448
