SentiMin,SentiMax,SentiAvg,SentiStdev,Senti0-0.20,Senti0.21-0.40,Senti0.41-0.60,Senti0.61-0.80,Senti0.81-1.00,SentiTotal
5.7828335133863677E-5,0.5534486745765185,0.13830486275903736,0.19072054543590822,10.0,2.0,2.0,0.0,0.0,1.0079858716285914E-24