TimeMin,TimeMax,TimeAvg,TimeStdev,TimeTotal
440.0,1840.0,885.7142857142857,414.27586195181385,12400.0
