SentiMin,SentiMax,SentiAvg,SentiStdev,Senti0-0.20,Senti0.21-0.40,Senti0.41-0.60,Senti0.61-0.80,Senti0.81-1.00,SentiTotal
0.013348003044249886,0.8693457099288329,0.27838043345886837,0.24116293243654036,6.0,5.0,2.0,1.0,1.0,3.317043225336045E-10