SentiMin,SentiMax,SentiAvg,SentiStdev,Senti0-0.20,Senti0.21-0.40,Senti0.41-0.60,Senti0.61-0.80,Senti0.81-1.00,SentiTotal
0.006966097579999589,0.9611958417475951,0.29587831743644255,0.24509533079260049,6.0,4.0,3.0,0.0,1.0,3.54053722021359E-8