TraitMin,TraitMax,TraitAvg,TraitStdev,TraitTotal
100.0,1840.0,627.7948717948718,534.6063898892845,371.61290322580646
