TimeMin,TimeMax,TimeAvg,TimeStdev,TimeTotal
520.0,8080.0,2123.6363636363635,1983.5288696813827,23360.0
