TimeMin,TimeMax,TimeAvg,TimeStdev,TimeTotal
560.0,2640.0,1336.6666666666667,630.8636056144694,16040.0
