TraitMin,TraitMax,TraitAvg,TraitStdev,TraitTotal
152.0,640.0,344.0063492063492,136.19482051753096,282.4
