TraitMin,TraitMax,TraitAvg,TraitStdev,TraitTotal
224.0,397.77777777777777,307.1111111111111,61.60086579478138,350.0
