SentiMin,SentiMax,SentiAvg,SentiStdev,Senti0-0.20,Senti0.21-0.40,Senti0.41-0.60,Senti0.61-0.80,Senti0.81-1.00,SentiTotal
0.007100290968362589,0.48728019602140255,0.23922551711807555,0.2024600739250281,2.0,1.0,1.0,0.0,0.0,3.598740554945269E-4