TraitMin,TraitMax,TraitAvg,TraitStdev,TraitTotal
180.0,680.0,314.1913007627294,144.12103611406422,298.22222222222223
