SentiMin,SentiMax,SentiAvg,SentiStdev,Senti0-0.20,Senti0.21-0.40,Senti0.41-0.60,Senti0.61-0.80,Senti0.81-1.00,SentiTotal
0.001746084675175362,0.5755436691302463,0.31840318289868264,0.20312649612698558,6.0,3.0,8.0,0.0,0.0,3.274869062587023E-10