TimeMin,TimeMax,TimeAvg,TimeStdev,TimeTotal
800.0,4000.0,1752.9411764705883,927.2081098074658,29800.0
