SentiMin,SentiMax,SentiAvg,SentiStdev,Senti0-0.20,Senti0.21-0.40,Senti0.41-0.60,Senti0.61-0.80,Senti0.81-1.00,SentiTotal
5.179309073314721E-4,0.49789225920557484,0.19569778214580544,0.15605951077461977,3.0,2.0,1.0,0.0,0.0,6.659499270904973E-7