TraitMin,TraitMax,TraitAvg,TraitStdev,TraitTotal
246.66666666666666,1040.0,660.7912087912089,315.9409545142732,474.1463414634146
