SentiMin,SentiMax,SentiAvg,SentiStdev,Senti0-0.20,Senti0.21-0.40,Senti0.41-0.60,Senti0.61-0.80,Senti0.81-1.00,SentiTotal
0.008635563384012175,0.6563633459573626,0.26525745292539854,0.22248230916109007,7.0,1.0,4.0,1.0,0.0,3.497336285128033E-10