TraitMin,TraitMax,TraitAvg,TraitStdev,TraitTotal
160.0,1600.0,760.8039215686274,442.5527708842201,485.2173913043478
