TraitMin,TraitMax,TraitAvg,TraitStdev,TraitTotal
212.0,1000.0,657.4285714285714,348.0091874618013,376.0
