TimeMin,TimeMax,TimeAvg,TimeStdev,TimeTotal
1000.0,2960.0,1495.3846153846155,572.7211079186983,19440.0
