TraitMin,TraitMax,TraitAvg,TraitStdev,TraitTotal
195.55555555555554,1000.0,435.5213675213675,224.05673284668853,339.1304347826087
