SentiMin,SentiMax,SentiAvg,SentiStdev,Senti0-0.20,Senti0.21-0.40,Senti0.41-0.60,Senti0.61-0.80,Senti0.81-1.00,SentiTotal
1.545580503494376E-4,0.78291140448387,0.18891660505625293,0.23716224264888786,10.0,3.0,3.0,1.0,0.0,3.2090883551223074E-24