TraitMin,TraitMax,TraitAvg,TraitStdev,TraitTotal
188.57142857142858,350.0,269.2857142857143,80.71428571428571,247.27272727272728
