SentiMin,SentiMax,SentiAvg,SentiStdev,Senti0-0.20,Senti0.21-0.40,Senti0.41-0.60,Senti0.61-0.80,Senti0.81-1.00,SentiTotal
1.6655276326929353E-6,0.5495922250151081,0.2758564338767705,0.21055419606862644,6.0,2.0,6.0,0.0,0.0,1.4067488051509176E-13