SentiMin,SentiMax,SentiAvg,SentiStdev,Senti0-0.20,Senti0.21-0.40,Senti0.41-0.60,Senti0.61-0.80,Senti0.81-1.00,SentiTotal
5.518514300826497E-4,0.024497715074714568,0.012524783252398608,0.01197293182231596,2.0,0.0,0.0,0.0,0.0,1.3983460572357745E-5