TimeMin,TimeMax,TimeAvg,TimeStdev,TimeTotal
1000.0,2840.0,1429.090909090909,550.3297283605124,15720.0
