TraitMin,TraitMax,TraitAvg,TraitStdev,TraitTotal
196.0,1000.0,528.4,319.4267365140244,348.71794871794873
