TraitMin,TraitMax,TraitAvg,TraitStdev,TraitTotal
205.71428571428572,1000.0,429.9346405228758,270.37870388249644,298.0
