SentiMin,SentiMax,SentiAvg,SentiStdev,Senti0-0.20,Senti0.21-0.40,Senti0.41-0.60,Senti0.61-0.80,Senti0.81-1.00,SentiTotal
3.3134938434071682E-6,0.5017543432377519,0.1694703101676714,0.1867913743493252,7.0,1.0,2.0,0.0,0.0,1.2171770301445885E-16