TimeMin,TimeMax,TimeAvg,TimeStdev,TimeTotal
1000.0,3120.0,1774.2857142857142,745.9769652295312,24840.0
