SentiMin,SentiMax,SentiAvg,SentiStdev,Senti0-0.20,Senti0.21-0.40,Senti0.41-0.60,Senti0.61-0.80,Senti0.81-1.00,SentiTotal
0.005466713723856768,0.04221275470781158,0.02383973421583417,0.018373020491977404,2.0,0.0,0.0,0.0,0.0,2.4425142482165243E-4