SentiMin,SentiMax,SentiAvg,SentiStdev,Senti0-0.20,Senti0.21-0.40,Senti0.41-0.60,Senti0.61-0.80,Senti0.81-1.00,SentiTotal
0.022106345654830932,0.5159436667231726,0.2914055586135996,0.17600010540886132,4.0,2.0,4.0,0.0,0.0,1.6373378821465954E-5