SentiMin,SentiMax,SentiAvg,SentiStdev,Senti0-0.20,Senti0.21-0.40,Senti0.41-0.60,Senti0.61-0.80,Senti0.81-1.00,SentiTotal
5.847663094511581E-4,0.5446996533197145,0.3212097883127789,0.18576433514071292,2.0,3.0,6.0,0.0,0.0,1.4988803382227938E-8