SentiMin,SentiMax,SentiAvg,SentiStdev,Senti0-0.20,Senti0.21-0.40,Senti0.41-0.60,Senti0.61-0.80,Senti0.81-1.00,SentiTotal
0.04636483410814149,0.5136446707795853,0.29404680559146296,0.18287086959829313,3.0,3.0,4.0,0.0,0.0,1.3015849571383434E-5