TraitMin,TraitMax,TraitAvg,TraitStdev,TraitTotal
210.0,1000.0,438.08888888888885,260.67330104278653,306.0674157303371
