TraitMin,TraitMax,TraitAvg,TraitStdev,TraitTotal
253.1,1000.0,594.8247023809523,289.61731391302163,427.6666666666667
