SentiMin,SentiMax,SentiAvg,SentiStdev,Senti0-0.20,Senti0.21-0.40,Senti0.41-0.60,Senti0.61-0.80,Senti0.81-1.00,SentiTotal
1.4649956793268988E-4,0.551077815994506,0.19679243931495374,0.19818943455360996,11.0,3.0,4.0,0.0,0.0,4.1709458171066366E-23