TraitMin,TraitMax,TraitAvg,TraitStdev,TraitTotal
167.27272727272728,290.0,228.63636363636363,61.36363636363636,218.94736842105263
