SentiMin,SentiMax,SentiAvg,SentiStdev,Senti0-0.20,Senti0.21-0.40,Senti0.41-0.60,Senti0.61-0.80,Senti0.81-1.00,SentiTotal
1.523051452588785E-5,0.5755436691302463,0.19963780352968433,0.22007091610190901,7.0,3.0,4.0,0.0,0.0,9.004518823883334E-21