TimeMin,TimeMax,TimeAvg,TimeStdev,TimeTotal
800.0,2200.0,1312.9411764705883,349.5840335881952,22320.0
