SentiMin,SentiMax,SentiAvg,SentiStdev,Senti0-0.20,Senti0.21-0.40,Senti0.41-0.60,Senti0.61-0.80,Senti0.81-1.00,SentiTotal
0.0011675575387508099,0.7956227402991897,0.33557700065303125,0.24207276577610545,5.0,5.0,4.0,2.0,0.0,7.964284203007224E-11