TimeMin,TimeMax,TimeAvg,TimeStdev,TimeTotal
1000.0,4000.0,1633.3333333333333,842.4567249024329,29400.0
