TraitMin,TraitMax,TraitAvg,TraitStdev,TraitTotal
266.6666666666667,1160.0,720.2857142857143,328.78476166199334,474.6666666666667
