TimeMin,TimeMax,TimeAvg,TimeStdev,TimeTotal
1000.0,2160.0,1566.6666666666667,566.8235077066661,9400.0
