SentiMin,SentiMax,SentiAvg,SentiStdev,Senti0-0.20,Senti0.21-0.40,Senti0.41-0.60,Senti0.61-0.80,Senti0.81-1.00,SentiTotal
1.0546529198841227E-6,0.5393526757761705,0.24965222590816258,0.20625070843795043,7.0,4.0,4.0,0.0,0.0,1.3207586106558041E-17