TraitMin,TraitMax,TraitAvg,TraitStdev,TraitTotal
186.66666666666666,426.6666666666667,297.73268398268397,74.43958630140015,289.0
