SentiMin,SentiMax,SentiAvg,SentiStdev,Senti0-0.20,Senti0.21-0.40,Senti0.41-0.60,Senti0.61-0.80,Senti0.81-1.00,SentiTotal
1.9613707057015955E-7,0.6590270044430073,0.20480800657868697,0.20797978761359184,10.0,6.0,2.0,1.0,0.0,4.3984386540408446E-29