TraitMin,TraitMax,TraitAvg,TraitStdev,TraitTotal
176.0,580.0,329.8571428571429,137.8151757816858,282.22222222222223
