TraitMin,TraitMax,TraitAvg,TraitStdev,TraitTotal
75.0,1360.0,489.9213250517599,335.80574458892823,350.5154639175258
