TraitMin,TraitMax,TraitAvg,TraitStdev,TraitTotal
180.0,1480.0,475.53391053391056,342.18779207361655,332.4590163934426
