SentiMin,SentiMax,SentiAvg,SentiStdev,Senti0-0.20,Senti0.21-0.40,Senti0.41-0.60,Senti0.61-0.80,Senti0.81-1.00,SentiTotal
0.016635594853086477,0.6693954779631034,0.25694376927754886,0.21046163887811342,3.0,4.0,0.0,1.0,0.0,1.94121355178786E-6