TimeMin,TimeMax,TimeAvg,TimeStdev,TimeTotal
920.0,4040.0,1621.0526315789473,696.1389360483643,30800.0
