TraitMin,TraitMax,TraitAvg,TraitStdev,TraitTotal
191.11111111111111,1000.0,416.72222222222223,249.66871259607743,308.69565217391306
