TraitMin,TraitMax,TraitAvg,TraitStdev,TraitTotal
177.14285714285714,640.0,356.1388319283056,133.4094018956185,314.2857142857143
