SentiMin,SentiMax,SentiAvg,SentiStdev,Senti0-0.20,Senti0.21-0.40,Senti0.41-0.60,Senti0.61-0.80,Senti0.81-1.00,SentiTotal
7.33182068380448E-7,0.5765529735561318,0.21203985743614104,0.21501881750263568,6.0,2.0,3.0,0.0,0.0,8.525017312470188E-20