TimeMin,TimeMax,TimeAvg,TimeStdev,TimeTotal
480.0,2800.0,1718.2608695652175,595.8089289135879,39520.0
