SentiMin,SentiMax,SentiAvg,SentiStdev,Senti0-0.20,Senti0.21-0.40,Senti0.41-0.60,Senti0.61-0.80,Senti0.81-1.00,SentiTotal
9.51002539389057E-4,0.49789225920557484,0.24101363355131233,0.19391363249021415,11.0,4.0,8.0,0.0,0.0,8.761122245400548E-19