SentiMin,SentiMax,SentiAvg,SentiStdev,Senti0-0.20,Senti0.21-0.40,Senti0.41-0.60,Senti0.61-0.80,Senti0.81-1.00,SentiTotal
8.22498456649516E-4,0.9280774902916249,0.2290839356680437,0.2385728887901843,10.0,5.0,4.0,0.0,1.0,6.011333533044584E-19