SentiMin,SentiMax,SentiAvg,SentiStdev,Senti0-0.20,Senti0.21-0.40,Senti0.41-0.60,Senti0.61-0.80,Senti0.81-1.00,SentiTotal
1.0229463458538318E-4,0.6615831013731397,0.17545809622192646,0.22145244223039526,6.0,1.0,0.0,1.0,0.0,9.757742705904342E-12