SentiMin,SentiMax,SentiAvg,SentiStdev,Senti0-0.20,Senti0.21-0.40,Senti0.41-0.60,Senti0.61-0.80,Senti0.81-1.00,SentiTotal
0.011420349998899312,0.6306311587532165,0.28754662198391295,0.2122695608550942,3.0,2.0,2.0,1.0,0.0,4.0860265304787445E-6