TimeMin,TimeMax,TimeAvg,TimeStdev,TimeTotal
480.0,3400.0,1843.6363636363637,915.5551989443616,20280.0
