TimeMin,TimeMax,TimeAvg,TimeStdev,TimeTotal
600.0,2760.0,1480.9565217391305,563.7199025619226,34062.0
