SentiMin,SentiMax,SentiAvg,SentiStdev,Senti0-0.20,Senti0.21-0.40,Senti0.41-0.60,Senti0.61-0.80,Senti0.81-1.00,SentiTotal
0.0016067893756852246,0.49789225920557484,0.2547011539523166,0.18470972226432228,5.0,5.0,3.0,0.0,0.0,2.365200264410049E-10