TraitMin,TraitMax,TraitAvg,TraitStdev,TraitTotal
193.33333333333334,1120.0,456.04884004884,298.20961385481075,317.14285714285717
