SentiMin,SentiMax,SentiAvg,SentiStdev,Senti0-0.20,Senti0.21-0.40,Senti0.41-0.60,Senti0.61-0.80,Senti0.81-1.00,SentiTotal
7.259654147656093E-5,0.49789225920557484,0.19344216465355976,0.1751702403088034,5.0,5.0,1.0,0.0,0.0,3.333506837517862E-15