SentiMin,SentiMax,SentiAvg,SentiStdev,Senti0-0.20,Senti0.21-0.40,Senti0.41-0.60,Senti0.61-0.80,Senti0.81-1.00,SentiTotal
5.489210662406308E-4,0.642422683563699,0.24030339761751876,0.20492882603808568,12.0,7.0,1.0,3.0,0.0,5.713027117150546E-19