TimeMin,TimeMax,TimeAvg,TimeStdev,TimeTotal
640.0,2400.0,1316.923076923077,521.1730056086442,17120.0
