TimeMin,TimeMax,TimeAvg,TimeStdev,TimeTotal
440.0,2800.0,1366.1538461538462,625.970489124238,17760.0
