TimeMin,TimeMax,TimeAvg,TimeStdev,TimeTotal
760.0,2320.0,1585.4545454545455,449.0872285458307,17440.0
