TraitMin,TraitMax,TraitAvg,TraitStdev,TraitTotal
96.0,640.0,325.0041407867494,133.9510483374198,299.3939393939394
