TimeMin,TimeMax,TimeAvg,TimeStdev,TimeTotal
600.0,2600.0,1478.2608695652175,583.4205893872645,34000.0
