SentiMin,SentiMax,SentiAvg,SentiStdev,Senti0-0.20,Senti0.21-0.40,Senti0.41-0.60,Senti0.61-0.80,Senti0.81-1.00,SentiTotal
5.442967471703023E-4,0.7278335198935995,0.21429544085487218,0.2100318520081582,12.0,6.0,3.0,1.0,0.0,4.7229546199130514E-23