SentiMin,SentiMax,SentiAvg,SentiStdev,Senti0-0.20,Senti0.21-0.40,Senti0.41-0.60,Senti0.61-0.80,Senti0.81-1.00,SentiTotal
1.6318062453973964E-5,0.4898631585877994,0.16673541010130982,0.182024153243362,9.0,3.0,2.0,0.0,0.0,2.7441518254717033E-19