TraitMin,TraitMax,TraitAvg,TraitStdev,TraitTotal
220.0,560.0,309.71437292865863,81.96455220598425,291.7391304347826
