TraitMin,TraitMax,TraitAvg,TraitStdev,TraitTotal
274.2857142857143,470.0,364.5062656641604,66.52432917792585,347.02702702702703
