SentiMin,SentiMax,SentiAvg,SentiStdev,Senti0-0.20,Senti0.21-0.40,Senti0.41-0.60,Senti0.61-0.80,Senti0.81-1.00,SentiTotal
9.085001896368442E-7,0.7131038364319571,0.1405509581254002,0.22210938303720654,8.0,2.0,0.0,1.0,0.0,9.795756771308678E-26