SentiMin,SentiMax,SentiAvg,SentiStdev,Senti0-0.20,Senti0.21-0.40,Senti0.41-0.60,Senti0.61-0.80,Senti0.81-1.00,SentiTotal
0.0458357095350905,0.37142605093897746,0.13415543568313143,0.1373284936584832,3.0,1.0,0.0,0.0,0.0,1.132305321039434E-4