TimeMin,TimeMax,TimeAvg,TimeStdev,TimeTotal
520.0,9520.0,4272.727272727273,3021.7065945921445,47000.0
