TimeMin,TimeMax,TimeAvg,TimeStdev,TimeTotal
1360.0,1720.0,1506.6666666666667,154.344492037203,4520.0
