TimeMin,TimeMax,TimeAvg,TimeStdev,TimeTotal
560.0,3800.0,1505.4545454545455,918.3024223222843,33120.0
