TraitMin,TraitMax,TraitAvg,TraitStdev,TraitTotal
245.71428571428572,480.0,355.23809523809524,96.25174851902962,322.85714285714283
