SentiMin,SentiMax,SentiAvg,SentiStdev,Senti0-0.20,Senti0.21-0.40,Senti0.41-0.60,Senti0.61-0.80,Senti0.81-1.00,SentiTotal
0.010214192794635778,0.9410648101332474,0.3414996379391687,0.2633818943756603,7.0,6.0,5.0,0.0,2.0,2.22929267396585E-9