TraitMin,TraitMax,TraitAvg,TraitStdev,TraitTotal
184.0,720.0,357.42857142857144,171.61184767557938,312.45283018867923
