TimeMin,TimeMax,TimeAvg,TimeStdev,TimeTotal
480.0,4920.0,1917.142857142857,1335.7899138253558,26840.0
