TraitMin,TraitMax,TraitAvg,TraitStdev,TraitTotal
6.0,840.0,441.8468013468013,248.14771502298998,352.1333333333333
