TraitMin,TraitMax,TraitAvg,TraitStdev,TraitTotal
190.0,474.2857142857143,311.87500881998034,89.52435934739277,297.46835443037975
