TraitMin,TraitMax,TraitAvg,TraitStdev,TraitTotal
208.0,560.0,332.9638528138529,88.77431788257766,313.08641975308643
