SentiMin,SentiMax,SentiAvg,SentiStdev,Senti0-0.20,Senti0.21-0.40,Senti0.41-0.60,Senti0.61-0.80,Senti0.81-1.00,SentiTotal
0.0012123596487329676,0.44717860036807805,0.12383454463544633,0.1723565071616637,4.0,0.0,1.0,0.0,0.0,2.7196819862119763E-9