TimeMin,TimeMax,TimeAvg,TimeStdev,TimeTotal
480.0,2320.0,1123.3333333333333,522.1642993881864,13480.0
