TimeMin,TimeMax,TimeAvg,TimeStdev,TimeTotal
600.0,1760.0,1036.3636363636363,360.3854685616683,11400.0
