TraitMin,TraitMax,TraitAvg,TraitStdev,TraitTotal
253.33333333333334,1000.0,494.0587157940099,244.26553513681228,372.8
