SentiMin,SentiMax,SentiAvg,SentiStdev,Senti0-0.20,Senti0.21-0.40,Senti0.41-0.60,Senti0.61-0.80,Senti0.81-1.00,SentiTotal
4.2023813048406065E-4,0.8568905824923567,0.3565021995591609,0.25040447283586326,3.0,2.0,5.0,0.0,1.0,1.0161737455128318E-7