TraitMin,TraitMax,TraitAvg,TraitStdev,TraitTotal
262.85714285714283,840.0,497.04365079365084,184.61701328488198,421.27659574468083
