TimeMin,TimeMax,TimeAvg,TimeStdev,TimeTotal
600.0,2200.0,1206.1538461538462,444.2718928684318,15680.0
