SentiMin,SentiMax,SentiAvg,SentiStdev,Senti0-0.20,Senti0.21-0.40,Senti0.41-0.60,Senti0.61-0.80,Senti0.81-1.00,SentiTotal
7.694130065551177E-4,0.9611958417475951,0.3167716984227203,0.3599966852422693,7.0,3.0,1.0,0.0,3.0,6.214049556736923E-11