TraitMin,TraitMax,TraitAvg,TraitStdev,TraitTotal
240.0,1040.0,474.0555555555556,223.01327951381316,392.5581395348837
