TraitMin,TraitMax,TraitAvg,TraitStdev,TraitTotal
248.0,1720.0,546.534435261708,414.23532437579394,388.8
