TraitMin,TraitMax,TraitAvg,TraitStdev,TraitTotal
180.0,1600.0,454.6737396851814,328.3896493096265,314.0740740740741
