SentiMin,SentiMax,SentiAvg,SentiStdev,Senti0-0.20,Senti0.21-0.40,Senti0.41-0.60,Senti0.61-0.80,Senti0.81-1.00,SentiTotal
0.030540544648442917,0.5318834537628724,0.28556430495323004,0.16401786234417573,3.0,4.0,3.0,0.0,0.0,6.566532518098516E-6