TraitMin,TraitMax,TraitAvg,TraitStdev,TraitTotal
296.0,1120.0,527.8666666666667,246.75940598981114,428.2352941176471
