SentiMin,SentiMax,SentiAvg,SentiStdev,Senti0-0.20,Senti0.21-0.40,Senti0.41-0.60,Senti0.61-0.80,Senti0.81-1.00,SentiTotal
6.944880956489928E-5,0.9611958417475951,0.23905977957235686,0.28140332040148347,13.0,3.0,4.0,0.0,2.0,8.810451135678722E-27