TraitMin,TraitMax,TraitAvg,TraitStdev,TraitTotal
113.33333333333333,1520.0,487.81944444444446,348.1785075353847,361.37974683544303
