SentiMin,SentiMax,SentiAvg,SentiStdev,Senti0-0.20,Senti0.21-0.40,Senti0.41-0.60,Senti0.61-0.80,Senti0.81-1.00,SentiTotal
0.029962446329311238,0.39751759361842637,0.2716775832604192,0.14137925904555648,2.0,6.0,0.0,0.0,0.0,5.2855219809385945E-5