TraitMin,TraitMax,TraitAvg,TraitStdev,TraitTotal
160.0,1200.0,544.4444444444445,311.1339277347527,421.25
