TraitMin,TraitMax,TraitAvg,TraitStdev,TraitTotal
232.72727272727272,440.0,336.3636363636364,103.63636363636364,264.61538461538464
