SentiMin,SentiMax,SentiAvg,SentiStdev,Senti0-0.20,Senti0.21-0.40,Senti0.41-0.60,Senti0.61-0.80,Senti0.81-1.00,SentiTotal
0.002913358013418275,0.535771029926425,0.29901778384622446,0.18054019673568766,3.0,5.0,3.0,0.0,0.0,3.982273459313341E-8