TimeMin,TimeMax,TimeAvg,TimeStdev,TimeTotal
520.0,2120.0,1016.6666666666666,417.75856929837147,12200.0
