TimeMin,TimeMax,TimeAvg,TimeStdev,TimeTotal
640.0,6440.0,1902.857142857143,1508.3549628245835,26640.0
