SentiMin,SentiMax,SentiAvg,SentiStdev,Senti0-0.20,Senti0.21-0.40,Senti0.41-0.60,Senti0.61-0.80,Senti0.81-1.00,SentiTotal
0.0033557415307676752,0.49789225920557484,0.2617384354941857,0.1702879277290939,5.0,3.0,3.0,0.0,0.0,7.722271096999362E-8