TimeMin,TimeMax,TimeAvg,TimeStdev,TimeTotal
640.0,1560.0,1114.2857142857142,325.9648159303237,7800.0
