TraitMin,TraitMax,TraitAvg,TraitStdev,TraitTotal
217.14285714285714,1000.0,487.1172161172161,204.50227906765113,414.2857142857143
