TraitMin,TraitMax,TraitAvg,TraitStdev,TraitTotal
240.0,800.0,455.0,161.16761461286197,413.3333333333333
