TimeMin,TimeMax,TimeAvg,TimeStdev,TimeTotal
760.0,5640.0,2150.769230769231,1392.918692963484,27960.0
