TraitMin,TraitMax,TraitAvg,TraitStdev,TraitTotal
265.0,880.0,431.67934446505876,167.29393163570364,404.05797101449275
