SentiMin,SentiMax,SentiAvg,SentiStdev,Senti0-0.20,Senti0.21-0.40,Senti0.41-0.60,Senti0.61-0.80,Senti0.81-1.00,SentiTotal
0.0036497480775906734,0.9806089333109077,0.4314101943970388,0.31561191442423575,3.0,5.0,4.0,0.0,3.0,4.238909458227769E-4