TraitMin,TraitMax,TraitAvg,TraitStdev,TraitTotal
248.0,1000.0,519.7777777777778,226.52795319837884,417.43589743589746
