TraitMin,TraitMax,TraitAvg,TraitStdev,TraitTotal
195.55555555555554,424.0,292.1111111111111,78.23352585625446,290.7692307692308
