SentiMin,SentiMax,SentiAvg,SentiStdev,Senti0-0.20,Senti0.21-0.40,Senti0.41-0.60,Senti0.61-0.80,Senti0.81-1.00,SentiTotal
2.447795638982693E-6,0.9611958417475951,0.26445702159206613,0.23543443453422355,11.0,5.0,6.0,0.0,1.0,2.544670344874326E-22