SentiMin,SentiMax,SentiAvg,SentiStdev,Senti0-0.20,Senti0.21-0.40,Senti0.41-0.60,Senti0.61-0.80,Senti0.81-1.00,SentiTotal
0.0010947099556276498,0.8109120482683584,0.2661524122833242,0.25630817568376496,5.0,2.0,2.0,0.0,1.0,3.1679779843089043E-9