TraitMin,TraitMax,TraitAvg,TraitStdev,TraitTotal
248.0,1160.0,598.1818181818181,285.4297615181896,456.0
