TraitMin,TraitMax,TraitAvg,TraitStdev,TraitTotal
240.0,1000.0,525.8181818181819,223.01317457284412,400.0
