SentiMin,SentiMax,SentiAvg,SentiStdev,Senti0-0.20,Senti0.21-0.40,Senti0.41-0.60,Senti0.61-0.80,Senti0.81-1.00,SentiTotal
0.003149455246516446,0.5425813081463245,0.12541492543696423,0.1795603933375654,6.0,1.0,1.0,0.0,0.0,5.9820725818376285E-12