TimeMin,TimeMax,TimeAvg,TimeStdev,TimeTotal
600.0,3160.0,1356.6666666666667,707.0046361627026,16280.0
