TimeMin,TimeMax,TimeAvg,TimeStdev,TimeTotal
560.0,3160.0,1784.6153846153845,832.9430249664359,23200.0
