SentiMin,SentiMax,SentiAvg,SentiStdev,Senti0-0.20,Senti0.21-0.40,Senti0.41-0.60,Senti0.61-0.80,Senti0.81-1.00,SentiTotal
0.0016068502949106252,0.9002965289389152,0.18506794847946648,0.263000634019048,11.0,0.0,2.0,0.0,1.0,7.069655851619807E-16