TraitMin,TraitMax,TraitAvg,TraitStdev,TraitTotal
200.0,560.0,374.73333333333335,132.12997902832154,291.57894736842104
