SentiMin,SentiMax,SentiAvg,SentiStdev,Senti0-0.20,Senti0.21-0.40,Senti0.41-0.60,Senti0.61-0.80,Senti0.81-1.00,SentiTotal
1.5312805354102032E-4,0.5159436667231726,0.2364306746693431,0.1927897218051915,5.0,4.0,3.0,0.0,0.0,1.9106257166788477E-13