TraitMin,TraitMax,TraitAvg,TraitStdev,TraitTotal
186.66666666666666,660.0,424.8666666666666,122.56011676814862,375.0
