TraitMin,TraitMax,TraitAvg,TraitStdev,TraitTotal
280.0,1240.0,649.7435897435897,246.72369936110715,522.6666666666666
