TimeMin,TimeMax,TimeAvg,TimeStdev,TimeTotal
400.0,2240.0,1130.909090909091,651.2848077657319,12440.0
