TraitMin,TraitMax,TraitAvg,TraitStdev,TraitTotal
176.0,820.0,407.4435723007152,194.48778682724242,375.2112676056338
