SentiMin,SentiMax,SentiAvg,SentiStdev,Senti0-0.20,Senti0.21-0.40,Senti0.41-0.60,Senti0.61-0.80,Senti0.81-1.00,SentiTotal
0.006579768692287139,0.6921459309296395,0.28161715902357165,0.24821576991469999,5.0,3.0,2.0,2.0,0.0,1.4804971618700638E-9