TraitMin,TraitMax,TraitAvg,TraitStdev,TraitTotal
256.0,680.0,426.9610389610389,117.84554985736209,355.42857142857144
