TraitMin,TraitMax,TraitAvg,TraitStdev,TraitTotal
210.0,1340.0,501.531746031746,314.42008300861346,367.21311475409834
