SentiMin,SentiMax,SentiAvg,SentiStdev,Senti0-0.20,Senti0.21-0.40,Senti0.41-0.60,Senti0.61-0.80,Senti0.81-1.00,SentiTotal
0.036386344993068205,0.14129420179984864,0.08884027339645842,0.052453928403390214,2.0,0.0,0.0,0.0,0.0,0.00622679057566177