SentiMin,SentiMax,SentiAvg,SentiStdev,Senti0-0.20,Senti0.21-0.40,Senti0.41-0.60,Senti0.61-0.80,Senti0.81-1.00,SentiTotal
0.00998548619678647,0.9611958417475951,0.291713641467466,0.2721342153601717,5.0,2.0,2.0,0.0,1.0,4.813616365736857E-6