SentiMin,SentiMax,SentiAvg,SentiStdev,Senti0-0.20,Senti0.21-0.40,Senti0.41-0.60,Senti0.61-0.80,Senti0.81-1.00,SentiTotal
0.0016985080804692067,0.5318834537628724,0.19374911933976033,0.16930988836822275,5.0,4.0,1.0,0.0,0.0,1.7374541022938325E-10