SentiMin,SentiMax,SentiAvg,SentiStdev,Senti0-0.20,Senti0.21-0.40,Senti0.41-0.60,Senti0.61-0.80,Senti0.81-1.00,SentiTotal
1.9222803482211242E-5,0.4801180056153849,0.3240060890094348,0.13517250313209306,1.0,7.0,3.0,0.0,0.0,2.7891224567736227E-8