TimeMin,TimeMax,TimeAvg,TimeStdev,TimeTotal
480.0,3040.0,981.8181818181819,682.7460353310962,10800.0
