TimeMin,TimeMax,TimeAvg,TimeStdev,TimeTotal
520.0,3560.0,1406.6666666666667,792.0998814683803,16880.0
