TimeMin,TimeMax,TimeAvg,TimeStdev,TimeTotal
520.0,3920.0,1909.3333333333333,905.0338238000954,28640.0
