SentiMin,SentiMax,SentiAvg,SentiStdev,Senti0-0.20,Senti0.21-0.40,Senti0.41-0.60,Senti0.61-0.80,Senti0.81-1.00,SentiTotal
6.201771657425027E-4,0.5318834537628724,0.19957902429292199,0.16609452302764066,8.0,2.0,2.0,0.0,0.0,2.53987504576335E-11