SentiMin,SentiMax,SentiAvg,SentiStdev,Senti0-0.20,Senti0.21-0.40,Senti0.41-0.60,Senti0.61-0.80,Senti0.81-1.00,SentiTotal
3.5521203942287207E-4,0.9611958417475951,0.32219741449095735,0.3337828645222479,6.0,3.0,0.0,1.0,2.0,4.228140620051655E-8