SentiMin,SentiMax,SentiAvg,SentiStdev,Senti0-0.20,Senti0.21-0.40,Senti0.41-0.60,Senti0.61-0.80,Senti0.81-1.00,SentiTotal
0.009243831486257924,0.49789225920557484,0.31129613341927337,0.12457146000834289,1.0,10.0,2.0,0.0,0.0,2.0945832949633115E-6