TraitMin,TraitMax,TraitAvg,TraitStdev,TraitTotal
200.0,640.0,354.0952380952381,139.2348380831982,300.0
