TraitMin,TraitMax,TraitAvg,TraitStdev,TraitTotal
232.0,1200.0,701.436507936508,281.4810615200551,522.7586206896551
