TraitMin,TraitMax,TraitAvg,TraitStdev,TraitTotal
160.0,1000.0,547.9063360881543,315.3925877751389,357.6470588235294
