TraitMin,TraitMax,TraitAvg,TraitStdev,TraitTotal
260.0,1000.0,582.6666666666666,288.81674312807957,440.0
