SentiMin,SentiMax,SentiAvg,SentiStdev,Senti0-0.20,Senti0.21-0.40,Senti0.41-0.60,Senti0.61-0.80,Senti0.81-1.00,SentiTotal
0.07653457571163873,0.49789225920557484,0.30901269957599964,0.13483823920630217,2.0,7.0,2.0,0.0,0.0,3.901014202208326E-5