SentiMin,SentiMax,SentiAvg,SentiStdev,Senti0-0.20,Senti0.21-0.40,Senti0.41-0.60,Senti0.61-0.80,Senti0.81-1.00,SentiTotal
0.25757335461190173,0.989827721502557,0.5218686497058572,0.3318215533618711,0.0,2.0,0.0,0.0,1.0,0.9412586138643155