TimeMin,TimeMax,TimeAvg,TimeStdev,TimeTotal
720.0,2440.0,1263.3333333333333,485.64962221292376,15160.0
