TraitMin,TraitMax,TraitAvg,TraitStdev,TraitTotal
192.72727272727272,1000.0,568.7878787878788,319.276759598107,353.04347826086956
