TimeMin,TimeMax,TimeAvg,TimeStdev,TimeTotal
440.0,2080.0,1141.5384615384614,462.3991973949342,14840.0
