SentiMin,SentiMax,SentiAvg,SentiStdev,Senti0-0.20,Senti0.21-0.40,Senti0.41-0.60,Senti0.61-0.80,Senti0.81-1.00,SentiTotal
0.012770845133657565,0.4913448728446588,0.20013548065995057,0.16192537340404672,8.0,4.0,1.0,0.0,0.0,6.743759546878628E-13