SentiMin,SentiMax,SentiAvg,SentiStdev,Senti0-0.20,Senti0.21-0.40,Senti0.41-0.60,Senti0.61-0.80,Senti0.81-1.00,SentiTotal
0.3204653271420307,0.5811271525725181,0.454785048117652,0.06891235283487063,0.0,5.0,7.0,0.0,0.0,0.15078267390139666