TraitMin,TraitMax,TraitAvg,TraitStdev,TraitTotal
185.45454545454547,1000.0,561.2554112554113,380.75445960490526,295.29411764705884
