TimeMin,TimeMax,TimeAvg,TimeStdev,TimeTotal
1000.0,2120.0,1353.3333333333333,398.94304801005813,8120.0
