TraitMin,TraitMax,TraitAvg,TraitStdev,TraitTotal
208.0,1080.0,500.53846153846155,324.36234720046315,344.72727272727275
