TimeMin,TimeMax,TimeAvg,TimeStdev,TimeTotal
1000.0,2160.0,1434.2857142857142,459.7781186260901,10040.0
