TraitMin,TraitMax,TraitAvg,TraitStdev,TraitTotal
177.14285714285714,800.0,466.52279093455564,181.87981778531156,463.44827586206895
