TraitMin,TraitMax,TraitAvg,TraitStdev,TraitTotal
166.66666666666666,520.0,402.3333333333333,138.97521761490827,401.6666666666667
