SentiMin,SentiMax,SentiAvg,SentiStdev,Senti0-0.20,Senti0.21-0.40,Senti0.41-0.60,Senti0.61-0.80,Senti0.81-1.00,SentiTotal
0.0030426049386294922,0.39697510199130176,0.19478748099282026,0.13554996930471752,9.0,7.0,0.0,0.0,0.0,1.8684057103063605E-14