SentiMin,SentiMax,SentiAvg,SentiStdev,Senti0-0.20,Senti0.21-0.40,Senti0.41-0.60,Senti0.61-0.80,Senti0.81-1.00,SentiTotal
1.7647084006702415E-5,0.6242094968955547,0.3012422870189792,0.26524074742468384,2.0,0.0,1.0,1.0,0.0,2.693008897080286E-6