TraitMin,TraitMax,TraitAvg,TraitStdev,TraitTotal
160.0,680.0,416.5641025641026,158.24806797893743,396.0975609756098
