TimeMin,TimeMax,TimeAvg,TimeStdev,TimeTotal
600.0,4080.0,1626.6666666666667,1066.9999479329363,19520.0
