TraitMin,TraitMax,TraitAvg,TraitStdev,TraitTotal
200.0,1120.0,462.7222222222222,286.32673104965284,390.4
