SentiMin,SentiMax,SentiAvg,SentiStdev,Senti0-0.20,Senti0.21-0.40,Senti0.41-0.60,Senti0.61-0.80,Senti0.81-1.00,SentiTotal
0.10555750904226943,0.7357695023736214,0.346046600318888,0.1638460071295978,3.0,5.0,3.0,1.0,0.0,3.1927573751300753E-4