TraitMin,TraitMax,TraitAvg,TraitStdev,TraitTotal
210.0,680.0,358.1895604395604,150.7751438517261,340.72289156626505
