SentiMin,SentiMax,SentiAvg,SentiStdev,Senti0-0.20,Senti0.21-0.40,Senti0.41-0.60,Senti0.61-0.80,Senti0.81-1.00,SentiTotal
0.009137292249219518,0.5644622491391198,0.19665710608322362,0.19315991677910194,7.0,2.0,2.0,0.0,0.0,5.750386390110889E-11