SentiMin,SentiMax,SentiAvg,SentiStdev,Senti0-0.20,Senti0.21-0.40,Senti0.41-0.60,Senti0.61-0.80,Senti0.81-1.00,SentiTotal
6.163348589920168E-4,0.622794323646955,0.15578834391346444,0.17377675136755133,10.0,5.0,0.0,1.0,0.0,2.1857937189968665E-20