TraitMin,TraitMax,TraitAvg,TraitStdev,TraitTotal
240.0,680.0,403.0681818181818,152.87568602883806,341.48148148148147
