TimeMin,TimeMax,TimeAvg,TimeStdev,TimeTotal
560.0,3720.0,1536.6666666666667,1067.0155679380794,18440.0
