SentiMin,SentiMax,SentiAvg,SentiStdev,Senti0-0.20,Senti0.21-0.40,Senti0.41-0.60,Senti0.61-0.80,Senti0.81-1.00,SentiTotal
0.008327579305854564,0.9611958417475951,0.3678560837277037,0.2950335894704532,4.0,3.0,3.0,0.0,2.0,5.135840118334037E-5