TraitMin,TraitMax,TraitAvg,TraitStdev,TraitTotal
200.0,720.0,401.51927437641723,174.13594623112095,334.11764705882354
