SentiMin,SentiMax,SentiAvg,SentiStdev,Senti0-0.20,Senti0.21-0.40,Senti0.41-0.60,Senti0.61-0.80,Senti0.81-1.00,SentiTotal
1.4235629006122975E-5,0.2794653930830212,0.11603396948843292,0.11593077068040425,4.0,2.0,0.0,0.0,0.0,1.2278659926950837E-11