TimeMin,TimeMax,TimeAvg,TimeStdev,TimeTotal
400.0,3760.0,1812.3076923076924,1302.1529736800915,23560.0
