TimeMin,TimeMax,TimeAvg,TimeStdev,TimeTotal
400.0,2320.0,966.6666666666666,532.6245289966365,11600.0
