TraitMin,TraitMax,TraitAvg,TraitStdev,TraitTotal
266.6666666666667,680.0,428.659829059829,135.50931410773796,395.47169811320754
