TraitMin,TraitMax,TraitAvg,TraitStdev,TraitTotal
200.0,640.0,370.5555555555555,120.75252725929248,341.1764705882353
