TraitMin,TraitMax,TraitAvg,TraitStdev,TraitTotal
190.0,1280.0,381.4603937728937,259.956180337701,302.22222222222223
