TraitMin,TraitMax,TraitAvg,TraitStdev,TraitTotal
208.0,840.0,525.2222222222223,184.68809208507375,480.0
