SentiMin,SentiMax,SentiAvg,SentiStdev,Senti0-0.20,Senti0.21-0.40,Senti0.41-0.60,Senti0.61-0.80,Senti0.81-1.00,SentiTotal
0.01056561737160783,0.6154093694926001,0.28315287224066127,0.2070909718874764,2.0,3.0,0.0,1.0,0.0,1.463674287068211E-4