SentiMin,SentiMax,SentiAvg,SentiStdev,Senti0-0.20,Senti0.21-0.40,Senti0.41-0.60,Senti0.61-0.80,Senti0.81-1.00,SentiTotal
1.1834572806045887E-5,0.49789225920557484,0.24401267493073034,0.17174195021533709,5.0,5.0,3.0,0.0,0.0,2.909097427002895E-13