TimeMin,TimeMax,TimeAvg,TimeStdev,TimeTotal
600.0,3240.0,1622.857142857143,929.7267538017253,22720.0
