SentiMin,SentiMax,SentiAvg,SentiStdev,Senti0-0.20,Senti0.21-0.40,Senti0.41-0.60,Senti0.61-0.80,Senti0.81-1.00,SentiTotal
2.886308147684027E-4,0.3300674466894417,0.1596824714417664,0.12133152095610407,2.0,2.0,0.0,0.0,0.0,4.414237477176098E-6