TimeMin,TimeMax,TimeAvg,TimeStdev,TimeTotal
760.0,6120.0,2936.6666666666665,1510.272234473713,35240.0
