TraitMin,TraitMax,TraitAvg,TraitStdev,TraitTotal
210.0,960.0,412.10858585858585,198.60519963654312,321.6901408450704
