TraitMin,TraitMax,TraitAvg,TraitStdev,TraitTotal
226.66666666666666,800.0,362.53333333333336,152.23513976010196,327.82608695652175
