TraitMin,TraitMax,TraitAvg,TraitStdev,TraitTotal
178.1818181818182,680.0,343.14002664002663,121.04399879900816,303.6241610738255
