SentiMin,SentiMax,SentiAvg,SentiStdev,Senti0-0.20,Senti0.21-0.40,Senti0.41-0.60,Senti0.61-0.80,Senti0.81-1.00,SentiTotal
1.9115829847991938E-5,0.39697510199130176,0.17935484511127636,0.15431417472307174,5.0,3.0,0.0,0.0,0.0,1.7757106425255603E-11