TraitMin,TraitMax,TraitAvg,TraitStdev,TraitTotal
253.33333333333334,740.0,385.7959183673469,164.60663068782574,326.8965517241379
