TraitMin,TraitMax,TraitAvg,TraitStdev,TraitTotal
240.0,880.0,491.5736961451247,210.58364457440905,378.6666666666667
