SentiMin,SentiMax,SentiAvg,SentiStdev,Senti0-0.20,Senti0.21-0.40,Senti0.41-0.60,Senti0.61-0.80,Senti0.81-1.00,SentiTotal
3.01840439448421E-6,0.5012672915464879,0.1449394080897758,0.15649040391682076,14.0,5.0,1.0,0.0,0.0,5.577023308364889E-32