SentiMin,SentiMax,SentiAvg,SentiStdev,Senti0-0.20,Senti0.21-0.40,Senti0.41-0.60,Senti0.61-0.80,Senti0.81-1.00,SentiTotal
9.766664201528148E-4,0.5220775000744952,0.23842293515739477,0.15652587142277474,3.0,3.0,1.0,0.0,0.0,1.7915373052702827E-6