TraitMin,TraitMax,TraitAvg,TraitStdev,TraitTotal
110.0,920.0,367.7121848739496,215.57988307094925,319.6875
