TraitMin,TraitMax,TraitAvg,TraitStdev,TraitTotal
177.77777777777777,720.0,384.93922127255456,126.01374855495193,336.4102564102564
