TimeMin,TimeMax,TimeAvg,TimeStdev,TimeTotal
400.0,3880.0,1903.3333333333333,1240.1568001220203,22840.0
