TraitMin,TraitMax,TraitAvg,TraitStdev,TraitTotal
160.0,800.0,367.67056530214427,183.3929272759566,364.9438202247191
