SentiMin,SentiMax,SentiAvg,SentiStdev,Senti0-0.20,Senti0.21-0.40,Senti0.41-0.60,Senti0.61-0.80,Senti0.81-1.00,SentiTotal
6.69776296159725E-4,0.901574086394117,0.17910722108716273,0.2513273378225282,8.0,3.0,0.0,0.0,1.0,4.082859851616846E-16