TraitMin,TraitMax,TraitAvg,TraitStdev,TraitTotal
298.94736842105266,640.0,456.9590643274854,132.47848461858618,350.0
