SentiMin,SentiMax,SentiAvg,SentiStdev,Senti0-0.20,Senti0.21-0.40,Senti0.41-0.60,Senti0.61-0.80,Senti0.81-1.00,SentiTotal
1.7804874700301252E-4,0.1933311826096359,0.05491451440397764,0.06284151827162751,7.0,0.0,0.0,0.0,0.0,3.6920309259799217E-13