TimeMin,TimeMax,TimeAvg,TimeStdev,TimeTotal
600.0,4000.0,1622.857142857143,1104.3513194335821,11360.0
