TraitMin,TraitMax,TraitAvg,TraitStdev,TraitTotal
210.0,586.6666666666666,353.54668479668476,103.21667546395192,342.13592233009706
