TraitMin,TraitMax,TraitAvg,TraitStdev,TraitTotal
250.0,520.0,397.33333333333337,100.04054733512363,370.2857142857143
