SentiMin,SentiMax,SentiAvg,SentiStdev,Senti0-0.20,Senti0.21-0.40,Senti0.41-0.60,Senti0.61-0.80,Senti0.81-1.00,SentiTotal
0.0010670454637681367,0.9197255528162496,0.2127179574739905,0.2750769354697139,7.0,2.0,0.0,0.0,1.0,1.0045295013289996E-11