SentiMin,SentiMax,SentiAvg,SentiStdev,Senti0-0.20,Senti0.21-0.40,Senti0.41-0.60,Senti0.61-0.80,Senti0.81-1.00,SentiTotal
1.0133260367693923E-5,0.39697510199130176,0.1863461168711642,0.15768890395021865,10.0,8.0,0.0,0.0,0.0,3.5032790090512276E-22