TimeMin,TimeMax,TimeAvg,TimeStdev,TimeTotal
400.0,3840.0,1742.857142857143,1170.6617699369176,12200.0
