TraitMin,TraitMax,TraitAvg,TraitStdev,TraitTotal
177.77777777777777,480.0,334.21315192743765,93.56783244861285,290.4761904761905
