TimeMin,TimeMax,TimeAvg,TimeStdev,TimeTotal
480.0,9480.0,2165.3333333333335,2455.3991302614913,32480.0
