SentiMin,SentiMax,SentiAvg,SentiStdev,Senti0-0.20,Senti0.21-0.40,Senti0.41-0.60,Senti0.61-0.80,Senti0.81-1.00,SentiTotal
1.7090224931189216E-8,0.5628056929000496,0.12171424491348844,0.18434119983077873,13.0,1.0,2.0,0.0,0.0,2.0994559947270085E-38