SentiMin,SentiMax,SentiAvg,SentiStdev,Senti0-0.20,Senti0.21-0.40,Senti0.41-0.60,Senti0.61-0.80,Senti0.81-1.00,SentiTotal
8.389101519997255E-5,0.8344479060995993,0.25195513234496597,0.2628225028907008,6.0,2.0,3.0,0.0,1.0,1.3367329268680116E-16