TimeMin,TimeMax,TimeAvg,TimeStdev,TimeTotal
720.0,2720.0,1354.2857142857142,678.9668021099021,9480.0
