TraitMin,TraitMax,TraitAvg,TraitStdev,TraitTotal
473.84615384615387,473.84615384615387,473.84615384615387,0.0,473.84615384615387
