TraitMin,TraitMax,TraitAvg,TraitStdev,TraitTotal
226.66666666666666,680.0,396.6544818728407,140.59548270453956,390.11764705882354
