TimeMin,TimeMax,TimeAvg,TimeStdev,TimeTotal
840.0,12680.0,4765.714285714285,3544.165656975085,33360.0
