TraitMin,TraitMax,TraitAvg,TraitStdev,TraitTotal
268.14814814814815,800.0,437.92258423837376,149.10115879924066,363.1858407079646
