SentiMin,SentiMax,SentiAvg,SentiStdev,Senti0-0.20,Senti0.21-0.40,Senti0.41-0.60,Senti0.61-0.80,Senti0.81-1.00,SentiTotal
3.145782427390524E-9,1.2123416639300408E-7,6.21899744101973E-8,5.904419198280678E-8,2.0,0.0,0.0,0.0,0.0,3.846053394155256E-16