SentiMin,SentiMax,SentiAvg,SentiStdev,Senti0-0.20,Senti0.21-0.40,Senti0.41-0.60,Senti0.61-0.80,Senti0.81-1.00,SentiTotal
1.0679703904343828E-4,0.43796879524747484,0.2201721379969898,0.17183848988132544,3.0,1.0,1.0,0.0,0.0,1.1361190322518227E-6