TraitMin,TraitMax,TraitAvg,TraitStdev,TraitTotal
213.33333333333334,680.0,350.7951879699248,122.45897212610362,319.72972972972974
