SentiMin,SentiMax,SentiAvg,SentiStdev,Senti0-0.20,Senti0.21-0.40,Senti0.41-0.60,Senti0.61-0.80,Senti0.81-1.00,SentiTotal
4.831056228464571E-12,0.39697510199130176,0.08100499435582835,0.12516831615457424,8.0,1.0,0.0,0.0,0.0,5.172803307193148E-30