SentiMin,SentiMax,SentiAvg,SentiStdev,Senti0-0.20,Senti0.21-0.40,Senti0.41-0.60,Senti0.61-0.80,Senti0.81-1.00,SentiTotal
5.0925033874059E-5,0.47371072416927557,0.16772286997684727,0.19346490497927377,5.0,2.0,1.0,0.0,0.0,5.917749183546349E-16