TraitMin,TraitMax,TraitAvg,TraitStdev,TraitTotal
200.0,520.0,346.9949494949495,97.35491731555118,353.14285714285717
