TraitMin,TraitMax,TraitAvg,TraitStdev,TraitTotal
177.77777777777777,500.0,340.6666666666667,126.93849973924138,292.3809523809524
