TraitMin,TraitMax,TraitAvg,TraitStdev,TraitTotal
346.6666666666667,388.8,367.73333333333335,21.066666666666663,369.5652173913044
