SentiMin,SentiMax,SentiAvg,SentiStdev,Senti0-0.20,Senti0.21-0.40,Senti0.41-0.60,Senti0.61-0.80,Senti0.81-1.00,SentiTotal
1.2690698140583571E-5,0.2836877314068293,0.09809522389859145,0.09920255581609556,5.0,1.0,0.0,0.0,0.0,1.7757106425255603E-11