TraitMin,TraitMax,TraitAvg,TraitStdev,TraitTotal
210.0,469.6296296296296,352.71753145702723,94.29927768674153,374.8314606741573
