SentiMin,SentiMax,SentiAvg,SentiStdev,Senti0-0.20,Senti0.21-0.40,Senti0.41-0.60,Senti0.61-0.80,Senti0.81-1.00,SentiTotal
4.221651647892972E-6,0.9197255528162496,0.21763402592502537,0.31449381307776864,5.0,1.0,0.0,0.0,1.0,6.2335029166132425E-12