TimeMin,TimeMax,TimeAvg,TimeStdev,TimeTotal
800.0,5240.0,2211.4285714285716,1430.2390266907792,15480.0
