SentiMin,SentiMax,SentiAvg,SentiStdev,Senti0-0.20,Senti0.21-0.40,Senti0.41-0.60,Senti0.61-0.80,Senti0.81-1.00,SentiTotal
1.7510948368093908E-4,0.5220775000744952,0.2331116960394836,0.19010531214917006,2.0,2.0,1.0,0.0,0.0,1.7915373052702827E-6