TraitMin,TraitMax,TraitAvg,TraitStdev,TraitTotal
320.0,800.0,402.7857142857143,162.7908072919829,344.0
