SentiMin,SentiMax,SentiAvg,SentiStdev,Senti0-0.20,Senti0.21-0.40,Senti0.41-0.60,Senti0.61-0.80,Senti0.81-1.00,SentiTotal
1.5963558191227473E-4,0.901574086394117,0.15447743826190427,0.30627352264445906,6.0,0.0,0.0,0.0,1.0,9.898411517161366E-13