TraitMin,TraitMax,TraitAvg,TraitStdev,TraitTotal
303.3333333333333,880.0,536.2222222222223,195.84776148583455,408.2758620689655
