SentiMin,SentiMax,SentiAvg,SentiStdev,Senti0-0.20,Senti0.21-0.40,Senti0.41-0.60,Senti0.61-0.80,Senti0.81-1.00,SentiTotal
2.2186730217029725E-8,0.39697510199130176,0.05796583879858995,0.125255953780008,9.0,1.0,0.0,0.0,0.0,1.959396006908195E-37