TraitMin,TraitMax,TraitAvg,TraitStdev,TraitTotal
203.33333333333334,1480.0,585.3777777777779,372.1936944291769,386.9387755102041
