TraitMin,TraitMax,TraitAvg,TraitStdev,TraitTotal
312.0,1600.0,796.0,460.8117062005137,550.5882352941177
