TimeMin,TimeMax,TimeAvg,TimeStdev,TimeTotal
440.0,2280.0,1337.142857142857,537.8718457485757,9360.0
