TimeMin,TimeMax,TimeAvg,TimeStdev,TimeTotal
640.0,2320.0,1313.3333333333333,558.7684871413404,7880.0
