SentiMin,SentiMax,SentiAvg,SentiStdev,Senti0-0.20,Senti0.21-0.40,Senti0.41-0.60,Senti0.61-0.80,Senti0.81-1.00,SentiTotal
1.230323876075126E-4,0.39697510199130176,0.18721036089757281,0.14406351652957664,2.0,2.0,0.0,0.0,0.0,3.5635038325234843E-6