SentiMin,SentiMax,SentiAvg,SentiStdev,Senti0-0.20,Senti0.21-0.40,Senti0.41-0.60,Senti0.61-0.80,Senti0.81-1.00,SentiTotal
0.02106292845460328,0.49362403745253725,0.28942110691274453,0.17348137828036733,2.0,3.0,1.0,0.0,0.0,4.6507908002805593E-4