SentiMin,SentiMax,SentiAvg,SentiStdev,Senti0-0.20,Senti0.21-0.40,Senti0.41-0.60,Senti0.61-0.80,Senti0.81-1.00,SentiTotal
0.0014374994608123371,0.39697510199130176,0.1648279678270836,0.15475551129586554,7.0,5.0,0.0,0.0,0.0,7.325430764790554E-14