TraitMin,TraitMax,TraitAvg,TraitStdev,TraitTotal
386.6666666666667,1000.0,766.6666666666666,255.3429066960741,640.0
