SentiMin,SentiMax,SentiAvg,SentiStdev,Senti0-0.20,Senti0.21-0.40,Senti0.41-0.60,Senti0.61-0.80,Senti0.81-1.00,SentiTotal
5.770585811222837E-5,0.49789225920557484,0.1372564584619017,0.18607560335207415,9.0,1.0,2.0,0.0,0.0,3.401426143726243E-19