SentiMin,SentiMax,SentiAvg,SentiStdev,Senti0-0.20,Senti0.21-0.40,Senti0.41-0.60,Senti0.61-0.80,Senti0.81-1.00,SentiTotal
0.0011603431963075966,0.7022170640874523,0.2596843214047799,0.22168949671104413,4.0,4.0,1.0,1.0,0.0,2.496919975161614E-9