TimeMin,TimeMax,TimeAvg,TimeStdev,TimeTotal
400.0,2360.0,1286.1538461538462,569.5550012143551,16720.0
