TraitMin,TraitMax,TraitAvg,TraitStdev,TraitTotal
146.66666666666666,1000.0,465.7354497354497,260.6174105355995,328.2758620689655
