TraitMin,TraitMax,TraitAvg,TraitStdev,TraitTotal
260.0,1400.0,772.4,413.6566692318643,551.304347826087
