TimeMin,TimeMax,TimeAvg,TimeStdev,TimeTotal
520.0,3920.0,1386.6666666666667,946.9483149101175,24960.0
