SentiMin,SentiMax,SentiAvg,SentiStdev,Senti0-0.20,Senti0.21-0.40,Senti0.41-0.60,Senti0.61-0.80,Senti0.81-1.00,SentiTotal
0.006281722689516,0.21921412548362115,0.12906532139158536,0.07229852079576961,5.0,1.0,0.0,0.0,0.0,2.576948864534953E-7