TraitMin,TraitMax,TraitAvg,TraitStdev,TraitTotal
413.3333333333333,1000.0,673.3333333333334,217.86846184490923,644.0
