TraitMin,TraitMax,TraitAvg,TraitStdev,TraitTotal
240.0,1720.0,592.2222222222222,415.07765380643986,418.0
