SentiMin,SentiMax,SentiAvg,SentiStdev,Senti0-0.20,Senti0.21-0.40,Senti0.41-0.60,Senti0.61-0.80,Senti0.81-1.00,SentiTotal
0.015030089588273081,0.5495922250151081,0.29570390867800567,0.15709348249594696,3.0,4.0,2.0,0.0,0.0,3.462607291306751E-5