SentiMin,SentiMax,SentiAvg,SentiStdev,Senti0-0.20,Senti0.21-0.40,Senti0.41-0.60,Senti0.61-0.80,Senti0.81-1.00,SentiTotal
0.020961396675082018,0.43796879524747484,0.22794799349711384,0.1676569459120087,2.0,2.0,2.0,0.0,0.0,3.778079877093424E-5