SentiMin,SentiMax,SentiAvg,SentiStdev,Senti0-0.20,Senti0.21-0.40,Senti0.41-0.60,Senti0.61-0.80,Senti0.81-1.00,SentiTotal
0.013919303780393646,0.49789225920557484,0.3033824984907237,0.14620604062341616,2.0,4.0,3.0,0.0,0.0,7.005664742179745E-8