SentiMin,SentiMax,SentiAvg,SentiStdev,Senti0-0.20,Senti0.21-0.40,Senti0.41-0.60,Senti0.61-0.80,Senti0.81-1.00,SentiTotal
0.0030041670901467168,0.5306566474435667,0.23062504046940926,0.1858112680208492,9.0,5.0,4.0,0.0,0.0,7.26433611928926E-16