TraitMin,TraitMax,TraitAvg,TraitStdev,TraitTotal
220.0,1000.0,489.11111111111114,250.4164432734568,372.72727272727275
