TraitMin,TraitMax,TraitAvg,TraitStdev,TraitTotal
260.0,1200.0,706.6666666666666,320.41639575194444,621.5384615384615
