TraitMin,TraitMax,TraitAvg,TraitStdev,TraitTotal
180.0,760.0,338.16666666666663,165.15052056970467,269.4736842105263
