TraitMin,TraitMax,TraitAvg,TraitStdev,TraitTotal
137.14285714285714,1000.0,650.7301587301587,293.3038671381714,453.3333333333333
