TraitMin,TraitMax,TraitAvg,TraitStdev,TraitTotal
216.0,680.0,419.7333333333334,152.78487417862337,350.0
