TraitMin,TraitMax,TraitAvg,TraitStdev,TraitTotal
160.0,493.3333333333333,318.77777777777777,114.48462077965637,315.2
