TraitMin,TraitMax,TraitAvg,TraitStdev,TraitTotal
320.0,1000.0,651.5555555555555,257.8390731722425,536.4705882352941
