TimeMin,TimeMax,TimeAvg,TimeStdev,TimeTotal
360.0,2400.0,1057.7777777777778,428.1686525911588,19040.0
