TimeMin,TimeMax,TimeAvg,TimeStdev,TimeTotal
400.0,1440.0,897.7777777777778,326.6591080002304,8080.0
