TraitMin,TraitMax,TraitAvg,TraitStdev,TraitTotal
133.33333333333334,600.0,338.6397306397306,115.4914886010245,312.0
