SentiMin,SentiMax,SentiAvg,SentiStdev,Senti0-0.20,Senti0.21-0.40,Senti0.41-0.60,Senti0.61-0.80,Senti0.81-1.00,SentiTotal
2.030321311033958E-6,0.49789225920557484,0.31311633402145084,0.19833535926970083,2.0,3.0,3.0,0.0,0.0,1.5227593163837664E-9