TimeMin,TimeMax,TimeAvg,TimeStdev,TimeTotal
560.0,2400.0,1366.6666666666667,568.2331289962675,8200.0
