TraitMin,TraitMax,TraitAvg,TraitStdev,TraitTotal
260.0,760.0,450.0,202.23748416156684,330.6666666666667
