SentiMin,SentiMax,SentiAvg,SentiStdev,Senti0-0.20,Senti0.21-0.40,Senti0.41-0.60,Senti0.61-0.80,Senti0.81-1.00,SentiTotal
0.013919303780393646,0.21921412548362115,0.1521216243627316,0.07878478950001591,3.0,2.0,0.0,0.0,0.0,3.5846990122975886E-5