TraitMin,TraitMax,TraitAvg,TraitStdev,TraitTotal
144.0,1440.0,498.93650793650795,389.92125071433253,316.0
