TraitMin,TraitMax,TraitAvg,TraitStdev,TraitTotal
200.0,960.0,418.6759259259259,225.49402763405564,364.0
