TimeMin,TimeMax,TimeAvg,TimeStdev,TimeTotal
520.0,1880.0,1146.6666666666667,357.8950808391879,13760.0
