SentiMin,SentiMax,SentiAvg,SentiStdev,Senti0-0.20,Senti0.21-0.40,Senti0.41-0.60,Senti0.61-0.80,Senti0.81-1.00,SentiTotal
0.25757335461190173,0.44758192259577423,0.36664173643503734,0.0589022211321606,0.0,5.0,1.0,0.0,0.0,0.035643830319688395