SentiMin,SentiMax,SentiAvg,SentiStdev,Senti0-0.20,Senti0.21-0.40,Senti0.41-0.60,Senti0.61-0.80,Senti0.81-1.00,SentiTotal
3.331587383951623E-4,0.6921459309296395,0.2597831706969395,0.2170853331384041,5.0,5.0,1.0,1.0,0.0,6.1405135263226635E-12