TraitMin,TraitMax,TraitAvg,TraitStdev,TraitTotal
210.0,960.0,425.5820105820106,167.52603882664698,389.8305084745763
