SentiMin,SentiMax,SentiAvg,SentiStdev,Senti0-0.20,Senti0.21-0.40,Senti0.41-0.60,Senti0.61-0.80,Senti0.81-1.00,SentiTotal
8.696944073438444E-5,0.5159436667231726,0.17337670316235268,0.1849594465887198,7.0,3.0,2.0,0.0,0.0,3.698236947383544E-15