TraitMin,TraitMax,TraitAvg,TraitStdev,TraitTotal
194.28571428571428,1000.0,431.8503401360544,240.9304491491782,351.35135135135135
