SentiMin,SentiMax,SentiAvg,SentiStdev,Senti0-0.20,Senti0.21-0.40,Senti0.41-0.60,Senti0.61-0.80,Senti0.81-1.00,SentiTotal
0.0014834928258703663,0.4737554465528978,0.2600621314422393,0.14568100705927817,5.0,8.0,1.0,0.0,0.0,2.2002480552918532E-10