TraitMin,TraitMax,TraitAvg,TraitStdev,TraitTotal
200.0,800.0,402.5714285714286,169.91670628525594,335.0
