TimeMin,TimeMax,TimeAvg,TimeStdev,TimeTotal
840.0,2280.0,1223.3333333333333,393.4321909667394,14680.0
