SentiMin,SentiMax,SentiAvg,SentiStdev,Senti0-0.20,Senti0.21-0.40,Senti0.41-0.60,Senti0.61-0.80,Senti0.81-1.00,SentiTotal
0.05934480829202972,0.5950256399606813,0.2749290162233526,0.14615648370970205,4.0,7.0,2.0,0.0,0.0,1.5783977593884636E-7