TimeMin,TimeMax,TimeAvg,TimeStdev,TimeTotal
960.0,1000.0,986.6666666666666,18.856180831641264,2960.0
