TraitMin,TraitMax,TraitAvg,TraitStdev,TraitTotal
333.3333333333333,1000.0,604.4444444444445,286.0372072836282,493.3333333333333
