TraitMin,TraitMax,TraitAvg,TraitStdev,TraitTotal
216.0,1000.0,366.7830687830688,185.035223090223,308.641975308642
