SentiMin,SentiMax,SentiAvg,SentiStdev,Senti0-0.20,Senti0.21-0.40,Senti0.41-0.60,Senti0.61-0.80,Senti0.81-1.00,SentiTotal
0.35037246870997213,0.49789225920557484,0.4355632340783739,0.06456367671786567,0.0,2.0,3.0,0.0,0.0,0.21616460336575932