SentiMin,SentiMax,SentiAvg,SentiStdev,Senti0-0.20,Senti0.21-0.40,Senti0.41-0.60,Senti0.61-0.80,Senti0.81-1.00,SentiTotal
8.918676483728746E-4,0.48439634580644964,0.1769868990822363,0.1451411123953284,12.0,4.0,2.0,0.0,0.0,1.1975942913457577E-17