TimeMin,TimeMax,TimeAvg,TimeStdev,TimeTotal
800.0,2920.0,1277.7777777777778,535.2419552102432,23000.0
