SentiMin,SentiMax,SentiAvg,SentiStdev,Senti0-0.20,Senti0.21-0.40,Senti0.41-0.60,Senti0.61-0.80,Senti0.81-1.00,SentiTotal
0.010180989505015777,0.3951691123600869,0.12966199502701653,0.12806113275824074,5.0,2.0,0.0,0.0,0.0,3.468433736157063E-8