TraitMin,TraitMax,TraitAvg,TraitStdev,TraitTotal
466.6666666666667,680.0,565.3333333333333,80.7079784022483,540.0
