TraitMin,TraitMax,TraitAvg,TraitStdev,TraitTotal
256.0,600.0,404.0833333333333,126.82684499391723,390.96774193548384
