TimeMin,TimeMax,TimeAvg,TimeStdev,TimeTotal
760.0,2160.0,1224.6153846153845,399.55004278111466,15920.0
