SentiMin,SentiMax,SentiAvg,SentiStdev,Senti0-0.20,Senti0.21-0.40,Senti0.41-0.60,Senti0.61-0.80,Senti0.81-1.00,SentiTotal
0.0013274280073630078,0.34322267253793753,0.0635932161033507,0.10676448992601702,13.0,2.0,0.0,0.0,0.0,1.4666632603435674E-27