TraitMin,TraitMax,TraitAvg,TraitStdev,TraitTotal
380.0,1580.0,756.6666666666666,399.9027659597046,786.6666666666666
