TraitMin,TraitMax,TraitAvg,TraitStdev,TraitTotal
313.3333333333333,1160.0,487.7948717948718,226.75765664139408,408.20512820512823
