SentiMin,SentiMax,SentiAvg,SentiStdev,Senti0-0.20,Senti0.21-0.40,Senti0.41-0.60,Senti0.61-0.80,Senti0.81-1.00,SentiTotal
0.0032322466902903737,0.6921459309296395,0.28979619188043376,0.2179694364067732,5.0,5.0,1.0,1.0,0.0,7.131957637508677E-9