SentiMin,SentiMax,SentiAvg,SentiStdev,Senti0-0.20,Senti0.21-0.40,Senti0.41-0.60,Senti0.61-0.80,Senti0.81-1.00,SentiTotal
0.12355287427720511,0.49789225920557484,0.29477290444250315,0.15447905782442514,1.0,1.0,1.0,0.0,0.0,0.048252030676933476