TimeMin,TimeMax,TimeAvg,TimeStdev,TimeTotal
600.0,4840.0,1516.6666666666667,1132.7204225030796,18200.0
