SentiMin,SentiMax,SentiAvg,SentiStdev,Senti0-0.20,Senti0.21-0.40,Senti0.41-0.60,Senti0.61-0.80,Senti0.81-1.00,SentiTotal
0.005107214208710373,0.58262708536682,0.280409889247721,0.2076044251028263,4.0,5.0,3.0,0.0,0.0,3.0323287211232597E-9