TimeMin,TimeMax,TimeAvg,TimeStdev,TimeTotal
560.0,2120.0,1268.5714285714287,396.68010038419663,17760.0
