TimeMin,TimeMax,TimeAvg,TimeStdev,TimeTotal
800.0,3440.0,1666.6666666666667,771.722460186015,25000.0
