TraitMin,TraitMax,TraitAvg,TraitStdev,TraitTotal
160.0,960.0,461.4761904761904,203.77176441496775,377.8723404255319
