TraitMin,TraitMax,TraitAvg,TraitStdev,TraitTotal
350.0,936.0,619.3333333333334,214.65217342378708,594.5454545454545
