TraitMin,TraitMax,TraitAvg,TraitStdev,TraitTotal
290.0,1640.0,662.2619047619047,565.7158264168534,408.3333333333333
