SentiMin,SentiMax,SentiAvg,SentiStdev,Senti0-0.20,Senti0.21-0.40,Senti0.41-0.60,Senti0.61-0.80,Senti0.81-1.00,SentiTotal
0.08942865530172303,0.3951691123600869,0.2177373237966458,0.1213128863720698,2.0,2.0,0.0,0.0,0.0,0.0032952957943485767