TimeMin,TimeMax,TimeAvg,TimeStdev,TimeTotal
1000.0,6480.0,3074.285714285714,2238.0020244013385,21520.0
