SentiMin,SentiMax,SentiAvg,SentiStdev,Senti0-0.20,Senti0.21-0.40,Senti0.41-0.60,Senti0.61-0.80,Senti0.81-1.00,SentiTotal
0.007071700574030039,0.46364466503952073,0.14139591820767486,0.15938995874937234,5.0,1.0,1.0,0.0,0.0,4.719656626021064E-10