SentiMin,SentiMax,SentiAvg,SentiStdev,Senti0-0.20,Senti0.21-0.40,Senti0.41-0.60,Senti0.61-0.80,Senti0.81-1.00,SentiTotal
0.033463974202287174,0.5318834537628724,0.22054601279281413,0.1917271650931264,4.0,1.0,2.0,0.0,0.0,5.365393470209945E-6