TraitMin,TraitMax,TraitAvg,TraitStdev,TraitTotal
226.66666666666666,960.0,441.0308441558442,217.6892862462513,342.4
