TimeMin,TimeMax,TimeAvg,TimeStdev,TimeTotal
920.0,7160.0,3066.6666666666665,2895.575168348347,9200.0
