TimeMin,TimeMax,TimeAvg,TimeStdev,TimeTotal
920.0,7840.0,2805.714285714286,2294.58279521172,19640.0
