SentiMin,SentiMax,SentiAvg,SentiStdev,Senti0-0.20,Senti0.21-0.40,Senti0.41-0.60,Senti0.61-0.80,Senti0.81-1.00,SentiTotal
0.0024301082671850647,0.5318834537628724,0.19246117129254262,0.18703157342096574,6.0,3.0,1.0,0.0,0.0,1.572048772086119E-10