TraitMin,TraitMax,TraitAvg,TraitStdev,TraitTotal
400.0,520.0,450.1190476190476,39.869543499596446,440.0
