SentiMin,SentiMax,SentiAvg,SentiStdev,Senti0-0.20,Senti0.21-0.40,Senti0.41-0.60,Senti0.61-0.80,Senti0.81-1.00,SentiTotal
0.021549206843521643,0.7235383341059244,0.38011637133848997,0.24098807539409814,1.0,2.0,1.0,1.0,0.0,0.03850459383288079