TraitMin,TraitMax,TraitAvg,TraitStdev,TraitTotal
360.0,800.0,508.57142857142856,140.04372495031393,478.22222222222223
