TraitMin,TraitMax,TraitAvg,TraitStdev,TraitTotal
233.33333333333334,2520.0,613.2121212121211,726.557332488017,353.48837209302326
