SentiMin,SentiMax,SentiAvg,SentiStdev,Senti0-0.20,Senti0.21-0.40,Senti0.41-0.60,Senti0.61-0.80,Senti0.81-1.00,SentiTotal
2.4486204305561436E-6,0.5318834537628724,0.18745700623013759,0.1814925167758969,4.0,2.0,1.0,0.0,0.0,8.295424093078606E-11