TraitMin,TraitMax,TraitAvg,TraitStdev,TraitTotal
386.6666666666667,1210.0,828.3333333333334,313.37913376847774,825.8823529411765
