TraitMin,TraitMax,TraitAvg,TraitStdev,TraitTotal
306.6666666666667,708.5714285714286,528.3174603174604,134.05864700377495,580.0
