TimeMin,TimeMax,TimeAvg,TimeStdev,TimeTotal
880.0,6120.0,2326.6666666666665,1840.2053025560913,13960.0
