TraitMin,TraitMax,TraitAvg,TraitStdev,TraitTotal
250.0,880.0,551.3333333333334,220.4350676449168,500.64516129032256
