TraitMin,TraitMax,TraitAvg,TraitStdev,TraitTotal
312.0,1000.0,640.7179487179487,242.10152129647943,609.5652173913044
