SentiMin,SentiMax,SentiAvg,SentiStdev,Senti0-0.20,Senti0.21-0.40,Senti0.41-0.60,Senti0.61-0.80,Senti0.81-1.00,SentiTotal
3.0653381840624684E-5,0.40220708876493577,0.14867313659160475,0.1801631417916632,2.0,0.0,1.0,0.0,0.0,9.603920794353272E-7