TraitMin,TraitMax,TraitAvg,TraitStdev,TraitTotal
292.3076923076923,1000.0,667.4615384615385,286.96489693167337,456.0
