SentiMin,SentiMax,SentiAvg,SentiStdev,Senti0-0.20,Senti0.21-0.40,Senti0.41-0.60,Senti0.61-0.80,Senti0.81-1.00,SentiTotal
6.025878032193073E-14,0.07817061594930341,0.026056884228513186,0.036849973092710306,3.0,0.0,0.0,0.0,0.0,1.9091074405240161E-22