SentiMin,SentiMax,SentiAvg,SentiStdev,Senti0-0.20,Senti0.21-0.40,Senti0.41-0.60,Senti0.61-0.80,Senti0.81-1.00,SentiTotal
0.00603539386439444,0.5318834537628724,0.18370262863963646,0.19515601986716946,5.0,2.0,1.0,0.0,0.0,6.606612393224115E-9