SentiMin,SentiMax,SentiAvg,SentiStdev,Senti0-0.20,Senti0.21-0.40,Senti0.41-0.60,Senti0.61-0.80,Senti0.81-1.00,SentiTotal
4.9526985499250666E-5,0.26834954468586475,0.08798855129522067,0.1034472336555996,6.0,2.0,0.0,0.0,0.0,1.5541509504352798E-14