SentiMin,SentiMax,SentiAvg,SentiStdev,Senti0-0.20,Senti0.21-0.40,Senti0.41-0.60,Senti0.61-0.80,Senti0.81-1.00,SentiTotal
0.08674175041604,0.7054099091912241,0.328196337641697,0.19869196811986292,2.0,3.0,0.0,1.0,0.0,0.0058272938848895955