SentiMin,SentiMax,SentiAvg,SentiStdev,Senti0-0.20,Senti0.21-0.40,Senti0.41-0.60,Senti0.61-0.80,Senti0.81-1.00,SentiTotal
0.0016017922726297934,0.47371072416927557,0.1720424255885417,0.16198284082238507,4.0,1.0,1.0,0.0,0.0,3.8099775782588163E-7