SentiMin,SentiMax,SentiAvg,SentiStdev,Senti0-0.20,Senti0.21-0.40,Senti0.41-0.60,Senti0.61-0.80,Senti0.81-1.00,SentiTotal
2.0957468965282073E-5,0.3996580091506196,0.19309036536194393,0.17867565829443485,3.0,2.0,0.0,0.0,0.0,6.98076854370376E-11