TraitMin,TraitMax,TraitAvg,TraitStdev,TraitTotal
296.0,920.0,527.4871794871794,184.72494917308586,503.5897435897436
