TraitMin,TraitMax,TraitAvg,TraitStdev,TraitTotal
245.71428571428572,1700.0,802.4761904761905,531.1709906566743,527.2727272727273
