SentiMin,SentiMax,SentiAvg,SentiStdev,Senti0-0.20,Senti0.21-0.40,Senti0.41-0.60,Senti0.61-0.80,Senti0.81-1.00,SentiTotal
0.015410099667918046,0.5318834537628724,0.25266314114926447,0.18033490388678594,3.0,1.0,2.0,0.0,0.0,1.2397912436104994E-4