SentiMin,SentiMax,SentiAvg,SentiStdev,Senti0-0.20,Senti0.21-0.40,Senti0.41-0.60,Senti0.61-0.80,Senti0.81-1.00,SentiTotal
5.018626559172263E-5,0.5318834537628724,0.2949234015041896,0.21689242034959197,2.0,1.0,2.0,0.0,0.0,2.7101076496573054E-6