SentiMin,SentiMax,SentiAvg,SentiStdev,Senti0-0.20,Senti0.21-0.40,Senti0.41-0.60,Senti0.61-0.80,Senti0.81-1.00,SentiTotal
5.766398273090507E-4,0.9611958417475951,0.33983470450292924,0.28902079468950465,3.0,2.0,3.0,0.0,1.0,9.81017622248131E-7