TraitMin,TraitMax,TraitAvg,TraitStdev,TraitTotal
248.0,850.0,522.1666666666666,212.20639847930025,534.7368421052631
