TimeMin,TimeMax,TimeAvg,TimeStdev,TimeTotal
720.0,11800.0,3386.6666666666665,3469.229821668717,30480.0
