SentiMin,SentiMax,SentiAvg,SentiStdev,Senti0-0.20,Senti0.21-0.40,Senti0.41-0.60,Senti0.61-0.80,Senti0.81-1.00,SentiTotal
0.004899380947661728,0.5169382776977214,0.14733229752738003,0.1701009651516964,6.0,1.0,1.0,0.0,0.0,9.936477630907906E-11