TraitMin,TraitMax,TraitAvg,TraitStdev,TraitTotal
410.0,960.0,604.2777777777778,223.85860699541112,545.2631578947369
