TraitMin,TraitMax,TraitAvg,TraitStdev,TraitTotal
266.6666666666667,920.0,638.8148148148148,211.3155605202083,611.4285714285714
