TraitMin,TraitMax,TraitAvg,TraitStdev,TraitTotal
288.0,1000.0,569.2592592592594,246.90847895964885,466.6666666666667
