TraitMin,TraitMax,TraitAvg,TraitStdev,TraitTotal
297.77777777777777,1000.0,443.39529914529913,214.88652298718935,390.7692307692308
