TraitMin,TraitMax,TraitAvg,TraitStdev,TraitTotal
244.44444444444446,1360.0,574.3888888888889,369.69910604753386,425.77777777777777
