TraitMin,TraitMax,TraitAvg,TraitStdev,TraitTotal
310.0,1240.0,606.5277777777778,279.0429175694646,552.5
