TraitMin,TraitMax,TraitAvg,TraitStdev,TraitTotal
187.69230769230768,720.0,404.90842490842493,159.93258351056966,346.0869565217391
