TraitMin,TraitMax,TraitAvg,TraitStdev,TraitTotal
260.0,824.0,501.56190476190466,200.6974650354491,560.0
