SentiMin,SentiMax,SentiAvg,SentiStdev,Senti0-0.20,Senti0.21-0.40,Senti0.41-0.60,Senti0.61-0.80,Senti0.81-1.00,SentiTotal
0.008453082691533734,0.9261906684823746,0.3174220531043547,0.29263884406316365,4.0,1.0,2.0,1.0,1.0,1.5227964415575206E-5