SentiMin,SentiMax,SentiAvg,SentiStdev,Senti0-0.20,Senti0.21-0.40,Senti0.41-0.60,Senti0.61-0.80,Senti0.81-1.00,SentiTotal
3.9358344530611724E-7,0.26930055941183273,0.11466702702866054,0.11453537107767005,3.0,2.0,0.0,0.0,0.0,1.709791420062368E-12