TraitMin,TraitMax,TraitAvg,TraitStdev,TraitTotal
250.0,880.0,463.88888888888886,234.39770466158,436.25
