TraitMin,TraitMax,TraitAvg,TraitStdev,TraitTotal
421.1764705882353,920.0,633.7254901960785,210.2107106408416,460.0
