TraitMin,TraitMax,TraitAvg,TraitStdev,TraitTotal
252.0,586.6666666666666,380.6666666666667,147.16380392333295,316.8
