TraitMin,TraitMax,TraitAvg,TraitStdev,TraitTotal
184.0,720.0,378.0,151.7164537976721,329.1803278688525
