TimeMin,TimeMax,TimeAvg,TimeStdev,TimeTotal
560.0,1560.0,1093.3333333333333,410.96093353126514,3280.0
