SentiMin,SentiMax,SentiAvg,SentiStdev,Senti0-0.20,Senti0.21-0.40,Senti0.41-0.60,Senti0.61-0.80,Senti0.81-1.00,SentiTotal
0.033232322442255394,0.49789225920557484,0.22277409263248624,0.1403659142076236,8.0,5.0,2.0,0.0,0.0,2.939546624050158E-10