SentiMin,SentiMax,SentiAvg,SentiStdev,Senti0-0.20,Senti0.21-0.40,Senti0.41-0.60,Senti0.61-0.80,Senti0.81-1.00,SentiTotal
0.009026559657523244,0.6887419791490491,0.29998838749960227,0.1899136965963166,8.0,6.0,8.0,1.0,0.0,3.483592968803401E-12