TimeMin,TimeMax,TimeAvg,TimeStdev,TimeTotal
440.0,1960.0,1050.6666666666667,458.9766394442702,15760.0
