SentiMin,SentiMax,SentiAvg,SentiStdev,Senti0-0.20,Senti0.21-0.40,Senti0.41-0.60,Senti0.61-0.80,Senti0.81-1.00,SentiTotal
1.1704010631444063E-4,0.49789225920557484,0.28477943419409835,0.1471441618047895,3.0,12.0,3.0,0.0,0.0,4.505209051835769E-13