TraitMin,TraitMax,TraitAvg,TraitStdev,TraitTotal
173.33333333333334,680.0,363.0476190476191,147.1327473796161,314.3859649122807
