TimeMin,TimeMax,TimeAvg,TimeStdev,TimeTotal
520.0,3320.0,1624.4444444444443,832.2541159887687,29240.0
