TraitMin,TraitMax,TraitAvg,TraitStdev,TraitTotal
173.33333333333334,1000.0,336.4085576259489,188.45931616111955,276.0
