SentiMin,SentiMax,SentiAvg,SentiStdev,Senti0-0.20,Senti0.21-0.40,Senti0.41-0.60,Senti0.61-0.80,Senti0.81-1.00,SentiTotal
0.16007044937678755,0.5278367926844042,0.39526650042225553,0.16675741980864095,1.0,0.0,2.0,0.0,0.0,0.17685378140690197