SentiMin,SentiMax,SentiAvg,SentiStdev,Senti0-0.20,Senti0.21-0.40,Senti0.41-0.60,Senti0.61-0.80,Senti0.81-1.00,SentiTotal
0.051716943351033794,0.49789225920557484,0.311172177211059,0.1390873187368701,2.0,11.0,5.0,0.0,0.0,8.668634341349238E-8