SentiMin,SentiMax,SentiAvg,SentiStdev,Senti0-0.20,Senti0.21-0.40,Senti0.41-0.60,Senti0.61-0.80,Senti0.81-1.00,SentiTotal
0.03293318215914911,0.5136446707795853,0.3031882893687343,0.16646831640744425,5.0,7.0,5.0,0.0,0.0,1.7223729839784538E-8