SentiMin,SentiMax,SentiAvg,SentiStdev,Senti0-0.20,Senti0.21-0.40,Senti0.41-0.60,Senti0.61-0.80,Senti0.81-1.00,SentiTotal
0.06257336084375094,0.49789225920557484,0.3656138235836123,0.13113185095446347,2.0,6.0,6.0,0.0,0.0,1.435293485401943E-4