TraitMin,TraitMax,TraitAvg,TraitStdev,TraitTotal
146.66666666666666,600.0,270.25656565656567,132.3193477107336,235.22388059701493
