SentiMin,SentiMax,SentiAvg,SentiStdev,Senti0-0.20,Senti0.21-0.40,Senti0.41-0.60,Senti0.61-0.80,Senti0.81-1.00,SentiTotal
0.03966455622313003,0.39697510199130176,0.1979158644197739,0.1486980651167242,2.0,1.0,0.0,0.0,0.0,0.005127719233233428