TimeMin,TimeMax,TimeAvg,TimeStdev,TimeTotal
520.0,2560.0,1213.3333333333333,625.2466180103123,21840.0
