TraitMin,TraitMax,TraitAvg,TraitStdev,TraitTotal
153.33333333333334,800.0,374.0456950456951,168.86849073316614,276.45569620253167
