TraitMin,TraitMax,TraitAvg,TraitStdev,TraitTotal
61.333333333333336,305.0,221.40555555555557,66.17461445875927,202.35
