TraitMin,TraitMax,TraitAvg,TraitStdev,TraitTotal
103.0,497.0,237.87073412698413,109.68890404776522,208.62376237623764
