TraitMin,TraitMax,TraitAvg,TraitStdev,TraitTotal
205.14285714285714,586.0,374.38095238095235,158.34592860751414,339.1111111111111
