TraitMin,TraitMax,TraitAvg,TraitStdev,TraitTotal
173.57142857142858,286.0,248.89285714285714,44.24484000815167,229.6875
