TraitMin,TraitMax,TraitAvg,TraitStdev,TraitTotal
158.25,434.0,248.74702380952382,83.57822419502985,249.61111111111111
