TimeMin,TimeMax,TimeAvg,TimeStdev,TimeTotal
127.0,2078.0,625.1304347826087,462.732367418071,14378.0
