SentiMin,SentiMax,SentiAvg,SentiStdev,Senti0-0.20,Senti0.21-0.40,Senti0.41-0.60,Senti0.61-0.80,Senti0.81-1.00,SentiTotal
3.777951046962858E-4,0.95034792006391,0.3920319067741964,0.2395728247205591,3.0,4.0,10.0,0.0,1.0,4.417356720274413E-10