SentiMin,SentiMax,SentiAvg,SentiStdev,Senti0-0.20,Senti0.21-0.40,Senti0.41-0.60,Senti0.61-0.80,Senti0.81-1.00,SentiTotal
0.0338499802620117,0.39697510199130176,0.21541254112665673,0.18156256086464503,1.0,1.0,0.0,0.0,0.0,0.022730948900327633