SentiMin,SentiMax,SentiAvg,SentiStdev,Senti0-0.20,Senti0.21-0.40,Senti0.41-0.60,Senti0.61-0.80,Senti0.81-1.00,SentiTotal
0.05299565012921262,0.8439925691239514,0.40264032822209195,0.1790645598226656,3.0,5.0,14.0,0.0,1.0,4.6513073435439445E-7