TimeMin,TimeMax,TimeAvg,TimeStdev,TimeTotal
1436.0,2344.0,2034.6666666666667,423.39999475148267,6104.0
