SentiMin,SentiMax,SentiAvg,SentiStdev,Senti0-0.20,Senti0.21-0.40,Senti0.41-0.60,Senti0.61-0.80,Senti0.81-1.00,SentiTotal
0.02201234051531052,0.6390085300015979,0.3863043765741611,0.26395702443487684,1.0,0.0,1.0,1.0,0.0,0.0386274315523659