SentiMin,SentiMax,SentiAvg,SentiStdev,Senti0-0.20,Senti0.21-0.40,Senti0.41-0.60,Senti0.61-0.80,Senti0.81-1.00,SentiTotal
0.004459147463687835,0.49789225920557484,0.31818176750262955,0.17839688065271345,2.0,4.0,5.0,0.0,0.0,3.132761527446847E-6