TraitMin,TraitMax,TraitAvg,TraitStdev,TraitTotal
104.4,432.84615384615387,236.57002442002442,91.54472046041484,252.4835164835165
