TraitMin,TraitMax,TraitAvg,TraitStdev,TraitTotal
215.0,1005.0,433.9015151515152,275.2787766454975,349.7068965517241
