SentiMin,SentiMax,SentiAvg,SentiStdev,Senti0-0.20,Senti0.21-0.40,Senti0.41-0.60,Senti0.61-0.80,Senti0.81-1.00,SentiTotal
0.03621973210681129,0.39697510199130176,0.1806442174132869,0.14260972606277325,2.0,2.0,0.0,0.0,0.0,5.373002532715311E-4