SentiMin,SentiMax,SentiAvg,SentiStdev,Senti0-0.20,Senti0.21-0.40,Senti0.41-0.60,Senti0.61-0.80,Senti0.81-1.00,SentiTotal
0.004918574690569266,0.8308659662489178,0.28018683003920064,0.23633842009528966,8.0,3.0,5.0,0.0,1.0,6.060006359783992E-12