TimeMin,TimeMax,TimeAvg,TimeStdev,TimeTotal
235.0,9038.0,1843.909090909091,2421.5527120403726,20283.0
