SentiMin,SentiMax,SentiAvg,SentiStdev,Senti0-0.20,Senti0.21-0.40,Senti0.41-0.60,Senti0.61-0.80,Senti0.81-1.00,SentiTotal
0.0047328796879933036,0.49789225920557484,0.20305019000939942,0.1948048749048396,11.0,4.0,5.0,0.0,0.0,8.809203740188964E-19