TraitMin,TraitMax,TraitAvg,TraitStdev,TraitTotal
70.0,763.0,261.3831262939959,165.6528012334793,235.70491803278688
