TraitMin,TraitMax,TraitAvg,TraitStdev,TraitTotal
139.75,676.0,289.20338256514725,137.58808069317936,283.99029126213594
