SentiMin,SentiMax,SentiAvg,SentiStdev,Senti0-0.20,Senti0.21-0.40,Senti0.41-0.60,Senti0.61-0.80,Senti0.81-1.00,SentiTotal
0.00549795239589572,0.5136446707795853,0.3475434239425084,0.1488128627464472,1.0,8.0,6.0,0.0,0.0,5.442375138324851E-7