TimeMin,TimeMax,TimeAvg,TimeStdev,TimeTotal
341.0,4628.0,1720.6470588235295,1184.640324723896,29251.0
