SentiMin,SentiMax,SentiAvg,SentiStdev,Senti0-0.20,Senti0.21-0.40,Senti0.41-0.60,Senti0.61-0.80,Senti0.81-1.00,SentiTotal
0.22489014274922023,0.49789225920557484,0.4070955975159518,0.10462863314245768,0.0,7.0,10.0,0.0,0.0,0.0012419192556837374