TimeMin,TimeMax,TimeAvg,TimeStdev,TimeTotal
201.0,3718.0,1196.6470588235295,833.1263544573233,20343.0
