SentiMin,SentiMax,SentiAvg,SentiStdev,Senti0-0.20,Senti0.21-0.40,Senti0.41-0.60,Senti0.61-0.80,Senti0.81-1.00,SentiTotal
0.006559104755361473,0.9410648101332474,0.3371906011404322,0.23224278653570674,5.0,4.0,6.0,0.0,1.0,3.311322968513021E-7