TraitMin,TraitMax,TraitAvg,TraitStdev,TraitTotal
180.0,720.0,451.10416666666663,168.65673219878363,398.22222222222223
