SentiMin,SentiMax,SentiAvg,SentiStdev,Senti0-0.20,Senti0.21-0.40,Senti0.41-0.60,Senti0.61-0.80,Senti0.81-1.00,SentiTotal
6.521661372242544E-5,0.46364466503952073,0.17588572555229307,0.18383337675172826,6.0,2.0,2.0,0.0,0.0,1.1577921636592483E-13