TraitMin,TraitMax,TraitAvg,TraitStdev,TraitTotal
133.33333333333334,466.6666666666667,242.22510822510822,110.64877005992292,262.22222222222223
