TimeMin,TimeMax,TimeAvg,TimeStdev,TimeTotal
480.0,3080.0,2013.3333333333333,1111.5554667022045,6040.0
