SentiMin,SentiMax,SentiAvg,SentiStdev,Senti0-0.20,Senti0.21-0.40,Senti0.41-0.60,Senti0.61-0.80,Senti0.81-1.00,SentiTotal
0.03355863318786366,0.46364466503952073,0.23791416055963294,0.1298364281290763,5.0,5.0,1.0,0.0,0.0,7.574204591790668E-8