TraitMin,TraitMax,TraitAvg,TraitStdev,TraitTotal
86.5,640.0,350.65277777777777,137.5615764197938,316.4146341463415
