TraitMin,TraitMax,TraitAvg,TraitStdev,TraitTotal
120.0,640.0,296.44444444444446,144.4084741537262,249.36170212765958
