SentiMin,SentiMax,SentiAvg,SentiStdev,Senti0-0.20,Senti0.21-0.40,Senti0.41-0.60,Senti0.61-0.80,Senti0.81-1.00,SentiTotal
0.001588055553342551,0.8724976740158049,0.3386694569016207,0.2165734105656349,3.0,6.0,2.0,0.0,1.0,2.2877692247063087E-6