SentiMin,SentiMax,SentiAvg,SentiStdev,Senti0-0.20,Senti0.21-0.40,Senti0.41-0.60,Senti0.61-0.80,Senti0.81-1.00,SentiTotal
3.343967069593794E-7,0.5536813779192942,0.26790110121140104,0.16270343545986043,2.0,8.0,2.0,0.0,0.0,6.401210592347051E-15