TimeMin,TimeMax,TimeAvg,TimeStdev,TimeTotal
280.0,2120.0,941.8181818181819,508.36311613967393,10360.0
