TimeMin,TimeMax,TimeAvg,TimeStdev,TimeTotal
280.0,4360.0,1287.2727272727273,1279.8656954333558,14160.0
