SentiMin,SentiMax,SentiAvg,SentiStdev,Senti0-0.20,Senti0.21-0.40,Senti0.41-0.60,Senti0.61-0.80,Senti0.81-1.00,SentiTotal
2.1436504814411838E-4,0.4888772426099942,0.19973605874029998,0.1744442883255198,6.0,3.0,2.0,0.0,0.0,1.1016296500854428E-11