SentiMin,SentiMax,SentiAvg,SentiStdev,Senti0-0.20,Senti0.21-0.40,Senti0.41-0.60,Senti0.61-0.80,Senti0.81-1.00,SentiTotal
0.006765199404845207,0.4898631585877994,0.17922574169231065,0.22009928978988075,2.0,0.0,1.0,0.0,0.0,2.8465636901826554E-4