TraitMin,TraitMax,TraitAvg,TraitStdev,TraitTotal
240.0,513.3333333333334,333.77777777777777,127.00695032988853,335.55555555555554
