TimeMin,TimeMax,TimeAvg,TimeStdev,TimeTotal
173.0,4240.0,1081.0833333333333,1110.8643375268148,12973.0
