TimeMin,TimeMax,TimeAvg,TimeStdev,TimeTotal
600.0,2320.0,1490.909090909091,521.8403542961207,16400.0
