TraitMin,TraitMax,TraitAvg,TraitStdev,TraitTotal
120.0,840.0,327.0031746031746,216.34667233490208,261.48148148148147
