TraitMin,TraitMax,TraitAvg,TraitStdev,TraitTotal
246.66666666666666,500.0,363.6734693877551,96.84016944559554,329.3333333333333
