TimeMin,TimeMax,TimeAvg,TimeStdev,TimeTotal
480.0,3080.0,1138.8235294117646,699.5955331722766,19360.0
