TimeMin,TimeMax,TimeAvg,TimeStdev,TimeTotal
680.0,4760.0,1790.7692307692307,1051.2004971493784,23280.0
