SentiMin,SentiMax,SentiAvg,SentiStdev,Senti0-0.20,Senti0.21-0.40,Senti0.41-0.60,Senti0.61-0.80,Senti0.81-1.00,SentiTotal
2.37350696399968E-4,0.6986104057343883,0.29902008346576353,0.17624017314300106,5.0,8.0,3.0,1.0,0.0,7.207339815556949E-11