SentiMin,SentiMax,SentiAvg,SentiStdev,Senti0-0.20,Senti0.21-0.40,Senti0.41-0.60,Senti0.61-0.80,Senti0.81-1.00,SentiTotal
2.8956099634250515E-4,0.35159909112508697,0.19504016569607685,0.11418908815940394,5.0,8.0,0.0,0.0,0.0,4.5426679239609997E-13