TraitMin,TraitMax,TraitAvg,TraitStdev,TraitTotal
204.0,680.0,373.48717948717945,141.12906231105217,327.88732394366195
