TraitMin,TraitMax,TraitAvg,TraitStdev,TraitTotal
222.85714285714286,600.0,371.8707482993197,114.88580325815967,326.4
