SentiMin,SentiMax,SentiAvg,SentiStdev,Senti0-0.20,Senti0.21-0.40,Senti0.41-0.60,Senti0.61-0.80,Senti0.81-1.00,SentiTotal
0.017348206172880173,0.9847236099909003,0.44395476812264795,0.41729456090632183,3.0,1.0,0.0,0.0,3.0,0.044548532489476364