SentiMin,SentiMax,SentiAvg,SentiStdev,Senti0-0.20,Senti0.21-0.40,Senti0.41-0.60,Senti0.61-0.80,Senti0.81-1.00,SentiTotal
8.260264380871238E-5,0.8317311845514151,0.2157432839967595,0.2530810387745896,6.0,3.0,1.0,0.0,1.0,5.446893316325737E-17