TraitMin,TraitMax,TraitAvg,TraitStdev,TraitTotal
170.0,651.4285714285714,368.5396825396826,138.3393165022143,338.62068965517244
