TraitMin,TraitMax,TraitAvg,TraitStdev,TraitTotal
333.3333333333333,1040.0,534.1666666666666,222.07199783453615,456.3636363636364
