SentiMin,SentiMax,SentiAvg,SentiStdev,Senti0-0.20,Senti0.21-0.40,Senti0.41-0.60,Senti0.61-0.80,Senti0.81-1.00,SentiTotal
0.0026496326026288495,0.9712167858786999,0.28886943376712115,0.29684081718171557,7.0,3.0,1.0,1.0,1.0,3.5654221232443047E-9