TraitMin,TraitMax,TraitAvg,TraitStdev,TraitTotal
220.0,800.0,443.33333333333337,160.5545943838973,394.7826086956522
