SentiMin,SentiMax,SentiAvg,SentiStdev,Senti0-0.20,Senti0.21-0.40,Senti0.41-0.60,Senti0.61-0.80,Senti0.81-1.00,SentiTotal
0.03127321913563674,0.48439634580644964,0.18837520778297798,0.12451441875672076,6.0,3.0,1.0,0.0,0.0,5.754356785295988E-8