TimeMin,TimeMax,TimeAvg,TimeStdev,TimeTotal
480.0,2480.0,1165.7142857142858,507.51093282684616,16320.0
