TimeMin,TimeMax,TimeAvg,TimeStdev,TimeTotal
440.0,3640.0,1344.6153846153845,759.3581843050129,17480.0
