SentiMin,SentiMax,SentiAvg,SentiStdev,Senti0-0.20,Senti0.21-0.40,Senti0.41-0.60,Senti0.61-0.80,Senti0.81-1.00,SentiTotal
0.031066464259630874,0.4991291873736192,0.3679586724623263,0.1504613224857147,1.0,3.0,4.0,0.0,0.0,0.002875872223904398