TraitMin,TraitMax,TraitAvg,TraitStdev,TraitTotal
220.0,520.0,333.54700854700855,90.60474739126882,323.7037037037037
