TraitMin,TraitMax,TraitAvg,TraitStdev,TraitTotal
255.0,600.0,405.5602240896359,115.12944102090357,339.64912280701753
