TimeMin,TimeMax,TimeAvg,TimeStdev,TimeTotal
560.0,3240.0,1189.090909090909,741.7112222355023,13080.0
