TraitMin,TraitMax,TraitAvg,TraitStdev,TraitTotal
200.0,800.0,368.72727272727275,162.85469871195605,311.42857142857144
