SentiMin,SentiMax,SentiAvg,SentiStdev,Senti0-0.20,Senti0.21-0.40,Senti0.41-0.60,Senti0.61-0.80,Senti0.81-1.00,SentiTotal
0.07668993090738692,0.7152901382365042,0.34249591669328616,0.21094974590527704,3.0,1.0,3.0,1.0,0.0,0.0012984465355999385