SentiMin,SentiMax,SentiAvg,SentiStdev,Senti0-0.20,Senti0.21-0.40,Senti0.41-0.60,Senti0.61-0.80,Senti0.81-1.00,SentiTotal
1.637512195285192E-6,0.5628056929000496,0.09093999864362189,0.1478483639739134,11.0,1.0,1.0,0.0,0.0,2.2977374804990616E-25