TraitMin,TraitMax,TraitAvg,TraitStdev,TraitTotal
192.16666666666666,692.0,432.8722943722944,161.14139919077567,379.82758620689657
