SentiMin,SentiMax,SentiAvg,SentiStdev,Senti0-0.20,Senti0.21-0.40,Senti0.41-0.60,Senti0.61-0.80,Senti0.81-1.00,SentiTotal
0.004334154161301936,0.49789225920557484,0.3704979640449886,0.14606348102370859,2.0,7.0,8.0,0.0,0.0,2.4623646507061072E-6