TraitMin,TraitMax,TraitAvg,TraitStdev,TraitTotal
193.5,1000.0,375.0150883838384,254.7886644686347,299.24691358024694
