TraitMin,TraitMax,TraitAvg,TraitStdev,TraitTotal
168.75,1424.0,666.5989682539681,382.88490347433884,511.7674418604651
