TraitMin,TraitMax,TraitAvg,TraitStdev,TraitTotal
172.25,1292.5,548.249766573296,281.08888572831887,437.64444444444445
