TimeMin,TimeMax,TimeAvg,TimeStdev,TimeTotal
736.0,5034.0,2019.9166666666667,1078.264381489479,24239.0
