SentiMin,SentiMax,SentiAvg,SentiStdev,Senti0-0.20,Senti0.21-0.40,Senti0.41-0.60,Senti0.61-0.80,Senti0.81-1.00,SentiTotal
0.004358713491618769,0.6624055896622104,0.3920398373633938,0.17032389461192107,3.0,5.0,6.0,1.0,0.0,1.7065527818758057E-5