TraitMin,TraitMax,TraitAvg,TraitStdev,TraitTotal
206.36363636363637,800.0,485.31789772727274,189.3128518172188,428.8139534883721
