SentiMin,SentiMax,SentiAvg,SentiStdev,Senti0-0.20,Senti0.21-0.40,Senti0.41-0.60,Senti0.61-0.80,Senti0.81-1.00,SentiTotal
0.15098152415882662,0.9611958417475951,0.4327388389426057,0.19657683802127546,1.0,7.0,2.0,0.0,1.0,0.11775091005301494