SentiMin,SentiMax,SentiAvg,SentiStdev,Senti0-0.20,Senti0.21-0.40,Senti0.41-0.60,Senti0.61-0.80,Senti0.81-1.00,SentiTotal
1.8858717424101986E-5,0.5159436667231726,0.13307965143190723,0.1898728634259699,9.0,1.0,2.0,0.0,0.0,7.033456247523591E-21