TimeMin,TimeMax,TimeAvg,TimeStdev,TimeTotal
425.0,2585.0,1158.4705882352941,726.5704384821369,19694.0
