TraitMin,TraitMax,TraitAvg,TraitStdev,TraitTotal
7.0,963.0,529.1515151515151,281.48104386132275,442.29411764705884
