TraitMin,TraitMax,TraitAvg,TraitStdev,TraitTotal
170.55555555555554,394.6666666666667,282.0528957153957,66.46563774156942,279.80808080808083
