TimeMin,TimeMax,TimeAvg,TimeStdev,TimeTotal
425.0,2519.0,1467.0666666666666,772.8821787453908,22006.0
