SentiMin,SentiMax,SentiAvg,SentiStdev,Senti0-0.20,Senti0.21-0.40,Senti0.41-0.60,Senti0.61-0.80,Senti0.81-1.00,SentiTotal
5.454310544614275E-4,0.5755436691302463,0.2562120312790919,0.22152261229327214,5.0,3.0,3.0,0.0,0.0,5.619438583204038E-12