TimeMin,TimeMax,TimeAvg,TimeStdev,TimeTotal
920.0,2800.0,1806.6666666666667,557.3349282273831,21680.0
