SentiMin,SentiMax,SentiAvg,SentiStdev,Senti0-0.20,Senti0.21-0.40,Senti0.41-0.60,Senti0.61-0.80,Senti0.81-1.00,SentiTotal
6.987755022370749E-7,0.558516729362751,0.15438841627378766,0.1850740980831821,9.0,2.0,2.0,0.0,0.0,3.9910778574341766E-23