TimeMin,TimeMax,TimeAvg,TimeStdev,TimeTotal
400.0,4120.0,1428.5714285714287,891.5384547659908,20000.0
