TraitMin,TraitMax,TraitAvg,TraitStdev,TraitTotal
250.66666666666666,1080.0,390.20641025641027,235.49148755677524,308.3720930232558
