TraitMin,TraitMax,TraitAvg,TraitStdev,TraitTotal
155.55555555555554,870.0,535.925925925926,247.7559089059335,347.8787878787879
