SentiMin,SentiMax,SentiAvg,SentiStdev,Senti0-0.20,Senti0.21-0.40,Senti0.41-0.60,Senti0.61-0.80,Senti0.81-1.00,SentiTotal
0.0010267504021580667,0.5755436691302463,0.2925918090157532,0.18849080819110134,6.0,4.0,5.0,0.0,0.0,3.306429588183824E-11