TimeMin,TimeMax,TimeAvg,TimeStdev,TimeTotal
800.0,3480.0,1913.3333333333333,941.3229461183281,11480.0
