SentiMin,SentiMax,SentiAvg,SentiStdev,Senti0-0.20,Senti0.21-0.40,Senti0.41-0.60,Senti0.61-0.80,Senti0.81-1.00,SentiTotal
1.6044467358206424E-4,0.5136446707795853,0.23076615354710378,0.2016176758988785,8.0,2.0,6.0,0.0,0.0,8.855744844708093E-18