TraitMin,TraitMax,TraitAvg,TraitStdev,TraitTotal
222.85714285714286,1040.0,429.934629473091,222.9914356250078,340.0
