TimeMin,TimeMax,TimeAvg,TimeStdev,TimeTotal
800.0,5920.0,1942.857142857143,1666.1822425251453,27200.0
