SentiMin,SentiMax,SentiAvg,SentiStdev,Senti0-0.20,Senti0.21-0.40,Senti0.41-0.60,Senti0.61-0.80,Senti0.81-1.00,SentiTotal
5.2048578962127874E-5,0.450572159445641,0.14668460083447468,0.13929668280657168,7.0,3.0,1.0,0.0,0.0,1.28016839582796E-17