TimeMin,TimeMax,TimeAvg,TimeStdev,TimeTotal
520.0,2160.0,1454.5454545454545,523.5606005796644,16000.0
