TimeMin,TimeMax,TimeAvg,TimeStdev,TimeTotal
680.0,4080.0,1426.6666666666667,998.4877454319495,12840.0
