TraitMin,TraitMax,TraitAvg,TraitStdev,TraitTotal
286.6666666666667,1120.0,624.8979591836735,254.34427136489543,526.3157894736842
