SentiMin,SentiMax,SentiAvg,SentiStdev,Senti0-0.20,Senti0.21-0.40,Senti0.41-0.60,Senti0.61-0.80,Senti0.81-1.00,SentiTotal
1.8657067016062624E-4,0.43796879524747484,0.14525892099402013,0.1559055147778822,9.0,2.0,1.0,0.0,0.0,1.4077895857388582E-15