SentiMin,SentiMax,SentiAvg,SentiStdev,Senti0-0.20,Senti0.21-0.40,Senti0.41-0.60,Senti0.61-0.80,Senti0.81-1.00,SentiTotal
0.0061309634543004685,0.41731939660354994,0.27347515401638406,0.18922325394674097,1.0,1.0,1.0,0.0,0.0,0.00294921183082244