TimeMin,TimeMax,TimeAvg,TimeStdev,TimeTotal
1040.0,6080.0,2249.230769230769,1311.3613685987757,29240.0
