TraitMin,TraitMax,TraitAvg,TraitStdev,TraitTotal
264.0,1160.0,636.7322751322752,289.1943506223848,469.38775510204084
