SentiMin,SentiMax,SentiAvg,SentiStdev,Senti0-0.20,Senti0.21-0.40,Senti0.41-0.60,Senti0.61-0.80,Senti0.81-1.00,SentiTotal
3.2930620788580805E-6,0.49789225920557484,0.24347651243526958,0.1869066997984806,4.0,3.0,3.0,0.0,0.0,3.5956732524967207E-12