TraitMin,TraitMax,TraitAvg,TraitStdev,TraitTotal
216.0,1320.0,435.88165266106444,294.34435521200373,313.4246575342466
