TimeMin,TimeMax,TimeAvg,TimeStdev,TimeTotal
440.0,4000.0,1906.6666666666667,1008.0123456034102,22880.0
