TimeMin,TimeMax,TimeAvg,TimeStdev,TimeTotal
760.0,3080.0,1933.3333333333333,947.3237156443527,5800.0
