TimeMin,TimeMax,TimeAvg,TimeStdev,TimeTotal
400.0,5360.0,1871.111111111111,1318.0157176979208,16840.0
