SentiMin,SentiMax,SentiAvg,SentiStdev,Senti0-0.20,Senti0.21-0.40,Senti0.41-0.60,Senti0.61-0.80,Senti0.81-1.00,SentiTotal
4.5262679892896436E-7,0.8840757314493582,0.41322824842018335,0.21879936278603707,3.0,3.0,7.0,0.0,1.0,1.4216034961407764E-8