SentiMin,SentiMax,SentiAvg,SentiStdev,Senti0-0.20,Senti0.21-0.40,Senti0.41-0.60,Senti0.61-0.80,Senti0.81-1.00,SentiTotal
0.011207083699302813,0.9975297353177301,0.33765444587347976,0.31658451294982676,5.0,3.0,1.0,2.0,1.0,1.8236895051623085E-5