TimeMin,TimeMax,TimeAvg,TimeStdev,TimeTotal
680.0,3200.0,1533.3333333333333,735.4877444405327,23000.0
