TraitMin,TraitMax,TraitAvg,TraitStdev,TraitTotal
160.0,826.6666666666666,385.07878787878786,195.23967479803724,322.60869565217394
