SentiMin,SentiMax,SentiAvg,SentiStdev,Senti0-0.20,Senti0.21-0.40,Senti0.41-0.60,Senti0.61-0.80,Senti0.81-1.00,SentiTotal
7.138708949190844E-5,0.49789225920557484,0.1883624372399338,0.1606130855021758,4.0,2.0,1.0,0.0,0.0,8.487673505514161E-9