SentiMin,SentiMax,SentiAvg,SentiStdev,Senti0-0.20,Senti0.21-0.40,Senti0.41-0.60,Senti0.61-0.80,Senti0.81-1.00,SentiTotal
0.002271003053663681,0.45052799338788485,0.19179011948170926,0.1782988431422077,6.0,3.0,1.0,0.0,0.0,8.763798075805905E-11