SentiMin,SentiMax,SentiAvg,SentiStdev,Senti0-0.20,Senti0.21-0.40,Senti0.41-0.60,Senti0.61-0.80,Senti0.81-1.00,SentiTotal
2.0728379084804898E-6,0.7892192136942436,0.27995669641068915,0.21552627900987748,5.0,5.0,3.0,1.0,0.0,5.48641196470162E-16