SentiMin,SentiMax,SentiAvg,SentiStdev,Senti0-0.20,Senti0.21-0.40,Senti0.41-0.60,Senti0.61-0.80,Senti0.81-1.00,SentiTotal
0.01848874673696154,0.43796879524747484,0.18821916865769578,0.14211174376817898,6.0,3.0,1.0,0.0,0.0,6.753296421349229E-9