TraitMin,TraitMax,TraitAvg,TraitStdev,TraitTotal
178.1818181818182,1240.0,459.16804407713494,294.9790073940488,307.6923076923077
