TimeMin,TimeMax,TimeAvg,TimeStdev,TimeTotal
1040.0,5000.0,2306.6666666666665,1094.998731607586,27680.0
