SentiMin,SentiMax,SentiAvg,SentiStdev,Senti0-0.20,Senti0.21-0.40,Senti0.41-0.60,Senti0.61-0.80,Senti0.81-1.00,SentiTotal
5.400066974502176E-7,0.5136446707795853,0.1665065387549565,0.217305842520909,7.0,0.0,3.0,0.0,0.0,5.669623487236873E-20