TraitMin,TraitMax,TraitAvg,TraitStdev,TraitTotal
160.0,960.0,449.77026568203036,214.4702134201711,395.0
