SentiMin,SentiMax,SentiAvg,SentiStdev,Senti0-0.20,Senti0.21-0.40,Senti0.41-0.60,Senti0.61-0.80,Senti0.81-1.00,SentiTotal
0.04192092869730997,0.5159436667231726,0.26923658915165316,0.20439369657016726,4.0,1.0,3.0,0.0,0.0,1.147277383664604E-5