TraitMin,TraitMax,TraitAvg,TraitStdev,TraitTotal
195.0,760.0,353.93217893217894,173.20914501110263,308.0952380952381
