TimeMin,TimeMax,TimeAvg,TimeStdev,TimeTotal
960.0,2480.0,1613.3333333333333,559.6824496484095,14520.0
