TraitMin,TraitMax,TraitAvg,TraitStdev,TraitTotal
286.6666666666667,1020.0,598.5185185185186,232.70344138489466,535.0
