TraitMin,TraitMax,TraitAvg,TraitStdev,TraitTotal
184.0,2160.0,598.1428571428571,472.25034916900745,453.3333333333333
