SentiMin,SentiMax,SentiAvg,SentiStdev,Senti0-0.20,Senti0.21-0.40,Senti0.41-0.60,Senti0.61-0.80,Senti0.81-1.00,SentiTotal
4.54606706750411E-6,0.49789225920557484,0.13998597215604033,0.15921552882758663,8.0,4.0,1.0,0.0,0.0,1.979674086976774E-23