TraitMin,TraitMax,TraitAvg,TraitStdev,TraitTotal
208.57142857142858,2040.0,596.29831791016,441.50144673938297,366.8181818181818
