TraitMin,TraitMax,TraitAvg,TraitStdev,TraitTotal
280.0,573.3333333333334,413.8518518518519,90.71990690535527,421.0
