SentiMin,SentiMax,SentiAvg,SentiStdev,Senti0-0.20,Senti0.21-0.40,Senti0.41-0.60,Senti0.61-0.80,Senti0.81-1.00,SentiTotal
4.748735368152319E-7,0.47371072416927557,0.12709638563857253,0.18392304806190984,8.0,1.0,2.0,0.0,0.0,4.147907184885499E-25