SentiMin,SentiMax,SentiAvg,SentiStdev,Senti0-0.20,Senti0.21-0.40,Senti0.41-0.60,Senti0.61-0.80,Senti0.81-1.00,SentiTotal
2.399430438339405E-5,0.49789225920557484,0.1790206000433514,0.16927917930589254,7.0,4.0,1.0,0.0,0.0,3.160978647682021E-17