TraitMin,TraitMax,TraitAvg,TraitStdev,TraitTotal
373.3333333333333,1040.0,561.4074074074074,211.62054194309874,500.6896551724138
