TraitMin,TraitMax,TraitAvg,TraitStdev,TraitTotal
196.66666666666666,1250.0,536.1587301587302,244.54456514848863,485.6140350877193
