TraitMin,TraitMax,TraitAvg,TraitStdev,TraitTotal
340.0,760.0,508.0,147.5402554699123,458.2857142857143
