TimeMin,TimeMax,TimeAvg,TimeStdev,TimeTotal
680.0,5840.0,2291.4285714285716,1551.5101267698471,16040.0
