TraitMin,TraitMax,TraitAvg,TraitStdev,TraitTotal
220.0,1240.0,544.373897707231,316.84988145636885,500.57142857142856
