SentiMin,SentiMax,SentiAvg,SentiStdev,Senti0-0.20,Senti0.21-0.40,Senti0.41-0.60,Senti0.61-0.80,Senti0.81-1.00,SentiTotal
0.11324746093039531,0.49789225920557484,0.3578542369167828,0.12721476748966973,1.0,2.0,4.0,0.0,0.0,0.010250053399080031