TimeMin,TimeMax,TimeAvg,TimeStdev,TimeTotal
440.0,4960.0,1946.6666666666667,1311.4199259665922,17520.0
