SentiMin,SentiMax,SentiAvg,SentiStdev,Senti0-0.20,Senti0.21-0.40,Senti0.41-0.60,Senti0.61-0.80,Senti0.81-1.00,SentiTotal
0.0025929830567312895,0.49789225920557484,0.3153502632210656,0.20624474316363184,2.0,2.0,3.0,0.0,0.0,1.1398536790907772E-6