SentiMin,SentiMax,SentiAvg,SentiStdev,Senti0-0.20,Senti0.21-0.40,Senti0.41-0.60,Senti0.61-0.80,Senti0.81-1.00,SentiTotal
1.1123425447148853E-4,0.01531551603233306,0.006104529304728048,0.0066109858514955475,3.0,0.0,0.0,0.0,0.0,5.0947442749637995E-9