TimeMin,TimeMax,TimeAvg,TimeStdev,TimeTotal
3120.0,12080.0,7346.666666666667,3675.4077627145293,22040.0
