TraitMin,TraitMax,TraitAvg,TraitStdev,TraitTotal
400.0,1000.0,596.6666666666666,192.5023190954926,499.4594594594595
