TraitMin,TraitMax,TraitAvg,TraitStdev,TraitTotal
313.3333333333333,1080.0,693.0612244897958,242.2166901453324,459.3939393939394
