SentiMin,SentiMax,SentiAvg,SentiStdev,Senti0-0.20,Senti0.21-0.40,Senti0.41-0.60,Senti0.61-0.80,Senti0.81-1.00,SentiTotal
1.4564105507274466E-4,0.9611958417475951,0.37858425325654127,0.3144847615981846,3.0,0.0,3.0,0.0,1.0,2.2965922083535355E-5