TraitMin,TraitMax,TraitAvg,TraitStdev,TraitTotal
346.6666666666667,525.2173913043479,442.6280193236715,73.50373105072667,468.93617021276594
