TraitMin,TraitMax,TraitAvg,TraitStdev,TraitTotal
184.0,840.0,434.7040816326531,214.05901078898395,338.3666666666667
