TimeMin,TimeMax,TimeAvg,TimeStdev,TimeTotal
640.0,7520.0,3653.3333333333335,2872.83058246663,10960.0
