SentiMin,SentiMax,SentiAvg,SentiStdev,Senti0-0.20,Senti0.21-0.40,Senti0.41-0.60,Senti0.61-0.80,Senti0.81-1.00,SentiTotal
8.883850462883485E-4,0.5136446707795853,0.24524108358456598,0.18403967679792926,4.0,2.0,3.0,0.0,0.0,4.2984449963961244E-8