TimeMin,TimeMax,TimeAvg,TimeStdev,TimeTotal
720.0,6040.0,2165.714285714286,1867.671255432108,15160.0
