SentiMin,SentiMax,SentiAvg,SentiStdev,Senti0-0.20,Senti0.21-0.40,Senti0.41-0.60,Senti0.61-0.80,Senti0.81-1.00,SentiTotal
0.010971303549966473,0.49789225920557484,0.2595200839309962,0.16398142574415947,3.0,2.0,2.0,0.0,0.0,4.249819467755786E-5