TraitMin,TraitMax,TraitAvg,TraitStdev,TraitTotal
196.6,624.0,405.2944444444444,148.75692379362786,350.6111111111111
