TraitMin,TraitMax,TraitAvg,TraitStdev,TraitTotal
176.33333333333334,424.0,285.7583333333333,81.58199862714814,274.2105263157895
