TraitMin,TraitMax,TraitAvg,TraitStdev,TraitTotal
186.9090909090909,576.1428571428571,293.6669913419913,133.5897961285805,286.4423076923077
