TraitMin,TraitMax,TraitAvg,TraitStdev,TraitTotal
138.0,595.625,399.8296485260771,154.05536763903436,448.3695652173913
