SentiMin,SentiMax,SentiAvg,SentiStdev,Senti0-0.20,Senti0.21-0.40,Senti0.41-0.60,Senti0.61-0.80,Senti0.81-1.00,SentiTotal
0.06532410931676275,0.49789225920557484,0.2921275869788394,0.14123284447817097,4.0,6.0,4.0,0.0,0.0,8.441256992941414E-7