SentiMin,SentiMax,SentiAvg,SentiStdev,Senti0-0.20,Senti0.21-0.40,Senti0.41-0.60,Senti0.61-0.80,Senti0.81-1.00,SentiTotal
0.020068541671275763,0.4737554465528978,0.27288921019050283,0.15113906359832718,3.0,4.0,2.0,0.0,0.0,1.3549156164792554E-5