SentiMin,SentiMax,SentiAvg,SentiStdev,Senti0-0.20,Senti0.21-0.40,Senti0.41-0.60,Senti0.61-0.80,Senti0.81-1.00,SentiTotal
0.06204222250220291,0.21921412548362115,0.12729167773438155,0.05190095154118741,5.0,1.0,0.0,0.0,0.0,6.0368374148356005E-6