SentiMin,SentiMax,SentiAvg,SentiStdev,Senti0-0.20,Senti0.21-0.40,Senti0.41-0.60,Senti0.61-0.80,Senti0.81-1.00,SentiTotal
0.021594740860252423,0.5496678701602578,0.291043350246646,0.1920529419848259,2.0,2.0,2.0,0.0,0.0,3.955014649724394E-4