TraitMin,TraitMax,TraitAvg,TraitStdev,TraitTotal
167.66666666666666,492.57142857142856,273.5148708003912,94.2536664411563,286.1860465116279
