TimeMin,TimeMax,TimeAvg,TimeStdev,TimeTotal
680.0,6560.0,1908.4285714285713,1932.4632583565358,13359.0
