TraitMin,TraitMax,TraitAvg,TraitStdev,TraitTotal
166.0,341.0,246.55339105339104,61.369297372133225,235.7058823529412
