TraitMin,TraitMax,TraitAvg,TraitStdev,TraitTotal
203.75,735.0,322.4138888888889,129.8127049312413,295.42028985507244
