TimeMin,TimeMax,TimeAvg,TimeStdev,TimeTotal
682.0,2951.0,1335.6666666666667,771.7734267401426,8014.0
