TraitMin,TraitMax,TraitAvg,TraitStdev,TraitTotal
133.36363636363637,540.1428571428571,333.1164181497515,116.00976395872334,308.0655737704918
