SentiMin,SentiMax,SentiAvg,SentiStdev,Senti0-0.20,Senti0.21-0.40,Senti0.41-0.60,Senti0.61-0.80,Senti0.81-1.00,SentiTotal
8.25209649930285E-4,0.5496678701602578,0.37801504042350936,0.16082116686786152,2.0,4.0,7.0,0.0,0.0,6.055082772942754E-6