SentiMin,SentiMax,SentiAvg,SentiStdev,Senti0-0.20,Senti0.21-0.40,Senti0.41-0.60,Senti0.61-0.80,Senti0.81-1.00,SentiTotal
0.03022320323563902,0.5496678701602578,0.2823770504350242,0.16001646448777812,3.0,4.0,2.0,0.0,0.0,3.008123398312195E-5