TraitMin,TraitMax,TraitAvg,TraitStdev,TraitTotal
200.72727272727272,714.4444444444445,370.8207551707552,152.73106244471808,361.58730158730157
