TraitMin,TraitMax,TraitAvg,TraitStdev,TraitTotal
282.2857142857143,282.2857142857143,282.2857142857143,0.0,282.2857142857143
