TimeMin,TimeMax,TimeAvg,TimeStdev,TimeTotal
624.0,1647.0,1051.8333333333333,327.7760499012838,6311.0
