TimeMin,TimeMax,TimeAvg,TimeStdev,TimeTotal
552.0,6914.0,2946.4285714285716,2175.5222596059125,20625.0
