TraitMin,TraitMax,TraitAvg,TraitStdev,TraitTotal
127.0,863.0,319.2625,224.54877497717504,261.39473684210526
