TraitMin,TraitMax,TraitAvg,TraitStdev,TraitTotal
200.0,1016.0,523.1957671957672,260.46586211731903,494.11764705882354
