TraitMin,TraitMax,TraitAvg,TraitStdev,TraitTotal
192.0,640.0,436.7012987012987,141.63765685401594,413.6363636363636
