SentiMin,SentiMax,SentiAvg,SentiStdev,Senti0-0.20,Senti0.21-0.40,Senti0.41-0.60,Senti0.61-0.80,Senti0.81-1.00,SentiTotal
0.004812535655241135,0.49789225920557484,0.26579403919672684,0.1782601909268414,4.0,2.0,3.0,0.0,0.0,4.229650076347253E-7