TraitMin,TraitMax,TraitAvg,TraitStdev,TraitTotal
260.0,800.0,462.42424242424244,194.48219494492773,339.1304347826087
