SentiMin,SentiMax,SentiAvg,SentiStdev,Senti0-0.20,Senti0.21-0.40,Senti0.41-0.60,Senti0.61-0.80,Senti0.81-1.00,SentiTotal
1.8829712407456376E-7,0.37587821617063016,0.07694055547952307,0.14949930996025695,4.0,1.0,0.0,0.0,0.0,3.611116369929361E-17