TraitMin,TraitMax,TraitAvg,TraitStdev,TraitTotal
140.0,720.0,349.1851851851852,176.66078101850616,275.93220338983053
