TimeMin,TimeMax,TimeAvg,TimeStdev,TimeTotal
520.0,1640.0,796.6666666666666,290.95627773869313,9560.0
