TraitMin,TraitMax,TraitAvg,TraitStdev,TraitTotal
168.0,640.0,383.5555555555556,184.98314904903842,273.14285714285717
