SentiMin,SentiMax,SentiAvg,SentiStdev,Senti0-0.20,Senti0.21-0.40,Senti0.41-0.60,Senti0.61-0.80,Senti0.81-1.00,SentiTotal
0.12638914052003805,0.49789225920557484,0.32100118127651683,0.12450454968150958,3.0,5.0,4.0,0.0,0.0,5.311078558386366E-5