TimeMin,TimeMax,TimeAvg,TimeStdev,TimeTotal
640.0,4440.0,2022.2222222222222,1303.821543495869,18200.0
