TraitMin,TraitMax,TraitAvg,TraitStdev,TraitTotal
180.0,760.0,398.8888888888889,232.10523368974867,293.3333333333333
