TimeMin,TimeMax,TimeAvg,TimeStdev,TimeTotal
640.0,3320.0,1356.6666666666667,790.0140645724114,16280.0
