TimeMin,TimeMax,TimeAvg,TimeStdev,TimeTotal
440.0,5280.0,1557.8947368421052,1039.552428729577,29600.0
