SentiMin,SentiMax,SentiAvg,SentiStdev,Senti0-0.20,Senti0.21-0.40,Senti0.41-0.60,Senti0.61-0.80,Senti0.81-1.00,SentiTotal
0.008141326811337873,0.49789225920557484,0.20299805510322264,0.14785429696385521,5.0,3.0,1.0,0.0,0.0,1.1414792996329577E-7