SentiMin,SentiMax,SentiAvg,SentiStdev,Senti0-0.20,Senti0.21-0.40,Senti0.41-0.60,Senti0.61-0.80,Senti0.81-1.00,SentiTotal
3.772587561129751E-6,0.29150453131543796,0.062546635343783,0.10497334433206654,5.0,1.0,0.0,0.0,0.0,1.0064510671051014E-17