TraitMin,TraitMax,TraitAvg,TraitStdev,TraitTotal
204.44444444444446,204.44444444444446,204.44444444444446,0.0,204.44444444444446
