TraitMin,TraitMax,TraitAvg,TraitStdev,TraitTotal
191.11111111111111,840.0,308.53801169590645,161.33960511369452,293.0693069306931
