TimeMin,TimeMax,TimeAvg,TimeStdev,TimeTotal
800.0,15520.0,5906.666666666667,5702.054210740391,35440.0
