TraitMin,TraitMax,TraitAvg,TraitStdev,TraitTotal
168.0,1040.0,580.7272727272727,293.8982789114415,440.0
