TraitMin,TraitMax,TraitAvg,TraitStdev,TraitTotal
240.0,880.0,447.30481283422455,218.89005057866132,332.54901960784315
