TimeMin,TimeMax,TimeAvg,TimeStdev,TimeTotal
1000.0,2520.0,1345.4545454545455,390.5325882424396,14800.0
