TraitMin,TraitMax,TraitAvg,TraitStdev,TraitTotal
226.66666666666666,1000.0,495.50000000000006,285.839455716744,375.6862745098039
