SentiMin,SentiMax,SentiAvg,SentiStdev,Senti0-0.20,Senti0.21-0.40,Senti0.41-0.60,Senti0.61-0.80,Senti0.81-1.00,SentiTotal
0.0011069265869234368,0.8577945214489947,0.3127748124460031,0.23957866679207226,5.0,3.0,2.0,0.0,1.0,6.661307661586688E-7