SentiMin,SentiMax,SentiAvg,SentiStdev,Senti0-0.20,Senti0.21-0.40,Senti0.41-0.60,Senti0.61-0.80,Senti0.81-1.00,SentiTotal
0.3553748563729997,0.4737554465528978,0.41456515146294876,0.05919029508994905,0.0,1.0,1.0,0.0,0.0,0.3335572825070982