TraitMin,TraitMax,TraitAvg,TraitStdev,TraitTotal
240.0,1120.0,461.50000000000006,268.5644449868804,367.4074074074074
