TimeMin,TimeMax,TimeAvg,TimeStdev,TimeTotal
720.0,3280.0,1430.7692307692307,645.7727814077491,18600.0
