SentiMin,SentiMax,SentiAvg,SentiStdev,Senti0-0.20,Senti0.21-0.40,Senti0.41-0.60,Senti0.61-0.80,Senti0.81-1.00,SentiTotal
0.0011458791156156898,0.9611958417475951,0.28205520572169446,0.2756518197550537,6.0,2.0,2.0,0.0,1.0,9.137538402183318E-7