TraitMin,TraitMax,TraitAvg,TraitStdev,TraitTotal
222.85714285714286,1080.0,602.2857142857143,395.2138145152235,343.1578947368421
