SentiMin,SentiMax,SentiAvg,SentiStdev,Senti0-0.20,Senti0.21-0.40,Senti0.41-0.60,Senti0.61-0.80,Senti0.81-1.00,SentiTotal
0.2794653930830212,0.5047958205945238,0.4681693766875081,0.07747281780614804,0.0,1.0,6.0,0.0,0.0,0.28788376831580476