TimeMin,TimeMax,TimeAvg,TimeStdev,TimeTotal
1080.0,1520.0,1228.5714285714287,133.03367687797504,8600.0
