TraitMin,TraitMax,TraitAvg,TraitStdev,TraitTotal
190.0,1960.0,645.0649350649351,524.1217421622433,439.2
