SentiMin,SentiMax,SentiAvg,SentiStdev,Senti0-0.20,Senti0.21-0.40,Senti0.41-0.60,Senti0.61-0.80,Senti0.81-1.00,SentiTotal
2.452551291183992E-5,0.5318834537628724,0.2078118166216328,0.21749855002959986,3.0,1.0,1.0,0.0,0.0,1.8244884090361263E-9