TraitMin,TraitMax,TraitAvg,TraitStdev,TraitTotal
280.0,1040.0,572.6666666666666,289.7393464631424,463.52941176470586
