TimeMin,TimeMax,TimeAvg,TimeStdev,TimeTotal
680.0,1920.0,1250.909090909091,315.00229567574854,13760.0
