TraitMin,TraitMax,TraitAvg,TraitStdev,TraitTotal
205.71428571428572,1000.0,464.6190476190476,238.9838797588249,352.85714285714283
