SentiMin,SentiMax,SentiAvg,SentiStdev,Senti0-0.20,Senti0.21-0.40,Senti0.41-0.60,Senti0.61-0.80,Senti0.81-1.00,SentiTotal
1.5695267627492554E-4,0.9611958417475951,0.40624040654215776,0.2742811660929152,3.0,2.0,6.0,1.0,1.0,8.71737939167405E-8