TraitMin,TraitMax,TraitAvg,TraitStdev,TraitTotal
200.0,1040.0,461.51515151515156,221.8806833620707,371.8918918918919
