TraitMin,TraitMax,TraitAvg,TraitStdev,TraitTotal
173.33333333333334,1160.0,512.7238095238096,276.46365209500004,376.231884057971
