TraitMin,TraitMax,TraitAvg,TraitStdev,TraitTotal
253.33333333333334,1160.0,640.0,283.42155489266827,520.0
