TraitMin,TraitMax,TraitAvg,TraitStdev,TraitTotal
230.0,1320.0,421.39047619047625,318.87858265520197,313.20754716981133
