TraitMin,TraitMax,TraitAvg,TraitStdev,TraitTotal
330.0,1040.0,643.3333333333334,295.7852073530535,436.3636363636364
