TraitMin,TraitMax,TraitAvg,TraitStdev,TraitTotal
312.0,1240.0,515.4285714285714,303.87349677261477,411.2
