TraitMin,TraitMax,TraitAvg,TraitStdev,TraitTotal
213.33333333333334,1000.0,449.69696969696963,221.45749778264585,352.3809523809524
