SentiMin,SentiMax,SentiAvg,SentiStdev,Senti0-0.20,Senti0.21-0.40,Senti0.41-0.60,Senti0.61-0.80,Senti0.81-1.00,SentiTotal
0.008681828997873807,0.4973930561882818,0.24269694765720856,0.16541854565521016,2.0,4.0,1.0,0.0,0.0,4.268343982282189E-6