SentiMin,SentiMax,SentiAvg,SentiStdev,Senti0-0.20,Senti0.21-0.40,Senti0.41-0.60,Senti0.61-0.80,Senti0.81-1.00,SentiTotal
0.004385068024327495,0.49789225920557484,0.23061413586798443,0.21591345771894224,3.0,1.0,2.0,0.0,0.0,1.2912927916280305E-6