TimeMin,TimeMax,TimeAvg,TimeStdev,TimeTotal
760.0,4120.0,1541.8181818181818,854.5686650619627,16960.0
