SentiMin,SentiMax,SentiAvg,SentiStdev,Senti0-0.20,Senti0.21-0.40,Senti0.41-0.60,Senti0.61-0.80,Senti0.81-1.00,SentiTotal
3.169021527363217E-4,0.6323720940364075,0.28352363497597655,0.18274311871045057,6.0,9.0,4.0,1.0,0.0,7.302044395400064E-13