SentiMin,SentiMax,SentiAvg,SentiStdev,Senti0-0.20,Senti0.21-0.40,Senti0.41-0.60,Senti0.61-0.80,Senti0.81-1.00,SentiTotal
0.011542283165814696,0.5017543432377519,0.3293062417406056,0.15776219592576232,3.0,5.0,6.0,0.0,0.0,2.125868786400274E-6