TimeMin,TimeMax,TimeAvg,TimeStdev,TimeTotal
560.0,3120.0,1275.2941176470588,658.8235294117648,21680.0
