TimeMin,TimeMax,TimeAvg,TimeStdev,TimeTotal
1080.0,1720.0,1468.5714285714287,216.69125972409762,10280.0
