SentiMin,SentiMax,SentiAvg,SentiStdev,Senti0-0.20,Senti0.21-0.40,Senti0.41-0.60,Senti0.61-0.80,Senti0.81-1.00,SentiTotal
0.059035519909201084,0.53653731314242,0.33641978263412237,0.16565594694966318,3.0,3.0,5.0,0.0,0.0,8.191284274718014E-5