TimeMin,TimeMax,TimeAvg,TimeStdev,TimeTotal
720.0,1400.0,1068.5714285714287,173.98099825872376,14960.0
