TraitMin,TraitMax,TraitAvg,TraitStdev,TraitTotal
200.0,1160.0,558.8888888888889,318.53995621225243,397.4468085106383
