SentiMin,SentiMax,SentiAvg,SentiStdev,Senti0-0.20,Senti0.21-0.40,Senti0.41-0.60,Senti0.61-0.80,Senti0.81-1.00,SentiTotal
8.731305732583068E-4,0.8360014700747422,0.367170583047475,0.2135108201717439,4.0,5.0,6.0,1.0,1.0,1.7934458909538352E-7