SentiMin,SentiMax,SentiAvg,SentiStdev,Senti0-0.20,Senti0.21-0.40,Senti0.41-0.60,Senti0.61-0.80,Senti0.81-1.00,SentiTotal
0.009212917259152745,0.49789225920557484,0.2535525882323638,0.24433967097321105,1.0,0.0,1.0,0.0,0.0,0.009212917259152745