SentiMin,SentiMax,SentiAvg,SentiStdev,Senti0-0.20,Senti0.21-0.40,Senti0.41-0.60,Senti0.61-0.80,Senti0.81-1.00,SentiTotal
0.059879659926094835,0.565581293404478,0.3069744843609537,0.1756780162970906,6.0,5.0,7.0,0.0,0.0,1.75840166390651E-8