TraitMin,TraitMax,TraitAvg,TraitStdev,TraitTotal
260.0,1120.0,531.4285714285714,239.78070101761497,453.3333333333333
