TimeMin,TimeMax,TimeAvg,TimeStdev,TimeTotal
680.0,3280.0,1906.6666666666667,692.4609896753913,28600.0
