TimeMin,TimeMax,TimeAvg,TimeStdev,TimeTotal
920.0,4320.0,2037.142857142857,887.5602882656042,28520.0
