SentiMin,SentiMax,SentiAvg,SentiStdev,Senti0-0.20,Senti0.21-0.40,Senti0.41-0.60,Senti0.61-0.80,Senti0.81-1.00,SentiTotal
0.0015202048222499622,0.3760966277435949,0.10063494948748582,0.11541676188855754,11.0,4.0,0.0,0.0,0.0,1.4944045348809459E-22