TraitMin,TraitMax,TraitAvg,TraitStdev,TraitTotal
280.0,1760.0,693.374149659864,465.00386351751325,471.57894736842104
