SentiMin,SentiMax,SentiAvg,SentiStdev,Senti0-0.20,Senti0.21-0.40,Senti0.41-0.60,Senti0.61-0.80,Senti0.81-1.00,SentiTotal
0.014448430840098569,0.39697510199130176,0.21246294594966064,0.13541200165735812,1.0,3.0,0.0,0.0,0.0,7.796298097701927E-4