TimeMin,TimeMax,TimeAvg,TimeStdev,TimeTotal
720.0,3040.0,1467.6923076923076,601.8197257057305,19080.0
