SentiMin,SentiMax,SentiAvg,SentiStdev,Senti0-0.20,Senti0.21-0.40,Senti0.41-0.60,Senti0.61-0.80,Senti0.81-1.00,SentiTotal
0.0011362419021926046,0.44693956163634724,0.18554324065001507,0.12900824363898725,6.0,6.0,1.0,0.0,0.0,7.666573923659416E-13