TraitMin,TraitMax,TraitAvg,TraitStdev,TraitTotal
200.0,733.3333333333334,450.1501831501832,161.43941079598838,379.4736842105263
