TraitMin,TraitMax,TraitAvg,TraitStdev,TraitTotal
256.0,1920.0,627.5676767676766,464.7889131842519,420.5882352941176
