SentiMin,SentiMax,SentiAvg,SentiStdev,Senti0-0.20,Senti0.21-0.40,Senti0.41-0.60,Senti0.61-0.80,Senti0.81-1.00,SentiTotal
4.229530032334627E-5,0.6274708568440207,0.18581170750449996,0.19861857324909168,9.0,3.0,2.0,1.0,0.0,2.070078137853069E-18