TraitMin,TraitMax,TraitAvg,TraitStdev,TraitTotal
312.0,1640.0,625.8285714285714,509.42169212565267,423.44827586206895
