SentiMin,SentiMax,SentiAvg,SentiStdev,Senti0-0.20,Senti0.21-0.40,Senti0.41-0.60,Senti0.61-0.80,Senti0.81-1.00,SentiTotal
2.556343853664536E-4,0.6751734759732935,0.15632964652022227,0.21037551269833846,6.0,1.0,0.0,1.0,0.0,4.820600953507848E-12