SentiMin,SentiMax,SentiAvg,SentiStdev,Senti0-0.20,Senti0.21-0.40,Senti0.41-0.60,Senti0.61-0.80,Senti0.81-1.00,SentiTotal
2.1051206325551359E-4,0.9426756541917749,0.31744364633199873,0.26161235532422017,7.0,7.0,3.0,0.0,2.0,1.1915360916861487E-14