TraitMin,TraitMax,TraitAvg,TraitStdev,TraitTotal
200.0,900.0,507.77777777777777,227.0775143664916,380.0
