SentiMin,SentiMax,SentiAvg,SentiStdev,Senti0-0.20,Senti0.21-0.40,Senti0.41-0.60,Senti0.61-0.80,Senti0.81-1.00,SentiTotal
0.016839034004186917,0.49789225920557484,0.23030205451289446,0.16130651417172492,6.0,3.0,2.0,0.0,0.0,2.0845586089664192E-8