TraitMin,TraitMax,TraitAvg,TraitStdev,TraitTotal
260.0,400.0,337.125,48.32843006738144,338.46153846153845
