TraitMin,TraitMax,TraitAvg,TraitStdev,TraitTotal
320.0,533.3333333333334,393.3333333333333,99.0323553562542,381.8181818181818
