SentiMin,SentiMax,SentiAvg,SentiStdev,Senti0-0.20,Senti0.21-0.40,Senti0.41-0.60,Senti0.61-0.80,Senti0.81-1.00,SentiTotal
0.11287892349513515,0.3248947984778318,0.21826053037949275,0.08655965065108714,1.0,2.0,0.0,0.0,0.0,0.016967210201808174