SentiMin,SentiMax,SentiAvg,SentiStdev,Senti0-0.20,Senti0.21-0.40,Senti0.41-0.60,Senti0.61-0.80,Senti0.81-1.00,SentiTotal
2.7820333692591235E-6,0.47371072416927557,0.1913002974091147,0.14683746534594413,7.0,5.0,1.0,0.0,0.0,3.079402785668444E-20