TraitMin,TraitMax,TraitAvg,TraitStdev,TraitTotal
373.3333333333333,1400.0,743.3333333333333,399.37451095431715,600.0
