TraitMin,TraitMax,TraitAvg,TraitStdev,TraitTotal
260.0,1360.0,582.5920745920746,311.3553671768467,433.6363636363636
