TraitMin,TraitMax,TraitAvg,TraitStdev,TraitTotal
196.0,1920.0,583.688888888889,418.73954868709103,410.5882352941176
