TraitMin,TraitMax,TraitAvg,TraitStdev,TraitTotal
320.0,800.0,543.7051282051282,147.48269714311402,465.9268292682927
