TimeMin,TimeMax,TimeAvg,TimeStdev,TimeTotal
680.0,3400.0,1861.3333333333333,766.4799772698277,27920.0
