SentiMin,SentiMax,SentiAvg,SentiStdev,Senti0-0.20,Senti0.21-0.40,Senti0.41-0.60,Senti0.61-0.80,Senti0.81-1.00,SentiTotal
2.1624799956612508E-4,0.9876915562980825,0.39140794380283034,0.29413345829752957,4.0,4.0,3.0,0.0,2.0,1.3931710021337484E-4