TraitMin,TraitMax,TraitAvg,TraitStdev,TraitTotal
243.63636363636363,1760.0,491.430303030303,426.1387782934954,354.7169811320755
