TraitMin,TraitMax,TraitAvg,TraitStdev,TraitTotal
240.0,1720.0,513.4761904761905,372.9608838225237,366.76056338028167
