TimeMin,TimeMax,TimeAvg,TimeStdev,TimeTotal
640.0,3280.0,1587.3684210526317,754.1662674787107,30160.0
