TraitMin,TraitMax,TraitAvg,TraitStdev,TraitTotal
255.0,440.0,319.41819291819286,57.17768224173001,302.4
