TimeMin,TimeMax,TimeAvg,TimeStdev,TimeTotal
640.0,2640.0,1469.4615384615386,657.4475837994896,19103.0
