SentiMin,SentiMax,SentiAvg,SentiStdev,Senti0-0.20,Senti0.21-0.40,Senti0.41-0.60,Senti0.61-0.80,Senti0.81-1.00,SentiTotal
3.0736383616878705E-4,0.39751759361842637,0.16595747519692114,0.14315243216565393,4.0,4.0,0.0,0.0,0.0,3.271749248573791E-11