SentiMin,SentiMax,SentiAvg,SentiStdev,Senti0-0.20,Senti0.21-0.40,Senti0.41-0.60,Senti0.61-0.80,Senti0.81-1.00,SentiTotal
1.2831939518364584E-6,0.544084626777686,0.15651260364673011,0.17279112402650676,7.0,2.0,1.0,0.0,0.0,4.142790413310363E-20