SentiMin,SentiMax,SentiAvg,SentiStdev,Senti0-0.20,Senti0.21-0.40,Senti0.41-0.60,Senti0.61-0.80,Senti0.81-1.00,SentiTotal
0.013325499814540767,0.9950072824066393,0.324931223066109,0.26117380616861424,6.0,3.0,4.0,0.0,1.0,2.5048578312507865E-6