TraitMin,TraitMax,TraitAvg,TraitStdev,TraitTotal
231.42857142857142,1160.0,507.03741496598644,301.5310495102937,365.64102564102564
