TimeMin,TimeMax,TimeAvg,TimeStdev,TimeTotal
1440.0,3560.0,2218.4615384615386,530.5707544180955,28840.0
