TraitMin,TraitMax,TraitAvg,TraitStdev,TraitTotal
265.0,480.0,361.0021164021165,63.977754717850466,350.7692307692308
