SentiMin,SentiMax,SentiAvg,SentiStdev,Senti0-0.20,Senti0.21-0.40,Senti0.41-0.60,Senti0.61-0.80,Senti0.81-1.00,SentiTotal
0.004249704221857068,0.49789225920557484,0.21641866171734575,0.19347226018612323,6.0,4.0,4.0,0.0,0.0,4.175191510146647E-14