TraitMin,TraitMax,TraitAvg,TraitStdev,TraitTotal
182.85714285714286,520.0,342.644130138867,96.97937531523827,300.5405405405405
