TimeMin,TimeMax,TimeAvg,TimeStdev,TimeTotal
1000.0,8920.0,4244.444444444444,3041.546065594898,38200.0
