TimeMin,TimeMax,TimeAvg,TimeStdev,TimeTotal
840.0,9120.0,3462.222222222222,2640.5461462768044,31160.0
