TraitMin,TraitMax,TraitAvg,TraitStdev,TraitTotal
225.0,451.42857142857144,374.8240740740741,74.69395648958769,356.2616822429907
