TraitMin,TraitMax,TraitAvg,TraitStdev,TraitTotal
206.15384615384616,560.0,388.43141264193895,92.21709448441355,374.5098039215686
