TraitMin,TraitMax,TraitAvg,TraitStdev,TraitTotal
221.8181818181818,560.0,407.82365782365787,117.13717423257339,363.44827586206895
