TraitMin,TraitMax,TraitAvg,TraitStdev,TraitTotal
253.33333333333334,920.0,546.1111111111111,223.6930491698693,401.9512195121951
