SentiMin,SentiMax,SentiAvg,SentiStdev,Senti0-0.20,Senti0.21-0.40,Senti0.41-0.60,Senti0.61-0.80,Senti0.81-1.00,SentiTotal
1.0531448844334128E-5,0.6731516024974482,0.23145871877176455,0.2160940707796167,3.0,3.0,0.0,1.0,0.0,4.836455699882631E-11