TraitMin,TraitMax,TraitAvg,TraitStdev,TraitTotal
154.28571428571428,920.0,444.57418546365915,245.15912916386182,467.27272727272725
