TraitMin,TraitMax,TraitAvg,TraitStdev,TraitTotal
146.66666666666666,670.0,339.6776556776557,148.70934600427452,323.4782608695652
