TimeMin,TimeMax,TimeAvg,TimeStdev,TimeTotal
760.0,4040.0,1584.6153846153845,879.5157355011238,20600.0
