TraitMin,TraitMax,TraitAvg,TraitStdev,TraitTotal
165.71428571428572,880.0,418.0357142857143,247.56451866404555,307.5409836065574
