TraitMin,TraitMax,TraitAvg,TraitStdev,TraitTotal
302.85714285714283,1000.0,632.5714285714286,252.42400351595015,460.0
