TraitMin,TraitMax,TraitAvg,TraitStdev,TraitTotal
168.0,800.0,419.8,210.46842993665345,342.60869565217394
