TraitMin,TraitMax,TraitAvg,TraitStdev,TraitTotal
253.33333333333334,640.0,348.7640137640137,134.01673575611701,365.0
