SentiMin,SentiMax,SentiAvg,SentiStdev,Senti0-0.20,Senti0.21-0.40,Senti0.41-0.60,Senti0.61-0.80,Senti0.81-1.00,SentiTotal
0.012761746503562222,0.49789225920557484,0.13082026037441336,0.18589427990164845,4.0,0.0,1.0,0.0,0.0,7.698027315750573E-7