SentiMin,SentiMax,SentiAvg,SentiStdev,Senti0-0.20,Senti0.21-0.40,Senti0.41-0.60,Senti0.61-0.80,Senti0.81-1.00,SentiTotal
0.011169258854807204,0.49789225920557484,0.2870644762901123,0.2157898041301915,2.0,0.0,2.0,0.0,0.0,0.001870966886993012