TimeMin,TimeMax,TimeAvg,TimeStdev,TimeTotal
760.0,1960.0,1285.7142857142858,377.9212746008332,9000.0
