SentiMin,SentiMax,SentiAvg,SentiStdev,Senti0-0.20,Senti0.21-0.40,Senti0.41-0.60,Senti0.61-0.80,Senti0.81-1.00,SentiTotal
2.5564355726468823E-4,0.49789225920557484,0.212758127338786,0.1967017671661015,5.0,2.0,2.0,0.0,0.0,2.1864140046543532E-11