SentiMin,SentiMax,SentiAvg,SentiStdev,Senti0-0.20,Senti0.21-0.40,Senti0.41-0.60,Senti0.61-0.80,Senti0.81-1.00,SentiTotal
0.17884862035903032,0.7938283403456727,0.38238749937340594,0.19134572159602023,2.0,5.0,3.0,2.0,0.0,0.0018291823434595574