SentiMin,SentiMax,SentiAvg,SentiStdev,Senti0-0.20,Senti0.21-0.40,Senti0.41-0.60,Senti0.61-0.80,Senti0.81-1.00,SentiTotal
6.293864219128656E-6,0.8201451012196805,0.20483064659064765,0.2690600939332897,5.0,1.0,1.0,0.0,1.0,3.1358607662859795E-13