TraitMin,TraitMax,TraitAvg,TraitStdev,TraitTotal
226.66666666666666,1120.0,461.1111111111111,240.72549809294978,360.0
