TimeMin,TimeMax,TimeAvg,TimeStdev,TimeTotal
400.0,6000.0,1602.857142857143,1460.9949084267814,22440.0
