TraitMin,TraitMax,TraitAvg,TraitStdev,TraitTotal
246.66666666666666,920.0,692.0,244.20028210011918,540.0
