TraitMin,TraitMax,TraitAvg,TraitStdev,TraitTotal
206.66666666666666,760.0,476.060606060606,189.11178983389203,366.22222222222223
