SentiMin,SentiMax,SentiAvg,SentiStdev,Senti0-0.20,Senti0.21-0.40,Senti0.41-0.60,Senti0.61-0.80,Senti0.81-1.00,SentiTotal
5.440703269721904E-7,0.4430787622364879,0.14346174444010548,0.1388225130909085,6.0,3.0,1.0,0.0,0.0,1.7321805764720801E-16