TraitMin,TraitMax,TraitAvg,TraitStdev,TraitTotal
216.0,733.3333333333334,473.0476190476191,204.26000504225968,441.9047619047619
