TimeMin,TimeMax,TimeAvg,TimeStdev,TimeTotal
1000.0,2360.0,1622.2222222222222,432.9171790892771,14600.0
