TraitMin,TraitMax,TraitAvg,TraitStdev,TraitTotal
253.33333333333334,800.0,550.7407407407408,210.9108862065658,476.3636363636364
