SentiMin,SentiMax,SentiAvg,SentiStdev,Senti0-0.20,Senti0.21-0.40,Senti0.41-0.60,Senti0.61-0.80,Senti0.81-1.00,SentiTotal
1.8787764450765123E-8,0.4023193879769167,0.1343299588661305,0.13865641141789423,5.0,1.0,1.0,0.0,0.0,1.1123362046812549E-14