TraitMin,TraitMax,TraitAvg,TraitStdev,TraitTotal
216.0,760.0,414.0571428571428,189.82839941507643,340.4878048780488
