TraitMin,TraitMax,TraitAvg,TraitStdev,TraitTotal
257.14285714285717,486.6666666666667,359.765487386177,75.65475992286896,378.9010989010989
