TraitMin,TraitMax,TraitAvg,TraitStdev,TraitTotal
192.0,1000.0,594.8888888888889,257.39713275523735,516.0
