TraitMin,TraitMax,TraitAvg,TraitStdev,TraitTotal
177.77777777777777,840.0,461.9274376417234,267.55803982021524,341.7142857142857
