SentiMin,SentiMax,SentiAvg,SentiStdev,Senti0-0.20,Senti0.21-0.40,Senti0.41-0.60,Senti0.61-0.80,Senti0.81-1.00,SentiTotal
0.05281904832366456,0.6928931307458372,0.35397321135859083,0.21524346626181148,1.0,2.0,1.0,1.0,0.0,0.003233946693935651