SentiMin,SentiMax,SentiAvg,SentiStdev,Senti0-0.20,Senti0.21-0.40,Senti0.41-0.60,Senti0.61-0.80,Senti0.81-1.00,SentiTotal
4.4742222584099006E-4,0.42558436154981694,0.15385331731693444,0.144667087413549,4.0,2.0,1.0,0.0,0.0,2.014973618106248E-9