SentiMin,SentiMax,SentiAvg,SentiStdev,Senti0-0.20,Senti0.21-0.40,Senti0.41-0.60,Senti0.61-0.80,Senti0.81-1.00,SentiTotal
0.00912489532817281,0.4345833124894197,0.22185410390879626,0.21272920858062344,1.0,0.0,1.0,0.0,0.0,0.00708738409343375