SentiMin,SentiMax,SentiAvg,SentiStdev,Senti0-0.20,Senti0.21-0.40,Senti0.41-0.60,Senti0.61-0.80,Senti0.81-1.00,SentiTotal
9.132850851830975E-5,0.36197773150743234,0.12028244948848649,0.13831979666149308,6.0,2.0,0.0,0.0,0.0,2.0467732078252295E-13