SentiMin,SentiMax,SentiAvg,SentiStdev,Senti0-0.20,Senti0.21-0.40,Senti0.41-0.60,Senti0.61-0.80,Senti0.81-1.00,SentiTotal
9.978989762761259E-7,0.7472484420950193,0.2064629455288819,0.2950903391103563,6.0,0.0,2.0,1.0,0.0,4.236209690383655E-22