TimeMin,TimeMax,TimeAvg,TimeStdev,TimeTotal
1000.0,3280.0,1931.4285714285713,736.2342129557214,13520.0
