SentiMin,SentiMax,SentiAvg,SentiStdev,Senti0-0.20,Senti0.21-0.40,Senti0.41-0.60,Senti0.61-0.80,Senti0.81-1.00,SentiTotal
5.19615620577086E-4,0.5755436691302463,0.26895025029410397,0.23256112059282266,5.0,1.0,4.0,0.0,0.0,7.801606483761536E-11