TimeMin,TimeMax,TimeAvg,TimeStdev,TimeTotal
840.0,6000.0,1853.3333333333333,1500.4591889744213,16680.0
