SentiMin,SentiMax,SentiAvg,SentiStdev,Senti0-0.20,Senti0.21-0.40,Senti0.41-0.60,Senti0.61-0.80,Senti0.81-1.00,SentiTotal
0.09165777120358257,0.49789225920557484,0.24943848137200417,0.133689616117055,1.0,3.0,1.0,0.0,0.0,8.407350989559305E-5