SentiMin,SentiMax,SentiAvg,SentiStdev,Senti0-0.20,Senti0.21-0.40,Senti0.41-0.60,Senti0.61-0.80,Senti0.81-1.00,SentiTotal
0.0034477217449091374,0.5755436691302463,0.2590897620764696,0.22138279267585345,4.0,0.0,3.0,0.0,0.0,1.7877437615063037E-6