SentiMin,SentiMax,SentiAvg,SentiStdev,Senti0-0.20,Senti0.21-0.40,Senti0.41-0.60,Senti0.61-0.80,Senti0.81-1.00,SentiTotal
4.561750901278913E-4,0.5755436691302463,0.25980591682013626,0.17220557284451055,4.0,5.0,2.0,0.0,0.0,1.146709553150583E-9