TraitMin,TraitMax,TraitAvg,TraitStdev,TraitTotal
240.0,1060.0,468.88888888888886,307.2008230441649,435.0
