TraitMin,TraitMax,TraitAvg,TraitStdev,TraitTotal
130.0,826.6666666666666,357.9012345679012,240.9733602318135,270.5882352941176
