TraitMin,TraitMax,TraitAvg,TraitStdev,TraitTotal
205.71428571428572,520.0,358.4761904761905,99.5693220154748,312.0
