SentiMin,SentiMax,SentiAvg,SentiStdev,Senti0-0.20,Senti0.21-0.40,Senti0.41-0.60,Senti0.61-0.80,Senti0.81-1.00,SentiTotal
0.0033970387742269965,0.7300840865009319,0.3402640904621368,0.2596992536766589,4.0,2.0,3.0,2.0,0.0,2.7524334286901547E-8