TraitMin,TraitMax,TraitAvg,TraitStdev,TraitTotal
178.1818181818182,760.0,350.4069264069264,180.9945608371739,264.70588235294116
