TraitMin,TraitMax,TraitAvg,TraitStdev,TraitTotal
280.0,840.0,552.534435261708,194.031584180322,438.8235294117647
