SentiMin,SentiMax,SentiAvg,SentiStdev,Senti0-0.20,Senti0.21-0.40,Senti0.41-0.60,Senti0.61-0.80,Senti0.81-1.00,SentiTotal
4.600842496258245E-8,0.5755436691302463,0.26654839643695033,0.23013116010056853,5.0,3.0,4.0,0.0,0.0,3.7514398190888535E-18