TimeMin,TimeMax,TimeAvg,TimeStdev,TimeTotal
720.0,11200.0,2746.6666666666665,3795.201648866046,16480.0
