SentiMin,SentiMax,SentiAvg,SentiStdev,Senti0-0.20,Senti0.21-0.40,Senti0.41-0.60,Senti0.61-0.80,Senti0.81-1.00,SentiTotal
4.217158401309092E-4,0.48439634580644964,0.17667054257397288,0.17950171715781268,5.0,3.0,1.0,0.0,0.0,1.0420538834220056E-14