TimeMin,TimeMax,TimeAvg,TimeStdev,TimeTotal
680.0,3400.0,1971.4285714285713,841.9607824499152,13800.0
