TimeMin,TimeMax,TimeAvg,TimeStdev,TimeTotal
520.0,2480.0,1533.3333333333333,715.5417527999327,13800.0
