TraitMin,TraitMax,TraitAvg,TraitStdev,TraitTotal
206.66666666666666,920.0,409.0,231.8718515809014,325.3333333333333
