TraitMin,TraitMax,TraitAvg,TraitStdev,TraitTotal
148.57142857142858,600.0,415.44761904761907,138.39217861584817,373.3333333333333
