TimeMin,TimeMax,TimeAvg,TimeStdev,TimeTotal
640.0,3240.0,1356.3636363636363,766.850379234588,14920.0
