SentiMin,SentiMax,SentiAvg,SentiStdev,Senti0-0.20,Senti0.21-0.40,Senti0.41-0.60,Senti0.61-0.80,Senti0.81-1.00,SentiTotal
0.0744262377059253,0.5755436691302463,0.2377542016397926,0.17600480567734347,3.0,1.0,1.0,0.0,0.0,1.2652987627954795E-4