TimeMin,TimeMax,TimeAvg,TimeStdev,TimeTotal
640.0,2760.0,1498.1818181818182,745.4811525185132,16480.0
