TraitMin,TraitMax,TraitAvg,TraitStdev,TraitTotal
253.33333333333334,920.0,505.41666666666663,228.01034028696543,440.0
