SentiMin,SentiMax,SentiAvg,SentiStdev,Senti0-0.20,Senti0.21-0.40,Senti0.41-0.60,Senti0.61-0.80,Senti0.81-1.00,SentiTotal
8.949795817608117E-4,0.39697510199130176,0.11524938335209753,0.14725486301931892,4.0,1.0,0.0,0.0,0.0,1.5602122317948827E-8