SentiMin,SentiMax,SentiAvg,SentiStdev,Senti0-0.20,Senti0.21-0.40,Senti0.41-0.60,Senti0.61-0.80,Senti0.81-1.00,SentiTotal
9.928384105756145E-5,0.7567368464747634,0.2591393723278481,0.2911699857457984,4.0,1.0,1.0,2.0,0.0,1.3292468994693275E-12