TraitMin,TraitMax,TraitAvg,TraitStdev,TraitTotal
180.0,474.6666666666667,318.51851851851853,82.96051583692491,335.05882352941177
