TimeMin,TimeMax,TimeAvg,TimeStdev,TimeTotal
1160.0,8320.0,3893.3333333333335,2291.859991845536,23360.0
