SentiMin,SentiMax,SentiAvg,SentiStdev,Senti0-0.20,Senti0.21-0.40,Senti0.41-0.60,Senti0.61-0.80,Senti0.81-1.00,SentiTotal
1.2574737442395929E-4,0.39697510199130176,0.13690893625475298,0.1466731582061823,5.0,2.0,0.0,0.0,0.0,1.6306590760725188E-10