SentiMin,SentiMax,SentiAvg,SentiStdev,Senti0-0.20,Senti0.21-0.40,Senti0.41-0.60,Senti0.61-0.80,Senti0.81-1.00,SentiTotal
0.01126940751352974,0.568872821241746,0.3350587889467693,0.19703273335842897,1.0,1.0,3.0,0.0,0.0,6.36459954723894E-4