TraitMin,TraitMax,TraitAvg,TraitStdev,TraitTotal
176.0,880.0,462.3272727272727,264.94073311991065,358.46153846153845
