TraitMin,TraitMax,TraitAvg,TraitStdev,TraitTotal
288.0,900.0,516.6984126984127,236.94395942774537,409.7560975609756
