SentiMin,SentiMax,SentiAvg,SentiStdev,Senti0-0.20,Senti0.21-0.40,Senti0.41-0.60,Senti0.61-0.80,Senti0.81-1.00,SentiTotal
0.04211346175741345,0.6872590277328016,0.3443168328795917,0.22553661778792378,3.0,1.0,3.0,1.0,0.0,6.987151359193642E-4