SentiMin,SentiMax,SentiAvg,SentiStdev,Senti0-0.20,Senti0.21-0.40,Senti0.41-0.60,Senti0.61-0.80,Senti0.81-1.00,SentiTotal
4.5612770727685655E-5,0.49789225920557484,0.2516114973036862,0.18150175496775417,5.0,4.0,4.0,0.0,0.0,7.6760845695991885E-16