SentiMin,SentiMax,SentiAvg,SentiStdev,Senti0-0.20,Senti0.21-0.40,Senti0.41-0.60,Senti0.61-0.80,Senti0.81-1.00,SentiTotal
0.0024103154761651235,0.5159436667231726,0.16136059838220096,0.1809890756991023,7.0,0.0,2.0,0.0,0.0,1.9031598483738094E-11