SentiMin,SentiMax,SentiAvg,SentiStdev,Senti0-0.20,Senti0.21-0.40,Senti0.41-0.60,Senti0.61-0.80,Senti0.81-1.00,SentiTotal
2.9403022922141E-4,0.5539809751964384,0.259620954113918,0.1855016923920784,2.0,2.0,1.0,0.0,0.0,1.1512750353009555E-5