TraitMin,TraitMax,TraitAvg,TraitStdev,TraitTotal
180.0,772.0,296.25,191.1162931306486,314.19354838709677
