TraitMin,TraitMax,TraitAvg,TraitStdev,TraitTotal
200.0,760.0,348.5416666666667,169.17166967150393,290.81081081081084
