TraitMin,TraitMax,TraitAvg,TraitStdev,TraitTotal
190.0,800.0,364.43123543123545,185.48766031034626,298.5507246376812
