SentiMin,SentiMax,SentiAvg,SentiStdev,Senti0-0.20,Senti0.21-0.40,Senti0.41-0.60,Senti0.61-0.80,Senti0.81-1.00,SentiTotal
0.002271803595449752,0.43796879524747484,0.1707824874751947,0.1660527553637682,8.0,5.0,1.0,0.0,0.0,1.9480940960232236E-16