TraitMin,TraitMax,TraitAvg,TraitStdev,TraitTotal
182.22222222222223,800.0,479.99844599844596,209.66548764304468,390.87719298245617
