TraitMin,TraitMax,TraitAvg,TraitStdev,TraitTotal
165.0,450.0,285.358024691358,82.14659147203865,265.45454545454544
