TimeMin,TimeMax,TimeAvg,TimeStdev,TimeTotal
1200.0,7480.0,3164.4444444444443,2313.127325654893,28480.0
