SentiMin,SentiMax,SentiAvg,SentiStdev,Senti0-0.20,Senti0.21-0.40,Senti0.41-0.60,Senti0.61-0.80,Senti0.81-1.00,SentiTotal
1.2126575888848961E-11,0.6323720940364075,0.23590974160753256,0.24634078374057247,3.0,1.0,1.0,1.0,0.0,4.413892655647355E-15