TraitMin,TraitMax,TraitAvg,TraitStdev,TraitTotal
240.0,2040.0,670.7407407407406,541.5883767416667,530.0
