TraitMin,TraitMax,TraitAvg,TraitStdev,TraitTotal
280.0,620.0,359.374149659864,108.96749404175463,322.5531914893617
