TraitMin,TraitMax,TraitAvg,TraitStdev,TraitTotal
255.0,440.0,350.4843137254902,60.006916203973105,362.46153846153845
