SentiMin,SentiMax,SentiAvg,SentiStdev,Senti0-0.20,Senti0.21-0.40,Senti0.41-0.60,Senti0.61-0.80,Senti0.81-1.00,SentiTotal
7.566819669047173E-8,0.2363663163685096,0.06876444195404413,0.0745594616737045,9.0,1.0,0.0,0.0,0.0,3.318228477675703E-22