SentiMin,SentiMax,SentiAvg,SentiStdev,Senti0-0.20,Senti0.21-0.40,Senti0.41-0.60,Senti0.61-0.80,Senti0.81-1.00,SentiTotal
1.5636530753138892E-4,0.3499352441185855,0.15089363106983864,0.1281876698554685,4.0,3.0,0.0,0.0,0.0,4.0314640212601073E-11