SentiMin,SentiMax,SentiAvg,SentiStdev,Senti0-0.20,Senti0.21-0.40,Senti0.41-0.60,Senti0.61-0.80,Senti0.81-1.00,SentiTotal
0.00148306645451778,0.6661935776436387,0.2965984977252278,0.23633497350787477,5.0,1.0,3.0,1.0,0.0,1.1336679015686181E-7