SentiMin,SentiMax,SentiAvg,SentiStdev,Senti0-0.20,Senti0.21-0.40,Senti0.41-0.60,Senti0.61-0.80,Senti0.81-1.00,SentiTotal
1.776151651163416E-6,0.6405020889468637,0.16704119085321015,0.19957746916613375,7.0,2.0,0.0,1.0,0.0,1.5804612367113888E-19