TimeMin,TimeMax,TimeAvg,TimeStdev,TimeTotal
640.0,3000.0,1164.4444444444443,704.6371976037835,10480.0
