TimeMin,TimeMax,TimeAvg,TimeStdev,TimeTotal
800.0,3840.0,1713.8461538461538,1049.8757322914164,22280.0
