TraitMin,TraitMax,TraitAvg,TraitStdev,TraitTotal
232.0,720.0,439.7402597402597,144.77565128708486,386.2857142857143
