TraitMin,TraitMax,TraitAvg,TraitStdev,TraitTotal
217.77777777777777,680.0,356.21315192743765,156.333371173915,306.6666666666667
