TimeMin,TimeMax,TimeAvg,TimeStdev,TimeTotal
880.0,3680.0,2125.714285714286,1118.4537431249464,14880.0
