TraitMin,TraitMax,TraitAvg,TraitStdev,TraitTotal
293.3333333333333,440.0,347.19999999999993,58.18957524047299,357.14285714285717
