TraitMin,TraitMax,TraitAvg,TraitStdev,TraitTotal
213.33333333333334,960.0,532.6190476190476,275.0986217716844,382.85714285714283
