TraitMin,TraitMax,TraitAvg,TraitStdev,TraitTotal
210.0,1720.0,614.8809523809524,431.54926837853037,423.52941176470586
