SentiMin,SentiMax,SentiAvg,SentiStdev,Senti0-0.20,Senti0.21-0.40,Senti0.41-0.60,Senti0.61-0.80,Senti0.81-1.00,SentiTotal
0.0010760126263807802,0.46364466503952073,0.23040350116401434,0.15839770455061605,7.0,4.0,3.0,0.0,0.0,6.7195888504253184E-12