SentiMin,SentiMax,SentiAvg,SentiStdev,Senti0-0.20,Senti0.21-0.40,Senti0.41-0.60,Senti0.61-0.80,Senti0.81-1.00,SentiTotal
3.5914404231646515E-4,0.8291567072128952,0.2939612791474394,0.2902088137999721,3.0,1.0,1.0,0.0,1.0,5.037320857355356E-6