TraitMin,TraitMax,TraitAvg,TraitStdev,TraitTotal
180.0,840.0,403.73737373737373,224.25247952703458,316.6666666666667
