TimeMin,TimeMax,TimeAvg,TimeStdev,TimeTotal
760.0,3480.0,1352.9411764705883,657.4439336943927,23000.0
