TimeMin,TimeMax,TimeAvg,TimeStdev,TimeTotal
800.0,2480.0,1673.3333333333333,531.3713913597114,10040.0
