TraitMin,TraitMax,TraitAvg,TraitStdev,TraitTotal
360.0,1120.0,660.0,214.66252583997982,543.0769230769231
