SentiMin,SentiMax,SentiAvg,SentiStdev,Senti0-0.20,Senti0.21-0.40,Senti0.41-0.60,Senti0.61-0.80,Senti0.81-1.00,SentiTotal
0.01910509979453418,0.7852976215634718,0.39712418923946474,0.22031017966960412,3.0,2.0,3.0,2.0,0.0,0.0017005480655260094