TraitMin,TraitMax,TraitAvg,TraitStdev,TraitTotal
232.0,1280.0,495.52507936507936,280.87573413899236,377.27272727272725
