SentiMin,SentiMax,SentiAvg,SentiStdev,Senti0-0.20,Senti0.21-0.40,Senti0.41-0.60,Senti0.61-0.80,Senti0.81-1.00,SentiTotal
0.011370603773031321,0.4737554465528978,0.237983973629269,0.1693602633092844,3.0,3.0,1.0,0.0,0.0,7.631335158959836E-6