SentiMin,SentiMax,SentiAvg,SentiStdev,Senti0-0.20,Senti0.21-0.40,Senti0.41-0.60,Senti0.61-0.80,Senti0.81-1.00,SentiTotal
2.769323760792576E-5,0.49789225920557484,0.13759775785329226,0.14407863275130167,17.0,1.0,2.0,0.0,0.0,1.306382081566036E-27