SentiMin,SentiMax,SentiAvg,SentiStdev,Senti0-0.20,Senti0.21-0.40,Senti0.41-0.60,Senti0.61-0.80,Senti0.81-1.00,SentiTotal
0.0042177658083871585,0.58262708536682,0.29760975968747977,0.1895747108929921,7.0,3.0,7.0,0.0,0.0,2.6092136622718954E-10