SentiMin,SentiMax,SentiAvg,SentiStdev,Senti0-0.20,Senti0.21-0.40,Senti0.41-0.60,Senti0.61-0.80,Senti0.81-1.00,SentiTotal
0.00417149107249982,0.6242094968955547,0.24375858312438453,0.18419108387323008,4.0,4.0,0.0,1.0,0.0,3.258039686870931E-7