TraitMin,TraitMax,TraitAvg,TraitStdev,TraitTotal
168.0,1160.0,442.9357142857142,223.76138553988744,360.8888888888889
