TraitMin,TraitMax,TraitAvg,TraitStdev,TraitTotal
208.88888888888889,620.0,346.96200096200096,142.1037565939228,278.8888888888889
