TraitMin,TraitMax,TraitAvg,TraitStdev,TraitTotal
220.0,1040.0,552.962962962963,268.43140349322823,393.93939393939394
