TraitMin,TraitMax,TraitAvg,TraitStdev,TraitTotal
250.0,1040.0,469.2244897959184,238.214824001385,398.6666666666667
