TimeMin,TimeMax,TimeAvg,TimeStdev,TimeTotal
880.0,3400.0,1694.7368421052631,783.5369767316774,32200.0
