SentiMin,SentiMax,SentiAvg,SentiStdev,Senti0-0.20,Senti0.21-0.40,Senti0.41-0.60,Senti0.61-0.80,Senti0.81-1.00,SentiTotal
0.01782713556685458,0.49789225920557484,0.27052568880420996,0.17158899123662855,4.0,4.0,2.0,0.0,0.0,1.3664642052147034E-6