SentiMin,SentiMax,SentiAvg,SentiStdev,Senti0-0.20,Senti0.21-0.40,Senti0.41-0.60,Senti0.61-0.80,Senti0.81-1.00,SentiTotal
1.419764969920121E-5,0.6278195467544847,0.24729998934246017,0.19460159415697983,12.0,6.0,6.0,1.0,0.0,1.1941567824256815E-25