TraitMin,TraitMax,TraitAvg,TraitStdev,TraitTotal
333.3333333333333,1440.0,727.3137254901961,347.6295163838711,560.9756097560976
