SentiMin,SentiMax,SentiAvg,SentiStdev,Senti0-0.20,Senti0.21-0.40,Senti0.41-0.60,Senti0.61-0.80,Senti0.81-1.00,SentiTotal
0.026546778073755013,0.49789225920557484,0.25196108019253,0.1425059431288773,5.0,7.0,3.0,0.0,0.0,3.0431901033950885E-9