TraitMin,TraitMax,TraitAvg,TraitStdev,TraitTotal
180.0,1360.0,676.25,338.5321152498763,509.4736842105263
