TraitMin,TraitMax,TraitAvg,TraitStdev,TraitTotal
249.23076923076923,1080.0,527.8793136687874,244.66164511156768,418.1818181818182
