TraitMin,TraitMax,TraitAvg,TraitStdev,TraitTotal
206.66666666666666,1200.0,554.3247863247863,321.8740897486858,388.0
