SentiMin,SentiMax,SentiAvg,SentiStdev,Senti0-0.20,Senti0.21-0.40,Senti0.41-0.60,Senti0.61-0.80,Senti0.81-1.00,SentiTotal
0.015567783771897523,0.5666333828789054,0.30904548330462467,0.16789478595286378,4.0,8.0,5.0,0.0,0.0,8.124923870459806E-9