TimeMin,TimeMax,TimeAvg,TimeStdev,TimeTotal
760.0,2200.0,1531.4285714285713,584.6471114253103,10720.0
