SentiMin,SentiMax,SentiAvg,SentiStdev,Senti0-0.20,Senti0.21-0.40,Senti0.41-0.60,Senti0.61-0.80,Senti0.81-1.00,SentiTotal
4.51392961429773E-4,0.6136474150967165,0.27296355231153124,0.20065183988614546,6.0,3.0,3.0,1.0,0.0,1.3058117985919458E-11