TraitMin,TraitMax,TraitAvg,TraitStdev,TraitTotal
188.57142857142858,600.0,414.99072356215214,118.04491361124516,398.0952380952381
