SentiMin,SentiMax,SentiAvg,SentiStdev,Senti0-0.20,Senti0.21-0.40,Senti0.41-0.60,Senti0.61-0.80,Senti0.81-1.00,SentiTotal
9.364442767937239E-4,0.34322267253793753,0.1115247017717627,0.10814639374429327,9.0,2.0,0.0,0.0,0.0,2.013135830320708E-14