TimeMin,TimeMax,TimeAvg,TimeStdev,TimeTotal
720.0,1640.0,1066.6666666666667,342.2799374131583,6400.0
