SentiMin,SentiMax,SentiAvg,SentiStdev,Senti0-0.20,Senti0.21-0.40,Senti0.41-0.60,Senti0.61-0.80,Senti0.81-1.00,SentiTotal
4.4186489936704935E-4,0.49789225920557484,0.28337592152892294,0.2045965202380646,2.0,2.0,2.0,0.0,0.0,4.8116614819261E-7