SentiMin,SentiMax,SentiAvg,SentiStdev,Senti0-0.20,Senti0.21-0.40,Senti0.41-0.60,Senti0.61-0.80,Senti0.81-1.00,SentiTotal
3.4099163091705315E-4,0.29219371241906045,0.09360603433488701,0.10232503292374145,7.0,2.0,0.0,0.0,0.0,2.8637965954741723E-16