SentiMin,SentiMax,SentiAvg,SentiStdev,Senti0-0.20,Senti0.21-0.40,Senti0.41-0.60,Senti0.61-0.80,Senti0.81-1.00,SentiTotal
0.0018118439026716452,0.663126491294715,0.22297437160408684,0.1936975823686795,6.0,4.0,1.0,1.0,0.0,8.601401127727715E-12