TraitMin,TraitMax,TraitAvg,TraitStdev,TraitTotal
360.0,800.0,540.7407407407408,145.15872774802972,550.9090909090909
