TraitMin,TraitMax,TraitAvg,TraitStdev,TraitTotal
176.0,425.45454545454544,240.2909090909091,93.14274440679218,269.4117647058824
