TraitMin,TraitMax,TraitAvg,TraitStdev,TraitTotal
280.0,600.0,393.95454545454544,102.51189879199094,364.44444444444446
