TraitMin,TraitMax,TraitAvg,TraitStdev,TraitTotal
200.0,600.0,338.5833333333333,113.11514298520052,329.55223880597015
