TraitMin,TraitMax,TraitAvg,TraitStdev,TraitTotal
266.6666666666667,760.0,521.3333333333333,202.37845003121512,426.6666666666667
