TraitMin,TraitMax,TraitAvg,TraitStdev,TraitTotal
207.27272727272728,640.0,377.68215488215486,149.80114357015407,402.1978021978022
