TimeMin,TimeMax,TimeAvg,TimeStdev,TimeTotal
560.0,4480.0,1745.4545454545455,1032.0356198606503,19200.0
