TraitMin,TraitMax,TraitAvg,TraitStdev,TraitTotal
140.0,880.0,339.7402597402598,183.51336116616793,282.3529411764706
