TimeMin,TimeMax,TimeAvg,TimeStdev,TimeTotal
1080.0,10800.0,4066.6666666666665,3675.8914262771386,36600.0
