TimeMin,TimeMax,TimeAvg,TimeStdev,TimeTotal
720.0,2400.0,1346.6666666666667,530.9948733797302,12120.0
