SentiMin,SentiMax,SentiAvg,SentiStdev,Senti0-0.20,Senti0.21-0.40,Senti0.41-0.60,Senti0.61-0.80,Senti0.81-1.00,SentiTotal
0.017370471210580742,0.48164547114327055,0.192313963502555,0.17397199903004248,4.0,3.0,1.0,0.0,0.0,6.225646126462218E-9