TimeMin,TimeMax,TimeAvg,TimeStdev,TimeTotal
520.0,10360.0,2446.6666666666665,2495.1971643316865,36700.0
