SentiMin,SentiMax,SentiAvg,SentiStdev,Senti0-0.20,Senti0.21-0.40,Senti0.41-0.60,Senti0.61-0.80,Senti0.81-1.00,SentiTotal
1.641752850851032E-4,0.841502411973632,0.2341379082089041,0.21094285734592347,7.0,7.0,1.0,0.0,1.0,7.647249465359583E-18