TraitMin,TraitMax,TraitAvg,TraitStdev,TraitTotal
226.66666666666666,880.0,373.23931039720514,152.5362580935998,320.7692307692308
