SentiMin,SentiMax,SentiAvg,SentiStdev,Senti0-0.20,Senti0.21-0.40,Senti0.41-0.60,Senti0.61-0.80,Senti0.81-1.00,SentiTotal
4.0747873974497666E-5,0.9617004115606658,0.31957090186387804,0.2714398244869921,6.0,2.0,6.0,0.0,1.0,5.3391684791614E-16