TraitMin,TraitMax,TraitAvg,TraitStdev,TraitTotal
193.33333333333334,746.6666666666666,379.9382716049382,152.98155757404496,337.6190476190476
