TraitMin,TraitMax,TraitAvg,TraitStdev,TraitTotal
100.0,920.0,393.2336956521738,195.0994522237512,355.3488372093023
