TraitMin,TraitMax,TraitAvg,TraitStdev,TraitTotal
190.0,2280.0,571.5986394557823,531.9551826948829,378.94736842105266
