TimeMin,TimeMax,TimeAvg,TimeStdev,TimeTotal
520.0,3360.0,1575.5555555555557,821.7205676858921,28360.0
