TimeMin,TimeMax,TimeAvg,TimeStdev,TimeTotal
600.0,5880.0,1755.7894736842106,1233.8314983031462,33360.0
