TimeMin,TimeMax,TimeAvg,TimeStdev,TimeTotal
760.0,8560.0,3116.6666666666665,2621.2189700383465,37400.0
