TraitMin,TraitMax,TraitAvg,TraitStdev,TraitTotal
280.0,640.0,414.0972752737458,115.1148033138853,402.77777777777777
