TraitMin,TraitMax,TraitAvg,TraitStdev,TraitTotal
200.0,1000.0,389.83589743589744,193.07185255711315,360.8421052631579
