TimeMin,TimeMax,TimeAvg,TimeStdev,TimeTotal
600.0,4600.0,1693.3333333333333,1197.6272838872333,15240.0
