SentiMin,SentiMax,SentiAvg,SentiStdev,Senti0-0.20,Senti0.21-0.40,Senti0.41-0.60,Senti0.61-0.80,Senti0.81-1.00,SentiTotal
0.002032550678497635,0.6839435923751468,0.2881906277980307,0.22807078318933593,5.0,4.0,4.0,1.0,0.0,3.563279396484883E-12