TimeMin,TimeMax,TimeAvg,TimeStdev,TimeTotal
600.0,4080.0,1542.857142857143,903.2910349812794,21600.0
