TimeMin,TimeMax,TimeAvg,TimeStdev,TimeTotal
280.0,6640.0,2636.3636363636365,2091.5382452647045,29000.0
