SentiMin,SentiMax,SentiAvg,SentiStdev,Senti0-0.20,Senti0.21-0.40,Senti0.41-0.60,Senti0.61-0.80,Senti0.81-1.00,SentiTotal
0.005166179079724217,0.894659307450064,0.27365172505026564,0.19195133078637475,6.0,10.0,1.0,0.0,1.0,2.1917238946558934E-10