SentiMin,SentiMax,SentiAvg,SentiStdev,Senti0-0.20,Senti0.21-0.40,Senti0.41-0.60,Senti0.61-0.80,Senti0.81-1.00,SentiTotal
0.004936436216407668,0.9995855189090573,0.5010557710922029,0.31417297200832156,2.0,2.0,2.0,1.0,2.0,0.9755008807227392