TraitMin,TraitMax,TraitAvg,TraitStdev,TraitTotal
193.33333333333334,693.3333333333334,372.5,191.05518400015566,322.7586206896552
