TraitMin,TraitMax,TraitAvg,TraitStdev,TraitTotal
226.66666666666666,1000.0,472.3842592592592,237.38129095061672,369.6774193548387
