SentiMin,SentiMax,SentiAvg,SentiStdev,Senti0-0.20,Senti0.21-0.40,Senti0.41-0.60,Senti0.61-0.80,Senti0.81-1.00,SentiTotal
8.596639725937544E-6,0.43974454113232964,0.14004389109806514,0.17737391473755482,3.0,0.0,1.0,0.0,0.0,1.4061290876254073E-8