SentiMin,SentiMax,SentiAvg,SentiStdev,Senti0-0.20,Senti0.21-0.40,Senti0.41-0.60,Senti0.61-0.80,Senti0.81-1.00,SentiTotal
5.322827769101232E-6,0.8238307327673035,0.2918335454770814,0.25579254430950915,6.0,3.0,2.0,1.0,1.0,6.353923701362244E-13