TraitMin,TraitMax,TraitAvg,TraitStdev,TraitTotal
232.72727272727272,1000.0,581.2121212121212,216.73594993137112,423.3333333333333
