TimeMin,TimeMax,TimeAvg,TimeStdev,TimeTotal
800.0,8480.0,2636.923076923077,2246.115911165435,34280.0
