SentiMin,SentiMax,SentiAvg,SentiStdev,Senti0-0.20,Senti0.21-0.40,Senti0.41-0.60,Senti0.61-0.80,Senti0.81-1.00,SentiTotal
2.861550819197147E-4,0.9611958417475951,0.2671491661193011,0.2998963345705872,8.0,2.0,0.0,1.0,1.0,7.76458508647362E-10