SentiMin,SentiMax,SentiAvg,SentiStdev,Senti0-0.20,Senti0.21-0.40,Senti0.41-0.60,Senti0.61-0.80,Senti0.81-1.00,SentiTotal
0.06261546432803516,0.5681294963847431,0.34147743439051215,0.15732720080437945,3.0,4.0,4.0,0.0,0.0,1.4658106745734845E-4