SentiMin,SentiMax,SentiAvg,SentiStdev,Senti0-0.20,Senti0.21-0.40,Senti0.41-0.60,Senti0.61-0.80,Senti0.81-1.00,SentiTotal
0.00477301490605733,0.6921459309296395,0.3950316095143278,0.23532554790807492,3.0,1.0,3.0,3.0,0.0,2.19260642245665E-5