TraitMin,TraitMax,TraitAvg,TraitStdev,TraitTotal
176.0,946.6666666666666,481.4888888888889,262.2733292945725,364.3243243243243
