SentiMin,SentiMax,SentiAvg,SentiStdev,Senti0-0.20,Senti0.21-0.40,Senti0.41-0.60,Senti0.61-0.80,Senti0.81-1.00,SentiTotal
0.0714181340562751,0.39697510199130176,0.20630836418249646,0.11781952917311478,3.0,2.0,0.0,0.0,0.0,5.358727969207895E-4