SentiMin,SentiMax,SentiAvg,SentiStdev,Senti0-0.20,Senti0.21-0.40,Senti0.41-0.60,Senti0.61-0.80,Senti0.81-1.00,SentiTotal
9.389643215269359E-4,0.49761493864212925,0.26002596829374125,0.16329687240138316,3.0,3.0,1.0,0.0,0.0,3.4607499494330634E-6