SentiMin,SentiMax,SentiAvg,SentiStdev,Senti0-0.20,Senti0.21-0.40,Senti0.41-0.60,Senti0.61-0.80,Senti0.81-1.00,SentiTotal
0.1927046777302638,0.5252587679199221,0.3397200476207933,0.11019293000125692,1.0,4.0,2.0,0.0,0.0,0.0074876561453794425