TraitMin,TraitMax,TraitAvg,TraitStdev,TraitTotal
210.0,600.0,419.57575757575756,106.659951579263,382.6666666666667
