TraitMin,TraitMax,TraitAvg,TraitStdev,TraitTotal
245.71428571428572,440.0,324.7076782866257,54.23064186515768,304.40677966101697
