TimeMin,TimeMax,TimeAvg,TimeStdev,TimeTotal
520.0,3120.0,1394.2857142857142,793.2367173775547,9760.0
