TimeMin,TimeMax,TimeAvg,TimeStdev,TimeTotal
560.0,5040.0,1538.6666666666667,1124.1700148208108,23080.0
