SentiMin,SentiMax,SentiAvg,SentiStdev,Senti0-0.20,Senti0.21-0.40,Senti0.41-0.60,Senti0.61-0.80,Senti0.81-1.00,SentiTotal
0.019627329414584057,0.595155460775402,0.3946802733022042,0.19460179481205495,2.0,0.0,5.0,0.0,0.0,0.006551675793166233