TraitMin,TraitMax,TraitAvg,TraitStdev,TraitTotal
180.0,820.0,454.0,205.23374208177583,367.05882352941177
