TimeMin,TimeMax,TimeAvg,TimeStdev,TimeTotal
720.0,1600.0,1045.7142857142858,316.71786195545184,7320.0
