TimeMin,TimeMax,TimeAvg,TimeStdev,TimeTotal
360.0,2240.0,1043.6363636363637,580.0199483602851,11480.0
