SentiMin,SentiMax,SentiAvg,SentiStdev,Senti0-0.20,Senti0.21-0.40,Senti0.41-0.60,Senti0.61-0.80,Senti0.81-1.00,SentiTotal
0.10270242371269213,0.4478889398505506,0.32873140126274797,0.12222149215441673,2.0,4.0,3.0,0.0,0.0,8.002361606691958E-4