TimeMin,TimeMax,TimeAvg,TimeStdev,TimeTotal
440.0,5600.0,1632.7272727272727,1324.874545752718,17960.0
