SentiMin,SentiMax,SentiAvg,SentiStdev,Senti0-0.20,Senti0.21-0.40,Senti0.41-0.60,Senti0.61-0.80,Senti0.81-1.00,SentiTotal
0.029244211217577937,0.6711800682926294,0.2575241012009419,0.1930398538517053,5.0,4.0,1.0,1.0,0.0,7.100572836435665E-9