TraitMin,TraitMax,TraitAvg,TraitStdev,TraitTotal
173.33333333333334,720.0,369.07431457431454,143.05198451271144,330.1818181818182
