TraitMin,TraitMax,TraitAvg,TraitStdev,TraitTotal
272.0,920.0,504.2,222.1403060130141,435.86206896551727
