SentiMin,SentiMax,SentiAvg,SentiStdev,Senti0-0.20,Senti0.21-0.40,Senti0.41-0.60,Senti0.61-0.80,Senti0.81-1.00,SentiTotal
1.589498545469757E-4,0.5318834537628724,0.22118264223841388,0.1879799268151674,6.0,5.0,2.0,0.0,0.0,3.29294698690519E-13