TraitMin,TraitMax,TraitAvg,TraitStdev,TraitTotal
280.0,680.0,373.7414965986394,130.26782820980807,329.2307692307692
