SentiMin,SentiMax,SentiAvg,SentiStdev,Senti0-0.20,Senti0.21-0.40,Senti0.41-0.60,Senti0.61-0.80,Senti0.81-1.00,SentiTotal
0.0033362066708946185,0.6921459309296395,0.24372635546112287,0.2063064011621659,5.0,3.0,1.0,1.0,0.0,1.3906747386360418E-9