TimeMin,TimeMax,TimeAvg,TimeStdev,TimeTotal
520.0,5280.0,1775.3846153846155,1390.4764838252413,23080.0
