TimeMin,TimeMax,TimeAvg,TimeStdev,TimeTotal
600.0,1160.0,906.6666666666666,173.84539747207063,5440.0
