TimeMin,TimeMax,TimeAvg,TimeStdev,TimeTotal
680.0,4040.0,1513.3333333333333,922.4363874484186,18160.0
