SentiMin,SentiMax,SentiAvg,SentiStdev,Senti0-0.20,Senti0.21-0.40,Senti0.41-0.60,Senti0.61-0.80,Senti0.81-1.00,SentiTotal
0.046256363790119125,0.9410648101332474,0.42684167137095375,0.2643195945446543,4.0,3.0,1.0,4.0,1.0,0.0057460212255612125