TraitMin,TraitMax,TraitAvg,TraitStdev,TraitTotal
185.0,1080.0,532.1428571428571,346.54612634839077,390.4
