SentiMin,SentiMax,SentiAvg,SentiStdev,Senti0-0.20,Senti0.21-0.40,Senti0.41-0.60,Senti0.61-0.80,Senti0.81-1.00,SentiTotal
0.001295336007442587,0.5225472362888817,0.20470427610009834,0.17884886880715234,5.0,3.0,2.0,0.0,0.0,3.906454116480045E-10