TraitMin,TraitMax,TraitAvg,TraitStdev,TraitTotal
240.0,760.0,504.2857142857143,179.03368740125362,442.6666666666667
