TraitMin,TraitMax,TraitAvg,TraitStdev,TraitTotal
176.0,880.0,375.74285714285713,191.97790901825243,304.390243902439
