TimeMin,TimeMax,TimeAvg,TimeStdev,TimeTotal
680.0,2120.0,1222.857142857143,490.7636697962032,8560.0
