TimeMin,TimeMax,TimeAvg,TimeStdev,TimeTotal
560.0,1160.0,915.5555555555555,178.33246797990117,8240.0
