TraitMin,TraitMax,TraitAvg,TraitStdev,TraitTotal
200.0,800.0,524.7619047619048,196.11186589693705,406.6666666666667
