SentiMin,SentiMax,SentiAvg,SentiStdev,Senti0-0.20,Senti0.21-0.40,Senti0.41-0.60,Senti0.61-0.80,Senti0.81-1.00,SentiTotal
3.159363411549624E-4,0.6265076294183111,0.2975515264108769,0.22823717929565332,2.0,3.0,1.0,1.0,0.0,9.321841328195597E-7