SentiMin,SentiMax,SentiAvg,SentiStdev,Senti0-0.20,Senti0.21-0.40,Senti0.41-0.60,Senti0.61-0.80,Senti0.81-1.00,SentiTotal
0.0037694440431083626,0.39697510199130176,0.17879444222407204,0.119880788888853,8.0,4.0,0.0,0.0,0.0,6.038265610731164E-11