TraitMin,TraitMax,TraitAvg,TraitStdev,TraitTotal
288.0,1008.0,563.6,250.1910144343791,480.8333333333333
