TraitMin,TraitMax,TraitAvg,TraitStdev,TraitTotal
160.0,660.0,335.04891187244124,138.87047546892336,303.6842105263158
