SentiMin,SentiMax,SentiAvg,SentiStdev,Senti0-0.20,Senti0.21-0.40,Senti0.41-0.60,Senti0.61-0.80,Senti0.81-1.00,SentiTotal
0.0010909762534271447,0.6225693107795659,0.21332655163327935,0.2083520187268519,4.0,2.0,0.0,1.0,0.0,1.1189633411708857E-7