TraitMin,TraitMax,TraitAvg,TraitStdev,TraitTotal
333.3333333333333,1000.0,551.8518518518518,230.25005790061664,457.77777777777777
