SentiMin,SentiMax,SentiAvg,SentiStdev,Senti0-0.20,Senti0.21-0.40,Senti0.41-0.60,Senti0.61-0.80,Senti0.81-1.00,SentiTotal
0.1571079350448899,0.5318834537628724,0.3346620105234539,0.12968808935490178,1.0,3.0,1.0,0.0,0.0,0.023584010128324683