SentiMin,SentiMax,SentiAvg,SentiStdev,Senti0-0.20,Senti0.21-0.40,Senti0.41-0.60,Senti0.61-0.80,Senti0.81-1.00,SentiTotal
0.13070613108771204,0.39697510199130176,0.2000243399115944,0.09281630935685801,4.0,2.0,0.0,0.0,0.0,1.614342857165529E-4