SentiMin,SentiMax,SentiAvg,SentiStdev,Senti0-0.20,Senti0.21-0.40,Senti0.41-0.60,Senti0.61-0.80,Senti0.81-1.00,SentiTotal
0.020499662709583224,0.49789225920557484,0.29352663356289665,0.15450155038868013,3.0,7.0,5.0,0.0,0.0,3.378432043293329E-8