TimeMin,TimeMax,TimeAvg,TimeStdev,TimeTotal
520.0,1400.0,948.5714285714286,296.8130037307555,6640.0
