TimeMin,TimeMax,TimeAvg,TimeStdev,TimeTotal
640.0,2200.0,1209.2307692307693,437.09639032811725,15720.0
