TimeMin,TimeMax,TimeAvg,TimeStdev,TimeTotal
720.0,3760.0,1857.7777777777778,1066.5185082290234,33440.0
