TraitMin,TraitMax,TraitAvg,TraitStdev,TraitTotal
217.14285714285714,640.0,421.3121693121693,153.6195283537076,370.4761904761905
