TraitMin,TraitMax,TraitAvg,TraitStdev,TraitTotal
230.0,880.0,429.2216610549944,174.2110393332765,375.7303370786517
