SentiMin,SentiMax,SentiAvg,SentiStdev,Senti0-0.20,Senti0.21-0.40,Senti0.41-0.60,Senti0.61-0.80,Senti0.81-1.00,SentiTotal
0.01924247502241226,0.29112132088878306,0.11573838532914639,0.10696842404433944,3.0,1.0,0.0,0.0,0.0,4.3915741558317724E-5