TraitMin,TraitMax,TraitAvg,TraitStdev,TraitTotal
231.11111111111111,1200.0,437.29481146872456,267.94737766455495,347.78625954198475
