TraitMin,TraitMax,TraitAvg,TraitStdev,TraitTotal
191.11111111111111,573.3333333333334,357.6825396825397,127.29699948191043,300.8
