TraitMin,TraitMax,TraitAvg,TraitStdev,TraitTotal
166.66666666666666,1060.0,417.7511473532236,251.9978949624107,330.50847457627117
