TraitMin,TraitMax,TraitAvg,TraitStdev,TraitTotal
280.0,1253.3333333333333,462.87878787878793,262.68436614445204,397.1929824561403
