SentiMin,SentiMax,SentiAvg,SentiStdev,Senti0-0.20,Senti0.21-0.40,Senti0.41-0.60,Senti0.61-0.80,Senti0.81-1.00,SentiTotal
6.078555942948026E-6,0.5628056929000496,0.12330259152247734,0.17139300318804823,14.0,2.0,2.0,0.0,0.0,1.968252364841311E-32