TimeMin,TimeMax,TimeAvg,TimeStdev,TimeTotal
280.0,5040.0,1980.8695652173913,1014.5288606410979,45560.0
