SentiMin,SentiMax,SentiAvg,SentiStdev,Senti0-0.20,Senti0.21-0.40,Senti0.41-0.60,Senti0.61-0.80,Senti0.81-1.00,SentiTotal
1.9239401067479032E-4,0.6487810692421813,0.1233300265651603,0.16337628278587238,13.0,3.0,0.0,1.0,0.0,9.041708176859928E-26