TraitMin,TraitMax,TraitAvg,TraitStdev,TraitTotal
232.0,580.0,330.5220588235294,100.12974903312195,315.93220338983053
