SentiMin,SentiMax,SentiAvg,SentiStdev,Senti0-0.20,Senti0.21-0.40,Senti0.41-0.60,Senti0.61-0.80,Senti0.81-1.00,SentiTotal
1.2639579933942255E-6,0.48439634580644964,0.13617861750899693,0.16436310430336543,14.0,6.0,2.0,0.0,0.0,2.825493781070901E-41