SentiMin,SentiMax,SentiAvg,SentiStdev,Senti0-0.20,Senti0.21-0.40,Senti0.41-0.60,Senti0.61-0.80,Senti0.81-1.00,SentiTotal
1.130782360520273E-5,0.394322732062293,0.1129866145008135,0.13460968436559306,12.0,5.0,0.0,0.0,0.0,1.9614571757668286E-30