SentiMin,SentiMax,SentiAvg,SentiStdev,Senti0-0.20,Senti0.21-0.40,Senti0.41-0.60,Senti0.61-0.80,Senti0.81-1.00,SentiTotal
3.7736038560746943E-7,0.34322267253793753,0.05648087512802624,0.10308778422017323,9.0,1.0,0.0,0.0,0.0,1.1801937239772407E-28