TraitMin,TraitMax,TraitAvg,TraitStdev,TraitTotal
108.57142857142857,840.0,348.3119103119103,166.21313833693878,282.64900662251654
