SentiMin,SentiMax,SentiAvg,SentiStdev,Senti0-0.20,Senti0.21-0.40,Senti0.41-0.60,Senti0.61-0.80,Senti0.81-1.00,SentiTotal
1.8839727214368864E-4,0.5136446707795853,0.2172599639473539,0.19371995467611583,6.0,2.0,3.0,0.0,0.0,5.775518611240846E-14