SentiMin,SentiMax,SentiAvg,SentiStdev,Senti0-0.20,Senti0.21-0.40,Senti0.41-0.60,Senti0.61-0.80,Senti0.81-1.00,SentiTotal
1.9994503445644164E-5,0.3041233943377613,0.06661929276634473,0.11326378062465582,8.0,2.0,0.0,0.0,0.0,4.775367307848103E-23