TimeMin,TimeMax,TimeAvg,TimeStdev,TimeTotal
920.0,5160.0,2294.1176470588234,1085.601263727262,39000.0
