TraitMin,TraitMax,TraitAvg,TraitStdev,TraitTotal
188.0,1120.0,381.7206349206349,263.6607564032239,274.70588235294116
