SentiMin,SentiMax,SentiAvg,SentiStdev,Senti0-0.20,Senti0.21-0.40,Senti0.41-0.60,Senti0.61-0.80,Senti0.81-1.00,SentiTotal
7.358458993486445E-5,0.14867122440653568,0.05877474049643836,0.061680690419863696,8.0,0.0,0.0,0.0,0.0,1.647735566181602E-17