TimeMin,TimeMax,TimeAvg,TimeStdev,TimeTotal
880.0,4080.0,1728.888888888889,915.2102908857668,15560.0
