TimeMin,TimeMax,TimeAvg,TimeStdev,TimeTotal
800.0,4160.0,2058.181818181818,1093.8989331894688,22640.0
