TimeMin,TimeMax,TimeAvg,TimeStdev,TimeTotal
320.0,4240.0,2103.529411764706,1199.6908482971307,35760.0
