SentiMin,SentiMax,SentiAvg,SentiStdev,Senti0-0.20,Senti0.21-0.40,Senti0.41-0.60,Senti0.61-0.80,Senti0.81-1.00,SentiTotal
5.058552592650367E-5,0.49789225920557484,0.12128804757256635,0.14927895773982178,16.0,5.0,2.0,0.0,0.0,2.502064347540048E-38