TimeMin,TimeMax,TimeAvg,TimeStdev,TimeTotal
400.0,3000.0,1244.2105263157894,553.4800504128275,23640.0
