TraitMin,TraitMax,TraitAvg,TraitStdev,TraitTotal
220.0,1000.0,518.3756613756614,267.444646310032,351.7241379310345
