TraitMin,TraitMax,TraitAvg,TraitStdev,TraitTotal
186.66666666666666,480.0,306.47933884297527,98.28082432728297,268.8888888888889
