TimeMin,TimeMax,TimeAvg,TimeStdev,TimeTotal
520.0,2480.0,1250.6666666666667,472.71508919808724,18760.0
