TraitMin,TraitMax,TraitAvg,TraitStdev,TraitTotal
135.0,1000.0,412.2321428571429,231.08254731167423,309.2063492063492
