TimeMin,TimeMax,TimeAvg,TimeStdev,TimeTotal
320.0,2640.0,1309.3333333333333,641.2432369147365,19640.0
