SentiMin,SentiMax,SentiAvg,SentiStdev,Senti0-0.20,Senti0.21-0.40,Senti0.41-0.60,Senti0.61-0.80,Senti0.81-1.00,SentiTotal
3.829602691273478E-5,0.5232732990106428,0.17638716087356973,0.155938646148824,6.0,4.0,1.0,0.0,0.0,8.381931922831343E-14