TraitMin,TraitMax,TraitAvg,TraitStdev,TraitTotal
160.0,1000.0,568.2294372294372,339.16299930096415,333.3333333333333
