TimeMin,TimeMax,TimeAvg,TimeStdev,TimeTotal
120.0,1680.0,1069.4736842105262,392.5285599292245,20320.0
