TimeMin,TimeMax,TimeAvg,TimeStdev,TimeTotal
440.0,1920.0,1122.857142857143,356.3190498782271,15720.0
