TimeMin,TimeMax,TimeAvg,TimeStdev,TimeTotal
960.0,1280.0,1033.3333333333333,111.75369742826807,6200.0
