TraitMin,TraitMax,TraitAvg,TraitStdev,TraitTotal
200.0,1000.0,520.4027777777777,286.3095775376975,397.037037037037
