SentiMin,SentiMax,SentiAvg,SentiStdev,Senti0-0.20,Senti0.21-0.40,Senti0.41-0.60,Senti0.61-0.80,Senti0.81-1.00,SentiTotal
0.038647410070031085,0.6850712561038326,0.31224568223705296,0.17969904222374516,5.0,6.0,7.0,1.0,0.0,7.677804785180338E-9