SentiMin,SentiMax,SentiAvg,SentiStdev,Senti0-0.20,Senti0.21-0.40,Senti0.41-0.60,Senti0.61-0.80,Senti0.81-1.00,SentiTotal
0.005360140456750625,0.8720882057013819,0.22861291807172732,0.2427459859850233,6.0,4.0,0.0,0.0,1.0,3.75464931737549E-10