TimeMin,TimeMax,TimeAvg,TimeStdev,TimeTotal
640.0,3800.0,1674.2857142857142,874.3790799820202,23440.0
