TraitMin,TraitMax,TraitAvg,TraitStdev,TraitTotal
130.0,1280.0,524.0045351473923,333.428241074062,360.57142857142856
