SentiMin,SentiMax,SentiAvg,SentiStdev,Senti0-0.20,Senti0.21-0.40,Senti0.41-0.60,Senti0.61-0.80,Senti0.81-1.00,SentiTotal
0.001949019836568239,0.5136446707795853,0.2707081841690634,0.1771895367301376,6.0,6.0,3.0,0.0,0.0,6.87636935134979E-11