SentiMin,SentiMax,SentiAvg,SentiStdev,Senti0-0.20,Senti0.21-0.40,Senti0.41-0.60,Senti0.61-0.80,Senti0.81-1.00,SentiTotal
0.013636477649274517,0.43796879524747484,0.1862491032735415,0.1431782980901428,9.0,5.0,1.0,0.0,0.0,1.9371790250316176E-13