SentiMin,SentiMax,SentiAvg,SentiStdev,Senti0-0.20,Senti0.21-0.40,Senti0.41-0.60,Senti0.61-0.80,Senti0.81-1.00,SentiTotal
0.005017929841825923,0.6921459309296395,0.31774779030834566,0.20329891726545532,5.0,4.0,4.0,1.0,0.0,7.159937734779372E-8