TraitMin,TraitMax,TraitAvg,TraitStdev,TraitTotal
154.28571428571428,1040.0,453.8380952380952,236.33814111635493,329.12280701754383
