TraitMin,TraitMax,TraitAvg,TraitStdev,TraitTotal
146.66666666666666,1000.0,435.77967171717165,295.0728848945532,309.2957746478873
