SentiMin,SentiMax,SentiAvg,SentiStdev,Senti0-0.20,Senti0.21-0.40,Senti0.41-0.60,Senti0.61-0.80,Senti0.81-1.00,SentiTotal
1.3326518097133113E-4,0.48357347728475064,0.2311067835160897,0.15884247444119215,5.0,9.0,2.0,0.0,0.0,2.334431590530703E-16