SentiMin,SentiMax,SentiAvg,SentiStdev,Senti0-0.20,Senti0.21-0.40,Senti0.41-0.60,Senti0.61-0.80,Senti0.81-1.00,SentiTotal
0.09453268673871902,0.5948855632144964,0.3385769805500006,0.17338621145677022,5.0,5.0,6.0,0.0,0.0,2.8530257143508664E-6