TraitMin,TraitMax,TraitAvg,TraitStdev,TraitTotal
264.0,960.0,533.8,239.7873224338601,430.2439024390244
