TraitMin,TraitMax,TraitAvg,TraitStdev,TraitTotal
100.0,1240.0,420.90559732664997,276.8637912580947,307.012987012987
