SentiMin,SentiMax,SentiAvg,SentiStdev,Senti0-0.20,Senti0.21-0.40,Senti0.41-0.60,Senti0.61-0.80,Senti0.81-1.00,SentiTotal
0.01528596048278077,0.49789225920557484,0.28005833131904934,0.17893640972960112,3.0,3.0,4.0,0.0,0.0,9.98467164551461E-7