TraitMin,TraitMax,TraitAvg,TraitStdev,TraitTotal
60.0,533.3333333333334,291.2278138528138,132.8610724114068,253.04347826086956
