SentiMin,SentiMax,SentiAvg,SentiStdev,Senti0-0.20,Senti0.21-0.40,Senti0.41-0.60,Senti0.61-0.80,Senti0.81-1.00,SentiTotal
3.3232632428133105E-7,0.5899912151866584,0.16284756321723368,0.15667436293060705,9.0,6.0,1.0,0.0,0.0,8.69713876983877E-25