TimeMin,TimeMax,TimeAvg,TimeStdev,TimeTotal
400.0,2640.0,1334.5454545454545,582.7265636075674,14680.0
