TimeMin,TimeMax,TimeAvg,TimeStdev,TimeTotal
360.0,3200.0,1646.1538461538462,780.3503992195622,21400.0
