TraitMin,TraitMax,TraitAvg,TraitStdev,TraitTotal
110.0,1000.0,570.8775510204082,330.63648836114663,403.0769230769231
