TraitMin,TraitMax,TraitAvg,TraitStdev,TraitTotal
115.0,1000.0,516.2727272727273,269.27650233680583,367.0
