TraitMin,TraitMax,TraitAvg,TraitStdev,TraitTotal
250.0,1000.0,546.3809523809524,225.86752132214278,456.8
