SentiMin,SentiMax,SentiAvg,SentiStdev,Senti0-0.20,Senti0.21-0.40,Senti0.41-0.60,Senti0.61-0.80,Senti0.81-1.00,SentiTotal
0.004153086038969496,0.5400372398828357,0.26945010774404876,0.1685562687494485,9.0,7.0,5.0,0.0,0.0,1.885201101645795E-13