TimeMin,TimeMax,TimeAvg,TimeStdev,TimeTotal
520.0,2520.0,1201.904761904762,460.80280926329357,25240.0
