SentiMin,SentiMax,SentiAvg,SentiStdev,Senti0-0.20,Senti0.21-0.40,Senti0.41-0.60,Senti0.61-0.80,Senti0.81-1.00,SentiTotal
2.48749188560904E-5,0.9645598943671435,0.2811598942181901,0.2752290789771396,7.0,1.0,4.0,0.0,1.0,6.529773301886129E-14