SentiMin,SentiMax,SentiAvg,SentiStdev,Senti0-0.20,Senti0.21-0.40,Senti0.41-0.60,Senti0.61-0.80,Senti0.81-1.00,SentiTotal
9.49942728441852E-4,0.7810452026532533,0.35680859915253005,0.21160462666484958,3.0,6.0,6.0,1.0,0.0,1.5071712258099186E-8