SentiMin,SentiMax,SentiAvg,SentiStdev,Senti0-0.20,Senti0.21-0.40,Senti0.41-0.60,Senti0.61-0.80,Senti0.81-1.00,SentiTotal
0.0011093765608167219,0.49789225920557484,0.3151940995770423,0.1564069084233248,1.0,4.0,1.0,0.0,0.0,9.030964425293447E-5