TraitMin,TraitMax,TraitAvg,TraitStdev,TraitTotal
182.85714285714286,1000.0,687.1428571428572,316.87139819364774,442.85714285714283
