TraitMin,TraitMax,TraitAvg,TraitStdev,TraitTotal
100.0,1000.0,526.2807017543859,315.4766052467078,383.39622641509436
