TimeMin,TimeMax,TimeAvg,TimeStdev,TimeTotal
640.0,2640.0,1538.4615384615386,618.4079578780207,20000.0
