TraitMin,TraitMax,TraitAvg,TraitStdev,TraitTotal
320.0,1266.6666666666667,612.857142857143,272.3992667835538,571.7073170731708
