TraitMin,TraitMax,TraitAvg,TraitStdev,TraitTotal
80.0,1000.0,479.789898989899,294.60055673360876,332.8813559322034
