SentiMin,SentiMax,SentiAvg,SentiStdev,Senti0-0.20,Senti0.21-0.40,Senti0.41-0.60,Senti0.61-0.80,Senti0.81-1.00,SentiTotal
0.003976584453781215,0.5318834537628724,0.2245407989385271,0.19510846456529535,7.0,2.0,3.0,0.0,0.0,7.611297487726345E-11