TraitMin,TraitMax,TraitAvg,TraitStdev,TraitTotal
177.14285714285714,1000.0,561.7199211045364,291.0172004668703,377.35849056603774
