SentiMin,SentiMax,SentiAvg,SentiStdev,Senti0-0.20,Senti0.21-0.40,Senti0.41-0.60,Senti0.61-0.80,Senti0.81-1.00,SentiTotal
0.04872611680400315,0.5136446707795853,0.32003827331176815,0.15554758678683697,3.0,6.0,5.0,0.0,0.0,3.335151836667321E-6