TraitMin,TraitMax,TraitAvg,TraitStdev,TraitTotal
146.66666666666666,1240.0,452.54545454545456,327.1381653782017,323.2
