TraitMin,TraitMax,TraitAvg,TraitStdev,TraitTotal
120.0,640.0,337.96703296703294,128.65140015201106,324.24242424242425
