SentiMin,SentiMax,SentiAvg,SentiStdev,Senti0-0.20,Senti0.21-0.40,Senti0.41-0.60,Senti0.61-0.80,Senti0.81-1.00,SentiTotal
0.01466097020282478,0.42472321652870404,0.19447557077490035,0.15030704769848244,9.0,5.0,2.0,0.0,0.0,5.0768435687944503E-14