SentiMin,SentiMax,SentiAvg,SentiStdev,Senti0-0.20,Senti0.21-0.40,Senti0.41-0.60,Senti0.61-0.80,Senti0.81-1.00,SentiTotal
0.015364435980718195,0.6278195467544847,0.2818308857598803,0.19836740314416462,4.0,3.0,2.0,1.0,0.0,2.490861914304673E-6