SentiMin,SentiMax,SentiAvg,SentiStdev,Senti0-0.20,Senti0.21-0.40,Senti0.41-0.60,Senti0.61-0.80,Senti0.81-1.00,SentiTotal
2.1988273641843173E-4,0.6984235583761539,0.22963081938406074,0.2169636538125291,11.0,2.0,5.0,1.0,0.0,1.0998755791384102E-19