TraitMin,TraitMax,TraitAvg,TraitStdev,TraitTotal
192.0,1000.0,428.8666666666666,219.67856315788103,335.55555555555554
