SentiMin,SentiMax,SentiAvg,SentiStdev,Senti0-0.20,Senti0.21-0.40,Senti0.41-0.60,Senti0.61-0.80,Senti0.81-1.00,SentiTotal
5.763543536415361E-6,0.5024915261427696,0.19270032988065422,0.1544585307185535,5.0,6.0,1.0,0.0,0.0,1.3277737799403475E-15