SentiMin,SentiMax,SentiAvg,SentiStdev,Senti0-0.20,Senti0.21-0.40,Senti0.41-0.60,Senti0.61-0.80,Senti0.81-1.00,SentiTotal
3.7754181315460352E-6,0.8192683936809912,0.23999119982142428,0.25086518121014767,5.0,3.0,1.0,0.0,1.0,5.323806604954029E-14