TraitMin,TraitMax,TraitAvg,TraitStdev,TraitTotal
170.9090909090909,560.0,319.5016835016835,112.11517936065884,257.22222222222223
