TraitMin,TraitMax,TraitAvg,TraitStdev,TraitTotal
206.66666666666666,640.0,408.7692307692308,113.98540801913474,374.7368421052632
