SentiMin,SentiMax,SentiAvg,SentiStdev,Senti0-0.20,Senti0.21-0.40,Senti0.41-0.60,Senti0.61-0.80,Senti0.81-1.00,SentiTotal
1.9246991683645607E-5,0.5105204711049051,0.22360222304635632,0.17344695140185581,6.0,4.0,3.0,0.0,0.0,7.077248141480346E-14