TraitMin,TraitMax,TraitAvg,TraitStdev,TraitTotal
176.0,680.0,339.6878306878307,151.0566182887641,276.6101694915254
