TimeMin,TimeMax,TimeAvg,TimeStdev,TimeTotal
520.0,4040.0,1543.3333333333333,1115.4022692384224,18520.0
