TimeMin,TimeMax,TimeAvg,TimeStdev,TimeTotal
760.0,7880.0,3128.8888888888887,2653.083926487749,28160.0
