SentiMin,SentiMax,SentiAvg,SentiStdev,Senti0-0.20,Senti0.21-0.40,Senti0.41-0.60,Senti0.61-0.80,Senti0.81-1.00,SentiTotal
0.002021441263231298,0.2841547086075226,0.12291054176570863,0.10869645370740956,4.0,2.0,0.0,0.0,0.0,1.4635192295084421E-8