TraitMin,TraitMax,TraitAvg,TraitStdev,TraitTotal
211.42857142857142,670.0,358.41269841269843,162.7491984229157,311.2
