TraitMin,TraitMax,TraitAvg,TraitStdev,TraitTotal
206.66666666666666,346.6666666666667,285.65714285714284,42.12171113277374,277.4468085106383
