TraitMin,TraitMax,TraitAvg,TraitStdev,TraitTotal
186.66666666666666,760.0,345.7506326201978,158.5048478470759,290.30927835051546
