SentiMin,SentiMax,SentiAvg,SentiStdev,Senti0-0.20,Senti0.21-0.40,Senti0.41-0.60,Senti0.61-0.80,Senti0.81-1.00,SentiTotal
1.144475068823567E-7,0.29112132088878306,0.08518227752313809,0.10895881896792474,7.0,2.0,0.0,0.0,0.0,7.733674654463894E-26