TimeMin,TimeMax,TimeAvg,TimeStdev,TimeTotal
840.0,6920.0,2173.3333333333335,2161.9332911899837,13040.0
