TimeMin,TimeMax,TimeAvg,TimeStdev,TimeTotal
880.0,6520.0,2288.8888888888887,1687.3677360146512,20600.0
