TimeMin,TimeMax,TimeAvg,TimeStdev,TimeTotal
480.0,7080.0,2328.8888888888887,2069.6131922250834,20960.0
