SentiMin,SentiMax,SentiAvg,SentiStdev,Senti0-0.20,Senti0.21-0.40,Senti0.41-0.60,Senti0.61-0.80,Senti0.81-1.00,SentiTotal
1.552514179497057E-5,0.5159436667231726,0.2433318883830586,0.20244903924486155,7.0,5.0,5.0,0.0,0.0,9.358398950029372E-18