TimeMin,TimeMax,TimeAvg,TimeStdev,TimeTotal
880.0,7520.0,2370.909090909091,1969.0027681104073,26080.0
