SentiMin,SentiMax,SentiAvg,SentiStdev,Senti0-0.20,Senti0.21-0.40,Senti0.41-0.60,Senti0.61-0.80,Senti0.81-1.00,SentiTotal
3.659267518647797E-4,0.8240022014681972,0.1945362653303562,0.24364760476162184,11.0,2.0,3.0,0.0,1.0,1.845193639190236E-21