TimeMin,TimeMax,TimeAvg,TimeStdev,TimeTotal
520.0,1840.0,1049.4117647058824,377.3665808364328,17840.0
