TraitMin,TraitMax,TraitAvg,TraitStdev,TraitTotal
270.0,680.0,446.80246913580254,150.69599643306427,388.14814814814815
