TraitMin,TraitMax,TraitAvg,TraitStdev,TraitTotal
180.0,1160.0,520.3888888888889,314.05430744489297,371.30434782608694
