TimeMin,TimeMax,TimeAvg,TimeStdev,TimeTotal
280.0,5960.0,1495.5555555555557,1250.0054320869624,26920.0
