TraitMin,TraitMax,TraitAvg,TraitStdev,TraitTotal
160.0,720.0,363.2738095238095,165.30996404336352,311.57894736842104
