TraitMin,TraitMax,TraitAvg,TraitStdev,TraitTotal
165.0,1040.0,582.1428571428571,281.479885989462,419.4871794871795
