TraitMin,TraitMax,TraitAvg,TraitStdev,TraitTotal
181.33333333333334,560.0,328.584126984127,143.0425908838075,237.71428571428572
