SentiMin,SentiMax,SentiAvg,SentiStdev,Senti0-0.20,Senti0.21-0.40,Senti0.41-0.60,Senti0.61-0.80,Senti0.81-1.00,SentiTotal
0.013015886582794659,0.49789225920557484,0.2153296357660209,0.19832755737407115,5.0,2.0,2.0,0.0,0.0,6.726056570864598E-9