SentiMin,SentiMax,SentiAvg,SentiStdev,Senti0-0.20,Senti0.21-0.40,Senti0.41-0.60,Senti0.61-0.80,Senti0.81-1.00,SentiTotal
0.0025303348966444405,0.49789225920557484,0.25187164476561924,0.15831396631337352,7.0,6.0,3.0,0.0,0.0,8.789420852577284E-12