TimeMin,TimeMax,TimeAvg,TimeStdev,TimeTotal
600.0,3640.0,1423.3333333333333,845.9248718940052,17080.0
