TimeMin,TimeMax,TimeAvg,TimeStdev,TimeTotal
440.0,2120.0,1082.3529411764705,463.7383822773696,18400.0
