SentiMin,SentiMax,SentiAvg,SentiStdev,Senti0-0.20,Senti0.21-0.40,Senti0.41-0.60,Senti0.61-0.80,Senti0.81-1.00,SentiTotal
7.2509303347128956E-6,0.7485046262558551,0.3034349011869073,0.21080780663939472,6.0,6.0,5.0,1.0,0.0,8.539471677037968E-16