TimeMin,TimeMax,TimeAvg,TimeStdev,TimeTotal
440.0,2640.0,1258.4615384615386,684.3508564139861,16360.0
