SentiMin,SentiMax,SentiAvg,SentiStdev,Senti0-0.20,Senti0.21-0.40,Senti0.41-0.60,Senti0.61-0.80,Senti0.81-1.00,SentiTotal
2.2847863200716015E-4,0.49789225920557484,0.20772593936249076,0.1656231204505242,8.0,1.0,2.0,0.0,0.0,1.530687293651336E-10