SentiMin,SentiMax,SentiAvg,SentiStdev,Senti0-0.20,Senti0.21-0.40,Senti0.41-0.60,Senti0.61-0.80,Senti0.81-1.00,SentiTotal
2.3447538467642826E-4,0.11417862188590802,0.04278352584849272,0.037390110079503526,9.0,0.0,0.0,0.0,0.0,2.7086349686233665E-16