SentiMin,SentiMax,SentiAvg,SentiStdev,Senti0-0.20,Senti0.21-0.40,Senti0.41-0.60,Senti0.61-0.80,Senti0.81-1.00,SentiTotal
1.3985328639803423E-5,0.2794653930830212,0.0993423626026765,0.12307353749594466,3.0,2.0,0.0,0.0,0.0,2.835551339097522E-14