TraitMin,TraitMax,TraitAvg,TraitStdev,TraitTotal
155.55555555555554,1640.0,551.5032679738563,403.0450438355705,349.80392156862746
