SentiMin,SentiMax,SentiAvg,SentiStdev,Senti0-0.20,Senti0.21-0.40,Senti0.41-0.60,Senti0.61-0.80,Senti0.81-1.00,SentiTotal
0.007988912062110325,0.9496372501312157,0.29223610462023186,0.25958130353831066,5.0,4.0,2.0,0.0,1.0,2.542771359842036E-7