TraitMin,TraitMax,TraitAvg,TraitStdev,TraitTotal
232.0,451.42857142857144,325.7037037037037,59.52414720656714,332.258064516129
