TraitMin,TraitMax,TraitAvg,TraitStdev,TraitTotal
182.22222222222223,1280.0,428.865520282187,234.68526644112123,354.2105263157895
