TraitMin,TraitMax,TraitAvg,TraitStdev,TraitTotal
88.0,760.0,325.4425770308123,162.16577063441724,262.85714285714283
