TimeMin,TimeMax,TimeAvg,TimeStdev,TimeTotal
80.0,6920.0,2445.714285714286,2638.391594150048,17120.0
