TimeMin,TimeMax,TimeAvg,TimeStdev,TimeTotal
120.0,1920.0,805.3333333333334,504.88106410211986,12080.0
