TraitMin,TraitMax,TraitAvg,TraitStdev,TraitTotal
30.76923076923077,513.3333333333334,198.33265845265848,117.91096842897252,187.9608938547486
