TraitMin,TraitMax,TraitAvg,TraitStdev,TraitTotal
3.3333333333333335,693.3333333333334,331.98245614035085,192.4776713269881,293.0612244897959
