TimeMin,TimeMax,TimeAvg,TimeStdev,TimeTotal
120.0,2600.0,725.7142857142857,574.4112632249893,15240.0
