TimeMin,TimeMax,TimeAvg,TimeStdev,TimeTotal
1000.0,5400.0,2177.777777777778,1327.334654090903,19600.0
