TimeMin,TimeMax,TimeAvg,TimeStdev,TimeTotal
80.0,4480.0,1435.2941176470588,1322.0221482840723,24400.0
