TraitMin,TraitMax,TraitAvg,TraitStdev,TraitTotal
23.157894736842106,742.8571428571429,391.0394977829189,245.33393751327137,343.4146341463415
