SentiMin,SentiMax,SentiAvg,SentiStdev,Senti0-0.20,Senti0.21-0.40,Senti0.41-0.60,Senti0.61-0.80,Senti0.81-1.00,SentiTotal
0.2575963766895307,0.49789225920557484,0.47940796055049445,0.06403148882575235,0.0,1.0,12.0,0.0,0.0,0.2575963766895307