SentiMin,SentiMax,SentiAvg,SentiStdev,Senti0-0.20,Senti0.21-0.40,Senti0.41-0.60,Senti0.61-0.80,Senti0.81-1.00,SentiTotal
0.34322267253793753,0.6824837810859113,0.4728584238299555,0.08325032805892985,0.0,4.0,10.0,1.0,0.0,0.17625849105754124