SentiMin,SentiMax,SentiAvg,SentiStdev,Senti0-0.20,Senti0.21-0.40,Senti0.41-0.60,Senti0.61-0.80,Senti0.81-1.00,SentiTotal
0.30367203588836433,0.6824837810859113,0.5026644575648394,0.14452137886710723,0.0,2.0,3.0,2.0,0.0,0.5268023860235919