TraitMin,TraitMax,TraitAvg,TraitStdev,TraitTotal
10.0,1280.0,364.747668997669,307.449165170374,328.8888888888889
