TimeMin,TimeMax,TimeAvg,TimeStdev,TimeTotal
400.0,5280.0,1897.7777777777778,1410.7033531601476,17080.0
