TraitMin,TraitMax,TraitAvg,TraitStdev,TraitTotal
20.0,666.6666666666666,271.5098039215686,179.9918556430467,275.6
