TraitMin,TraitMax,TraitAvg,TraitStdev,TraitTotal
171.42857142857142,1400.0,638.504525777253,361.0286156196769,473.48837209302326
