TraitMin,TraitMax,TraitAvg,TraitStdev,TraitTotal
20.0,640.0,253.46560846560848,203.95257421597913,286.19718309859155
