TraitMin,TraitMax,TraitAvg,TraitStdev,TraitTotal
17.77777777777778,1000.0,399.11111111111114,349.322966578815,215.71428571428572
