TraitMin,TraitMax,TraitAvg,TraitStdev,TraitTotal
160.0,660.0,451.42857142857144,166.17887802345336,448.8888888888889
