TraitMin,TraitMax,TraitAvg,TraitStdev,TraitTotal
225.0,1340.0,691.8783068783068,351.812648490284,515.7894736842105
