TimeMin,TimeMax,TimeAvg,TimeStdev,TimeTotal
1000.0,3800.0,1850.909090909091,743.4740876508504,20360.0
