SentiMin,SentiMax,SentiAvg,SentiStdev,Senti0-0.20,Senti0.21-0.40,Senti0.41-0.60,Senti0.61-0.80,Senti0.81-1.00,SentiTotal
0.21921412548362115,0.6824837810859113,0.4777250350672882,0.11893635410417461,0.0,3.0,12.0,2.0,0.0,0.16447169563114503