TimeMin,TimeMax,TimeAvg,TimeStdev,TimeTotal
80.0,7280.0,1693.3333333333333,1953.1399221652186,20320.0
