TraitMin,TraitMax,TraitAvg,TraitStdev,TraitTotal
5.0,500.0,268.41138348830657,157.42518377481946,233.13131313131314
