TimeMin,TimeMax,TimeAvg,TimeStdev,TimeTotal
480.0,3720.0,1731.4285714285713,937.0383216958262,12120.0
