TraitMin,TraitMax,TraitAvg,TraitStdev,TraitTotal
57.142857142857146,513.3333333333334,367.93243793243795,165.49411012449713,334.9019607843137
