TraitMin,TraitMax,TraitAvg,TraitStdev,TraitTotal
20.0,940.0,281.47837347837344,263.7217165839849,229.7674418604651
