TraitMin,TraitMax,TraitAvg,TraitStdev,TraitTotal
30.0,430.7692307692308,280.6702003878474,129.7160505281239,320.0
