TraitMin,TraitMax,TraitAvg,TraitStdev,TraitTotal
75.0,720.0,380.1764705882353,226.83527550743264,381.3953488372093
