TraitMin,TraitMax,TraitAvg,TraitStdev,TraitTotal
40.0,650.0,225.8095238095238,176.55625694652966,181.42857142857142
