SentiMin,SentiMax,SentiAvg,SentiStdev,Senti0-0.20,Senti0.21-0.40,Senti0.41-0.60,Senti0.61-0.80,Senti0.81-1.00,SentiTotal
0.37833740884777955,0.49789225920557484,0.4879293550090918,0.03304321504199116,0.0,1.0,11.0,0.0,0.0,0.37833740884777955