TimeMin,TimeMax,TimeAvg,TimeStdev,TimeTotal
40.0,7000.0,2051.4285714285716,1789.3289130798935,28720.0
