TraitMin,TraitMax,TraitAvg,TraitStdev,TraitTotal
120.0,517.0,283.25879629629634,126.89289820760816,261.5
