TimeMin,TimeMax,TimeAvg,TimeStdev,TimeTotal
319.0,14983.0,3253.5555555555557,4558.579679171795,29282.0
