TraitMin,TraitMax,TraitAvg,TraitStdev,TraitTotal
214.22222222222223,271.6666666666667,242.94444444444446,28.72222222222223,228.58333333333334
