TraitMin,TraitMax,TraitAvg,TraitStdev,TraitTotal
217.0,714.0,432.6365740740741,142.31818840657323,360.97297297297297
