SentiMin,SentiMax,SentiAvg,SentiStdev,Senti0-0.20,Senti0.21-0.40,Senti0.41-0.60,Senti0.61-0.80,Senti0.81-1.00,SentiTotal
0.06257336084375094,0.22364177467968785,0.1431075677617194,0.08053420691796845,1.0,1.0,0.0,0.0,0.0,0.019022326337181057