SentiMin,SentiMax,SentiAvg,SentiStdev,Senti0-0.20,Senti0.21-0.40,Senti0.41-0.60,Senti0.61-0.80,Senti0.81-1.00,SentiTotal
0.02464555488703926,0.4898631585877994,0.25699695086331653,0.189349016121682,2.0,1.0,2.0,0.0,0.0,5.962150645654614E-4