TraitMin,TraitMax,TraitAvg,TraitStdev,TraitTotal
159.5,599.32,344.44677559912856,139.0091795073747,406.69444444444446
