TraitMin,TraitMax,TraitAvg,TraitStdev,TraitTotal
175.0,260.7142857142857,223.90476190476193,36.02273154840728,219.42105263157896
