TraitMin,TraitMax,TraitAvg,TraitStdev,TraitTotal
198.0,356.9375,247.76967592592595,54.08827043093821,270.70454545454544
