SentiMin,SentiMax,SentiAvg,SentiStdev,Senti0-0.20,Senti0.21-0.40,Senti0.41-0.60,Senti0.61-0.80,Senti0.81-1.00,SentiTotal
0.34401003838899136,0.5210775920988857,0.43254381524393853,0.08853377685494718,0.0,1.0,1.0,0.0,0.0,0.36524209379341027