SentiMin,SentiMax,SentiAvg,SentiStdev,Senti0-0.20,Senti0.21-0.40,Senti0.41-0.60,Senti0.61-0.80,Senti0.81-1.00,SentiTotal
0.003561463278190815,0.49789225920557484,0.24483038309915794,0.1783085382413354,5.0,4.0,2.0,0.0,0.0,1.8113952990651475E-9