TraitMin,TraitMax,TraitAvg,TraitStdev,TraitTotal
285.85714285714283,669.7142857142857,447.0238095238096,162.63550429176226,457.27777777777777
