TimeMin,TimeMax,TimeAvg,TimeStdev,TimeTotal
666.0,4247.0,1815.4285714285713,1079.771782387749,12708.0
