TraitMin,TraitMax,TraitAvg,TraitStdev,TraitTotal
179.125,1000.0,320.75984848484853,232.57961862602997,238.0
