SentiMin,SentiMax,SentiAvg,SentiStdev,Senti0-0.20,Senti0.21-0.40,Senti0.41-0.60,Senti0.61-0.80,Senti0.81-1.00,SentiTotal
0.06559913994148026,0.5523320232689442,0.2831318961696148,0.18147136056828758,2.0,3.0,2.0,0.0,0.0,2.8733113368838457E-4