SentiMin,SentiMax,SentiAvg,SentiStdev,Senti0-0.20,Senti0.21-0.40,Senti0.41-0.60,Senti0.61-0.80,Senti0.81-1.00,SentiTotal
0.21781141180936425,0.5917691468156594,0.3689241759443032,0.11596773451702332,0.0,9.0,3.0,0.0,0.0,0.0011548688615860229