TimeMin,TimeMax,TimeAvg,TimeStdev,TimeTotal
1542.0,4688.0,2743.6666666666665,1387.5624510469988,8231.0
