TraitMin,TraitMax,TraitAvg,TraitStdev,TraitTotal
173.33333333333334,682.0,395.4295238095238,170.0579029147548,331.47222222222223
