SentiMin,SentiMax,SentiAvg,SentiStdev,Senti0-0.20,Senti0.21-0.40,Senti0.41-0.60,Senti0.61-0.80,Senti0.81-1.00,SentiTotal
0.01601992277055359,0.7090734456126735,0.37668050244656487,0.24761834282465953,3.0,4.0,2.0,3.0,0.0,2.9384988801972574E-5