TraitMin,TraitMax,TraitAvg,TraitStdev,TraitTotal
148.5,505.0,287.2859126984127,113.02856448403621,238.90243902439025
