SentiMin,SentiMax,SentiAvg,SentiStdev,Senti0-0.20,Senti0.21-0.40,Senti0.41-0.60,Senti0.61-0.80,Senti0.81-1.00,SentiTotal
0.21921412548362115,0.5136446707795853,0.3699386645162884,0.13326231860906268,0.0,3.0,4.0,0.0,0.0,0.01737897625380618