TraitMin,TraitMax,TraitAvg,TraitStdev,TraitTotal
365.125,395.35714285714283,380.24107142857144,15.116071428571416,384.3636363636364
