TraitMin,TraitMax,TraitAvg,TraitStdev,TraitTotal
224.0,784.0,506.6857142857143,201.40426601079466,544.8571428571429
