TraitMin,TraitMax,TraitAvg,TraitStdev,TraitTotal
283.75,996.0,612.7583333333333,284.71750241345467,507.15384615384613
