SentiMin,SentiMax,SentiAvg,SentiStdev,Senti0-0.20,Senti0.21-0.40,Senti0.41-0.60,Senti0.61-0.80,Senti0.81-1.00,SentiTotal
0.014742953733882931,0.34322267253793753,0.1923932505851472,0.13543571885864622,1.0,2.0,0.0,0.0,0.0,0.002227839114211032