SentiMin,SentiMax,SentiAvg,SentiStdev,Senti0-0.20,Senti0.21-0.40,Senti0.41-0.60,Senti0.61-0.80,Senti0.81-1.00,SentiTotal
0.02587961956399336,0.49789225920557484,0.30565711091624553,0.1620829905806367,4.0,4.0,4.0,0.0,0.0,3.1776672436923643E-6