TraitMin,TraitMax,TraitAvg,TraitStdev,TraitTotal
146.5,464.3333333333333,305.5690476190476,102.98972688349754,295.5348837209302
