SentiMin,SentiMax,SentiAvg,SentiStdev,Senti0-0.20,Senti0.21-0.40,Senti0.41-0.60,Senti0.61-0.80,Senti0.81-1.00,SentiTotal
0.08329423380350268,0.22396263971669256,0.17123685094343175,0.05541828647467885,3.0,3.0,0.0,0.0,0.0,5.548073861661427E-5