TimeMin,TimeMax,TimeAvg,TimeStdev,TimeTotal
311.0,2113.0,862.7777777777778,539.5781845886198,7765.0
