SentiMin,SentiMax,SentiAvg,SentiStdev,Senti0-0.20,Senti0.21-0.40,Senti0.41-0.60,Senti0.61-0.80,Senti0.81-1.00,SentiTotal
6.762546660332347E-5,0.6274708568440207,0.19381895332869178,0.22152888498036186,11.0,3.0,3.0,1.0,0.0,4.79925493823138E-30