SentiMin,SentiMax,SentiAvg,SentiStdev,Senti0-0.20,Senti0.21-0.40,Senti0.41-0.60,Senti0.61-0.80,Senti0.81-1.00,SentiTotal
4.07659577749402E-8,0.48728019602140255,0.19610962797051565,0.17010519724418258,8.0,2.0,2.0,0.0,0.0,2.143547482847323E-18