SentiMin,SentiMax,SentiAvg,SentiStdev,Senti0-0.20,Senti0.21-0.40,Senti0.41-0.60,Senti0.61-0.80,Senti0.81-1.00,SentiTotal
1.448971858622894E-6,0.7609718530630545,0.19544712747980175,0.2993558710408043,6.0,0.0,0.0,2.0,0.0,3.013378056145895E-18