SentiMin,SentiMax,SentiAvg,SentiStdev,Senti0-0.20,Senti0.21-0.40,Senti0.41-0.60,Senti0.61-0.80,Senti0.81-1.00,SentiTotal
0.08950932792938009,0.551077815994506,0.2925134030923807,0.16749364911695727,5.0,2.0,4.0,0.0,0.0,1.1427759481446614E-5