TimeMin,TimeMax,TimeAvg,TimeStdev,TimeTotal
1360.0,4520.0,2337.1428571428573,1097.9163939769119,16360.0
