SentiMin,SentiMax,SentiAvg,SentiStdev,Senti0-0.20,Senti0.21-0.40,Senti0.41-0.60,Senti0.61-0.80,Senti0.81-1.00,SentiTotal
9.237948117803026E-4,0.537734459784737,0.18519886927270002,0.19215890026590585,5.0,0.0,2.0,0.0,0.0,1.9263556515483665E-8