TraitMin,TraitMax,TraitAvg,TraitStdev,TraitTotal
96.0,600.0,280.50649350649354,129.68544595635746,260.7142857142857
