SentiMin,SentiMax,SentiAvg,SentiStdev,Senti0-0.20,Senti0.21-0.40,Senti0.41-0.60,Senti0.61-0.80,Senti0.81-1.00,SentiTotal
2.0238672742911575E-5,0.4833602296066156,0.2317734084971842,0.16422879462182585,8.0,4.0,4.0,0.0,0.0,4.815009914653398E-16