TraitMin,TraitMax,TraitAvg,TraitStdev,TraitTotal
300.0,1120.0,738.0,316.6322788346128,507.6923076923077
