SentiMin,SentiMax,SentiAvg,SentiStdev,Senti0-0.20,Senti0.21-0.40,Senti0.41-0.60,Senti0.61-0.80,Senti0.81-1.00,SentiTotal
0.0010101185607476978,0.29112132088878306,0.07027559730644126,0.11077854336850276,4.0,1.0,0.0,0.0,0.0,2.8939472522409736E-9