SentiMin,SentiMax,SentiAvg,SentiStdev,Senti0-0.20,Senti0.21-0.40,Senti0.41-0.60,Senti0.61-0.80,Senti0.81-1.00,SentiTotal
0.0297096846520277,0.5056149166683619,0.23327987139023643,0.17941440381695561,3.0,1.0,2.0,0.0,0.0,1.1323094254314341E-4