TimeMin,TimeMax,TimeAvg,TimeStdev,TimeTotal
1120.0,3960.0,2013.3333333333333,794.2012059645563,18120.0
