TraitMin,TraitMax,TraitAvg,TraitStdev,TraitTotal
146.08695652173913,1080.0,537.6086956521738,270.77035620854485,320.0
