TraitMin,TraitMax,TraitAvg,TraitStdev,TraitTotal
240.0,1000.0,608.1818181818182,353.14291350014645,321.8181818181818
