TimeMin,TimeMax,TimeAvg,TimeStdev,TimeTotal
1360.0,4680.0,2746.6666666666665,1108.1917202762747,24720.0
