SentiMin,SentiMax,SentiAvg,SentiStdev,Senti0-0.20,Senti0.21-0.40,Senti0.41-0.60,Senti0.61-0.80,Senti0.81-1.00,SentiTotal
0.00397643561229461,0.43901220805450347,0.18255369326117388,0.16540510580672602,6.0,3.0,2.0,0.0,0.0,3.327992734757763E-13