SentiMin,SentiMax,SentiAvg,SentiStdev,Senti0-0.20,Senti0.21-0.40,Senti0.41-0.60,Senti0.61-0.80,Senti0.81-1.00,SentiTotal
1.9404143807113107E-4,0.586529971691028,0.20653632775682784,0.1965359183487137,7.0,2.0,2.0,0.0,0.0,1.2741906474094682E-13