TraitMin,TraitMax,TraitAvg,TraitStdev,TraitTotal
145.0,1000.0,474.1507936507937,284.0560881887368,336.1290322580645
