TimeMin,TimeMax,TimeAvg,TimeStdev,TimeTotal
600.0,4800.0,1857.7777777777778,1136.4054223518194,33440.0
