SentiMin,SentiMax,SentiAvg,SentiStdev,Senti0-0.20,Senti0.21-0.40,Senti0.41-0.60,Senti0.61-0.80,Senti0.81-1.00,SentiTotal
7.56495367639831E-6,0.5982847095582557,0.23370965415313957,0.21413404652936877,4.0,2.0,2.0,0.0,0.0,5.559313811637251E-12