SentiMin,SentiMax,SentiAvg,SentiStdev,Senti0-0.20,Senti0.21-0.40,Senti0.41-0.60,Senti0.61-0.80,Senti0.81-1.00,SentiTotal
4.580220340905441E-6,0.7775009983651894,0.1538238863837543,0.24336472464911144,10.0,1.0,2.0,1.0,0.0,9.018325923668578E-33