TraitMin,TraitMax,TraitAvg,TraitStdev,TraitTotal
213.33333333333334,1120.0,567.6666666666667,339.5622999621064,339.35483870967744
