TraitMin,TraitMax,TraitAvg,TraitStdev,TraitTotal
97.77777777777777,1080.0,446.1342592592593,282.57106198469637,288.42105263157896
