TraitMin,TraitMax,TraitAvg,TraitStdev,TraitTotal
228.57142857142858,380.0,297.2698412698413,60.74123481169927,287.4074074074074
