TraitMin,TraitMax,TraitAvg,TraitStdev,TraitTotal
206.66666666666666,506.6666666666667,327.29437229437235,106.99650242890077,312.6530612244898
