SentiMin,SentiMax,SentiAvg,SentiStdev,Senti0-0.20,Senti0.21-0.40,Senti0.41-0.60,Senti0.61-0.80,Senti0.81-1.00,SentiTotal
5.537430584110053E-8,0.5244306098349514,0.20580103932354726,0.1977821225597951,5.0,2.0,3.0,0.0,0.0,1.4249740318933747E-17