TraitMin,TraitMax,TraitAvg,TraitStdev,TraitTotal
200.0,840.0,392.6796536796537,188.08860100176818,332.9032258064516
