SentiMin,SentiMax,SentiAvg,SentiStdev,Senti0-0.20,Senti0.21-0.40,Senti0.41-0.60,Senti0.61-0.80,Senti0.81-1.00,SentiTotal
1.233744339592613E-4,0.18955330116950886,0.06301235607894493,0.07948753780693331,7.0,0.0,0.0,0.0,0.0,9.818419593227885E-17