TraitMin,TraitMax,TraitAvg,TraitStdev,TraitTotal
280.0,1160.0,640.9090909090909,305.4622293405831,494.81481481481484
