TraitMin,TraitMax,TraitAvg,TraitStdev,TraitTotal
180.0,960.0,383.8614718614719,203.0064542616323,322.44897959183675
