TraitMin,TraitMax,TraitAvg,TraitStdev,TraitTotal
143.33333333333334,610.0,321.9973544973545,123.91358244651,280.0
