TraitMin,TraitMax,TraitAvg,TraitStdev,TraitTotal
283.6363636363636,920.0,518.2251082251082,233.66493315774338,367.6923076923077
