SentiMin,SentiMax,SentiAvg,SentiStdev,Senti0-0.20,Senti0.21-0.40,Senti0.41-0.60,Senti0.61-0.80,Senti0.81-1.00,SentiTotal
0.0014130254844265584,0.9724237151923799,0.3229392708421166,0.27499997756440786,3.0,3.0,2.0,0.0,1.0,5.305297235983061E-6