SentiMin,SentiMax,SentiAvg,SentiStdev,Senti0-0.20,Senti0.21-0.40,Senti0.41-0.60,Senti0.61-0.80,Senti0.81-1.00,SentiTotal
5.985423920816436E-4,0.49789225920557484,0.21830274172862987,0.1643604485039824,6.0,2.0,3.0,0.0,0.0,1.77749407084479E-11