TimeMin,TimeMax,TimeAvg,TimeStdev,TimeTotal
1000.0,6200.0,2112.7272727272725,1573.9532793637284,23240.0
