TraitMin,TraitMax,TraitAvg,TraitStdev,TraitTotal
178.94736842105263,353.3333333333333,269.13998282419334,59.08142496966938,255.69620253164558
