TimeMin,TimeMax,TimeAvg,TimeStdev,TimeTotal
680.0,3400.0,1694.5454545454545,798.0472033927412,18640.0
