TraitMin,TraitMax,TraitAvg,TraitStdev,TraitTotal
266.6666666666667,1146.6666666666667,735.5555555555557,363.98344827379714,564.7058823529412
