TraitMin,TraitMax,TraitAvg,TraitStdev,TraitTotal
173.33333333333334,1080.0,483.84615384615387,286.3258742165836,358.0487804878049
