SentiMin,SentiMax,SentiAvg,SentiStdev,Senti0-0.20,Senti0.21-0.40,Senti0.41-0.60,Senti0.61-0.80,Senti0.81-1.00,SentiTotal
0.043650454439033384,0.7778096645244353,0.3048178161668783,0.19831923581372837,5.0,4.0,3.0,1.0,0.0,6.041778081095158E-8