TraitMin,TraitMax,TraitAvg,TraitStdev,TraitTotal
220.0,668.5714285714286,395.6931216931217,120.8691275179665,368.95522388059703
