TraitMin,TraitMax,TraitAvg,TraitStdev,TraitTotal
195.0,1120.0,442.42151675485013,265.6083478900128,355.29411764705884
