SentiMin,SentiMax,SentiAvg,SentiStdev,Senti0-0.20,Senti0.21-0.40,Senti0.41-0.60,Senti0.61-0.80,Senti0.81-1.00,SentiTotal
2.0098816754695834E-5,0.5025355260217687,0.20394314638266436,0.18475524723506487,9.0,7.0,4.0,0.0,0.0,7.020999698318716E-25