TimeMin,TimeMax,TimeAvg,TimeStdev,TimeTotal
760.0,3840.0,1736.6666666666667,871.3909697846439,20840.0
