TimeMin,TimeMax,TimeAvg,TimeStdev,TimeTotal
400.0,4040.0,2298.4615384615386,985.5092096814031,29880.0
