TraitMin,TraitMax,TraitAvg,TraitStdev,TraitTotal
210.9090909090909,1280.0,551.1735537190083,298.0550328149892,391.1111111111111
