TraitMin,TraitMax,TraitAvg,TraitStdev,TraitTotal
182.5,462.85714285714283,289.35601577909273,87.96502984499165,276.6666666666667
