SentiMin,SentiMax,SentiAvg,SentiStdev,Senti0-0.20,Senti0.21-0.40,Senti0.41-0.60,Senti0.61-0.80,Senti0.81-1.00,SentiTotal
2.756880107040218E-6,0.3033403003627552,0.07174073750656716,0.10819423423578761,10.0,3.0,0.0,0.0,0.0,6.470105842123153E-33