TraitMin,TraitMax,TraitAvg,TraitStdev,TraitTotal
170.0,1240.0,406.40909090909093,288.7635725406622,278.2089552238806
