SentiMin,SentiMax,SentiAvg,SentiStdev,Senti0-0.20,Senti0.21-0.40,Senti0.41-0.60,Senti0.61-0.80,Senti0.81-1.00,SentiTotal
0.0018594435485097128,0.49789225920557484,0.19859730597491498,0.1801606121804799,5.0,4.0,2.0,0.0,0.0,8.691984001051272E-12