TraitMin,TraitMax,TraitAvg,TraitStdev,TraitTotal
130.0,1160.0,385.57445887445886,271.31156285839444,269.05263157894734
