TimeMin,TimeMax,TimeAvg,TimeStdev,TimeTotal
560.0,3120.0,1593.3333333333333,862.0647049703147,9560.0
