TimeMin,TimeMax,TimeAvg,TimeStdev,TimeTotal
600.0,2440.0,1214.5454545454545,502.29226617693115,13360.0
