TimeMin,TimeMax,TimeAvg,TimeStdev,TimeTotal
1160.0,4760.0,2188.5714285714284,1225.0181173170877,15320.0
