SentiMin,SentiMax,SentiAvg,SentiStdev,Senti0-0.20,Senti0.21-0.40,Senti0.41-0.60,Senti0.61-0.80,Senti0.81-1.00,SentiTotal
1.421706129234764E-4,0.5755436691302463,0.2042150000312609,0.21645372043614966,7.0,1.0,3.0,0.0,0.0,7.240700857478011E-13