SentiMin,SentiMax,SentiAvg,SentiStdev,Senti0-0.20,Senti0.21-0.40,Senti0.41-0.60,Senti0.61-0.80,Senti0.81-1.00,SentiTotal
0.008345722490462655,0.31820487300311295,0.17227461033344624,0.10801184553518663,2.0,3.0,0.0,0.0,0.0,3.934908401468751E-6