SentiMin,SentiMax,SentiAvg,SentiStdev,Senti0-0.20,Senti0.21-0.40,Senti0.41-0.60,Senti0.61-0.80,Senti0.81-1.00,SentiTotal
0.001489796213504059,0.5423076806095435,0.187688277665997,0.17801693444919336,10.0,4.0,2.0,0.0,0.0,9.930793649774375E-17