TimeMin,TimeMax,TimeAvg,TimeStdev,TimeTotal
760.0,4480.0,1661.5384615384614,1101.5642455082902,21600.0
