SentiMin,SentiMax,SentiAvg,SentiStdev,Senti0-0.20,Senti0.21-0.40,Senti0.41-0.60,Senti0.61-0.80,Senti0.81-1.00,SentiTotal
0.006433367763779587,0.8263725401977589,0.18844934290409826,0.20518905215435257,8.0,4.0,0.0,0.0,1.0,1.35491154163528E-11