TimeMin,TimeMax,TimeAvg,TimeStdev,TimeTotal
720.0,2880.0,1415.3846153846155,708.7216594210624,18400.0
