TimeMin,TimeMax,TimeAvg,TimeStdev,TimeTotal
800.0,1920.0,1217.142857142857,299.60518237527606,17040.0
