SentiMin,SentiMax,SentiAvg,SentiStdev,Senti0-0.20,Senti0.21-0.40,Senti0.41-0.60,Senti0.61-0.80,Senti0.81-1.00,SentiTotal
1.7336662938512292E-4,0.39697510199130176,0.12180808726243207,0.13220676525236458,11.0,3.0,0.0,0.0,0.0,1.1133874935803301E-19