TraitMin,TraitMax,TraitAvg,TraitStdev,TraitTotal
171.42857142857142,880.0,370.18367346938777,218.83198041376804,284.0
