TraitMin,TraitMax,TraitAvg,TraitStdev,TraitTotal
213.33333333333334,653.3333333333334,341.3777777777778,125.68468482675208,315.6521739130435
