TimeMin,TimeMax,TimeAvg,TimeStdev,TimeTotal
800.0,1840.0,1091.4285714285713,321.932937622932,7640.0
