SentiMin,SentiMax,SentiAvg,SentiStdev,Senti0-0.20,Senti0.21-0.40,Senti0.41-0.60,Senti0.61-0.80,Senti0.81-1.00,SentiTotal
0.0027321100501120476,0.5941282936526546,0.3622232300165605,0.21131222822098594,2.0,1.0,4.0,0.0,0.0,2.704271358702989E-4