SentiMin,SentiMax,SentiAvg,SentiStdev,Senti0-0.20,Senti0.21-0.40,Senti0.41-0.60,Senti0.61-0.80,Senti0.81-1.00,SentiTotal
1.6225737884431838E-7,0.5318834537628724,0.09944739599942176,0.15761694245326216,10.0,1.0,1.0,0.0,0.0,2.955730711910761E-26