TimeMin,TimeMax,TimeAvg,TimeStdev,TimeTotal
800.0,3480.0,1974.5454545454545,1054.068857819447,21720.0
