SentiMin,SentiMax,SentiAvg,SentiStdev,Senti0-0.20,Senti0.21-0.40,Senti0.41-0.60,Senti0.61-0.80,Senti0.81-1.00,SentiTotal
0.03483455041853402,0.9611958417475951,0.5109457316959748,0.25381793095341715,1.0,1.0,3.0,2.0,1.0,0.592314095930176