TraitMin,TraitMax,TraitAvg,TraitStdev,TraitTotal
188.57142857142858,840.0,383.968253968254,162.17756351087536,338.1818181818182
