SentiMin,SentiMax,SentiAvg,SentiStdev,Senti0-0.20,Senti0.21-0.40,Senti0.41-0.60,Senti0.61-0.80,Senti0.81-1.00,SentiTotal
0.08842896924109254,0.5318834537628724,0.3301891028813256,0.17049805342212052,3.0,1.0,4.0,0.0,0.0,0.0011902578758190908