TraitMin,TraitMax,TraitAvg,TraitStdev,TraitTotal
230.0,800.0,443.4199134199134,178.98184042952002,402.22222222222223
