TraitMin,TraitMax,TraitAvg,TraitStdev,TraitTotal
214.54545454545453,626.6666666666666,347.3073593073593,116.8080599156827,309.03225806451616
