SentiMin,SentiMax,SentiAvg,SentiStdev,Senti0-0.20,Senti0.21-0.40,Senti0.41-0.60,Senti0.61-0.80,Senti0.81-1.00,SentiTotal
0.0034564140039618383,0.6615890016673823,0.28734873932330324,0.23457069877124395,6.0,1.0,5.0,1.0,0.0,2.241460873741388E-10