TraitMin,TraitMax,TraitAvg,TraitStdev,TraitTotal
293.3333333333333,1160.0,555.09243697479,261.64731552080667,441.9672131147541
