TraitMin,TraitMax,TraitAvg,TraitStdev,TraitTotal
306.6666666666667,800.0,488.33333333333337,203.59955249896248,413.3333333333333
