TraitMin,TraitMax,TraitAvg,TraitStdev,TraitTotal
178.46153846153845,820.0,386.9214896214896,153.69679721288762,334.09090909090907
