TraitMin,TraitMax,TraitAvg,TraitStdev,TraitTotal
272.0,840.0,421.6904761904762,146.21143986498555,361.45454545454544
