SentiMin,SentiMax,SentiAvg,SentiStdev,Senti0-0.20,Senti0.21-0.40,Senti0.41-0.60,Senti0.61-0.80,Senti0.81-1.00,SentiTotal
0.0764214715224728,0.49789225920557484,0.33673150526179596,0.16264804884441622,1.0,1.0,2.0,0.0,0.0,0.03181115917390577