TraitMin,TraitMax,TraitAvg,TraitStdev,TraitTotal
148.57142857142858,800.0,395.56878306878303,184.26683145142388,306.6666666666667
