TraitMin,TraitMax,TraitAvg,TraitStdev,TraitTotal
225.45454545454547,420.0,321.072261072261,83.0213595919159,280.0
