SentiMin,SentiMax,SentiAvg,SentiStdev,Senti0-0.20,Senti0.21-0.40,Senti0.41-0.60,Senti0.61-0.80,Senti0.81-1.00,SentiTotal
1.269217034411608E-4,0.5318834537628724,0.24342678463134984,0.20228446001765055,6.0,3.0,4.0,0.0,0.0,4.108368371910219E-13