TimeMin,TimeMax,TimeAvg,TimeStdev,TimeTotal
720.0,2120.0,1124.4444444444443,350.20981365496726,20240.0
