TraitMin,TraitMax,TraitAvg,TraitStdev,TraitTotal
164.0,620.0,321.8119658119658,130.44640561591146,289.84615384615387
