TraitMin,TraitMax,TraitAvg,TraitStdev,TraitTotal
328.0,1000.0,726.9333333333333,303.754754878193,520.0
