TimeMin,TimeMax,TimeAvg,TimeStdev,TimeTotal
680.0,3320.0,1449.2307692307693,642.5246063945607,18840.0
