TraitMin,TraitMax,TraitAvg,TraitStdev,TraitTotal
214.54545454545453,880.0,510.17871017871016,273.4242271788666,334.54545454545456
