SentiMin,SentiMax,SentiAvg,SentiStdev,Senti0-0.20,Senti0.21-0.40,Senti0.41-0.60,Senti0.61-0.80,Senti0.81-1.00,SentiTotal
0.0073873036136307855,0.9410648101332474,0.2827220930246753,0.22760414482720323,6.0,7.0,3.0,0.0,1.0,3.5660295140239297E-9