TraitMin,TraitMax,TraitAvg,TraitStdev,TraitTotal
200.0,800.0,439.020979020979,168.7149907215558,372.41379310344826
