SentiMin,SentiMax,SentiAvg,SentiStdev,Senti0-0.20,Senti0.21-0.40,Senti0.41-0.60,Senti0.61-0.80,Senti0.81-1.00,SentiTotal
0.002951017471035799,0.6845004708284907,0.19145123003923825,0.1788389167857255,11.0,5.0,1.0,1.0,0.0,3.238714400473503E-17