TraitMin,TraitMax,TraitAvg,TraitStdev,TraitTotal
225.45454545454547,880.0,409.57305194805195,159.42386960653624,366.4864864864865
