TraitMin,TraitMax,TraitAvg,TraitStdev,TraitTotal
280.0,800.0,496.6666666666667,156.56024754423171,434.2857142857143
