SentiMin,SentiMax,SentiAvg,SentiStdev,Senti0-0.20,Senti0.21-0.40,Senti0.41-0.60,Senti0.61-0.80,Senti0.81-1.00,SentiTotal
9.808884223242542E-4,0.49789225920557484,0.11700739591378122,0.14511620469269784,8.0,1.0,1.0,0.0,0.0,3.3144307718268146E-14