TraitMin,TraitMax,TraitAvg,TraitStdev,TraitTotal
144.0,560.0,275.6693733616811,107.732436097133,264.50704225352115
