SentiMin,SentiMax,SentiAvg,SentiStdev,Senti0-0.20,Senti0.21-0.40,Senti0.41-0.60,Senti0.61-0.80,Senti0.81-1.00,SentiTotal
9.72149525191913E-11,0.4601748042587042,0.08912463258573214,0.15417073658406968,10.0,2.0,1.0,0.0,0.0,1.045484751202372E-33