SentiMin,SentiMax,SentiAvg,SentiStdev,Senti0-0.20,Senti0.21-0.40,Senti0.41-0.60,Senti0.61-0.80,Senti0.81-1.00,SentiTotal
0.028976341199375973,0.49789225920557484,0.31029175685932997,0.17138205897105224,3.0,3.0,4.0,0.0,0.0,1.4561927731840574E-5