TraitMin,TraitMax,TraitAvg,TraitStdev,TraitTotal
154.54545454545453,400.0,292.09486166007906,102.37535665209192,253.0612244897959
