TimeMin,TimeMax,TimeAvg,TimeStdev,TimeTotal
1600.0,7400.0,4133.333333333333,2423.9545283597126,12400.0
