SentiMin,SentiMax,SentiAvg,SentiStdev,Senti0-0.20,Senti0.21-0.40,Senti0.41-0.60,Senti0.61-0.80,Senti0.81-1.00,SentiTotal
0.0077438901679273905,0.49789225920557484,0.2983270325709365,0.19398365557511363,3.0,1.0,4.0,0.0,0.0,2.812603022659689E-5