SentiMin,SentiMax,SentiAvg,SentiStdev,Senti0-0.20,Senti0.21-0.40,Senti0.41-0.60,Senti0.61-0.80,Senti0.81-1.00,SentiTotal
5.627357790386684E-7,0.7300341012349397,0.16352900968114384,0.26823604801715983,5.0,1.0,0.0,1.0,0.0,3.2007108609890632E-21