TraitMin,TraitMax,TraitAvg,TraitStdev,TraitTotal
293.3333333333333,960.0,492.56410256410254,167.61858333909422,459.5121951219512
