TraitMin,TraitMax,TraitAvg,TraitStdev,TraitTotal
183.33333333333334,430.0,304.07746639325586,83.60477373033794,285.7142857142857
