SentiMin,SentiMax,SentiAvg,SentiStdev,Senti0-0.20,Senti0.21-0.40,Senti0.41-0.60,Senti0.61-0.80,Senti0.81-1.00,SentiTotal
6.316956938527187E-6,0.9611958417475951,0.40162504523021386,0.26465719294567713,3.0,3.0,5.0,0.0,2.0,2.974108796108194E-7