TraitMin,TraitMax,TraitAvg,TraitStdev,TraitTotal
257.14285714285717,706.6666666666666,481.7261904761905,141.7388646559872,423.7037037037037
