TimeMin,TimeMax,TimeAvg,TimeStdev,TimeTotal
480.0,2480.0,1136.6666666666667,530.398173283263,27280.0
