TimeMin,TimeMax,TimeAvg,TimeStdev,TimeTotal
480.0,7520.0,1449.2307692307693,1773.664010930097,18840.0
