TimeMin,TimeMax,TimeAvg,TimeStdev,TimeTotal
560.0,8160.0,2889.230769230769,2360.399123806954,37560.0
