SentiMin,SentiMax,SentiAvg,SentiStdev,Senti0-0.20,Senti0.21-0.40,Senti0.41-0.60,Senti0.61-0.80,Senti0.81-1.00,SentiTotal
6.00435050087125E-4,0.49789225920557484,0.23486893105219997,0.1811116062995059,11.0,7.0,6.0,0.0,0.0,4.966771005255044E-21