TraitMin,TraitMax,TraitAvg,TraitStdev,TraitTotal
190.0,680.0,425.6666666666667,156.9716888840504,352.5925925925926
