TimeMin,TimeMax,TimeAvg,TimeStdev,TimeTotal
760.0,7000.0,3142.8571428571427,1894.2146075859084,22000.0
