TimeMin,TimeMax,TimeAvg,TimeStdev,TimeTotal
720.0,3360.0,1826.6666666666667,868.2037651253178,16440.0
