TraitMin,TraitMax,TraitAvg,TraitStdev,TraitTotal
220.0,1400.0,564.0907407407408,305.47589944315337,452.93055555555554
