SentiMin,SentiMax,SentiAvg,SentiStdev,Senti0-0.20,Senti0.21-0.40,Senti0.41-0.60,Senti0.61-0.80,Senti0.81-1.00,SentiTotal
9.906446973599797E-5,0.49789225920557484,0.18783133216924208,0.19144231996424324,5.0,2.0,2.0,0.0,0.0,5.319446427724314E-13