SentiMin,SentiMax,SentiAvg,SentiStdev,Senti0-0.20,Senti0.21-0.40,Senti0.41-0.60,Senti0.61-0.80,Senti0.81-1.00,SentiTotal
0.08569227737161272,0.9185123800349813,0.4546345632317314,0.2018718331695778,2.0,1.0,8.0,0.0,1.0,0.0687592890697375