TraitMin,TraitMax,TraitAvg,TraitStdev,TraitTotal
235.55555555555554,640.0,470.65759637188205,128.55388667239865,412.94117647058823
