TraitMin,TraitMax,TraitAvg,TraitStdev,TraitTotal
268.2352941176471,920.0,456.49823798983465,209.98299438902137,379.6774193548387
