TraitMin,TraitMax,TraitAvg,TraitStdev,TraitTotal
220.0,720.0,408.6046918767506,141.4572790872107,379.7752808988764
