TimeMin,TimeMax,TimeAvg,TimeStdev,TimeTotal
640.0,4200.0,2005.7142857142858,1135.0878775653973,14040.0
