TimeMin,TimeMax,TimeAvg,TimeStdev,TimeTotal
600.0,8400.0,3362.8571428571427,2006.2453509387292,47080.0
