TraitMin,TraitMax,TraitAvg,TraitStdev,TraitTotal
266.6666666666667,960.0,506.0438486244938,218.71895300962157,351.875
