TraitMin,TraitMax,TraitAvg,TraitStdev,TraitTotal
240.0,484.44444444444446,377.1301587301587,77.02708302457245,358.58156028368796
