TimeMin,TimeMax,TimeAvg,TimeStdev,TimeTotal
960.0,3960.0,2013.3333333333333,962.4043964063248,12080.0
