SentiMin,SentiMax,SentiAvg,SentiStdev,Senti0-0.20,Senti0.21-0.40,Senti0.41-0.60,Senti0.61-0.80,Senti0.81-1.00,SentiTotal
0.06553007564791091,0.39697510199130176,0.22169453959059163,0.13126122704345033,3.0,3.0,0.0,0.0,0.0,1.4622240266352776E-4