SentiMin,SentiMax,SentiAvg,SentiStdev,Senti0-0.20,Senti0.21-0.40,Senti0.41-0.60,Senti0.61-0.80,Senti0.81-1.00,SentiTotal
0.031846870811815794,0.5734576952979002,0.31363695007354936,0.15260567897687605,2.0,7.0,4.0,0.0,0.0,5.695050550642676E-6