TraitMin,TraitMax,TraitAvg,TraitStdev,TraitTotal
182.85714285714286,840.0,452.99603174603175,203.63431433003413,379.3939393939394
