TraitMin,TraitMax,TraitAvg,TraitStdev,TraitTotal
260.0,515.2,393.6080808080808,72.39889862695202,413.23741007194246
