SentiMin,SentiMax,SentiAvg,SentiStdev,Senti0-0.20,Senti0.21-0.40,Senti0.41-0.60,Senti0.61-0.80,Senti0.81-1.00,SentiTotal
0.2301917679834784,0.999478534572954,0.48049002349965103,0.21452811391021828,0.0,3.0,5.0,0.0,1.0,0.9908340691340354