SentiMin,SentiMax,SentiAvg,SentiStdev,Senti0-0.20,Senti0.21-0.40,Senti0.41-0.60,Senti0.61-0.80,Senti0.81-1.00,SentiTotal
0.0320902107280333,0.49789225920557484,0.2793146073954951,0.16044873771231624,2.0,4.0,2.0,0.0,0.0,6.321419615791745E-5