TraitMin,TraitMax,TraitAvg,TraitStdev,TraitTotal
217.14285714285714,1000.0,473.6520146520146,210.84004653491212,402.1978021978022
