SentiMin,SentiMax,SentiAvg,SentiStdev,Senti0-0.20,Senti0.21-0.40,Senti0.41-0.60,Senti0.61-0.80,Senti0.81-1.00,SentiTotal
0.12731765643216375,0.563164368326853,0.37311611409592815,0.1296379665224734,1.0,4.0,3.0,0.0,0.0,0.010395595147377168