SentiMin,SentiMax,SentiAvg,SentiStdev,Senti0-0.20,Senti0.21-0.40,Senti0.41-0.60,Senti0.61-0.80,Senti0.81-1.00,SentiTotal
8.792552432134558E-4,0.49789225920557484,0.3285143435977613,0.16110108546138963,3.0,4.0,4.0,0.0,0.0,1.5285013425846413E-6