SentiMin,SentiMax,SentiAvg,SentiStdev,Senti0-0.20,Senti0.21-0.40,Senti0.41-0.60,Senti0.61-0.80,Senti0.81-1.00,SentiTotal
0.3610809947850027,0.8282993157067794,0.502453294361262,0.14134456849247998,0.0,2.0,4.0,0.0,1.0,0.588631448511393