TraitMin,TraitMax,TraitAvg,TraitStdev,TraitTotal
306.6666666666667,780.0,477.7777777777778,162.69337971309446,416.55172413793105
