SentiMin,SentiMax,SentiAvg,SentiStdev,Senti0-0.20,Senti0.21-0.40,Senti0.41-0.60,Senti0.61-0.80,Senti0.81-1.00,SentiTotal
0.0012185108315264101,0.5136446707795853,0.18221201360904496,0.19640655952281935,6.0,2.0,2.0,0.0,0.0,2.799967426799536E-13