TimeMin,TimeMax,TimeAvg,TimeStdev,TimeTotal
600.0,8320.0,2047.2727272727273,2090.6592736137345,22520.0
