TraitMin,TraitMax,TraitAvg,TraitStdev,TraitTotal
0.6,396.5,206.7572544122544,85.56361995059962,202.3926380368098
