TimeMin,TimeMax,TimeAvg,TimeStdev,TimeTotal
247.0,3530.0,1855.5882352941176,930.5602397811716,31545.0
