TraitMin,TraitMax,TraitAvg,TraitStdev,TraitTotal
111.9090909090909,434.0,229.0299698108909,75.76558196769332,208.35555555555555
