TraitMin,TraitMax,TraitAvg,TraitStdev,TraitTotal
58.25,1107.75,256.1300925925926,221.1896490043984,235.12222222222223
