TraitMin,TraitMax,TraitAvg,TraitStdev,TraitTotal
66.25,488.0,214.3947963800905,132.36088733946923,206.22388059701493
