TraitMin,TraitMax,TraitAvg,TraitStdev,TraitTotal
44.25,694.6666666666666,280.5280964052287,158.8104729825616,250.29661016949152
