TraitMin,TraitMax,TraitAvg,TraitStdev,TraitTotal
155.42857142857142,783.0,408.899582289056,186.8512040139036,348.9047619047619
