TraitMin,TraitMax,TraitAvg,TraitStdev,TraitTotal
160.0,619.0,326.0530525030525,132.0834549283984,337.12698412698415
