SentiMin,SentiMax,SentiAvg,SentiStdev,Senti0-0.20,Senti0.21-0.40,Senti0.41-0.60,Senti0.61-0.80,Senti0.81-1.00,SentiTotal
0.11121746890902069,0.7879536038865562,0.44347723269839084,0.1695368869686578,2.0,3.0,8.0,2.0,0.0,0.01806506726460322