TimeMin,TimeMax,TimeAvg,TimeStdev,TimeTotal
241.0,3671.0,1278.5454545454545,901.4495260045812,28128.0
