SentiMin,SentiMax,SentiAvg,SentiStdev,Senti0-0.20,Senti0.21-0.40,Senti0.41-0.60,Senti0.61-0.80,Senti0.81-1.00,SentiTotal
0.07124388726675149,0.5736759813970294,0.3540587802595149,0.16391467800431989,5.0,5.0,9.0,0.0,0.0,8.812800141583123E-7