SentiMin,SentiMax,SentiAvg,SentiStdev,Senti0-0.20,Senti0.21-0.40,Senti0.41-0.60,Senti0.61-0.80,Senti0.81-1.00,SentiTotal
0.11207177455102527,0.5628056929000496,0.3514828317362341,0.1787242940245134,3.0,2.0,5.0,0.0,0.0,6.683817540076219E-4