SentiMin,SentiMax,SentiAvg,SentiStdev,Senti0-0.20,Senti0.21-0.40,Senti0.41-0.60,Senti0.61-0.80,Senti0.81-1.00,SentiTotal
1.4897373891644628E-4,0.5498177618412997,0.2768904412146447,0.1765190770082727,7.0,5.0,5.0,0.0,0.0,4.4976196242559855E-12