SentiMin,SentiMax,SentiAvg,SentiStdev,Senti0-0.20,Senti0.21-0.40,Senti0.41-0.60,Senti0.61-0.80,Senti0.81-1.00,SentiTotal
0.0182579548451031,0.5465682139716376,0.3248668453315645,0.1577049218837042,2.0,5.0,3.0,0.0,0.0,6.325444194840116E-5