TimeMin,TimeMax,TimeAvg,TimeStdev,TimeTotal
408.0,3688.0,1928.157894736842,983.2086710656725,36635.0
