TimeMin,TimeMax,TimeAvg,TimeStdev,TimeTotal
312.0,3671.0,1411.0588235294117,1010.6970495413336,23988.0
