SentiMin,SentiMax,SentiAvg,SentiStdev,Senti0-0.20,Senti0.21-0.40,Senti0.41-0.60,Senti0.61-0.80,Senti0.81-1.00,SentiTotal
1.49580229334518E-4,0.5628056929000496,0.2903739255001292,0.1952517580136424,6.0,7.0,7.0,0.0,0.0,3.6829511050876095E-15