TraitMin,TraitMax,TraitAvg,TraitStdev,TraitTotal
120.375,795.5,269.15749999999997,200.31660116099823,207.84
