TraitMin,TraitMax,TraitAvg,TraitStdev,TraitTotal
84.83333333333333,1320.0,311.0319866408102,289.7339648775752,249.875
