TraitMin,TraitMax,TraitAvg,TraitStdev,TraitTotal
190.0,530.8333333333334,284.0647435897436,97.2810845623439,263.3421052631579
