SentiMin,SentiMax,SentiAvg,SentiStdev,Senti0-0.20,Senti0.21-0.40,Senti0.41-0.60,Senti0.61-0.80,Senti0.81-1.00,SentiTotal
0.018469689838579897,0.6959033095314103,0.24330709836000936,0.19292207475608786,9.0,8.0,4.0,1.0,0.0,1.4483352576086594E-16