TraitMin,TraitMax,TraitAvg,TraitStdev,TraitTotal
133.66666666666666,572.0,277.7004644660895,108.08041026361495,261.8433734939759
