TimeMin,TimeMax,TimeAvg,TimeStdev,TimeTotal
232.0,5354.0,1633.7692307692307,1439.5244489251493,21239.0
