TraitMin,TraitMax,TraitAvg,TraitStdev,TraitTotal
104.0,588.3333333333334,261.1316369904605,125.14564682320919,242.65384615384616
