TimeMin,TimeMax,TimeAvg,TimeStdev,TimeTotal
207.0,4872.0,1062.8461538461538,1301.3542559227617,13817.0
