TraitMin,TraitMax,TraitAvg,TraitStdev,TraitTotal
57.666666666666664,289.0,186.0909090909091,68.0819976367017,183.0909090909091
