TraitMin,TraitMax,TraitAvg,TraitStdev,TraitTotal
118.5,293.1666666666667,171.46488095238098,52.75867586913347,176.75
