TraitMin,TraitMax,TraitAvg,TraitStdev,TraitTotal
72.0,915.2857142857143,224.1275510204082,199.8135544453855,288.0888888888889
