SentiMin,SentiMax,SentiAvg,SentiStdev,Senti0-0.20,Senti0.21-0.40,Senti0.41-0.60,Senti0.61-0.80,Senti0.81-1.00,SentiTotal
0.013199861544835498,0.5318834537628724,0.383552599700371,0.14816693693102737,2.0,7.0,9.0,0.0,0.0,5.987030839926189E-6