SentiMin,SentiMax,SentiAvg,SentiStdev,Senti0-0.20,Senti0.21-0.40,Senti0.41-0.60,Senti0.61-0.80,Senti0.81-1.00,SentiTotal
0.14275737263236618,0.5468505232956627,0.27340017784572107,0.15093808471776085,4.0,2.0,2.0,0.0,0.0,4.104883792845491E-5