TimeMin,TimeMax,TimeAvg,TimeStdev,TimeTotal
155.0,1888.0,549.2727272727273,496.8155119282832,6042.0
