TraitMin,TraitMax,TraitAvg,TraitStdev,TraitTotal
51.2,688.0,228.3037037037037,141.49244925493062,200.0392156862745
