SentiMin,SentiMax,SentiAvg,SentiStdev,Senti0-0.20,Senti0.21-0.40,Senti0.41-0.60,Senti0.61-0.80,Senti0.81-1.00,SentiTotal
0.00448320173728259,0.49789225920557484,0.22402710488431465,0.20255948396924336,3.0,1.0,2.0,0.0,0.0,1.7035588802161198E-6