TraitMin,TraitMax,TraitAvg,TraitStdev,TraitTotal
87.75,420.3333333333333,190.25,111.82635762314382,182.56
