SentiMin,SentiMax,SentiAvg,SentiStdev,Senti0-0.20,Senti0.21-0.40,Senti0.41-0.60,Senti0.61-0.80,Senti0.81-1.00,SentiTotal
0.04525982737534808,0.21921412548362115,0.1693545347363436,0.07239754870720524,2.0,2.0,0.0,0.0,0.0,9.20030652875813E-4