SentiMin,SentiMax,SentiAvg,SentiStdev,Senti0-0.20,Senti0.21-0.40,Senti0.41-0.60,Senti0.61-0.80,Senti0.81-1.00,SentiTotal
0.1288925134774278,0.49789225920557484,0.3407184530839387,0.13944950351489868,4.0,4.0,6.0,0.0,0.0,3.568569486972687E-5