SentiMin,SentiMax,SentiAvg,SentiStdev,Senti0-0.20,Senti0.21-0.40,Senti0.41-0.60,Senti0.61-0.80,Senti0.81-1.00,SentiTotal
0.007844335647112047,0.22837532534568028,0.13039207341938083,0.10013917369567385,2.0,3.0,0.0,0.0,0.0,9.935623540092002E-7