SentiMin,SentiMax,SentiAvg,SentiStdev,Senti0-0.20,Senti0.21-0.40,Senti0.41-0.60,Senti0.61-0.80,Senti0.81-1.00,SentiTotal
7.291742991917656E-4,0.9999984730371244,0.32205057430416173,0.25576667281381055,8.0,2.0,6.0,0.0,1.0,1.2139378569303662E-6