SentiMin,SentiMax,SentiAvg,SentiStdev,Senti0-0.20,Senti0.21-0.40,Senti0.41-0.60,Senti0.61-0.80,Senti0.81-1.00,SentiTotal
2.5276124398594816E-8,0.39697510199130176,0.05199247562159736,0.11144524636699522,13.0,2.0,0.0,0.0,0.0,7.393782242812253E-45