TraitMin,TraitMax,TraitAvg,TraitStdev,TraitTotal
186.66666666666666,613.3333333333334,409.20634920634916,129.4633232950909,356.47058823529414
