TimeMin,TimeMax,TimeAvg,TimeStdev,TimeTotal
520.0,8040.0,2257.777777777778,1918.389242033696,40640.0
