TimeMin,TimeMax,TimeAvg,TimeStdev,TimeTotal
400.0,6480.0,1461.1764705882354,1441.8365835156264,24840.0
