TraitMin,TraitMax,TraitAvg,TraitStdev,TraitTotal
193.33333333333334,460.0,281.4666666666667,94.92771518956468,252.6315789473684
