TimeMin,TimeMax,TimeAvg,TimeStdev,TimeTotal
640.0,2680.0,1291.4285714285713,656.8197963657606,9040.0
