TimeMin,TimeMax,TimeAvg,TimeStdev,TimeTotal
560.0,6600.0,1658.6666666666667,1371.0816492422646,24880.0
