TraitMin,TraitMax,TraitAvg,TraitStdev,TraitTotal
135.3846153846154,640.0,377.30889894419306,157.65157469754587,272.967032967033
