SentiMin,SentiMax,SentiAvg,SentiStdev,Senti0-0.20,Senti0.21-0.40,Senti0.41-0.60,Senti0.61-0.80,Senti0.81-1.00,SentiTotal
0.008047299619283372,0.43796879524747484,0.217491295417799,0.1328778507333348,2.0,4.0,1.0,0.0,0.0,6.111227301204728E-6