SentiMin,SentiMax,SentiAvg,SentiStdev,Senti0-0.20,Senti0.21-0.40,Senti0.41-0.60,Senti0.61-0.80,Senti0.81-1.00,SentiTotal
1.4981330194773347E-4,0.0428332898912913,0.011290216292713713,0.016262152389053586,5.0,0.0,0.0,0.0,0.0,4.505445847944997E-14