SentiMin,SentiMax,SentiAvg,SentiStdev,Senti0-0.20,Senti0.21-0.40,Senti0.41-0.60,Senti0.61-0.80,Senti0.81-1.00,SentiTotal
0.03377615026831654,0.9993801229122813,0.3721477493468339,0.30518720656519915,6.0,5.0,5.0,0.0,3.0,0.02180104567442646