TraitMin,TraitMax,TraitAvg,TraitStdev,TraitTotal
186.66666666666666,640.0,319.005291005291,139.64333584845926,257.43589743589746
