TraitMin,TraitMax,TraitAvg,TraitStdev,TraitTotal
145.0,760.0,407.7368421052632,188.3996181738153,357.6811594202899
