TraitMin,TraitMax,TraitAvg,TraitStdev,TraitTotal
211.42857142857142,720.0,380.7650793650794,149.58112991553367,340.82191780821915
