SentiMin,SentiMax,SentiAvg,SentiStdev,Senti0-0.20,Senti0.21-0.40,Senti0.41-0.60,Senti0.61-0.80,Senti0.81-1.00,SentiTotal
0.0035850542497189233,0.5130932278611744,0.15392492642878203,0.18095178404686268,6.0,2.0,1.0,0.0,0.0,7.698572356336593E-12