SentiMin,SentiMax,SentiAvg,SentiStdev,Senti0-0.20,Senti0.21-0.40,Senti0.41-0.60,Senti0.61-0.80,Senti0.81-1.00,SentiTotal
2.816861147285256E-4,0.4801180056153849,0.18206639141375455,0.1719524473507201,10.0,5.0,3.0,0.0,0.0,5.831474825520814E-22