SentiMin,SentiMax,SentiAvg,SentiStdev,Senti0-0.20,Senti0.21-0.40,Senti0.41-0.60,Senti0.61-0.80,Senti0.81-1.00,SentiTotal
0.011367426595177746,0.9732416635055327,0.3437857938040635,0.273872779453762,4.0,3.0,2.0,0.0,1.0,1.9770872115097287E-4