TraitMin,TraitMax,TraitAvg,TraitStdev,TraitTotal
160.0,1000.0,432.9142857142857,237.96418183570128,316.1904761904762
