TraitMin,TraitMax,TraitAvg,TraitStdev,TraitTotal
226.66666666666666,680.0,364.94642857142856,116.68071085901313,321.8181818181818
