SentiMin,SentiMax,SentiAvg,SentiStdev,Senti0-0.20,Senti0.21-0.40,Senti0.41-0.60,Senti0.61-0.80,Senti0.81-1.00,SentiTotal
1.6311510213249153E-6,0.6155765545157244,0.10917339861467523,0.196613541855859,7.0,1.0,0.0,1.0,0.0,1.4618599112331947E-20