TimeMin,TimeMax,TimeAvg,TimeStdev,TimeTotal
1120.0,8200.0,2217.777777777778,2143.402164668631,19960.0
