SentiMin,SentiMax,SentiAvg,SentiStdev,Senti0-0.20,Senti0.21-0.40,Senti0.41-0.60,Senti0.61-0.80,Senti0.81-1.00,SentiTotal
2.259088026081745E-6,0.5017543432377519,0.0865578615096606,0.15945627330949755,7.0,0.0,1.0,0.0,0.0,1.404122064485528E-18