TraitMin,TraitMax,TraitAvg,TraitStdev,TraitTotal
280.0,800.0,537.952380952381,163.25154831489618,464.24242424242425
