TimeMin,TimeMax,TimeAvg,TimeStdev,TimeTotal
680.0,11400.0,2753.846153846154,2726.1399548178806,35800.0
