SentiMin,SentiMax,SentiAvg,SentiStdev,Senti0-0.20,Senti0.21-0.40,Senti0.41-0.60,Senti0.61-0.80,Senti0.81-1.00,SentiTotal
1.395500610069102E-5,0.9778869130298211,0.20133603106396455,0.2652773633424946,9.0,3.0,2.0,0.0,1.0,1.2336865555934616E-20