SentiMin,SentiMax,SentiAvg,SentiStdev,Senti0-0.20,Senti0.21-0.40,Senti0.41-0.60,Senti0.61-0.80,Senti0.81-1.00,SentiTotal
0.012011725170904606,0.5525571418995822,0.20148106924594072,0.19174827695456764,7.0,1.0,2.0,0.0,0.0,6.008644790470621E-9