TraitMin,TraitMax,TraitAvg,TraitStdev,TraitTotal
270.0,720.0,430.3492063492063,153.83593070283635,421.1111111111111
