TraitMin,TraitMax,TraitAvg,TraitStdev,TraitTotal
230.0,560.0,338.2142857142857,105.63160376651352,337.6744186046512
