TraitMin,TraitMax,TraitAvg,TraitStdev,TraitTotal
226.66666666666666,680.0,375.31410256410254,143.05946713086115,316.57142857142856
