SentiMin,SentiMax,SentiAvg,SentiStdev,Senti0-0.20,Senti0.21-0.40,Senti0.41-0.60,Senti0.61-0.80,Senti0.81-1.00,SentiTotal
0.0010362575424203652,0.5035505779465982,0.23593539711226225,0.17676224225838771,5.0,6.0,3.0,0.0,0.0,4.964230417262276E-12