SentiMin,SentiMax,SentiAvg,SentiStdev,Senti0-0.20,Senti0.21-0.40,Senti0.41-0.60,Senti0.61-0.80,Senti0.81-1.00,SentiTotal
3.858875843846861E-4,0.5244264940725851,0.29071425927233313,0.17755162179376527,2.0,4.0,2.0,0.0,0.0,1.0590364568009754E-6