TimeMin,TimeMax,TimeAvg,TimeStdev,TimeTotal
840.0,6880.0,2368.5714285714284,1530.652788578675,33160.0
