TraitMin,TraitMax,TraitAvg,TraitStdev,TraitTotal
138.46153846153845,420.0,287.21437292865863,73.76910039969361,281.0169491525424
