SentiMin,SentiMax,SentiAvg,SentiStdev,Senti0-0.20,Senti0.21-0.40,Senti0.41-0.60,Senti0.61-0.80,Senti0.81-1.00,SentiTotal
0.004262859963726015,0.5913237787456689,0.1387225693676283,0.20551977947918731,5.0,0.0,1.0,0.0,0.0,3.701853748057261E-8