TraitMin,TraitMax,TraitAvg,TraitStdev,TraitTotal
203.63636363636363,1040.0,427.81285381285386,216.96127807793528,344.2307692307692
