SentiMin,SentiMax,SentiAvg,SentiStdev,Senti0-0.20,Senti0.21-0.40,Senti0.41-0.60,Senti0.61-0.80,Senti0.81-1.00,SentiTotal
0.001188171799181468,0.8674355327092821,0.21149508076375106,0.27985642845676273,4.0,2.0,0.0,0.0,1.0,3.3770304830456375E-8