TraitMin,TraitMax,TraitAvg,TraitStdev,TraitTotal
180.0,470.0,296.26984126984127,96.24562958603207,275.0
