SentiMin,SentiMax,SentiAvg,SentiStdev,Senti0-0.20,Senti0.21-0.40,Senti0.41-0.60,Senti0.61-0.80,Senti0.81-1.00,SentiTotal
0.00460203563908627,0.7146134209752028,0.2628908066230143,0.2160676899117358,7.0,5.0,3.0,1.0,0.0,4.086276099021355E-12