TimeMin,TimeMax,TimeAvg,TimeStdev,TimeTotal
720.0,5080.0,2165.714285714286,1580.0800806365764,15160.0
