TimeMin,TimeMax,TimeAvg,TimeStdev,TimeTotal
680.0,5800.0,2186.6666666666665,1779.088405772899,13120.0
