SentiMin,SentiMax,SentiAvg,SentiStdev,Senti0-0.20,Senti0.21-0.40,Senti0.41-0.60,Senti0.61-0.80,Senti0.81-1.00,SentiTotal
3.964681220378727E-6,0.6242094968955547,0.1444300205638908,0.1889865253283929,9.0,3.0,0.0,1.0,0.0,3.2841447185706863E-22