TraitMin,TraitMax,TraitAvg,TraitStdev,TraitTotal
220.0,800.0,395.6043956043956,245.98623937971615,242.96296296296296
