SentiMin,SentiMax,SentiAvg,SentiStdev,Senti0-0.20,Senti0.21-0.40,Senti0.41-0.60,Senti0.61-0.80,Senti0.81-1.00,SentiTotal
7.210193149894534E-7,0.6251553713082133,0.28863850077155395,0.21338334057318858,2.0,2.0,1.0,1.0,0.0,1.4003520204655439E-8