TimeMin,TimeMax,TimeAvg,TimeStdev,TimeTotal
960.0,4040.0,1994.6666666666667,747.0284837645452,29920.0
