TraitMin,TraitMax,TraitAvg,TraitStdev,TraitTotal
160.0,620.0,339.02116402116405,140.45719737283937,302.42424242424244
