TraitMin,TraitMax,TraitAvg,TraitStdev,TraitTotal
190.0,1040.0,543.8888888888888,275.48890322927554,388.38709677419354
