TraitMin,TraitMax,TraitAvg,TraitStdev,TraitTotal
235.0,920.0,458.1937095825985,190.13137427879235,358.9873417721519
