SentiMin,SentiMax,SentiAvg,SentiStdev,Senti0-0.20,Senti0.21-0.40,Senti0.41-0.60,Senti0.61-0.80,Senti0.81-1.00,SentiTotal
0.02421330025729262,0.5183279679685517,0.23919926199230454,0.15612596750774393,7.0,4.0,3.0,0.0,0.0,5.408287457191396E-9