TimeMin,TimeMax,TimeAvg,TimeStdev,TimeTotal
640.0,2720.0,1197.142857142857,483.66795829117217,16760.0
