TimeMin,TimeMax,TimeAvg,TimeStdev,TimeTotal
600.0,1680.0,942.8571428571429,334.5664267041017,6600.0
