TraitMin,TraitMax,TraitAvg,TraitStdev,TraitTotal
262.22222222222223,880.0,512.2222222222222,226.41325703889993,368.0
