SentiMin,SentiMax,SentiAvg,SentiStdev,Senti0-0.20,Senti0.21-0.40,Senti0.41-0.60,Senti0.61-0.80,Senti0.81-1.00,SentiTotal
5.347921863966346E-4,0.6678011026140767,0.2672283852138184,0.22056532081317767,5.0,3.0,2.0,1.0,0.0,4.6466296614440464E-10