SentiMin,SentiMax,SentiAvg,SentiStdev,Senti0-0.20,Senti0.21-0.40,Senti0.41-0.60,Senti0.61-0.80,Senti0.81-1.00,SentiTotal
2.106243035348137E-5,0.49789225920557484,0.3446775424091332,0.14281200248299225,1.0,4.0,3.0,0.0,0.0,3.9434921246E-7