TraitMin,TraitMax,TraitAvg,TraitStdev,TraitTotal
230.0,680.0,399.8874458874459,127.23060444973484,366.3157894736842
