TraitMin,TraitMax,TraitAvg,TraitStdev,TraitTotal
173.33333333333334,840.0,492.7705627705628,254.35273353426345,320.0
