TraitMin,TraitMax,TraitAvg,TraitStdev,TraitTotal
420.0,960.0,633.3333333333334,215.56128285632988,564.0
