TimeMin,TimeMax,TimeAvg,TimeStdev,TimeTotal
680.0,1760.0,1134.5454545454545,387.9166648172971,12480.0
