SentiMin,SentiMax,SentiAvg,SentiStdev,Senti0-0.20,Senti0.21-0.40,Senti0.41-0.60,Senti0.61-0.80,Senti0.81-1.00,SentiTotal
0.03767173424057413,0.43796879524747484,0.24158717563960297,0.13808093447745107,4.0,7.0,1.0,0.0,0.0,7.094353535752584E-10