TimeMin,TimeMax,TimeAvg,TimeStdev,TimeTotal
720.0,3640.0,1434.2857142857142,946.4347708691837,10040.0
