TimeMin,TimeMax,TimeAvg,TimeStdev,TimeTotal
440.0,1960.0,1003.3333333333334,385.90442109701496,12040.0
