TimeMin,TimeMax,TimeAvg,TimeStdev,TimeTotal
720.0,7680.0,1893.3333333333333,1833.999878831936,22720.0
