TimeMin,TimeMax,TimeAvg,TimeStdev,TimeTotal
680.0,3640.0,1341.5384615384614,768.2331993091095,17440.0
