SentiMin,SentiMax,SentiAvg,SentiStdev,Senti0-0.20,Senti0.21-0.40,Senti0.41-0.60,Senti0.61-0.80,Senti0.81-1.00,SentiTotal
1.5064060289250246E-5,0.6166056442942391,0.30141985106913083,0.18558500285216759,5.0,5.0,4.0,1.0,0.0,4.921524225874576E-12