SentiMin,SentiMax,SentiAvg,SentiStdev,Senti0-0.20,Senti0.21-0.40,Senti0.41-0.60,Senti0.61-0.80,Senti0.81-1.00,SentiTotal
2.7316945430497965E-7,0.49789225920557484,0.2765192193690108,0.16785137097842381,5.0,9.0,4.0,0.0,0.0,6.113760630753504E-20