TraitMin,TraitMax,TraitAvg,TraitStdev,TraitTotal
280.0,1120.0,742.8571428571429,238.9090852613357,550.0
