SentiMin,SentiMax,SentiAvg,SentiStdev,Senti0-0.20,Senti0.21-0.40,Senti0.41-0.60,Senti0.61-0.80,Senti0.81-1.00,SentiTotal
0.0023564071933621557,0.49789225920557484,0.26997388515350385,0.16433084570609244,4.0,8.0,1.0,0.0,0.0,1.184601128002654E-9