TraitMin,TraitMax,TraitAvg,TraitStdev,TraitTotal
270.0,1000.0,580.3076923076924,228.9345990115716,447.1794871794872
