TraitMin,TraitMax,TraitAvg,TraitStdev,TraitTotal
195.0,800.0,426.68367346938777,145.7489194614483,372.44444444444446
