TraitMin,TraitMax,TraitAvg,TraitStdev,TraitTotal
175.0,760.0,556.875,195.7507582999361,411.42857142857144
