TraitMin,TraitMax,TraitAvg,TraitStdev,TraitTotal
194.28571428571428,840.0,489.3424036281179,241.25903169142543,358.57142857142856
