TimeMin,TimeMax,TimeAvg,TimeStdev,TimeTotal
560.0,9440.0,1575.5555555555557,1981.8347902392038,28360.0
