SentiMin,SentiMax,SentiAvg,SentiStdev,Senti0-0.20,Senti0.21-0.40,Senti0.41-0.60,Senti0.61-0.80,Senti0.81-1.00,SentiTotal
0.001353414508531533,0.49789225920557484,0.18248123065705535,0.19168391548522132,5.0,0.0,2.0,0.0,0.0,5.368666593271249E-9