SentiMin,SentiMax,SentiAvg,SentiStdev,Senti0-0.20,Senti0.21-0.40,Senti0.41-0.60,Senti0.61-0.80,Senti0.81-1.00,SentiTotal
4.681250120154191E-4,0.7783281844953606,0.22551458784156395,0.23299039608538175,7.0,3.0,1.0,1.0,0.0,3.715070218902221E-13