SentiMin,SentiMax,SentiAvg,SentiStdev,Senti0-0.20,Senti0.21-0.40,Senti0.41-0.60,Senti0.61-0.80,Senti0.81-1.00,SentiTotal
0.02931957320878974,0.43796879524747484,0.2798411337655744,0.13154367521601742,2.0,4.0,1.0,0.0,0.0,2.908083387176748E-4