SentiMin,SentiMax,SentiAvg,SentiStdev,Senti0-0.20,Senti0.21-0.40,Senti0.41-0.60,Senti0.61-0.80,Senti0.81-1.00,SentiTotal
2.658064944971702E-7,0.7191017733861276,0.24030155428646938,0.24768584750028386,6.0,0.0,1.0,1.0,0.0,5.737377636063984E-16