TraitMin,TraitMax,TraitAvg,TraitStdev,TraitTotal
222.85714285714286,480.0,327.61904761904765,110.2460657408593,261.8181818181818
