SentiMin,SentiMax,SentiAvg,SentiStdev,Senti0-0.20,Senti0.21-0.40,Senti0.41-0.60,Senti0.61-0.80,Senti0.81-1.00,SentiTotal
0.005384539215460047,0.4801180056153849,0.250429802344275,0.14706592865904788,6.0,8.0,2.0,0.0,0.0,1.5435944570578273E-11