SentiMin,SentiMax,SentiAvg,SentiStdev,Senti0-0.20,Senti0.21-0.40,Senti0.41-0.60,Senti0.61-0.80,Senti0.81-1.00,SentiTotal
0.007081960153322082,0.6387765042918215,0.38518145641050505,0.2345807390445011,1.0,1.0,1.0,1.0,0.0,0.008373599983694894