SentiMin,SentiMax,SentiAvg,SentiStdev,Senti0-0.20,Senti0.21-0.40,Senti0.41-0.60,Senti0.61-0.80,Senti0.81-1.00,SentiTotal
0.05682664510662471,0.8756834703190886,0.44316173913900503,0.33588840323091346,1.0,1.0,0.0,0.0,1.0,0.22126771775462148