TraitMin,TraitMax,TraitAvg,TraitStdev,TraitTotal
200.0,600.0,401.2857142857143,135.6275829978595,330.21276595744683
