TraitMin,TraitMax,TraitAvg,TraitStdev,TraitTotal
196.66666666666666,853.3333333333334,350.67825814536343,196.44621926669672,290.0
