SentiMin,SentiMax,SentiAvg,SentiStdev,Senti0-0.20,Senti0.21-0.40,Senti0.41-0.60,Senti0.61-0.80,Senti0.81-1.00,SentiTotal
0.001038604899361023,0.742463286826997,0.2005576485990304,0.22052974820784652,5.0,2.0,0.0,1.0,0.0,1.797657968164931E-8