TimeMin,TimeMax,TimeAvg,TimeStdev,TimeTotal
1000.0,9320.0,3253.3333333333335,2535.1572381653614,29280.0
