TraitMin,TraitMax,TraitAvg,TraitStdev,TraitTotal
130.0,429.3333333333333,267.4392787524367,89.38845953544472,311.6216216216216
