TimeMin,TimeMax,TimeAvg,TimeStdev,TimeTotal
400.0,7720.0,2868.5714285714284,2027.0980564867218,40160.0
