TraitMin,TraitMax,TraitAvg,TraitStdev,TraitTotal
250.9090909090909,920.0,397.8899985644854,178.31993181383552,363.7113402061856
