SentiMin,SentiMax,SentiAvg,SentiStdev,Senti0-0.20,Senti0.21-0.40,Senti0.41-0.60,Senti0.61-0.80,Senti0.81-1.00,SentiTotal
0.001208933584954066,0.8182017244759443,0.20712118752989617,0.24149544587890107,6.0,3.0,0.0,0.0,1.0,1.5320760623787347E-11