SentiMin,SentiMax,SentiAvg,SentiStdev,Senti0-0.20,Senti0.21-0.40,Senti0.41-0.60,Senti0.61-0.80,Senti0.81-1.00,SentiTotal
0.004969497178519003,0.3315292127596977,0.15700409035546997,0.14890402246161802,2.0,2.0,0.0,0.0,0.0,1.360250917785093E-5