SentiMin,SentiMax,SentiAvg,SentiStdev,Senti0-0.20,Senti0.21-0.40,Senti0.41-0.60,Senti0.61-0.80,Senti0.81-1.00,SentiTotal
5.029653359359844E-4,0.9999818911888257,0.31764419097727387,0.29669096529049177,6.0,2.0,2.0,1.0,1.0,1.4896308625895124E-4