TraitMin,TraitMax,TraitAvg,TraitStdev,TraitTotal
156.0,500.0,327.8460317460317,113.45668491755667,304.15384615384613
