TraitMin,TraitMax,TraitAvg,TraitStdev,TraitTotal
220.0,640.0,382.7396413110699,113.1370515165914,371.85185185185185
