SentiMin,SentiMax,SentiAvg,SentiStdev,Senti0-0.20,Senti0.21-0.40,Senti0.41-0.60,Senti0.61-0.80,Senti0.81-1.00,SentiTotal
4.252471776873906E-6,0.48728019602140255,0.26192962106748974,0.20736438096764748,3.0,1.0,4.0,0.0,0.0,8.153541631599744E-11