TimeMin,TimeMax,TimeAvg,TimeStdev,TimeTotal
520.0,10360.0,3843.3333333333335,3187.4110009361652,46120.0
