SentiMin,SentiMax,SentiAvg,SentiStdev,Senti0-0.20,Senti0.21-0.40,Senti0.41-0.60,Senti0.61-0.80,Senti0.81-1.00,SentiTotal
0.001635956078881724,0.9991787318413226,0.6962975311103917,0.35861887972127443,1.0,1.0,1.0,0.0,4.0,0.9999960977778495