SentiMin,SentiMax,SentiAvg,SentiStdev,Senti0-0.20,Senti0.21-0.40,Senti0.41-0.60,Senti0.61-0.80,Senti0.81-1.00,SentiTotal
3.102248569142313E-6,0.38685675479803405,0.09975630386761027,0.13249001482928863,9.0,3.0,0.0,0.0,0.0,4.000079246339399E-24