TraitMin,TraitMax,TraitAvg,TraitStdev,TraitTotal
196.36363636363637,360.0,292.25932797361367,58.4913220040347,287.0
