SentiMin,SentiMax,SentiAvg,SentiStdev,Senti0-0.20,Senti0.21-0.40,Senti0.41-0.60,Senti0.61-0.80,Senti0.81-1.00,SentiTotal
3.079188345206173E-5,0.7248169340606644,0.22205971953746964,0.24281575059495147,8.0,2.0,1.0,2.0,0.0,4.663012122933355E-16