TimeMin,TimeMax,TimeAvg,TimeStdev,TimeTotal
520.0,9360.0,2689.230769230769,2830.47824591388,34960.0
