TimeMin,TimeMax,TimeAvg,TimeStdev,TimeTotal
600.0,11400.0,3207.2727272727275,3676.7898323230797,35280.0
