TraitMin,TraitMax,TraitAvg,TraitStdev,TraitTotal
200.0,420.0,316.67857142857144,74.91381953380069,335.1111111111111
