TraitMin,TraitMax,TraitAvg,TraitStdev,TraitTotal
200.0,666.6666666666666,403.7435897435897,138.0294873640612,392.80898876404495
