SentiMin,SentiMax,SentiAvg,SentiStdev,Senti0-0.20,Senti0.21-0.40,Senti0.41-0.60,Senti0.61-0.80,Senti0.81-1.00,SentiTotal
6.637465516020815E-8,0.9960846446329521,0.410049941295715,0.33399501888302036,4.0,1.0,4.0,0.0,2.0,5.661487331377283E-10