SentiMin,SentiMax,SentiAvg,SentiStdev,Senti0-0.20,Senti0.21-0.40,Senti0.41-0.60,Senti0.61-0.80,Senti0.81-1.00,SentiTotal
9.478388013870007E-8,0.9900428844108651,0.3041009494640437,0.3343509743676071,7.0,3.0,1.0,1.0,2.0,1.1355960523605718E-17