TimeMin,TimeMax,TimeAvg,TimeStdev,TimeTotal
1000.0,7160.0,2850.909090909091,1611.4220402289207,31360.0
