SentiMin,SentiMax,SentiAvg,SentiStdev,Senti0-0.20,Senti0.21-0.40,Senti0.41-0.60,Senti0.61-0.80,Senti0.81-1.00,SentiTotal
1.1176504180406E-6,0.49789225920557484,0.19819893432595703,0.1914186519996567,6.0,3.0,2.0,0.0,0.0,8.524450373845405E-21