TraitMin,TraitMax,TraitAvg,TraitStdev,TraitTotal
291.42857142857144,880.0,514.4944954035863,136.3706636191155,468.04597701149424
