SentiMin,SentiMax,SentiAvg,SentiStdev,Senti0-0.20,Senti0.21-0.40,Senti0.41-0.60,Senti0.61-0.80,Senti0.81-1.00,SentiTotal
2.4226526439204718E-4,0.31820487300311295,0.11413757770805086,0.10992251450890625,5.0,2.0,0.0,0.0,0.0,1.8296047480377294E-10