TimeMin,TimeMax,TimeAvg,TimeStdev,TimeTotal
440.0,5080.0,2151.1111111111113,1638.6203169770222,19360.0
