SentiMin,SentiMax,SentiAvg,SentiStdev,Senti0-0.20,Senti0.21-0.40,Senti0.41-0.60,Senti0.61-0.80,Senti0.81-1.00,SentiTotal
4.305074153966455E-5,0.9962270189309692,0.1801261228359461,0.3338949652762369,6.0,1.0,0.0,0.0,1.0,1.1932699143670706E-15