TimeMin,TimeMax,TimeAvg,TimeStdev,TimeTotal
1000.0,6680.0,3665.4545454545455,1680.5430055159047,40320.0
