SentiMin,SentiMax,SentiAvg,SentiStdev,Senti0-0.20,Senti0.21-0.40,Senti0.41-0.60,Senti0.61-0.80,Senti0.81-1.00,SentiTotal
2.1680242780156697E-4,0.49789225920557484,0.19064503089646379,0.1889600784744193,4.0,4.0,1.0,0.0,0.0,4.24099838285147E-14