TraitMin,TraitMax,TraitAvg,TraitStdev,TraitTotal
200.0,1000.0,443.50476190476195,229.58695357467656,343.52941176470586
