TraitMin,TraitMax,TraitAvg,TraitStdev,TraitTotal
240.0,1000.0,440.28149628149623,267.7613745848989,326.6666666666667
