SentiMin,SentiMax,SentiAvg,SentiStdev,Senti0-0.20,Senti0.21-0.40,Senti0.41-0.60,Senti0.61-0.80,Senti0.81-1.00,SentiTotal
0.006425274045241288,0.3348951366177125,0.1455306302644401,0.15498317434327352,3.0,2.0,0.0,0.0,0.0,8.9507987679087E-7