TraitMin,TraitMax,TraitAvg,TraitStdev,TraitTotal
213.33333333333334,980.0,470.1269841269842,233.91610196042896,411.7647058823529
