SentiMin,SentiMax,SentiAvg,SentiStdev,Senti0-0.20,Senti0.21-0.40,Senti0.41-0.60,Senti0.61-0.80,Senti0.81-1.00,SentiTotal
0.001150280842892252,0.5533970533999424,0.29291561845831765,0.16532166052470051,4.0,7.0,5.0,0.0,0.0,5.856380938047448E-10