TimeMin,TimeMax,TimeAvg,TimeStdev,TimeTotal
320.0,4840.0,2333.3333333333335,1559.7150736949077,21000.0
