SentiMin,SentiMax,SentiAvg,SentiStdev,Senti0-0.20,Senti0.21-0.40,Senti0.41-0.60,Senti0.61-0.80,Senti0.81-1.00,SentiTotal
2.3156829642903937E-5,0.5136446707795853,0.25713042742087,0.20736801240212346,9.0,3.0,8.0,0.0,0.0,8.75194061567268E-20