TraitMin,TraitMax,TraitAvg,TraitStdev,TraitTotal
222.85714285714286,520.0,329.6190476190476,102.05347404486459,289.4736842105263
