TimeMin,TimeMax,TimeAvg,TimeStdev,TimeTotal
560.0,8360.0,3701.818181818182,2479.6693994519737,40720.0
