TraitMin,TraitMax,TraitAvg,TraitStdev,TraitTotal
262.85714285714283,840.0,488.8526077097505,182.31270315077694,438.46153846153845
