TraitMin,TraitMax,TraitAvg,TraitStdev,TraitTotal
186.66666666666666,680.0,383.4280753968254,142.5183473375543,330.90909090909093
