SentiMin,SentiMax,SentiAvg,SentiStdev,Senti0-0.20,Senti0.21-0.40,Senti0.41-0.60,Senti0.61-0.80,Senti0.81-1.00,SentiTotal
2.3941518481985764E-4,0.9635455700730174,0.2706120152084639,0.3181421161662884,5.0,2.0,1.0,0.0,1.0,1.0910230892492963E-11