TraitMin,TraitMax,TraitAvg,TraitStdev,TraitTotal
133.33333333333334,880.0,466.5190476190476,201.71481063603628,458.3170731707317
