SentiMin,SentiMax,SentiAvg,SentiStdev,Senti0-0.20,Senti0.21-0.40,Senti0.41-0.60,Senti0.61-0.80,Senti0.81-1.00,SentiTotal
7.674343305667795E-4,0.9954464504862848,0.2156754252213362,0.3176059891784297,7.0,1.0,1.0,0.0,1.0,1.958101332766035E-12