TraitMin,TraitMax,TraitAvg,TraitStdev,TraitTotal
200.0,800.0,435.1454545454546,209.65848736055034,323.77358490566036
