SentiMin,SentiMax,SentiAvg,SentiStdev,Senti0-0.20,Senti0.21-0.40,Senti0.41-0.60,Senti0.61-0.80,Senti0.81-1.00,SentiTotal
0.2355556526247031,0.39697510199130176,0.30637090510283693,0.06736844661565904,0.0,3.0,0.0,0.0,0.0,0.07652912255611519