SentiMin,SentiMax,SentiAvg,SentiStdev,Senti0-0.20,Senti0.21-0.40,Senti0.41-0.60,Senti0.61-0.80,Senti0.81-1.00,SentiTotal
5.439208682473492E-4,0.910870315374195,0.3154237805135662,0.29854867032227095,4.0,5.0,0.0,0.0,2.0,3.247930477530174E-8