TraitMin,TraitMax,TraitAvg,TraitStdev,TraitTotal
140.0,653.3333333333334,359.75757575757575,164.81940474343924,299.3939393939394
