SentiMin,SentiMax,SentiAvg,SentiStdev,Senti0-0.20,Senti0.21-0.40,Senti0.41-0.60,Senti0.61-0.80,Senti0.81-1.00,SentiTotal
2.4431835022501955E-4,0.39697510199130176,0.0876774917527517,0.1400741403378763,8.0,2.0,0.0,0.0,0.0,3.969410342804503E-20