TimeMin,TimeMax,TimeAvg,TimeStdev,TimeTotal
560.0,6440.0,3324.4444444444443,1968.141317820847,29920.0
