TraitMin,TraitMax,TraitAvg,TraitStdev,TraitTotal
270.0,800.0,489.574025974026,165.13643467655032,489.1954022988506
