TraitMin,TraitMax,TraitAvg,TraitStdev,TraitTotal
220.0,560.0,370.0426587301588,98.41401476314176,338.06451612903226
