TraitMin,TraitMax,TraitAvg,TraitStdev,TraitTotal
182.22222222222223,720.0,449.6634920634921,142.18118115321894,427.27272727272725
