SentiMin,SentiMax,SentiAvg,SentiStdev,Senti0-0.20,Senti0.21-0.40,Senti0.41-0.60,Senti0.61-0.80,Senti0.81-1.00,SentiTotal
0.002087935708499947,0.34322267253793753,0.1827615638990575,0.13569100723659425,3.0,2.0,0.0,0.0,0.0,9.042110845673847E-7