TraitMin,TraitMax,TraitAvg,TraitStdev,TraitTotal
224.0,740.0,406.88311688311694,152.1848743390309,340.5
