SentiMin,SentiMax,SentiAvg,SentiStdev,Senti0-0.20,Senti0.21-0.40,Senti0.41-0.60,Senti0.61-0.80,Senti0.81-1.00,SentiTotal
2.3943286333609785E-4,0.6253538586553686,0.2662479729668144,0.26065317942764704,3.0,0.0,1.0,1.0,0.0,8.932116602425322E-7