TimeMin,TimeMax,TimeAvg,TimeStdev,TimeTotal
480.0,5760.0,1796.3636363636363,1548.0149912785537,19760.0
