TimeMin,TimeMax,TimeAvg,TimeStdev,TimeTotal
480.0,10280.0,2476.3636363636365,2547.495285845483,27240.0
