SentiMin,SentiMax,SentiAvg,SentiStdev,Senti0-0.20,Senti0.21-0.40,Senti0.41-0.60,Senti0.61-0.80,Senti0.81-1.00,SentiTotal
0.010695982786629673,0.9998293450447315,0.4400615528026837,0.334049162646519,5.0,4.0,2.0,1.0,4.0,0.08449967644059253