TraitMin,TraitMax,TraitAvg,TraitStdev,TraitTotal
240.0,720.0,425.7777777777777,185.5288071206327,311.30434782608694
