TraitMin,TraitMax,TraitAvg,TraitStdev,TraitTotal
243.63636363636363,440.0,333.07012987012985,66.3973785671313,328.3720930232558
