SentiMin,SentiMax,SentiAvg,SentiStdev,Senti0-0.20,Senti0.21-0.40,Senti0.41-0.60,Senti0.61-0.80,Senti0.81-1.00,SentiTotal
1.873872536030293E-10,0.5628056929000496,0.16828225082694565,0.17718966335486258,6.0,4.0,1.0,0.0,0.0,2.1384884891951145E-25