TraitMin,TraitMax,TraitAvg,TraitStdev,TraitTotal
466.6666666666667,970.0,678.8888888888889,212.9220572630647,661.8181818181819
