SentiMin,SentiMax,SentiAvg,SentiStdev,Senti0-0.20,Senti0.21-0.40,Senti0.41-0.60,Senti0.61-0.80,Senti0.81-1.00,SentiTotal
1.1304267989142728E-7,0.5628056929000496,0.19515817882230743,0.1957828408247514,4.0,4.0,1.0,0.0,0.0,5.484041937510811E-18