SentiMin,SentiMax,SentiAvg,SentiStdev,Senti0-0.20,Senti0.21-0.40,Senti0.41-0.60,Senti0.61-0.80,Senti0.81-1.00,SentiTotal
1.1519710913016786E-6,0.5311422675267464,0.1592284157653725,0.2059142033823074,9.0,0.0,3.0,0.0,0.0,1.4976220018846665E-21