TimeMin,TimeMax,TimeAvg,TimeStdev,TimeTotal
600.0,10520.0,3283.3333333333335,2651.4629085762363,39400.0
