TimeMin,TimeMax,TimeAvg,TimeStdev,TimeTotal
600.0,3880.0,2426.6666666666665,1364.8280314953806,7280.0
