TraitMin,TraitMax,TraitAvg,TraitStdev,TraitTotal
232.0,1040.0,390.47491638795987,223.4486119681214,339.6551724137931
