SentiMin,SentiMax,SentiAvg,SentiStdev,Senti0-0.20,Senti0.21-0.40,Senti0.41-0.60,Senti0.61-0.80,Senti0.81-1.00,SentiTotal
6.064338541781614E-4,0.21921412548362115,0.13748781540013985,0.096695563082871,3.0,4.0,0.0,0.0,0.0,3.6071485345507322E-9