SentiMin,SentiMax,SentiAvg,SentiStdev,Senti0-0.20,Senti0.21-0.40,Senti0.41-0.60,Senti0.61-0.80,Senti0.81-1.00,SentiTotal
8.098212530461155E-7,0.9538702383194927,0.33428537894036847,0.3215270092161324,6.0,3.0,0.0,3.0,1.0,8.082700660255099E-15