TimeMin,TimeMax,TimeAvg,TimeStdev,TimeTotal
720.0,2280.0,1446.6666666666667,622.8607834464741,8680.0
