TimeMin,TimeMax,TimeAvg,TimeStdev,TimeTotal
400.0,4760.0,1585.4545454545455,1205.3544453159723,17440.0
