SentiMin,SentiMax,SentiAvg,SentiStdev,Senti0-0.20,Senti0.21-0.40,Senti0.41-0.60,Senti0.61-0.80,Senti0.81-1.00,SentiTotal
0.002821889449134535,0.49789225920557484,0.1555452494580517,0.17867649052994752,8.0,2.0,1.0,0.0,0.0,4.7720123302175606E-14