SentiMin,SentiMax,SentiAvg,SentiStdev,Senti0-0.20,Senti0.21-0.40,Senti0.41-0.60,Senti0.61-0.80,Senti0.81-1.00,SentiTotal
0.0011629788330754214,0.49789225920557484,0.2397182558192378,0.17375930764784236,6.0,4.0,4.0,0.0,0.0,1.5270706157564258E-11