TraitMin,TraitMax,TraitAvg,TraitStdev,TraitTotal
120.0,680.0,418.09523809523813,161.8431255225614,301.05263157894734
