SentiMin,SentiMax,SentiAvg,SentiStdev,Senti0-0.20,Senti0.21-0.40,Senti0.41-0.60,Senti0.61-0.80,Senti0.81-1.00,SentiTotal
3.9462278866307107E-4,0.551077815994506,0.24552924521632943,0.1900538861477244,7.0,4.0,3.0,0.0,0.0,7.589724879606981E-14