TraitMin,TraitMax,TraitAvg,TraitStdev,TraitTotal
200.0,600.0,372.16296523988836,116.62587398295351,388.93617021276594
