SentiMin,SentiMax,SentiAvg,SentiStdev,Senti0-0.20,Senti0.21-0.40,Senti0.41-0.60,Senti0.61-0.80,Senti0.81-1.00,SentiTotal
2.8255918418626493E-6,0.49789225920557484,0.31578412902392744,0.18444468115423138,2.0,2.0,3.0,0.0,0.0,4.550692182893982E-8