TraitMin,TraitMax,TraitAvg,TraitStdev,TraitTotal
170.9090909090909,760.0,363.2622139764997,195.8299123217635,253.33333333333334
