TraitMin,TraitMax,TraitAvg,TraitStdev,TraitTotal
116.0,720.0,382.12698412698415,221.5549937788123,198.85714285714286
