TraitMin,TraitMax,TraitAvg,TraitStdev,TraitTotal
133.33333333333334,1000.0,406.875,214.1407207046079,347.58620689655174
