SentiMin,SentiMax,SentiAvg,SentiStdev,Senti0-0.20,Senti0.21-0.40,Senti0.41-0.60,Senti0.61-0.80,Senti0.81-1.00,SentiTotal
6.936674380029822E-7,0.49789225920557484,0.2991094984647658,0.1974750414977437,4.0,4.0,4.0,0.0,0.0,3.150550183518261E-16