TraitMin,TraitMax,TraitAvg,TraitStdev,TraitTotal
200.0,1040.0,460.8450292397661,246.14006346381012,397.1929824561403
