TimeMin,TimeMax,TimeAvg,TimeStdev,TimeTotal
400.0,9960.0,2812.3076923076924,2717.391718446071,36560.0
