TraitMin,TraitMax,TraitAvg,TraitStdev,TraitTotal
115.0,720.0,303.2142857142857,201.19107494979934,222.56410256410257
