TraitMin,TraitMax,TraitAvg,TraitStdev,TraitTotal
176.0,1040.0,466.8484848484848,272.3601434685875,379.1304347826087
