TimeMin,TimeMax,TimeAvg,TimeStdev,TimeTotal
440.0,2080.0,817.1428571428571,531.4592925068079,5720.0
