TimeMin,TimeMax,TimeAvg,TimeStdev,TimeTotal
400.0,7400.0,1886.6666666666667,1915.8172030638923,22640.0
