TimeMin,TimeMax,TimeAvg,TimeStdev,TimeTotal
560.0,1200.0,771.4285714285714,191.49252662989758,10800.0
