SentiMin,SentiMax,SentiAvg,SentiStdev,Senti0-0.20,Senti0.21-0.40,Senti0.41-0.60,Senti0.61-0.80,Senti0.81-1.00,SentiTotal
0.00106266693161791,0.49789225920557484,0.297475920467773,0.18490718566624154,4.0,4.0,4.0,0.0,0.0,1.9507388269742405E-8