SentiMin,SentiMax,SentiAvg,SentiStdev,Senti0-0.20,Senti0.21-0.40,Senti0.41-0.60,Senti0.61-0.80,Senti0.81-1.00,SentiTotal
4.928048689235255E-7,0.39697510199130176,0.07953091272310323,0.14344758887097742,5.0,1.0,0.0,0.0,0.0,4.726175366211866E-16