SentiMin,SentiMax,SentiAvg,SentiStdev,Senti0-0.20,Senti0.21-0.40,Senti0.41-0.60,Senti0.61-0.80,Senti0.81-1.00,SentiTotal
3.58695683096385E-4,0.8061061964474351,0.27898454704257897,0.25372119733402065,8.0,3.0,3.0,0.0,2.0,1.5114869156711943E-12