TraitMin,TraitMax,TraitAvg,TraitStdev,TraitTotal
40.0,560.0,224.6333333333333,151.85917818821488,178.36065573770492
