SentiMin,SentiMax,SentiAvg,SentiStdev,Senti0-0.20,Senti0.21-0.40,Senti0.41-0.60,Senti0.61-0.80,Senti0.81-1.00,SentiTotal
1.7082711385216905E-6,0.39697510199130176,0.125163705789485,0.15257195630290293,7.0,3.0,0.0,0.0,0.0,6.47578968370159E-19