TraitMin,TraitMax,TraitAvg,TraitStdev,TraitTotal
120.0,640.0,337.0952380952381,186.46206595663452,234.7826086956522
