SentiMin,SentiMax,SentiAvg,SentiStdev,Senti0-0.20,Senti0.21-0.40,Senti0.41-0.60,Senti0.61-0.80,Senti0.81-1.00,SentiTotal
7.732027549400668E-4,0.6329610116019524,0.29815710247299543,0.20590640028262422,3.0,5.0,1.0,2.0,0.0,2.9061321708888287E-8