TraitMin,TraitMax,TraitAvg,TraitStdev,TraitTotal
113.33333333333333,952.0,489.8888888888889,199.75203764470058,541.1764705882352
