TimeMin,TimeMax,TimeAvg,TimeStdev,TimeTotal
400.0,2120.0,994.2857142857143,584.5353989734593,6960.0
