TimeMin,TimeMax,TimeAvg,TimeStdev,TimeTotal
480.0,3320.0,1014.5454545454545,770.6002812018886,11160.0
