TimeMin,TimeMax,TimeAvg,TimeStdev,TimeTotal
240.0,1400.0,872.9411764705883,344.4307273626398,14840.0
