SentiMin,SentiMax,SentiAvg,SentiStdev,Senti0-0.20,Senti0.21-0.40,Senti0.41-0.60,Senti0.61-0.80,Senti0.81-1.00,SentiTotal
0.0018385278882639803,0.5628056929000496,0.3449197685177514,0.14290417588339074,1.0,8.0,4.0,0.0,0.0,2.919399985125435E-6