SentiMin,SentiMax,SentiAvg,SentiStdev,Senti0-0.20,Senti0.21-0.40,Senti0.41-0.60,Senti0.61-0.80,Senti0.81-1.00,SentiTotal
0.21921412548362115,0.5578708597450154,0.39208158713471447,0.08470146642517228,0.0,9.0,3.0,0.0,0.0,0.004714614628188821