SentiMin,SentiMax,SentiAvg,SentiStdev,Senti0-0.20,Senti0.21-0.40,Senti0.41-0.60,Senti0.61-0.80,Senti0.81-1.00,SentiTotal
0.03952736690092139,0.5628056929000496,0.2966525300528302,0.17090319665300474,7.0,5.0,5.0,0.0,0.0,1.1271656158988611E-8