TraitMin,TraitMax,TraitAvg,TraitStdev,TraitTotal
280.0,1000.0,537.5,203.06505525734028,496.8421052631579
