TraitMin,TraitMax,TraitAvg,TraitStdev,TraitTotal
220.0,760.0,405.1851851851852,179.61434070101288,357.3333333333333
