SentiMin,SentiMax,SentiAvg,SentiStdev,Senti0-0.20,Senti0.21-0.40,Senti0.41-0.60,Senti0.61-0.80,Senti0.81-1.00,SentiTotal
0.011512052666368944,0.7956227402991897,0.25995295605228075,0.23016899763831133,4.0,4.0,2.0,1.0,0.0,1.3501877741586177E-9