TraitMin,TraitMax,TraitAvg,TraitStdev,TraitTotal
180.0,720.0,401.8823529411765,164.1781648676226,361.9512195121951
