TimeMin,TimeMax,TimeAvg,TimeStdev,TimeTotal
240.0,1760.0,1032.7272727272727,372.04816181610653,11360.0
