TraitMin,TraitMax,TraitAvg,TraitStdev,TraitTotal
240.0,1000.0,633.5897435897435,286.9302948153789,503.0769230769231
