TimeMin,TimeMax,TimeAvg,TimeStdev,TimeTotal
760.0,2280.0,1462.857142857143,497.9304106775876,20480.0
