TimeMin,TimeMax,TimeAvg,TimeStdev,TimeTotal
560.0,1480.0,885.3333333333334,200.72756550996067,13280.0
