SentiMin,SentiMax,SentiAvg,SentiStdev,Senti0-0.20,Senti0.21-0.40,Senti0.41-0.60,Senti0.61-0.80,Senti0.81-1.00,SentiTotal
0.0417974551540632,0.41700163598992057,0.20024313960542894,0.1352174212261438,3.0,3.0,1.0,0.0,0.0,7.433531613992409E-6