TraitMin,TraitMax,TraitAvg,TraitStdev,TraitTotal
230.0,866.6666666666666,409.2222222222222,175.69013828715038,383.3333333333333
