TraitMin,TraitMax,TraitAvg,TraitStdev,TraitTotal
200.0,520.0,343.4166666666667,97.62481327340231,292.22222222222223
