TimeMin,TimeMax,TimeAvg,TimeStdev,TimeTotal
680.0,1160.0,933.3333333333334,196.86430746977868,2800.0
