SentiMin,SentiMax,SentiAvg,SentiStdev,Senti0-0.20,Senti0.21-0.40,Senti0.41-0.60,Senti0.61-0.80,Senti0.81-1.00,SentiTotal
0.015182151950359489,0.7480601242125912,0.33576292495701904,0.21247837201559808,2.0,4.0,3.0,1.0,0.0,5.364400907185404E-5