TraitMin,TraitMax,TraitAvg,TraitStdev,TraitTotal
208.0,520.0,334.26262626262627,128.36714003414926,261.6666666666667
