TraitMin,TraitMax,TraitAvg,TraitStdev,TraitTotal
272.0,533.3333333333334,400.2857142857143,89.86328744731634,414.8837209302326
