TraitMin,TraitMax,TraitAvg,TraitStdev,TraitTotal
200.0,1140.0,464.52380952380946,280.4963005160222,403.3333333333333
