SentiMin,SentiMax,SentiAvg,SentiStdev,Senti0-0.20,Senti0.21-0.40,Senti0.41-0.60,Senti0.61-0.80,Senti0.81-1.00,SentiTotal
0.2884185954520519,0.4898631585877994,0.35750668413138204,0.09362031290756931,0.0,2.0,1.0,0.0,0.0,0.1416496604542213