TimeMin,TimeMax,TimeAvg,TimeStdev,TimeTotal
1040.0,8280.0,2662.222222222222,2268.94874227289,23960.0
