TimeMin,TimeMax,TimeAvg,TimeStdev,TimeTotal
840.0,4800.0,2548.5714285714284,1525.3611148224031,17840.0
