TraitMin,TraitMax,TraitAvg,TraitStdev,TraitTotal
260.0,880.0,482.5163398692811,201.66285902546628,384.72727272727275
