TraitMin,TraitMax,TraitAvg,TraitStdev,TraitTotal
182.85714285714286,640.0,385.7738095238095,142.25795720763352,306.6666666666667
