TraitMin,TraitMax,TraitAvg,TraitStdev,TraitTotal
210.0,670.0,330.352380952381,130.5050944696784,298.6666666666667
