TraitMin,TraitMax,TraitAvg,TraitStdev,TraitTotal
226.66666666666666,900.0,553.8585858585859,231.66704344482733,557.2093023255813
