SentiMin,SentiMax,SentiAvg,SentiStdev,Senti0-0.20,Senti0.21-0.40,Senti0.41-0.60,Senti0.61-0.80,Senti0.81-1.00,SentiTotal
0.037234932239326585,0.563856571736651,0.2621928513751118,0.17356024343957566,4.0,4.0,2.0,0.0,0.0,1.5491195045105344E-6