SentiMin,SentiMax,SentiAvg,SentiStdev,Senti0-0.20,Senti0.21-0.40,Senti0.41-0.60,Senti0.61-0.80,Senti0.81-1.00,SentiTotal
1.874410016410683E-4,0.43796879524747484,0.15056957176535574,0.14439991513304065,10.0,2.0,2.0,0.0,0.0,3.125305399094093E-18