TraitMin,TraitMax,TraitAvg,TraitStdev,TraitTotal
193.33333333333334,640.0,349.0925925925926,137.85265164852467,300.0
