TraitMin,TraitMax,TraitAvg,TraitStdev,TraitTotal
240.0,880.0,406.04761904761904,185.7927469584682,337.39130434782606
