TraitMin,TraitMax,TraitAvg,TraitStdev,TraitTotal
200.0,800.0,404.77777777777777,226.9639934460699,353.6
