TraitMin,TraitMax,TraitAvg,TraitStdev,TraitTotal
210.0,960.0,408.8888888888889,221.53560592229417,323.9024390243902
