TraitMin,TraitMax,TraitAvg,TraitStdev,TraitTotal
220.0,520.0,362.9827315541601,95.25973037908247,332.94117647058823
