SentiMin,SentiMax,SentiAvg,SentiStdev,Senti0-0.20,Senti0.21-0.40,Senti0.41-0.60,Senti0.61-0.80,Senti0.81-1.00,SentiTotal
0.0014697571003642717,0.49789225920557484,0.25072990192780764,0.17416532391670603,4.0,4.0,3.0,0.0,0.0,3.428206209171156E-9