SentiMin,SentiMax,SentiAvg,SentiStdev,Senti0-0.20,Senti0.21-0.40,Senti0.41-0.60,Senti0.61-0.80,Senti0.81-1.00,SentiTotal
0.010003387047914493,0.6850712561038326,0.33475935092863934,0.19332756699254433,6.0,2.0,6.0,1.0,0.0,5.454860111807581E-7