TimeMin,TimeMax,TimeAvg,TimeStdev,TimeTotal
960.0,2160.0,1666.6666666666667,418.6751591495355,15000.0
