TraitMin,TraitMax,TraitAvg,TraitStdev,TraitTotal
224.0,880.0,388.5325091575092,178.89263968112215,311.05263157894734
