TimeMin,TimeMax,TimeAvg,TimeStdev,TimeTotal
400.0,2200.0,1088.888888888889,535.919654932724,9800.0
