SentiMin,SentiMax,SentiAvg,SentiStdev,Senti0-0.20,Senti0.21-0.40,Senti0.41-0.60,Senti0.61-0.80,Senti0.81-1.00,SentiTotal
0.058588997253073836,0.5372928162327417,0.3174936328264851,0.16732901723367447,1.0,2.0,2.0,0.0,0.0,0.008198019056254037