SentiMin,SentiMax,SentiAvg,SentiStdev,Senti0-0.20,Senti0.21-0.40,Senti0.41-0.60,Senti0.61-0.80,Senti0.81-1.00,SentiTotal
6.931308384124338E-4,0.6834743118534066,0.2063368210802275,0.21045539120572893,5.0,4.0,0.0,1.0,0.0,3.2128994939644144E-11