SentiMin,SentiMax,SentiAvg,SentiStdev,Senti0-0.20,Senti0.21-0.40,Senti0.41-0.60,Senti0.61-0.80,Senti0.81-1.00,SentiTotal
0.05184814903466005,0.8282493114059927,0.3309038750100809,0.21515852937931532,4.0,3.0,4.0,0.0,1.0,2.0826960475201065E-5