TimeMin,TimeMax,TimeAvg,TimeStdev,TimeTotal
760.0,5840.0,1763.3333333333333,1358.5735983825914,21160.0
