TimeMin,TimeMax,TimeAvg,TimeStdev,TimeTotal
480.0,2360.0,1108.5714285714287,390.3879110428951,23280.0
