SentiMin,SentiMax,SentiAvg,SentiStdev,Senti0-0.20,Senti0.21-0.40,Senti0.41-0.60,Senti0.61-0.80,Senti0.81-1.00,SentiTotal
0.0030041670901467168,0.8392363343769389,0.24191439823804745,0.2873785020533805,4.0,2.0,1.0,0.0,1.0,3.5534637130847782E-9