SentiMin,SentiMax,SentiAvg,SentiStdev,Senti0-0.20,Senti0.21-0.40,Senti0.41-0.60,Senti0.61-0.80,Senti0.81-1.00,SentiTotal
0.07837102196348325,0.5626724992552077,0.3046044860060522,0.16679220704338543,2.0,3.0,3.0,0.0,0.0,4.1125970882298916E-4