SentiMin,SentiMax,SentiAvg,SentiStdev,Senti0-0.20,Senti0.21-0.40,Senti0.41-0.60,Senti0.61-0.80,Senti0.81-1.00,SentiTotal
1.6908194500857147E-4,0.5136446707795853,0.22821557213830215,0.17709411334150618,3.0,3.0,1.0,0.0,0.0,3.738654945164749E-9