SentiMin,SentiMax,SentiAvg,SentiStdev,Senti0-0.20,Senti0.21-0.40,Senti0.41-0.60,Senti0.61-0.80,Senti0.81-1.00,SentiTotal
0.005241685112974792,0.9449571454586115,0.3028141443134839,0.24780336661948957,8.0,2.0,5.0,0.0,1.0,3.1989412766437213E-9