TraitMin,TraitMax,TraitAvg,TraitStdev,TraitTotal
213.33333333333334,714.2857142857143,414.18367346938777,165.25739742692994,458.2857142857143
