SentiMin,SentiMax,SentiAvg,SentiStdev,Senti0-0.20,Senti0.21-0.40,Senti0.41-0.60,Senti0.61-0.80,Senti0.81-1.00,SentiTotal
0.0012049467912037153,0.7637506452669438,0.316423619836072,0.2767361793675279,4.0,1.0,0.0,2.0,0.0,1.3052796711680257E-5