TraitMin,TraitMax,TraitAvg,TraitStdev,TraitTotal
255.0,960.0,394.28231292517006,171.03625220201099,341.3333333333333
