TraitMin,TraitMax,TraitAvg,TraitStdev,TraitTotal
213.33333333333334,780.0,436.6868686868687,176.18288260106385,389.5238095238095
