TimeMin,TimeMax,TimeAvg,TimeStdev,TimeTotal
640.0,3680.0,1487.2727272727273,987.0165413469838,16360.0
