SentiMin,SentiMax,SentiAvg,SentiStdev,Senti0-0.20,Senti0.21-0.40,Senti0.41-0.60,Senti0.61-0.80,Senti0.81-1.00,SentiTotal
7.180056421286852E-4,0.6661935776436387,0.20890229726861093,0.19853722001536742,10.0,2.0,3.0,1.0,0.0,5.95651470444455E-18