SentiMin,SentiMax,SentiAvg,SentiStdev,Senti0-0.20,Senti0.21-0.40,Senti0.41-0.60,Senti0.61-0.80,Senti0.81-1.00,SentiTotal
0.0987893838713246,0.5446996533197145,0.33238432571233417,0.16937501442807382,4.0,1.0,6.0,0.0,0.0,1.1325737950179425E-4