TraitMin,TraitMax,TraitAvg,TraitStdev,TraitTotal
246.66666666666666,840.0,440.24242424242425,204.71754825568817,366.6666666666667
