TraitMin,TraitMax,TraitAvg,TraitStdev,TraitTotal
188.57142857142858,840.0,413.92380952380955,203.8209956718002,317.7142857142857
