TraitMin,TraitMax,TraitAvg,TraitStdev,TraitTotal
320.0,580.0,413.3333333333333,118.133634311129,400.0
