SentiMin,SentiMax,SentiAvg,SentiStdev,Senti0-0.20,Senti0.21-0.40,Senti0.41-0.60,Senti0.61-0.80,Senti0.81-1.00,SentiTotal
2.841595563670478E-4,0.535771029926425,0.292303858001617,0.15810893159665362,1.0,5.0,2.0,0.0,0.0,1.7702278924636366E-6