TimeMin,TimeMax,TimeAvg,TimeStdev,TimeTotal
600.0,3160.0,1473.3333333333333,853.3593746026478,8840.0
