SentiMin,SentiMax,SentiAvg,SentiStdev,Senti0-0.20,Senti0.21-0.40,Senti0.41-0.60,Senti0.61-0.80,Senti0.81-1.00,SentiTotal
0.0015940975856934398,0.48439634580644964,0.19360481733760587,0.19226287357201646,5.0,2.0,2.0,0.0,0.0,4.3215911358987777E-11