TimeMin,TimeMax,TimeAvg,TimeStdev,TimeTotal
520.0,1520.0,1018.1818181818181,305.7574255938605,11200.0
