TraitMin,TraitMax,TraitAvg,TraitStdev,TraitTotal
192.0,720.0,410.54545454545456,180.60925358170007,320.0
