TraitMin,TraitMax,TraitAvg,TraitStdev,TraitTotal
200.0,640.0,332.3809523809524,151.92434233825253,280.0
