SentiMin,SentiMax,SentiAvg,SentiStdev,Senti0-0.20,Senti0.21-0.40,Senti0.41-0.60,Senti0.61-0.80,Senti0.81-1.00,SentiTotal
4.513782418638885E-4,0.41255628797487864,0.17223357008451243,0.15735558077139902,4.0,1.0,1.0,0.0,0.0,3.053187352066421E-9