SentiMin,SentiMax,SentiAvg,SentiStdev,Senti0-0.20,Senti0.21-0.40,Senti0.41-0.60,Senti0.61-0.80,Senti0.81-1.00,SentiTotal
0.002655525038528086,0.5134896567681483,0.2904162379987533,0.1628537977110339,4.0,4.0,4.0,0.0,0.0,1.500073987920656E-7