TraitMin,TraitMax,TraitAvg,TraitStdev,TraitTotal
222.85714285714286,560.0,352.19246031746036,102.21274139507189,318.0327868852459
