TimeMin,TimeMax,TimeAvg,TimeStdev,TimeTotal
600.0,2680.0,1194.6666666666667,604.4928085226122,17920.0
