TraitMin,TraitMax,TraitAvg,TraitStdev,TraitTotal
208.0,440.0,314.26666666666665,92.36603512354769,272.0
