SentiMin,SentiMax,SentiAvg,SentiStdev,Senti0-0.20,Senti0.21-0.40,Senti0.41-0.60,Senti0.61-0.80,Senti0.81-1.00,SentiTotal
0.008205777426535736,0.6850712561038326,0.2486068938017575,0.23049762929917422,5.0,1.0,2.0,1.0,0.0,8.442189801078648E-8