TraitMin,TraitMax,TraitAvg,TraitStdev,TraitTotal
300.0,1000.0,633.3333333333334,285.44961285922506,411.7647058823529
