TimeMin,TimeMax,TimeAvg,TimeStdev,TimeTotal
1000.0,6000.0,2333.3333333333335,1795.0549357115015,14000.0
