SentiMin,SentiMax,SentiAvg,SentiStdev,Senti0-0.20,Senti0.21-0.40,Senti0.41-0.60,Senti0.61-0.80,Senti0.81-1.00,SentiTotal
0.3029968537174699,0.49789225920557484,0.44426734765840487,0.07250836883784592,0.0,1.0,4.0,0.0,0.0,0.24478807535508054