SentiMin,SentiMax,SentiAvg,SentiStdev,Senti0-0.20,Senti0.21-0.40,Senti0.41-0.60,Senti0.61-0.80,Senti0.81-1.00,SentiTotal
0.03171117080404928,0.9756595974325557,0.3470347532195362,0.27418918168133827,4.0,2.0,2.0,0.0,1.0,0.0015904664635882312