TimeMin,TimeMax,TimeAvg,TimeStdev,TimeTotal
1000.0,3000.0,1333.3333333333333,745.3559924999298,8000.0
