TraitMin,TraitMax,TraitAvg,TraitStdev,TraitTotal
166.66666666666666,1000.0,486.11111111111114,265.34684964642776,333.3333333333333
