TraitMin,TraitMax,TraitAvg,TraitStdev,TraitTotal
333.3333333333333,500.0,399.99999999999994,81.64965809277261,368.42105263157896
