TraitMin,TraitMax,TraitAvg,TraitStdev,TraitTotal
307.6923076923077,714.2857142857143,480.51286041482126,111.09645763038496,448.2758620689655
