SentiMin,SentiMax,SentiAvg,SentiStdev,Senti0-0.20,Senti0.21-0.40,Senti0.41-0.60,Senti0.61-0.80,Senti0.81-1.00,SentiTotal
0.5628056929000496,0.9335727745259583,0.7481892337130039,0.18538354081295438,0.0,0.0,1.0,0.0,1.0,0.9480388738571776