TimeMin,TimeMax,TimeAvg,TimeStdev,TimeTotal
1000.0,2000.0,1272.7272727272727,445.3617714151233,14000.0
