TraitMin,TraitMax,TraitAvg,TraitStdev,TraitTotal
272.72727272727275,500.0,406.5656565656565,95.5934001552914,347.82608695652175
