TraitMin,TraitMax,TraitAvg,TraitStdev,TraitTotal
225.0,1900.0,746.2121212121212,460.1460521921553,573.9130434782609
