SentiMin,SentiMax,SentiAvg,SentiStdev,Senti0-0.20,Senti0.21-0.40,Senti0.41-0.60,Senti0.61-0.80,Senti0.81-1.00,SentiTotal
0.003002630528098819,0.49789225920557484,0.29825560809688284,0.2095385302257289,2.0,1.0,3.0,0.0,0.0,6.835536176423443E-5