SentiMin,SentiMax,SentiAvg,SentiStdev,Senti0-0.20,Senti0.21-0.40,Senti0.41-0.60,Senti0.61-0.80,Senti0.81-1.00,SentiTotal
0.18767767415622036,0.5318834537628724,0.4205250973278193,0.11264476816374422,1.0,3.0,6.0,0.0,0.0,0.031599563004612294