TraitMin,TraitMax,TraitAvg,TraitStdev,TraitTotal
666.6666666666666,1000.0,833.3333333333333,166.66666666666669,750.0
