TraitMin,TraitMax,TraitAvg,TraitStdev,TraitTotal
200.0,1000.0,626.6666666666667,315.45381771522614,456.5217391304348
