SentiMin,SentiMax,SentiAvg,SentiStdev,Senti0-0.20,Senti0.21-0.40,Senti0.41-0.60,Senti0.61-0.80,Senti0.81-1.00,SentiTotal
0.39697510199130176,0.8787180819895051,0.5242374847162014,0.1641493628750298,0.0,2.0,3.0,0.0,1.0,0.745981325920154