SentiMin,SentiMax,SentiAvg,SentiStdev,Senti0-0.20,Senti0.21-0.40,Senti0.41-0.60,Senti0.61-0.80,Senti0.81-1.00,SentiTotal
0.14902308746955298,0.49789225920557484,0.39369603998089925,0.14395731450038882,1.0,0.0,3.0,0.0,0.0,0.11755402502697973