TimeMin,TimeMax,TimeAvg,TimeStdev,TimeTotal
1000.0,2000.0,1333.3333333333333,471.4045207910317,8000.0
