SentiMin,SentiMax,SentiAvg,SentiStdev,Senti0-0.20,Senti0.21-0.40,Senti0.41-0.60,Senti0.61-0.80,Senti0.81-1.00,SentiTotal
1.4265397738558705E-6,0.49789225920557484,0.19463799793725997,0.151265143897081,5.0,0.0,1.0,0.0,0.0,2.205123777625565E-9