SentiMin,SentiMax,SentiAvg,SentiStdev,Senti0-0.20,Senti0.21-0.40,Senti0.41-0.60,Senti0.61-0.80,Senti0.81-1.00,SentiTotal
1.294264915166044E-8,0.9996747935537106,0.33933978006377913,0.4013260393068159,4.0,2.0,0.0,0.0,2.0,4.64562683784199E-13