TraitMin,TraitMax,TraitAvg,TraitStdev,TraitTotal
125.0,306.6666666666667,215.83333333333334,90.83333333333334,174.54545454545453
