SentiMin,SentiMax,SentiAvg,SentiStdev,Senti0-0.20,Senti0.21-0.40,Senti0.41-0.60,Senti0.61-0.80,Senti0.81-1.00,SentiTotal
0.002148511676502944,0.39697510199130176,0.19956180683390234,0.1974132951573994,1.0,1.0,0.0,0.0,0.0,0.0014273846704032946