TraitMin,TraitMax,TraitAvg,TraitStdev,TraitTotal
300.0,528.0,412.48218390804595,89.06862332189226,399.37007874015745
