TraitMin,TraitMax,TraitAvg,TraitStdev,TraitTotal
248.88888888888889,474.7826086956522,386.8525177678496,90.92712769898336,402.3021582733813
