TraitMin,TraitMax,TraitAvg,TraitStdev,TraitTotal
326.6666666666667,326.6666666666667,326.6666666666667,0.0,326.6666666666667
