SentiMin,SentiMax,SentiAvg,SentiStdev,Senti0-0.20,Senti0.21-0.40,Senti0.41-0.60,Senti0.61-0.80,Senti0.81-1.00,SentiTotal
4.487306569672639E-4,0.6742659989837985,0.17060253112988116,0.25789291924643404,4.0,0.0,0.0,1.0,0.0,6.452468547570647E-9