TimeMin,TimeMax,TimeAvg,TimeStdev,TimeTotal
720.0,12840.0,4946.666666666667,4598.589155623953,44520.0
