TraitMin,TraitMax,TraitAvg,TraitStdev,TraitTotal
80.0,460.0,281.19223985890653,107.24830409627631,240.0
