TraitMin,TraitMax,TraitAvg,TraitStdev,TraitTotal
246.66666666666666,1000.0,505.88111888111894,250.4825790239043,410.38461538461536
