SentiMin,SentiMax,SentiAvg,SentiStdev,Senti0-0.20,Senti0.21-0.40,Senti0.41-0.60,Senti0.61-0.80,Senti0.81-1.00,SentiTotal
0.39697510199130176,0.49789225920557484,0.4324528146089133,0.041322158512958236,0.0,2.0,2.0,0.0,0.0,0.2556470513779474