TimeMin,TimeMax,TimeAvg,TimeStdev,TimeTotal
6200.0,16920.0,9573.333333333334,3509.5805384056307,57440.0
