SentiMin,SentiMax,SentiAvg,SentiStdev,Senti0-0.20,Senti0.21-0.40,Senti0.41-0.60,Senti0.61-0.80,Senti0.81-1.00,SentiTotal
0.021215136446101582,0.6945637309849592,0.3578894337155304,0.3366742972694288,1.0,0.0,0.0,1.0,0.0,0.04735259783333168