SentiMin,SentiMax,SentiAvg,SentiStdev,Senti0-0.20,Senti0.21-0.40,Senti0.41-0.60,Senti0.61-0.80,Senti0.81-1.00,SentiTotal
1.127419402686865E-9,0.16256538091475695,0.04070358241613343,0.07035701546065186,4.0,0.0,0.0,0.0,0.0,7.041988251446001E-21