TraitMin,TraitMax,TraitAvg,TraitStdev,TraitTotal
195.0,680.0,409.2727272727273,159.07496023952547,354.2857142857143
