TimeMin,TimeMax,TimeAvg,TimeStdev,TimeTotal
880.0,10200.0,3333.3333333333335,3485.9463883172702,20000.0
