TraitMin,TraitMax,TraitAvg,TraitStdev,TraitTotal
273.3333333333333,445.2631578947368,370.6761277078615,57.440973291741685,365.859872611465
