SentiMin,SentiMax,SentiAvg,SentiStdev,Senti0-0.20,Senti0.21-0.40,Senti0.41-0.60,Senti0.61-0.80,Senti0.81-1.00,SentiTotal
1.589470045493402E-8,0.10357975129587743,0.01728120574322353,0.03859388495941472,6.0,0.0,0.0,0.0,0.0,6.585857419055273E-28