TraitMin,TraitMax,TraitAvg,TraitStdev,TraitTotal
201.8181818181818,840.0,384.1103094436428,180.4462732780171,424.0
