TimeMin,TimeMax,TimeAvg,TimeStdev,TimeTotal
760.0,4080.0,1493.3333333333333,988.286957877676,13440.0
