SentiMin,SentiMax,SentiAvg,SentiStdev,Senti0-0.20,Senti0.21-0.40,Senti0.41-0.60,Senti0.61-0.80,Senti0.81-1.00,SentiTotal
1.8787056470457913E-4,0.9867425954291854,0.23937036667076372,0.3127977424754762,5.0,2.0,1.0,0.0,1.0,3.54322467489373E-12