SentiMin,SentiMax,SentiAvg,SentiStdev,Senti0-0.20,Senti0.21-0.40,Senti0.41-0.60,Senti0.61-0.80,Senti0.81-1.00,SentiTotal
3.194318681486868E-8,0.003579291776711654,0.0019723033320638624,0.0016222861380726626,5.0,0.0,0.0,0.0,0.0,1.4256552720392617E-22