SentiMin,SentiMax,SentiAvg,SentiStdev,Senti0-0.20,Senti0.21-0.40,Senti0.41-0.60,Senti0.61-0.80,Senti0.81-1.00,SentiTotal
0.003038744350430882,0.22396263971669256,0.12437235570062605,0.09370289836217884,5.0,3.0,0.0,0.0,0.0,5.090962307880931E-10