TraitMin,TraitMax,TraitAvg,TraitStdev,TraitTotal
257.77777777777777,784.0,531.5555555555555,192.73029834780667,450.90909090909093
