TimeMin,TimeMax,TimeAvg,TimeStdev,TimeTotal
640.0,3280.0,1946.6666666666667,1014.7358714901573,11680.0
