TraitMin,TraitMax,TraitAvg,TraitStdev,TraitTotal
194.28571428571428,1120.0,522.3030303030304,316.21478500981453,371.8181818181818
