SentiMin,SentiMax,SentiAvg,SentiStdev,Senti0-0.20,Senti0.21-0.40,Senti0.41-0.60,Senti0.61-0.80,Senti0.81-1.00,SentiTotal
6.59975954784527E-4,0.43796879524747484,0.21417310016758262,0.17642554932302743,2.0,2.0,1.0,0.0,0.0,3.2497752221500107E-6