SentiMin,SentiMax,SentiAvg,SentiStdev,Senti0-0.20,Senti0.21-0.40,Senti0.41-0.60,Senti0.61-0.80,Senti0.81-1.00,SentiTotal
0.02096232449062455,0.8467050692353997,0.24159747747792226,0.2302070836426095,5.0,5.0,0.0,0.0,1.0,1.092355608501028E-7