SentiMin,SentiMax,SentiAvg,SentiStdev,Senti0-0.20,Senti0.21-0.40,Senti0.41-0.60,Senti0.61-0.80,Senti0.81-1.00,SentiTotal
8.02641946924733E-4,0.31820487300311295,0.1858750563558797,0.13748480346284733,2.0,2.0,0.0,0.0,0.0,2.1342127175229603E-5