SentiMin,SentiMax,SentiAvg,SentiStdev,Senti0-0.20,Senti0.21-0.40,Senti0.41-0.60,Senti0.61-0.80,Senti0.81-1.00,SentiTotal
0.0023720169610871767,0.9608087677270982,0.3096151058656798,0.23709140852196325,5.0,5.0,4.0,0.0,1.0,6.86153807721904E-10