TraitMin,TraitMax,TraitAvg,TraitStdev,TraitTotal
236.0,840.0,380.77801120448186,189.9942065817006,328.2352941176471
