TraitMin,TraitMax,TraitAvg,TraitStdev,TraitTotal
240.0,900.0,451.38888888888886,248.71599277434572,340.0
