TraitMin,TraitMax,TraitAvg,TraitStdev,TraitTotal
170.0,920.0,402.0848400362571,190.06653217277722,340.93457943925233
