TimeMin,TimeMax,TimeAvg,TimeStdev,TimeTotal
720.0,2520.0,1408.888888888889,583.5608022104836,12680.0
