TimeMin,TimeMax,TimeAvg,TimeStdev,TimeTotal
560.0,4640.0,2206.6666666666665,1557.676332090706,13240.0
