SentiMin,SentiMax,SentiAvg,SentiStdev,Senti0-0.20,Senti0.21-0.40,Senti0.41-0.60,Senti0.61-0.80,Senti0.81-1.00,SentiTotal
1.717104404233318E-7,0.3783943661639831,0.1644293817406891,0.14148758896590005,3.0,3.0,0.0,0.0,0.0,1.2884660230460304E-12