TraitMin,TraitMax,TraitAvg,TraitStdev,TraitTotal
194.28571428571428,1120.0,568.919413919414,277.3214279288441,406.4864864864865
