TraitMin,TraitMax,TraitAvg,TraitStdev,TraitTotal
192.0,1080.0,560.5777777777779,334.3016040481047,394.87179487179486
