TraitMin,TraitMax,TraitAvg,TraitStdev,TraitTotal
248.0,760.0,471.44444444444446,176.00196407433836,372.94117647058823
