SentiMin,SentiMax,SentiAvg,SentiStdev,Senti0-0.20,Senti0.21-0.40,Senti0.41-0.60,Senti0.61-0.80,Senti0.81-1.00,SentiTotal
0.011596155950058461,0.4737554465528978,0.2431269486094744,0.15776728866303383,3.0,4.0,2.0,0.0,0.0,7.046936044284083E-8