TimeMin,TimeMax,TimeAvg,TimeStdev,TimeTotal
880.0,2440.0,1355.5555555555557,587.4069403575744,12200.0
