SentiMin,SentiMax,SentiAvg,SentiStdev,Senti0-0.20,Senti0.21-0.40,Senti0.41-0.60,Senti0.61-0.80,Senti0.81-1.00,SentiTotal
1.6411352218629585E-4,0.971941228843112,0.17918577253149845,0.312934645323802,5.0,2.0,0.0,0.0,1.0,1.645952233934959E-15