TimeMin,TimeMax,TimeAvg,TimeStdev,TimeTotal
880.0,7920.0,2857.1428571428573,2261.6158211440293,20000.0
