TraitMin,TraitMax,TraitAvg,TraitStdev,TraitTotal
152.0,800.0,456.0,224.57070156189118,315.6756756756757
