SentiMin,SentiMax,SentiAvg,SentiStdev,Senti0-0.20,Senti0.21-0.40,Senti0.41-0.60,Senti0.61-0.80,Senti0.81-1.00,SentiTotal
3.445870409012658E-5,0.7601522813254664,0.2749163070351201,0.257914997625008,6.0,2.0,3.0,2.0,0.0,4.968030436514262E-15