TraitMin,TraitMax,TraitAvg,TraitStdev,TraitTotal
305.0,960.0,542.4074074074074,270.66118302134316,406.6666666666667
