TraitMin,TraitMax,TraitAvg,TraitStdev,TraitTotal
240.0,800.0,494.85714285714283,216.22663846916151,422.0
