TimeMin,TimeMax,TimeAvg,TimeStdev,TimeTotal
600.0,5680.0,2806.153846153846,1768.7089531482407,36480.0
