SentiMin,SentiMax,SentiAvg,SentiStdev,Senti0-0.20,Senti0.21-0.40,Senti0.41-0.60,Senti0.61-0.80,Senti0.81-1.00,SentiTotal
2.5433474086772206E-7,0.49789225920557484,0.1607998669087715,0.18685590776601366,8.0,3.0,2.0,0.0,0.0,6.389308484757277E-23