TimeMin,TimeMax,TimeAvg,TimeStdev,TimeTotal
400.0,3040.0,1341.3333333333333,700.607989931285,20120.0
