SentiMin,SentiMax,SentiAvg,SentiStdev,Senti0-0.20,Senti0.21-0.40,Senti0.41-0.60,Senti0.61-0.80,Senti0.81-1.00,SentiTotal
0.06011244893855058,0.5755436691302463,0.3397612404022424,0.14612741867078402,1.0,8.0,4.0,0.0,0.0,5.644214268080897E-6