TraitMin,TraitMax,TraitAvg,TraitStdev,TraitTotal
313.3333333333333,880.0,501.34199134199133,197.2827254329177,476.1904761904762
