SentiMin,SentiMax,SentiAvg,SentiStdev,Senti0-0.20,Senti0.21-0.40,Senti0.41-0.60,Senti0.61-0.80,Senti0.81-1.00,SentiTotal
3.8569985137665186E-5,0.028861691050698184,0.011148281555469767,0.01154073772750345,4.0,0.0,0.0,0.0,0.0,2.9485856978821074E-11