SentiMin,SentiMax,SentiAvg,SentiStdev,Senti0-0.20,Senti0.21-0.40,Senti0.41-0.60,Senti0.61-0.80,Senti0.81-1.00,SentiTotal
0.02084486256468417,0.39697510199130176,0.30771824918522384,0.14429195016811372,1.0,4.0,0.0,0.0,0.0,0.0030599285043144847