TraitMin,TraitMax,TraitAvg,TraitStdev,TraitTotal
235.55555555555554,420.0,309.72222222222223,70.56813098779867,277.2413793103448
