TraitMin,TraitMax,TraitAvg,TraitStdev,TraitTotal
171.42857142857142,1040.0,477.031746031746,274.977166096619,351.3333333333333
