TimeMin,TimeMax,TimeAvg,TimeStdev,TimeTotal
680.0,2520.0,1586.6666666666667,637.3556481449131,9520.0
