TraitMin,TraitMax,TraitAvg,TraitStdev,TraitTotal
205.71428571428572,760.0,416.23809523809524,173.7728924216593,375.38461538461536
