TraitMin,TraitMax,TraitAvg,TraitStdev,TraitTotal
280.0,920.0,466.5833333333333,194.5166195413075,373.3333333333333
