SentiMin,SentiMax,SentiAvg,SentiStdev,Senti0-0.20,Senti0.21-0.40,Senti0.41-0.60,Senti0.61-0.80,Senti0.81-1.00,SentiTotal
4.290530092312647E-5,0.43796879524747484,0.19655072148873207,0.18323471878843198,7.0,4.0,2.0,0.0,0.0,9.4724576124099E-19