TraitMin,TraitMax,TraitAvg,TraitStdev,TraitTotal
230.0,840.0,392.66025641025647,194.8327363648999,342.1276595744681
