TraitMin,TraitMax,TraitAvg,TraitStdev,TraitTotal
216.0,986.6666666666666,406.1098901098901,217.16790558451575,328.0
