TimeMin,TimeMax,TimeAvg,TimeStdev,TimeTotal
600.0,2120.0,1156.923076923077,384.1350847209995,15040.0
