SentiMin,SentiMax,SentiAvg,SentiStdev,Senti0-0.20,Senti0.21-0.40,Senti0.41-0.60,Senti0.61-0.80,Senti0.81-1.00,SentiTotal
0.013919303780393646,0.43796879524747484,0.2880932469968774,0.13112852981149642,2.0,6.0,2.0,0.0,0.0,1.0661495937011617E-5