SentiMin,SentiMax,SentiAvg,SentiStdev,Senti0-0.20,Senti0.21-0.40,Senti0.41-0.60,Senti0.61-0.80,Senti0.81-1.00,SentiTotal
0.012482794279108658,0.39697510199130176,0.163910750655151,0.11749806059375267,4.0,5.0,0.0,0.0,0.0,6.771191037866393E-9