TraitMin,TraitMax,TraitAvg,TraitStdev,TraitTotal
185.45454545454547,760.0,480.00699300699296,220.38110764752838,300.0
