SentiMin,SentiMax,SentiAvg,SentiStdev,Senti0-0.20,Senti0.21-0.40,Senti0.41-0.60,Senti0.61-0.80,Senti0.81-1.00,SentiTotal
0.005551283993998545,0.4732730723470357,0.3002123011590455,0.13099703264375026,2.0,9.0,4.0,0.0,0.0,8.524051624728613E-8