TimeMin,TimeMax,TimeAvg,TimeStdev,TimeTotal
1040.0,6320.0,2326.6666666666665,1817.0183145900196,13960.0
