SentiMin,SentiMax,SentiAvg,SentiStdev,Senti0-0.20,Senti0.21-0.40,Senti0.41-0.60,Senti0.61-0.80,Senti0.81-1.00,SentiTotal
0.006332454574217049,0.49789225920557484,0.26504335100252535,0.15060876388985042,6.0,10.0,3.0,0.0,0.0,3.5407318824382842E-12