TraitMin,TraitMax,TraitAvg,TraitStdev,TraitTotal
200.0,760.0,407.2649572649573,165.78230063295604,349.873417721519
