TimeMin,TimeMax,TimeAvg,TimeStdev,TimeTotal
520.0,11160.0,4210.909090909091,3596.769900759328,46320.0
