TraitMin,TraitMax,TraitAvg,TraitStdev,TraitTotal
257.14285714285717,1000.0,667.6190476190476,336.936983147064,416.2962962962963
