SentiMin,SentiMax,SentiAvg,SentiStdev,Senti0-0.20,Senti0.21-0.40,Senti0.41-0.60,Senti0.61-0.80,Senti0.81-1.00,SentiTotal
4.329123648167972E-6,0.6943330251970803,0.16334947961055887,0.21483184285882487,8.0,1.0,1.0,1.0,0.0,1.5840650129387832E-18