SentiMin,SentiMax,SentiAvg,SentiStdev,Senti0-0.20,Senti0.21-0.40,Senti0.41-0.60,Senti0.61-0.80,Senti0.81-1.00,SentiTotal
5.360054891783728E-4,0.5244306098349514,0.2398483371531902,0.21143577008967884,7.0,3.0,5.0,0.0,0.0,2.4640331725916275E-15