TraitMin,TraitMax,TraitAvg,TraitStdev,TraitTotal
290.0,520.0,367.1830065359477,72.66354647533221,357.94871794871796
