TraitMin,TraitMax,TraitAvg,TraitStdev,TraitTotal
160.0,480.0,333.0357142857143,109.9453424039715,309.7435897435897
