SentiMin,SentiMax,SentiAvg,SentiStdev,Senti0-0.20,Senti0.21-0.40,Senti0.41-0.60,Senti0.61-0.80,Senti0.81-1.00,SentiTotal
0.002828344683462375,0.3734886429250822,0.16709589992316168,0.12808612287215332,8.0,5.0,0.0,0.0,0.0,7.550214424563888E-14