SentiMin,SentiMax,SentiAvg,SentiStdev,Senti0-0.20,Senti0.21-0.40,Senti0.41-0.60,Senti0.61-0.80,Senti0.81-1.00,SentiTotal
1.4686546372683895E-4,0.49789225920557484,0.2130084161970088,0.1720845341794143,5.0,5.0,1.0,0.0,0.0,5.960973744406842E-13