TraitMin,TraitMax,TraitAvg,TraitStdev,TraitTotal
200.0,546.6666666666666,355.8214544626028,94.74266162402456,364.7244094488189
