SentiMin,SentiMax,SentiAvg,SentiStdev,Senti0-0.20,Senti0.21-0.40,Senti0.41-0.60,Senti0.61-0.80,Senti0.81-1.00,SentiTotal
5.853144831602299E-5,0.5557063533411598,0.24706715621816874,0.21716765002248548,6.0,3.0,4.0,0.0,0.0,9.780345924513444E-16