TraitMin,TraitMax,TraitAvg,TraitStdev,TraitTotal
164.44444444444446,1000.0,512.3434343434343,243.80009407050872,424.375
