SentiMin,SentiMax,SentiAvg,SentiStdev,Senti0-0.20,Senti0.21-0.40,Senti0.41-0.60,Senti0.61-0.80,Senti0.81-1.00,SentiTotal
2.8481967978914413E-9,0.5776279128871694,0.22572699745733532,0.24899407361950335,5.0,1.0,3.0,0.0,0.0,9.607953710885573E-24