TimeMin,TimeMax,TimeAvg,TimeStdev,TimeTotal
640.0,12600.0,2469.090909090909,3273.923013882038,27160.0
