SentiMin,SentiMax,SentiAvg,SentiStdev,Senti0-0.20,Senti0.21-0.40,Senti0.41-0.60,Senti0.61-0.80,Senti0.81-1.00,SentiTotal
0.002345860813498514,0.43901217075417187,0.20264469255573958,0.12790436035738414,3.0,2.0,1.0,0.0,0.0,6.230453105971834E-6