TimeMin,TimeMax,TimeAvg,TimeStdev,TimeTotal
520.0,9000.0,3178.181818181818,2754.981663630839,34960.0
