SentiMin,SentiMax,SentiAvg,SentiStdev,Senti0-0.20,Senti0.21-0.40,Senti0.41-0.60,Senti0.61-0.80,Senti0.81-1.00,SentiTotal
0.21921412548362115,0.7151627643176424,0.41400698334887087,0.20728614196285952,0.0,2.0,1.0,1.0,0.0,0.17126443199323504