TraitMin,TraitMax,TraitAvg,TraitStdev,TraitTotal
220.0,1000.0,423.7762237762238,194.53291376206968,372.53731343283584
