SentiMin,SentiMax,SentiAvg,SentiStdev,Senti0-0.20,Senti0.21-0.40,Senti0.41-0.60,Senti0.61-0.80,Senti0.81-1.00,SentiTotal
0.002337793286042612,0.612969646464737,0.24693200176359464,0.21625920665442144,4.0,2.0,1.0,1.0,0.0,7.52800635457894E-8