SentiMin,SentiMax,SentiAvg,SentiStdev,Senti0-0.20,Senti0.21-0.40,Senti0.41-0.60,Senti0.61-0.80,Senti0.81-1.00,SentiTotal
1.2185576947273439E-5,0.49789225920557484,0.12958930127272406,0.17310487010788436,6.0,1.0,1.0,0.0,0.0,1.9116021376532557E-16