TimeMin,TimeMax,TimeAvg,TimeStdev,TimeTotal
1000.0,17000.0,5657.777777777777,4973.498160311038,50920.0
