TraitMin,TraitMax,TraitAvg,TraitStdev,TraitTotal
220.0,1000.0,454.72486772486775,213.90316012242744,380.2247191011236
