TraitMin,TraitMax,TraitAvg,TraitStdev,TraitTotal
173.33333333333334,529.4117647058823,371.4133905310376,126.38995341225636,368.0
