TraitMin,TraitMax,TraitAvg,TraitStdev,TraitTotal
72.33333333333333,72.33333333333333,72.33333333333333,0.0,72.33333333333333
