TraitMin,TraitMax,TraitAvg,TraitStdev,TraitTotal
47.0,374.0,231.375,141.7812465560943,257.45454545454544
