TimeMin,TimeMax,TimeAvg,TimeStdev,TimeTotal
305.0,1944.0,1018.3333333333334,535.8269828550589,6110.0
