SentiMin,SentiMax,SentiAvg,SentiStdev,Senti0-0.20,Senti0.21-0.40,Senti0.41-0.60,Senti0.61-0.80,Senti0.81-1.00,SentiTotal
0.08520743718081099,0.49789225920557484,0.32176094261751154,0.16785460269415733,1.0,1.0,2.0,0.0,0.0,0.025331151153008682