TraitMin,TraitMax,TraitAvg,TraitStdev,TraitTotal
184.33333333333334,553.0,323.66071428571433,112.5980767896633,305.5
