SentiMin,SentiMax,SentiAvg,SentiStdev,Senti0-0.20,Senti0.21-0.40,Senti0.41-0.60,Senti0.61-0.80,Senti0.81-1.00,SentiTotal
0.19924545451767137,0.49789225920557484,0.35306855490552674,0.12480553237958471,1.0,4.0,3.0,0.0,0.0,0.005701254564185025