TraitMin,TraitMax,TraitAvg,TraitStdev,TraitTotal
148.0,1000.0,379.8645833333333,257.8770161279377,311.1764705882353
