SentiMin,SentiMax,SentiAvg,SentiStdev,Senti0-0.20,Senti0.21-0.40,Senti0.41-0.60,Senti0.61-0.80,Senti0.81-1.00,SentiTotal
0.040321375560812306,0.39697510199130176,0.1692158269076494,0.14663187332315555,3.0,1.0,0.0,0.0,0.0,2.964776234283839E-4