SentiMin,SentiMax,SentiAvg,SentiStdev,Senti0-0.20,Senti0.21-0.40,Senti0.41-0.60,Senti0.61-0.80,Senti0.81-1.00,SentiTotal
0.022024199574679368,0.49789225920557484,0.30426354312587506,0.2035141305686637,2.0,0.0,2.0,0.0,0.0,0.005619210522248858