SentiMin,SentiMax,SentiAvg,SentiStdev,Senti0-0.20,Senti0.21-0.40,Senti0.41-0.60,Senti0.61-0.80,Senti0.81-1.00,SentiTotal
0.01180639839302346,0.49789225920557484,0.33471929145618007,0.14262031214080725,1.0,5.0,2.0,0.0,0.0,3.885781730139005E-4