TraitMin,TraitMax,TraitAvg,TraitStdev,TraitTotal
297.0,448.0,378.6666666666667,62.25931434108653,378.6666666666667
