TraitMin,TraitMax,TraitAvg,TraitStdev,TraitTotal
98.14285714285714,1232.0,473.8267857142857,377.53531151344635,364.2909090909091
