TraitMin,TraitMax,TraitAvg,TraitStdev,TraitTotal
6.666666666666667,1280.0,239.00226757369612,281.0262751036013,158.0
