TimeMin,TimeMax,TimeAvg,TimeStdev,TimeTotal
40.0,3400.0,1551.111111111111,1279.5523908725481,13960.0
