TraitMin,TraitMax,TraitAvg,TraitStdev,TraitTotal
37.142857142857146,1000.0,534.4642857142858,343.5262929052645,253.95348837209303
