TimeMin,TimeMax,TimeAvg,TimeStdev,TimeTotal
160.0,3600.0,2013.3333333333333,1095.1204905803238,18120.0
