TimeMin,TimeMax,TimeAvg,TimeStdev,TimeTotal
40.0,5320.0,1488.888888888889,1536.6084185955658,13400.0
