TraitMin,TraitMax,TraitAvg,TraitStdev,TraitTotal
17.142857142857142,1000.0,267.9007936507936,231.06603211234903,227.34177215189874
