TimeMin,TimeMax,TimeAvg,TimeStdev,TimeTotal
320.0,5000.0,2191.1111111111113,1698.4989742216799,19720.0
