TraitMin,TraitMax,TraitAvg,TraitStdev,TraitTotal
72.0,1000.0,321.55371900826447,263.38179061044104,214.59459459459458
