SentiMin,SentiMax,SentiAvg,SentiStdev,Senti0-0.20,Senti0.21-0.40,Senti0.41-0.60,Senti0.61-0.80,Senti0.81-1.00,SentiTotal
0.0736401149528525,0.7264240096332016,0.4112843543751631,0.2316881930541653,2.0,6.0,3.0,5.0,0.0,4.461270819771387E-4