TraitMin,TraitMax,TraitAvg,TraitStdev,TraitTotal
240.0,500.0,396.57142857142856,106.37477067770672,385.88235294117646
