TraitMin,TraitMax,TraitAvg,TraitStdev,TraitTotal
80.0,1000.0,526.3492063492064,331.2302514352522,428.14814814814815
