SentiMin,SentiMax,SentiAvg,SentiStdev,Senti0-0.20,Senti0.21-0.40,Senti0.41-0.60,Senti0.61-0.80,Senti0.81-1.00,SentiTotal
0.37833740884777955,0.6824837810859113,0.5123210505607041,0.07505230185660827,0.0,1.0,7.0,1.0,0.0,0.6312650578826954