TraitMin,TraitMax,TraitAvg,TraitStdev,TraitTotal
51.42857142857143,466.6666666666667,294.8809523809524,173.06473661963747,240.0
