TimeMin,TimeMax,TimeAvg,TimeStdev,TimeTotal
40.0,6400.0,1731.4285714285713,1583.8779586051132,24240.0
