TimeMin,TimeMax,TimeAvg,TimeStdev,TimeTotal
160.0,3600.0,1865.7142857142858,922.1846289089394,26120.0
