TraitMin,TraitMax,TraitAvg,TraitStdev,TraitTotal
360.0,900.0,544.0952380952381,184.84082752269418,579.1304347826087
