SentiMin,SentiMax,SentiAvg,SentiStdev,Senti0-0.20,Senti0.21-0.40,Senti0.41-0.60,Senti0.61-0.80,Senti0.81-1.00,SentiTotal
0.21921412548362115,0.9099063185805033,0.5896062323926801,0.2032304243946046,0.0,2.0,8.0,3.0,4.0,0.9996467381534797