TraitMin,TraitMax,TraitAvg,TraitStdev,TraitTotal
50.0,1000.0,384.27387914230025,256.04264088720447,306.50602409638554
