TraitMin,TraitMax,TraitAvg,TraitStdev,TraitTotal
113.33333333333333,1000.0,372.825974025974,243.82169477811942,333.3333333333333
