TimeMin,TimeMax,TimeAvg,TimeStdev,TimeTotal
40.0,5000.0,1726.6666666666667,1572.8389053626001,20720.0
