TimeMin,TimeMax,TimeAvg,TimeStdev,TimeTotal
200.0,5600.0,1621.1764705882354,1266.4070637875773,27560.0
