TimeMin,TimeMax,TimeAvg,TimeStdev,TimeTotal
360.0,2400.0,1443.6363636363637,656.7035131109254,15880.0
