SentiMin,SentiMax,SentiAvg,SentiStdev,Senti0-0.20,Senti0.21-0.40,Senti0.41-0.60,Senti0.61-0.80,Senti0.81-1.00,SentiTotal
0.09754546918153902,0.8232975942751998,0.5248813456962843,0.21245241612060406,2.0,5.0,5.0,9.0,2.0,0.8476344061379323