TimeMin,TimeMax,TimeAvg,TimeStdev,TimeTotal
80.0,5000.0,1651.4285714285713,1552.2465615214298,11560.0
