TraitMin,TraitMax,TraitAvg,TraitStdev,TraitTotal
53.333333333333336,626.6666666666666,384.5665445665446,208.22730152935958,348.46153846153845
