TimeMin,TimeMax,TimeAvg,TimeStdev,TimeTotal
80.0,7000.0,2349.090909090909,2060.4741490754654,25840.0
