TimeMin,TimeMax,TimeAvg,TimeStdev,TimeTotal
40.0,5680.0,1996.3636363636363,1496.3183468237376,21960.0
