SentiMin,SentiMax,SentiAvg,SentiStdev,Senti0-0.20,Senti0.21-0.40,Senti0.41-0.60,Senti0.61-0.80,Senti0.81-1.00,SentiTotal
0.28581602678400764,0.7418173365000205,0.5169890158071725,0.08863123796965648,0.0,1.0,17.0,3.0,0.0,0.8449272560891069