TraitMin,TraitMax,TraitAvg,TraitStdev,TraitTotal
26.666666666666668,500.0,262.65736992052786,140.20172933298693,269.6551724137931
