TraitMin,TraitMax,TraitAvg,TraitStdev,TraitTotal
26.666666666666668,1000.0,341.56613756613757,274.41272452902746,283.72093023255815
