SentiMin,SentiMax,SentiAvg,SentiStdev,Senti0-0.20,Senti0.21-0.40,Senti0.41-0.60,Senti0.61-0.80,Senti0.81-1.00,SentiTotal
0.21921412548362115,0.7264240096332016,0.5589055869367673,0.1413227983619035,0.0,1.0,6.0,5.0,0.0,0.9534979823945439