TraitMin,TraitMax,TraitAvg,TraitStdev,TraitTotal
160.0,1000.0,491.2457912457912,294.9280621950105,428.69565217391306
