TimeMin,TimeMax,TimeAvg,TimeStdev,TimeTotal
40.0,4800.0,1053.3333333333333,1075.1094444103435,22120.0
