SentiMin,SentiMax,SentiAvg,SentiStdev,Senti0-0.20,Senti0.21-0.40,Senti0.41-0.60,Senti0.61-0.80,Senti0.81-1.00,SentiTotal
0.019727793725692985,0.6824837810859113,0.42773431292562697,0.19936559162343853,2.0,0.0,8.0,1.0,0.0,8.845631292790541E-4