TraitMin,TraitMax,TraitAvg,TraitStdev,TraitTotal
160.0,1000.0,488.4199134199134,277.96361252530977,373.14285714285717
