TimeMin,TimeMax,TimeAvg,TimeStdev,TimeTotal
80.0,5680.0,2323.6363636363635,1425.0184861784824,25560.0
