TraitMin,TraitMax,TraitAvg,TraitStdev,TraitTotal
16.0,1000.0,340.4040404040404,294.36076292384354,294.7368421052632
