TraitMin,TraitMax,TraitAvg,TraitStdev,TraitTotal
44.0,680.0,347.0666666666667,178.20243170806248,311.6981132075472
