TraitMin,TraitMax,TraitAvg,TraitStdev,TraitTotal
13.333333333333334,520.0,308.962962962963,202.45283282752618,263.39622641509436
