TraitMin,TraitMax,TraitAvg,TraitStdev,TraitTotal
26.666666666666668,666.6666666666666,351.6322566322566,168.00436308607837,340.8
