TimeMin,TimeMax,TimeAvg,TimeStdev,TimeTotal
160.0,3000.0,1537.142857142857,855.7321724817924,10760.0
