SentiMin,SentiMax,SentiAvg,SentiStdev,Senti0-0.20,Senti0.21-0.40,Senti0.41-0.60,Senti0.61-0.80,Senti0.81-1.00,SentiTotal
0.2762821958568217,0.613851619887851,0.4606339790271477,0.09992042143247168,0.0,2.0,7.0,1.0,0.0,0.1641835289571879