TraitMin,TraitMax,TraitAvg,TraitStdev,TraitTotal
40.0,1000.0,387.6182336182336,300.7914027342935,319.04761904761904
