TimeMin,TimeMax,TimeAvg,TimeStdev,TimeTotal
80.0,5480.0,1377.2173913043478,1466.2237493560808,31676.0
