TraitMin,TraitMax,TraitAvg,TraitStdev,TraitTotal
8.0,480.0,235.0498866213152,152.92817862522077,233.07692307692307
