TraitMin,TraitMax,TraitAvg,TraitStdev,TraitTotal
56.0,1000.0,398.3801652892562,271.39064698880185,361.5584415584416
