SentiMin,SentiMax,SentiAvg,SentiStdev,Senti0-0.20,Senti0.21-0.40,Senti0.41-0.60,Senti0.61-0.80,Senti0.81-1.00,SentiTotal
0.42094961447074825,0.49789225920557484,0.45942093683816154,0.038471322367413296,0.0,0.0,4.0,0.0,0.0,0.34766435937973905