TimeMin,TimeMax,TimeAvg,TimeStdev,TimeTotal
80.0,5600.0,1737.7777777777778,1743.8767653820914,15640.0
