TimeMin,TimeMax,TimeAvg,TimeStdev,TimeTotal
160.0,7400.0,2523.076923076923,1882.6796966655497,32800.0
