TraitMin,TraitMax,TraitAvg,TraitStdev,TraitTotal
20.0,1000.0,442.6624284806103,331.9962725574312,335.5844155844156
