TraitMin,TraitMax,TraitAvg,TraitStdev,TraitTotal
120.0,1000.0,421.4087301587301,237.908626439895,376.2962962962963
