TimeMin,TimeMax,TimeAvg,TimeStdev,TimeTotal
40.0,5120.0,1107.6923076923076,1389.4888592359523,14400.0
