TraitMin,TraitMax,TraitAvg,TraitStdev,TraitTotal
20.0,1000.0,328.1485442661913,278.7398000290958,224.0650406504065
