SentiMin,SentiMax,SentiAvg,SentiStdev,Senti0-0.20,Senti0.21-0.40,Senti0.41-0.60,Senti0.61-0.80,Senti0.81-1.00,SentiTotal
0.21921412548362115,0.5311285052188934,0.47334807043471133,0.08528890797730448,0.0,1.0,9.0,0.0,0.0,0.24284480456438184