TimeMin,TimeMax,TimeAvg,TimeStdev,TimeTotal
240.0,3120.0,1693.3333333333333,867.2305857664898,20320.0
