SentiMin,SentiMax,SentiAvg,SentiStdev,Senti0-0.20,Senti0.21-0.40,Senti0.41-0.60,Senti0.61-0.80,Senti0.81-1.00,SentiTotal
0.27288660304660417,0.892765164568295,0.6723953607120781,0.1793422054757824,0.0,1.0,2.0,4.0,4.0,0.9999026086785802