SentiMin,SentiMax,SentiAvg,SentiStdev,Senti0-0.20,Senti0.21-0.40,Senti0.41-0.60,Senti0.61-0.80,Senti0.81-1.00,SentiTotal
0.21921412548362115,0.6824837810859113,0.5036871397546295,0.16388023000270244,0.0,3.0,7.0,5.0,0.0,0.5185690946296265