TraitMin,TraitMax,TraitAvg,TraitStdev,TraitTotal
10.0,500.0,194.15501599849426,154.0721833256653,212.59060402684563
