TimeMin,TimeMax,TimeAvg,TimeStdev,TimeTotal
80.0,4000.0,1527.2727272727273,1277.9322140871375,16800.0
