TimeMin,TimeMax,TimeAvg,TimeStdev,TimeTotal
1000.0,9480.0,2737.1428571428573,2778.9294664657896,19160.0
