SentiMin,SentiMax,SentiAvg,SentiStdev,Senti0-0.20,Senti0.21-0.40,Senti0.41-0.60,Senti0.61-0.80,Senti0.81-1.00,SentiTotal
0.21921412548362115,0.8519774368384309,0.5049831937030983,0.25431498968222194,0.0,3.0,2.0,1.0,2.0,0.621753999080905