TraitMin,TraitMax,TraitAvg,TraitStdev,TraitTotal
40.0,533.3333333333334,315.98639455782313,157.6191210191286,275.8974358974359
