TraitMin,TraitMax,TraitAvg,TraitStdev,TraitTotal
160.0,620.0,392.6666666666667,117.3565317975764,364.375
