TimeMin,TimeMax,TimeAvg,TimeStdev,TimeTotal
560.0,1360.0,870.8333333333334,220.13095849718385,10450.0
