TraitMin,TraitMax,TraitAvg,TraitStdev,TraitTotal
216.0,500.0,329.26190476190476,94.56250557339024,315.6756756756757
