SentiMin,SentiMax,SentiAvg,SentiStdev,Senti0-0.20,Senti0.21-0.40,Senti0.41-0.60,Senti0.61-0.80,Senti0.81-1.00,SentiTotal
0.0011581151831079022,0.6549881414416066,0.27415450020682774,0.2011210439888314,7.0,4.0,4.0,1.0,0.0,1.0972778611976763E-11