SentiMin,SentiMax,SentiAvg,SentiStdev,Senti0-0.20,Senti0.21-0.40,Senti0.41-0.60,Senti0.61-0.80,Senti0.81-1.00,SentiTotal
0.0011999519258194605,0.49789225920557484,0.262840058050799,0.14872387708574114,4.0,5.0,1.0,0.0,0.0,1.716716471537162E-7