SentiMin,SentiMax,SentiAvg,SentiStdev,Senti0-0.20,Senti0.21-0.40,Senti0.41-0.60,Senti0.61-0.80,Senti0.81-1.00,SentiTotal
4.3915300437879704E-4,0.437369725752128,0.131258936696591,0.1642852488056446,6.0,2.0,1.0,0.0,0.0,1.4143569632612887E-13