TimeMin,TimeMax,TimeAvg,TimeStdev,TimeTotal
840.0,3080.0,1573.3333333333333,743.5649863252632,9440.0
