SentiMin,SentiMax,SentiAvg,SentiStdev,Senti0-0.20,Senti0.21-0.40,Senti0.41-0.60,Senti0.61-0.80,Senti0.81-1.00,SentiTotal
0.0025438521773201977,0.37679209754895876,0.16913940334801686,0.1278559293583532,5.0,3.0,0.0,0.0,0.0,1.0243297350132977E-8