TimeMin,TimeMax,TimeAvg,TimeStdev,TimeTotal
1280.0,5720.0,2435.5555555555557,1375.7835029224548,21920.0
