TraitMin,TraitMax,TraitAvg,TraitStdev,TraitTotal
200.0,1000.0,570.3703703703704,310.76744687252125,432.0
