TraitMin,TraitMax,TraitAvg,TraitStdev,TraitTotal
210.0,1000.0,608.0606060606061,311.2446768254165,407.6190476190476
