TimeMin,TimeMax,TimeAvg,TimeStdev,TimeTotal
1000.0,2520.0,1556.3636363636363,584.7652633520056,17120.0
