TraitMin,TraitMax,TraitAvg,TraitStdev,TraitTotal
280.0,520.0,380.0,67.49485577105528,364.3243243243243
