SentiMin,SentiMax,SentiAvg,SentiStdev,Senti0-0.20,Senti0.21-0.40,Senti0.41-0.60,Senti0.61-0.80,Senti0.81-1.00,SentiTotal
0.16081545516776374,0.5755436691302463,0.3612618075884036,0.12110211080318033,1.0,5.0,3.0,0.0,0.0,0.004266324190220842