SentiMin,SentiMax,SentiAvg,SentiStdev,Senti0-0.20,Senti0.21-0.40,Senti0.41-0.60,Senti0.61-0.80,Senti0.81-1.00,SentiTotal
0.13210569775301217,0.39697510199130176,0.3109323808053072,0.10498152159665583,1.0,3.0,0.0,0.0,0.0,0.03075905003586733