TimeMin,TimeMax,TimeAvg,TimeStdev,TimeTotal
1040.0,3360.0,1925.7142857142858,935.9923251037164,13480.0
