SentiMin,SentiMax,SentiAvg,SentiStdev,Senti0-0.20,Senti0.21-0.40,Senti0.41-0.60,Senti0.61-0.80,Senti0.81-1.00,SentiTotal
1.2594818087657123E-5,0.49789225920557484,0.21584940719579346,0.17439028946704935,5.0,4.0,2.0,0.0,0.0,2.0264174068127515E-12