SentiMin,SentiMax,SentiAvg,SentiStdev,Senti0-0.20,Senti0.21-0.40,Senti0.41-0.60,Senti0.61-0.80,Senti0.81-1.00,SentiTotal
0.0018182636359011185,0.8840757314493582,0.2661396784182487,0.2811445574223861,4.0,1.0,1.0,0.0,1.0,1.3921116292270054E-6