TraitMin,TraitMax,TraitAvg,TraitStdev,TraitTotal
453.3333333333333,1000.0,773.3333333333333,236.07908279501032,662.8571428571429
