TraitMin,TraitMax,TraitAvg,TraitStdev,TraitTotal
176.0,580.0,310.8445665445666,115.44556397732006,277.98319327731093
