SentiMin,SentiMax,SentiAvg,SentiStdev,Senti0-0.20,Senti0.21-0.40,Senti0.41-0.60,Senti0.61-0.80,Senti0.81-1.00,SentiTotal
8.94289656689947E-7,0.8308284242366618,0.25082173929384455,0.2585224355725619,6.0,3.0,2.0,0.0,1.0,1.4113574495394562E-22