TraitMin,TraitMax,TraitAvg,TraitStdev,TraitTotal
164.0,1160.0,518.4740740740741,307.82218015493305,361.37931034482756
