SentiMin,SentiMax,SentiAvg,SentiStdev,Senti0-0.20,Senti0.21-0.40,Senti0.41-0.60,Senti0.61-0.80,Senti0.81-1.00,SentiTotal
0.0011310573888508263,0.9471215576498311,0.33794540707317633,0.269976191894745,5.0,5.0,3.0,0.0,2.0,3.8435117909923635E-10