SentiMin,SentiMax,SentiAvg,SentiStdev,Senti0-0.20,Senti0.21-0.40,Senti0.41-0.60,Senti0.61-0.80,Senti0.81-1.00,SentiTotal
9.867565157548222E-4,0.9261906684823746,0.2236777876221472,0.22274643406395625,10.0,5.0,2.0,0.0,1.0,8.138830920514194E-16