SentiMin,SentiMax,SentiAvg,SentiStdev,Senti0-0.20,Senti0.21-0.40,Senti0.41-0.60,Senti0.61-0.80,Senti0.81-1.00,SentiTotal
0.004516283935126001,0.7446367990947668,0.27874417283871933,0.26185925297941876,8.0,2.0,5.0,2.0,0.0,1.544252650083648E-15