TraitMin,TraitMax,TraitAvg,TraitStdev,TraitTotal
110.0,880.0,306.99470899470896,207.74797476377123,235.73333333333332
