SentiMin,SentiMax,SentiAvg,SentiStdev,Senti0-0.20,Senti0.21-0.40,Senti0.41-0.60,Senti0.61-0.80,Senti0.81-1.00,SentiTotal
0.057812162808653145,0.7722165628197567,0.2828640439331934,0.20166515012270125,7.0,4.0,3.0,1.0,0.0,7.754739942925945E-8