TraitMin,TraitMax,TraitAvg,TraitStdev,TraitTotal
37.666666666666664,660.0,316.25935828877004,137.5083758217127,289.75454545454545
