TimeMin,TimeMax,TimeAvg,TimeStdev,TimeTotal
440.0,3400.0,1473.3333333333333,747.7670463155993,17680.0
