TraitMin,TraitMax,TraitAvg,TraitStdev,TraitTotal
200.0,960.0,445.9123376623376,239.52963386553316,341.2345679012346
