TimeMin,TimeMax,TimeAvg,TimeStdev,TimeTotal
880.0,2560.0,1402.3529411764705,538.3146839553401,23840.0
