TimeMin,TimeMax,TimeAvg,TimeStdev,TimeTotal
480.0,2480.0,1217.7777777777778,553.6500655303207,21920.0
