TraitMin,TraitMax,TraitAvg,TraitStdev,TraitTotal
195.55555555555554,1040.0,555.1874590056409,340.52105839344415,326.4
