TimeMin,TimeMax,TimeAvg,TimeStdev,TimeTotal
520.0,3160.0,1397.3333333333333,647.5334397199542,20960.0
