TimeMin,TimeMax,TimeAvg,TimeStdev,TimeTotal
640.0,4720.0,1625.2631578947369,982.3889701348744,30880.0
