TraitMin,TraitMax,TraitAvg,TraitStdev,TraitTotal
146.66666666666666,1320.0,537.3319865319866,377.6614580617202,338.7096774193548
