TimeMin,TimeMax,TimeAvg,TimeStdev,TimeTotal
560.0,6120.0,1974.2857142857142,1542.732799222185,27640.0
