TimeMin,TimeMax,TimeAvg,TimeStdev,TimeTotal
480.0,3160.0,1378.8235294117646,742.5384311935027,23440.0
