TraitMin,TraitMax,TraitAvg,TraitStdev,TraitTotal
115.0,880.0,360.8165690518631,185.64988863543635,277.2093023255814
