SentiMin,SentiMax,SentiAvg,SentiStdev,Senti0-0.20,Senti0.21-0.40,Senti0.41-0.60,Senti0.61-0.80,Senti0.81-1.00,SentiTotal
7.28574697042236E-5,0.5318834537628724,0.3296195097543315,0.17927799184790674,4.0,5.0,8.0,0.0,0.0,5.5392259064274784E-11