SentiMin,SentiMax,SentiAvg,SentiStdev,Senti0-0.20,Senti0.21-0.40,Senti0.41-0.60,Senti0.61-0.80,Senti0.81-1.00,SentiTotal
0.009660262036761515,0.4737554465528978,0.20778227641846891,0.15459493371085054,9.0,7.0,4.0,0.0,0.0,6.987937907745574E-16