SentiMin,SentiMax,SentiAvg,SentiStdev,Senti0-0.20,Senti0.21-0.40,Senti0.41-0.60,Senti0.61-0.80,Senti0.81-1.00,SentiTotal
6.959732561045846E-4,0.9096243091502865,0.33903572500076395,0.284816752987397,7.0,4.0,4.0,1.0,2.0,2.71536696338308E-12