TraitMin,TraitMax,TraitAvg,TraitStdev,TraitTotal
60.0,1120.0,365.706910373577,252.91013699130556,267.3170731707317
