SentiMin,SentiMax,SentiAvg,SentiStdev,Senti0-0.20,Senti0.21-0.40,Senti0.41-0.60,Senti0.61-0.80,Senti0.81-1.00,SentiTotal
4.247734150610826E-4,0.8425139496892655,0.26373068153277546,0.23231398035074957,8.0,6.0,4.0,0.0,1.0,5.7677212138602194E-18