TraitMin,TraitMax,TraitAvg,TraitStdev,TraitTotal
136.0,1180.0,430.7836257309941,276.3139311178574,328.51063829787233
