SentiMin,SentiMax,SentiAvg,SentiStdev,Senti0-0.20,Senti0.21-0.40,Senti0.41-0.60,Senti0.61-0.80,Senti0.81-1.00,SentiTotal
1.1019482612604807E-4,0.43796879524747484,0.2699288618805216,0.15864804136824953,3.0,4.0,4.0,0.0,0.0,2.4610996962280006E-9