SentiMin,SentiMax,SentiAvg,SentiStdev,Senti0-0.20,Senti0.21-0.40,Senti0.41-0.60,Senti0.61-0.80,Senti0.81-1.00,SentiTotal
0.0026770802009533456,0.5273087751659575,0.3107539828399598,0.17536461060707287,5.0,4.0,5.0,0.0,0.0,8.081067526171012E-8