SentiMin,SentiMax,SentiAvg,SentiStdev,Senti0-0.20,Senti0.21-0.40,Senti0.41-0.60,Senti0.61-0.80,Senti0.81-1.00,SentiTotal
1.591559894144437E-4,0.7319531240773853,0.22631210094424417,0.21515635365503116,14.0,5.0,3.0,2.0,0.0,3.785349555767783E-23