TimeMin,TimeMax,TimeAvg,TimeStdev,TimeTotal
520.0,4360.0,1542.2222222222222,955.751917808728,27760.0
