TimeMin,TimeMax,TimeAvg,TimeStdev,TimeTotal
840.0,2600.0,1483.6363636363637,555.6858616696164,16320.0
