TraitMin,TraitMax,TraitAvg,TraitStdev,TraitTotal
120.0,960.0,388.92796092796095,232.949939390399,304.4155844155844
