TraitMin,TraitMax,TraitAvg,TraitStdev,TraitTotal
173.33333333333334,840.0,416.65343915343914,182.89341971334235,355.8974358974359
