SentiMin,SentiMax,SentiAvg,SentiStdev,Senti0-0.20,Senti0.21-0.40,Senti0.41-0.60,Senti0.61-0.80,Senti0.81-1.00,SentiTotal
9.739782410006256E-4,0.9368100738081134,0.46388860047485536,0.3416018871054872,2.0,2.0,0.0,2.0,2.0,1.9040414699345552E-4