TimeMin,TimeMax,TimeAvg,TimeStdev,TimeTotal
840.0,3640.0,1665.4545454545455,872.2422894874153,18320.0
