TraitMin,TraitMax,TraitAvg,TraitStdev,TraitTotal
205.71428571428572,506.6666666666667,357.46031746031747,95.86633005175139,335.6862745098039
