TimeMin,TimeMax,TimeAvg,TimeStdev,TimeTotal
560.0,9480.0,2941.5384615384614,2909.829088699848,38240.0
