SentiMin,SentiMax,SentiAvg,SentiStdev,Senti0-0.20,Senti0.21-0.40,Senti0.41-0.60,Senti0.61-0.80,Senti0.81-1.00,SentiTotal
0.0018415937283786632,0.9611958417475951,0.28239670457761523,0.29204798315381675,6.0,2.0,1.0,1.0,1.0,2.015276829145162E-8