SentiMin,SentiMax,SentiAvg,SentiStdev,Senti0-0.20,Senti0.21-0.40,Senti0.41-0.60,Senti0.61-0.80,Senti0.81-1.00,SentiTotal
1.3441973224957571E-4,0.5628056929000496,0.2238861023700854,0.19720729173677248,9.0,3.0,4.0,0.0,0.0,5.646296685816401E-17