TraitMin,TraitMax,TraitAvg,TraitStdev,TraitTotal
182.85714285714286,1080.0,464.1126928626929,265.4530471890662,328.4507042253521
