SentiMin,SentiMax,SentiAvg,SentiStdev,Senti0-0.20,Senti0.21-0.40,Senti0.41-0.60,Senti0.61-0.80,Senti0.81-1.00,SentiTotal
3.6076813641408167E-7,0.6781708413759445,0.20396099510631208,0.23345280921874567,6.0,2.0,1.0,1.0,0.0,2.410959682863109E-16