SentiMin,SentiMax,SentiAvg,SentiStdev,Senti0-0.20,Senti0.21-0.40,Senti0.41-0.60,Senti0.61-0.80,Senti0.81-1.00,SentiTotal
2.91630420294368E-5,0.8826122070333627,0.27732026517971237,0.2575895004170461,6.0,3.0,3.0,0.0,1.0,5.0637720334682165E-14