TraitMin,TraitMax,TraitAvg,TraitStdev,TraitTotal
168.0,560.0,288.0272108843538,104.62283551471388,246.06060606060606
