SentiMin,SentiMax,SentiAvg,SentiStdev,Senti0-0.20,Senti0.21-0.40,Senti0.41-0.60,Senti0.61-0.80,Senti0.81-1.00,SentiTotal
7.847776819669284E-7,0.9731595931617105,0.236533088707622,0.2708801582260844,6.0,4.0,2.0,0.0,1.0,7.076363615128504E-18