TimeMin,TimeMax,TimeAvg,TimeStdev,TimeTotal
800.0,3160.0,1569.2307692307693,768.7998793170235,20400.0
