TraitMin,TraitMax,TraitAvg,TraitStdev,TraitTotal
200.0,840.0,376.9746031746032,177.25361164733908,322.2535211267606
