TimeMin,TimeMax,TimeAvg,TimeStdev,TimeTotal
400.0,4080.0,1943.3333333333333,1126.2277251466016,23320.0
