TraitMin,TraitMax,TraitAvg,TraitStdev,TraitTotal
178.66666666666666,1000.0,416.79572510822516,224.98129665489608,303.3707865168539
