TraitMin,TraitMax,TraitAvg,TraitStdev,TraitTotal
220.0,920.0,433.7518518518518,196.37295704319249,341.70212765957444
