SentiMin,SentiMax,SentiAvg,SentiStdev,Senti0-0.20,Senti0.21-0.40,Senti0.41-0.60,Senti0.61-0.80,Senti0.81-1.00,SentiTotal
1.4580766559969116E-5,0.6584547019945785,0.18954859392986773,0.200873924025428,10.0,1.0,2.0,1.0,0.0,1.5358510593308207E-16