SentiMin,SentiMax,SentiAvg,SentiStdev,Senti0-0.20,Senti0.21-0.40,Senti0.41-0.60,Senti0.61-0.80,Senti0.81-1.00,SentiTotal
6.039690676880872E-6,0.49789225920557484,0.15824909957763644,0.1776759329973199,8.0,3.0,1.0,0.0,0.0,5.317225539829689E-19