SentiMin,SentiMax,SentiAvg,SentiStdev,Senti0-0.20,Senti0.21-0.40,Senti0.41-0.60,Senti0.61-0.80,Senti0.81-1.00,SentiTotal
7.489987556480291E-5,0.39697510199130176,0.12902636282163324,0.1577881016212294,8.0,4.0,0.0,0.0,0.0,1.3733138166227694E-18