SentiMin,SentiMax,SentiAvg,SentiStdev,Senti0-0.20,Senti0.21-0.40,Senti0.41-0.60,Senti0.61-0.80,Senti0.81-1.00,SentiTotal
0.09218688012541759,0.12458627714730125,0.10838657863635942,0.01619969851094183,2.0,0.0,0.0,0.0,0.0,0.014365050527358503