SentiMin,SentiMax,SentiAvg,SentiStdev,Senti0-0.20,Senti0.21-0.40,Senti0.41-0.60,Senti0.61-0.80,Senti0.81-1.00,SentiTotal
3.542127875712807E-6,0.5976081626565497,0.189325536461198,0.2155241938531163,7.0,3.0,3.0,0.0,0.0,1.7785286554400226E-23