SentiMin,SentiMax,SentiAvg,SentiStdev,Senti0-0.20,Senti0.21-0.40,Senti0.41-0.60,Senti0.61-0.80,Senti0.81-1.00,SentiTotal
0.002764853804532515,0.43974454113232964,0.11259054283858484,0.15011873165394546,5.0,0.0,1.0,0.0,0.0,1.5353593221724465E-8