TraitMin,TraitMax,TraitAvg,TraitStdev,TraitTotal
200.0,680.0,370.7304460245636,147.31657835670686,338.4070796460177
