TimeMin,TimeMax,TimeAvg,TimeStdev,TimeTotal
760.0,8320.0,2676.6666666666665,2245.0810428331733,32120.0
