TraitMin,TraitMax,TraitAvg,TraitStdev,TraitTotal
240.0,920.0,380.67676767676767,190.78847828038903,321.4035087719298
