TraitMin,TraitMax,TraitAvg,TraitStdev,TraitTotal
310.0,661.5384615384615,411.93406593406587,108.8950536683848,418.0487804878049
