SentiMin,SentiMax,SentiAvg,SentiStdev,Senti0-0.20,Senti0.21-0.40,Senti0.41-0.60,Senti0.61-0.80,Senti0.81-1.00,SentiTotal
3.6609353076596244E-4,0.49789225920557484,0.21905191450347572,0.16338432850040185,7.0,8.0,1.0,0.0,0.0,5.399173449039361E-15