TraitMin,TraitMax,TraitAvg,TraitStdev,TraitTotal
145.45454545454547,680.0,346.2331478045764,139.42601793526853,300.57142857142856
