TraitMin,TraitMax,TraitAvg,TraitStdev,TraitTotal
160.0,800.0,413.46031746031736,168.62198386981598,359.4805194805195
