TraitMin,TraitMax,TraitAvg,TraitStdev,TraitTotal
216.0,800.0,415.42857142857144,154.33071433695596,349.6969696969697
