SentiMin,SentiMax,SentiAvg,SentiStdev,Senti0-0.20,Senti0.21-0.40,Senti0.41-0.60,Senti0.61-0.80,Senti0.81-1.00,SentiTotal
0.0014519342277912839,0.9722971895056077,0.3297679059901152,0.4543732910181764,2.0,0.0,0.0,0.0,1.0,8.193836674133606E-4