TraitMin,TraitMax,TraitAvg,TraitStdev,TraitTotal
270.7692307692308,480.0,336.85897435897436,83.61301685605659,324.13793103448273
