TraitMin,TraitMax,TraitAvg,TraitStdev,TraitTotal
232.0,491.42857142857144,353.7354497354497,106.51066109111285,414.85714285714283
