SentiMin,SentiMax,SentiAvg,SentiStdev,Senti0-0.20,Senti0.21-0.40,Senti0.41-0.60,Senti0.61-0.80,Senti0.81-1.00,SentiTotal
3.4468209632973506E-6,0.9804195420524876,0.40056894949592026,0.34055820824531174,4.0,2.0,1.0,1.0,2.0,2.536569278422939E-7