SentiMin,SentiMax,SentiAvg,SentiStdev,Senti0-0.20,Senti0.21-0.40,Senti0.41-0.60,Senti0.61-0.80,Senti0.81-1.00,SentiTotal
2.0371393316612362E-4,0.801608548573012,0.2496625898460975,0.290472582043791,7.0,0.0,3.0,0.0,1.0,1.2493415464531956E-14