TimeMin,TimeMax,TimeAvg,TimeStdev,TimeTotal
1200.0,11440.0,4243.636363636364,2785.2314176001205,46680.0
