SentiMin,SentiMax,SentiAvg,SentiStdev,Senti0-0.20,Senti0.21-0.40,Senti0.41-0.60,Senti0.61-0.80,Senti0.81-1.00,SentiTotal
1.945048137157529E-4,0.41310307283129555,0.1320924167055456,0.1622980262773045,9.0,4.0,1.0,0.0,0.0,1.6235657459171254E-21