TimeMin,TimeMax,TimeAvg,TimeStdev,TimeTotal
480.0,5600.0,2254.285714285714,1310.6689365451864,31560.0
