SentiMin,SentiMax,SentiAvg,SentiStdev,Senti0-0.20,Senti0.21-0.40,Senti0.41-0.60,Senti0.61-0.80,Senti0.81-1.00,SentiTotal
2.998587936726278E-4,0.17834259321331314,0.06061277245816044,0.06933907139981978,4.0,0.0,0.0,0.0,0.0,6.948396073961884E-8