TimeMin,TimeMax,TimeAvg,TimeStdev,TimeTotal
520.0,8360.0,3203.6363636363635,2492.6045987982957,35240.0
