SentiMin,SentiMax,SentiAvg,SentiStdev,Senti0-0.20,Senti0.21-0.40,Senti0.41-0.60,Senti0.61-0.80,Senti0.81-1.00,SentiTotal
4.705219747920585E-5,0.31820487300311295,0.06277444186820957,0.09851112391135398,7.0,1.0,0.0,0.0,0.0,2.7933687936973166E-15