TraitMin,TraitMax,TraitAvg,TraitStdev,TraitTotal
220.0,680.0,377.18294051627385,157.9257076199572,363.5820895522388
