TraitMin,TraitMax,TraitAvg,TraitStdev,TraitTotal
280.0,500.0,352.94932844932845,66.57820986696284,341.4492753623188
