TimeMin,TimeMax,TimeAvg,TimeStdev,TimeTotal
680.0,8160.0,2706.6666666666665,2212.5299746870983,24360.0
