TraitMin,TraitMax,TraitAvg,TraitStdev,TraitTotal
216.47058823529412,496.0,355.30430353959764,86.48152322528678,350.97744360902254
