TraitMin,TraitMax,TraitAvg,TraitStdev,TraitTotal
245.0,540.0,366.3008478449655,84.72719525788865,355.86206896551727
