TraitMin,TraitMax,TraitAvg,TraitStdev,TraitTotal
240.0,557.3333333333334,362.1666666666667,90.65516304027359,400.45454545454544
