SentiMin,SentiMax,SentiAvg,SentiStdev,Senti0-0.20,Senti0.21-0.40,Senti0.41-0.60,Senti0.61-0.80,Senti0.81-1.00,SentiTotal
3.157714844036321E-5,0.9724700352814011,0.2732309840200106,0.2600192675301328,7.0,4.0,3.0,0.0,1.0,1.5545753104582593E-16