TraitMin,TraitMax,TraitAvg,TraitStdev,TraitTotal
135.0,720.0,391.6607142857143,200.38549220467812,280.95238095238096
