SentiMin,SentiMax,SentiAvg,SentiStdev,Senti0-0.20,Senti0.21-0.40,Senti0.41-0.60,Senti0.61-0.80,Senti0.81-1.00,SentiTotal
0.009559067113040108,0.49789225920557484,0.16829197505149562,0.1452011933522537,8.0,4.0,1.0,0.0,0.0,1.513074810281715E-12