SentiMin,SentiMax,SentiAvg,SentiStdev,Senti0-0.20,Senti0.21-0.40,Senti0.41-0.60,Senti0.61-0.80,Senti0.81-1.00,SentiTotal
0.0011301909786223811,0.39697510199130176,0.13433889255020837,0.15716150489735545,6.0,2.0,0.0,0.0,0.0,5.736896088985999E-12