TimeMin,TimeMax,TimeAvg,TimeStdev,TimeTotal
560.0,2040.0,1029.090909090909,473.9285436253128,11320.0
