SentiMin,SentiMax,SentiAvg,SentiStdev,Senti0-0.20,Senti0.21-0.40,Senti0.41-0.60,Senti0.61-0.80,Senti0.81-1.00,SentiTotal
0.0070929166960949155,0.3824184089288084,0.15923876882380344,0.11347168282312868,5.0,4.0,0.0,0.0,0.0,6.928205749028316E-9