TimeMin,TimeMax,TimeAvg,TimeStdev,TimeTotal
400.0,3200.0,1203.6363636363637,773.2725348951302,13240.0
