TraitMin,TraitMax,TraitAvg,TraitStdev,TraitTotal
185.0,840.0,396.3333333333333,200.11591878803884,313.6
