SentiMin,SentiMax,SentiAvg,SentiStdev,Senti0-0.20,Senti0.21-0.40,Senti0.41-0.60,Senti0.61-0.80,Senti0.81-1.00,SentiTotal
0.13333681799888938,0.6130078165032352,0.3328168341311628,0.155568954200387,2.0,5.0,1.0,1.0,0.0,9.453871184833365E-4