SentiMin,SentiMax,SentiAvg,SentiStdev,Senti0-0.20,Senti0.21-0.40,Senti0.41-0.60,Senti0.61-0.80,Senti0.81-1.00,SentiTotal
1.1386488988506037E-4,0.9999729677042135,0.31183457808478193,0.2490790899640222,5.0,7.0,1.0,0.0,1.0,1.4278586425300592E-8