TraitMin,TraitMax,TraitAvg,TraitStdev,TraitTotal
200.0,680.0,408.4523809523809,146.57798223226928,325.1063829787234
