SentiMin,SentiMax,SentiAvg,SentiStdev,Senti0-0.20,Senti0.21-0.40,Senti0.41-0.60,Senti0.61-0.80,Senti0.81-1.00,SentiTotal
0.06911276542934279,0.5136446707795853,0.3030138597287291,0.13058273147953664,3.0,7.0,1.0,0.0,0.0,2.8045094761569136E-5