SentiMin,SentiMax,SentiAvg,SentiStdev,Senti0-0.20,Senti0.21-0.40,Senti0.41-0.60,Senti0.61-0.80,Senti0.81-1.00,SentiTotal
0.014537842360255902,0.49789225920557484,0.18805466702554666,0.15807252196716098,4.0,2.0,1.0,0.0,0.0,1.3357431405876234E-6