TraitMin,TraitMax,TraitAvg,TraitStdev,TraitTotal
232.0,1790.0,551.3382173382173,409.78794594814815,477.5
