TraitMin,TraitMax,TraitAvg,TraitStdev,TraitTotal
165.0,560.0,383.5185185185185,110.85649839910778,334.6341463414634
