SentiMin,SentiMax,SentiAvg,SentiStdev,Senti0-0.20,Senti0.21-0.40,Senti0.41-0.60,Senti0.61-0.80,Senti0.81-1.00,SentiTotal
3.1088251739790586E-6,0.5136446707795853,0.2507171491471914,0.15166474322620763,4.0,5.0,2.0,0.0,0.0,3.170160839348658E-11