TimeMin,TimeMax,TimeAvg,TimeStdev,TimeTotal
560.0,3120.0,1524.4444444444443,660.3553102705157,13720.0
