TraitMin,TraitMax,TraitAvg,TraitStdev,TraitTotal
246.15384615384616,746.6666666666666,385.0442890442891,149.77080455305273,331.0
