TraitMin,TraitMax,TraitAvg,TraitStdev,TraitTotal
280.0,840.0,456.66666666666663,168.3490841715931,390.3448275862069
