TraitMin,TraitMax,TraitAvg,TraitStdev,TraitTotal
181.8181818181818,1060.0,504.8074592074592,336.4868526758208,309.03225806451616
