SentiMin,SentiMax,SentiAvg,SentiStdev,Senti0-0.20,Senti0.21-0.40,Senti0.41-0.60,Senti0.61-0.80,Senti0.81-1.00,SentiTotal
4.1974227736431165E-7,0.5425813081463245,0.16585300705358066,0.21972311474817355,3.0,0.0,1.0,0.0,0.0,1.9841932170241894E-9