SentiMin,SentiMax,SentiAvg,SentiStdev,Senti0-0.20,Senti0.21-0.40,Senti0.41-0.60,Senti0.61-0.80,Senti0.81-1.00,SentiTotal
0.0020746946457103404,0.39697510199130176,0.26603536976412107,0.12575287613725442,2.0,6.0,0.0,0.0,0.0,5.16460496512735E-6