SentiMin,SentiMax,SentiAvg,SentiStdev,Senti0-0.20,Senti0.21-0.40,Senti0.41-0.60,Senti0.61-0.80,Senti0.81-1.00,SentiTotal
2.420957487053923E-6,0.5159436667231726,0.17685621310929392,0.20031177580047593,8.0,1.0,3.0,0.0,0.0,7.065811487050361E-18