SentiMin,SentiMax,SentiAvg,SentiStdev,Senti0-0.20,Senti0.21-0.40,Senti0.41-0.60,Senti0.61-0.80,Senti0.81-1.00,SentiTotal
6.684378780349156E-4,0.47589482758792406,0.14051965682121453,0.1604867873325849,7.0,2.0,1.0,0.0,0.0,2.165055880060667E-15