TimeMin,TimeMax,TimeAvg,TimeStdev,TimeTotal
1000.0,2560.0,1555.5555555555557,635.94393727594,14000.0
