SentiMin,SentiMax,SentiAvg,SentiStdev,Senti0-0.20,Senti0.21-0.40,Senti0.41-0.60,Senti0.61-0.80,Senti0.81-1.00,SentiTotal
2.5556631515147554E-4,0.9992508813703757,0.3020663659933587,0.3766699535362404,7.0,0.0,1.0,0.0,2.0,1.1823942540004936E-7