TraitMin,TraitMax,TraitAvg,TraitStdev,TraitTotal
160.0,1000.0,426.4761904761904,253.63033073984235,328.3720930232558
