TraitMin,TraitMax,TraitAvg,TraitStdev,TraitTotal
266.6666666666667,773.3333333333334,499.0648148148148,155.3844652702615,440.9756097560976
