TimeMin,TimeMax,TimeAvg,TimeStdev,TimeTotal
1040.0,3720.0,2075.5555555555557,782.5756777194297,18680.0
