TimeMin,TimeMax,TimeAvg,TimeStdev,TimeTotal
560.0,4880.0,1709.090909090909,1155.1737731964797,18800.0
