SentiMin,SentiMax,SentiAvg,SentiStdev,Senti0-0.20,Senti0.21-0.40,Senti0.41-0.60,Senti0.61-0.80,Senti0.81-1.00,SentiTotal
2.467715682740364E-4,0.8145788278024534,0.33862937261382364,0.21669199077738568,2.0,6.0,2.0,0.0,1.0,2.540547244670574E-8