TraitMin,TraitMax,TraitAvg,TraitStdev,TraitTotal
200.0,560.0,335.08010508010506,96.97108437362866,306.2295081967213
