TimeMin,TimeMax,TimeAvg,TimeStdev,TimeTotal
600.0,3240.0,1715.5555555555557,880.6955724641886,15440.0
