TraitMin,TraitMax,TraitAvg,TraitStdev,TraitTotal
220.0,1000.0,440.9649122807018,253.402493961345,427.22222222222223
