SentiMin,SentiMax,SentiAvg,SentiStdev,Senti0-0.20,Senti0.21-0.40,Senti0.41-0.60,Senti0.61-0.80,Senti0.81-1.00,SentiTotal
0.06820995739418645,0.6876986146104361,0.40606193678748637,0.1902406036665728,2.0,3.0,3.0,1.0,0.0,0.02096722043511896