SentiMin,SentiMax,SentiAvg,SentiStdev,Senti0-0.20,Senti0.21-0.40,Senti0.41-0.60,Senti0.61-0.80,Senti0.81-1.00,SentiTotal
0.002253032343333766,0.9330504659507194,0.36651581138024264,0.32319855710315426,3.0,1.0,2.0,1.0,1.0,1.0809322985928214E-6