SentiMin,SentiMax,SentiAvg,SentiStdev,Senti0-0.20,Senti0.21-0.40,Senti0.41-0.60,Senti0.61-0.80,Senti0.81-1.00,SentiTotal
0.15084783393513923,0.31820487300311295,0.2345263534691261,0.08367851953398686,1.0,1.0,0.0,0.0,0.0,0.07716036463799378