TraitMin,TraitMax,TraitAvg,TraitStdev,TraitTotal
207.27272727272728,1000.0,403.97907647907647,214.1838735203287,376.1290322580645
