TraitMin,TraitMax,TraitAvg,TraitStdev,TraitTotal
300.0,785.4545454545455,453.1818181818182,150.9821017250797,484.8
