TraitMin,TraitMax,TraitAvg,TraitStdev,TraitTotal
232.0,1000.0,655.037037037037,307.20485964377536,469.5652173913044
