TraitMin,TraitMax,TraitAvg,TraitStdev,TraitTotal
210.0,1520.0,835.8181818181819,404.07780937965134,522.2222222222222
