SentiMin,SentiMax,SentiAvg,SentiStdev,Senti0-0.20,Senti0.21-0.40,Senti0.41-0.60,Senti0.61-0.80,Senti0.81-1.00,SentiTotal
0.00255368143015883,0.2529114512204408,0.09285597743607638,0.09289958244538965,7.0,2.0,0.0,0.0,0.0,8.203827024357983E-13