TimeMin,TimeMax,TimeAvg,TimeStdev,TimeTotal
840.0,6840.0,1943.3333333333333,1590.593879306999,23320.0
