SentiMin,SentiMax,SentiAvg,SentiStdev,Senti0-0.20,Senti0.21-0.40,Senti0.41-0.60,Senti0.61-0.80,Senti0.81-1.00,SentiTotal
6.679481073273725E-5,0.9783703643147987,0.29964218789982267,0.33900510840931414,6.0,2.0,2.0,0.0,2.0,1.2331006481418209E-10