TraitMin,TraitMax,TraitAvg,TraitStdev,TraitTotal
250.0,1080.0,453.5555555555556,250.8968604185816,425.2307692307692
