SentiMin,SentiMax,SentiAvg,SentiStdev,Senti0-0.20,Senti0.21-0.40,Senti0.41-0.60,Senti0.61-0.80,Senti0.81-1.00,SentiTotal
0.003960643106198582,0.8165854105797415,0.2767165605126554,0.2800358804660589,4.0,1.0,2.0,0.0,1.0,7.512810254956598E-8