SentiMin,SentiMax,SentiAvg,SentiStdev,Senti0-0.20,Senti0.21-0.40,Senti0.41-0.60,Senti0.61-0.80,Senti0.81-1.00,SentiTotal
0.15585040364727296,0.9890886024323492,0.47090464401190385,0.25184953957737755,1.0,4.0,2.0,1.0,1.0,0.7759957736939386