SentiMin,SentiMax,SentiAvg,SentiStdev,Senti0-0.20,Senti0.21-0.40,Senti0.41-0.60,Senti0.61-0.80,Senti0.81-1.00,SentiTotal
0.01991002628600184,0.40220708876493577,0.16679735469470297,0.16050260547351128,3.0,1.0,1.0,0.0,0.0,1.554952091261824E-5