SentiMin,SentiMax,SentiAvg,SentiStdev,Senti0-0.20,Senti0.21-0.40,Senti0.41-0.60,Senti0.61-0.80,Senti0.81-1.00,SentiTotal
5.343173251662958E-7,0.7520445338628112,0.20369705886668407,0.25002908304197025,6.0,2.0,1.0,1.0,0.0,3.9393584617227446E-21