TraitMin,TraitMax,TraitAvg,TraitStdev,TraitTotal
177.14285714285714,1200.0,583.1348361783143,343.99031694367153,400.0
