SentiMin,SentiMax,SentiAvg,SentiStdev,Senti0-0.20,Senti0.21-0.40,Senti0.41-0.60,Senti0.61-0.80,Senti0.81-1.00,SentiTotal
0.034793286516759836,0.9461418355204886,0.37062272092337833,0.28432590748761366,3.0,1.0,3.0,0.0,1.0,0.0036466012322399813