TraitMin,TraitMax,TraitAvg,TraitStdev,TraitTotal
140.0,1080.0,486.74603174603175,302.6572711572094,377.6271186440678
