TraitMin,TraitMax,TraitAvg,TraitStdev,TraitTotal
166.66666666666666,706.6666666666666,430.15217723453014,143.79862111296262,419.4871794871795
