TimeMin,TimeMax,TimeAvg,TimeStdev,TimeTotal
520.0,5240.0,2017.142857142857,1678.6194522005644,14120.0
