SentiMin,SentiMax,SentiAvg,SentiStdev,Senti0-0.20,Senti0.21-0.40,Senti0.41-0.60,Senti0.61-0.80,Senti0.81-1.00,SentiTotal
2.1831161932071364E-5,0.21921412548362115,0.09764438026960467,0.08956932055978914,5.0,2.0,0.0,0.0,0.0,2.2319466203523117E-12