TraitMin,TraitMax,TraitAvg,TraitStdev,TraitTotal
255.65217391304347,1000.0,577.3297101449275,275.7231861880704,462.85714285714283
