TraitMin,TraitMax,TraitAvg,TraitStdev,TraitTotal
182.85714285714286,1000.0,517.1534391534392,265.609857708361,406.3157894736842
