TimeMin,TimeMax,TimeAvg,TimeStdev,TimeTotal
760.0,6840.0,1856.6666666666667,1610.7520672723729,22280.0
