SentiMin,SentiMax,SentiAvg,SentiStdev,Senti0-0.20,Senti0.21-0.40,Senti0.41-0.60,Senti0.61-0.80,Senti0.81-1.00,SentiTotal
0.0031571418064213824,0.5345988412573294,0.0989872663514418,0.1829569378369936,6.0,0.0,1.0,0.0,0.0,5.479489160650238E-13