SentiMin,SentiMax,SentiAvg,SentiStdev,Senti0-0.20,Senti0.21-0.40,Senti0.41-0.60,Senti0.61-0.80,Senti0.81-1.00,SentiTotal
0.04064961423644511,0.21921412548362115,0.15103840770609014,0.06822986241911172,3.0,1.0,0.0,0.0,0.0,5.196585441576744E-4