TimeMin,TimeMax,TimeAvg,TimeStdev,TimeTotal
600.0,9280.0,2714.285714285714,2836.047839324784,19000.0
