TraitMin,TraitMax,TraitAvg,TraitStdev,TraitTotal
360.0,2205.714285714286,1025.7142857142856,664.4541517124347,1052.1739130434783
