TraitMin,TraitMax,TraitAvg,TraitStdev,TraitTotal
266.6666666666667,1115.0,669.7159090909091,319.35827274027804,578.1818181818181
