TraitMin,TraitMax,TraitAvg,TraitStdev,TraitTotal
280.0,1000.0,738.3333333333334,278.22353123582724,710.7692307692307
