SentiMin,SentiMax,SentiAvg,SentiStdev,Senti0-0.20,Senti0.21-0.40,Senti0.41-0.60,Senti0.61-0.80,Senti0.81-1.00,SentiTotal
0.01223715213196759,0.6156033789779767,0.3472481378414742,0.19485304668517567,1.0,3.0,1.0,1.0,0.0,0.0019416312417475945