TraitMin,TraitMax,TraitAvg,TraitStdev,TraitTotal
173.33333333333334,1590.0,642.4999999999999,432.125168337961,545.6470588235294
