SentiMin,SentiMax,SentiAvg,SentiStdev,Senti0-0.20,Senti0.21-0.40,Senti0.41-0.60,Senti0.61-0.80,Senti0.81-1.00,SentiTotal
0.0093171361132114,0.43796879524747484,0.1505081789287356,0.14097625155343257,5.0,1.0,1.0,0.0,0.0,5.8641837930279075E-8