TimeMin,TimeMax,TimeAvg,TimeStdev,TimeTotal
680.0,5680.0,3006.6666666666665,1999.5221651406841,18040.0
