TraitMin,TraitMax,TraitAvg,TraitStdev,TraitTotal
493.3333333333333,1000.0,740.2353896103896,179.10046108111518,672.7868852459017
