TraitMin,TraitMax,TraitAvg,TraitStdev,TraitTotal
183.33333333333334,1180.0,666.025641025641,415.17003400229265,585.9459459459459
