TraitMin,TraitMax,TraitAvg,TraitStdev,TraitTotal
224.0,570.9090909090909,334.2628066378067,119.68141989069075,335.69620253164555
