TraitMin,TraitMax,TraitAvg,TraitStdev,TraitTotal
280.0,1000.0,653.0980392156863,280.91785629228406,518.1818181818181
