TraitMin,TraitMax,TraitAvg,TraitStdev,TraitTotal
245.0,1000.0,459.22222222222223,254.19565712019048,374.54545454545456
