SentiMin,SentiMax,SentiAvg,SentiStdev,Senti0-0.20,Senti0.21-0.40,Senti0.41-0.60,Senti0.61-0.80,Senti0.81-1.00,SentiTotal
0.01679780881510572,0.5747636490608886,0.3264170564093637,0.1892126073499016,1.0,2.0,3.0,0.0,0.0,4.816148430956955E-4