SentiMin,SentiMax,SentiAvg,SentiStdev,Senti0-0.20,Senti0.21-0.40,Senti0.41-0.60,Senti0.61-0.80,Senti0.81-1.00,SentiTotal
6.90760907516335E-7,0.5133994340264058,0.21127769325311563,0.17566347927971077,3.0,4.0,1.0,0.0,0.0,1.0211008085848258E-11