TraitMin,TraitMax,TraitAvg,TraitStdev,TraitTotal
392.0,1620.0,740.6666666666666,410.08237654836563,650.2857142857143
