TimeMin,TimeMax,TimeAvg,TimeStdev,TimeTotal
1000.0,15440.0,4033.3333333333335,5155.471742613753,24200.0
