SentiMin,SentiMax,SentiAvg,SentiStdev,Senti0-0.20,Senti0.21-0.40,Senti0.41-0.60,Senti0.61-0.80,Senti0.81-1.00,SentiTotal
6.198685276250717E-5,0.8787146241975131,0.2410020373923591,0.3133282118907164,5.0,0.0,2.0,0.0,1.0,8.097725108766976E-14