TraitMin,TraitMax,TraitAvg,TraitStdev,TraitTotal
160.0,3360.0,867.7619047619047,1039.7909850142994,450.6666666666667
