TraitMin,TraitMax,TraitAvg,TraitStdev,TraitTotal
313.3333333333333,1440.0,811.5079365079364,417.3161830964925,636.3636363636364
