TimeMin,TimeMax,TimeAvg,TimeStdev,TimeTotal
840.0,11400.0,4115.555555555556,4146.964381357394,37040.0
