TraitMin,TraitMax,TraitAvg,TraitStdev,TraitTotal
320.0,2480.0,1036.4770723104057,627.7988427207245,726.2745098039215
