TraitMin,TraitMax,TraitAvg,TraitStdev,TraitTotal
123.07692307692308,1000.0,526.426282051282,266.59069151235474,426.3636363636364
