TraitMin,TraitMax,TraitAvg,TraitStdev,TraitTotal
133.33333333333334,1520.0,786.9444444444445,493.6189269686975,602.8571428571429
