SentiMin,SentiMax,SentiAvg,SentiStdev,Senti0-0.20,Senti0.21-0.40,Senti0.41-0.60,Senti0.61-0.80,Senti0.81-1.00,SentiTotal
4.533960676308799E-4,0.6707378933945848,0.36508193553593005,0.19812114513003418,2.0,4.0,3.0,1.0,0.0,4.7290388912260974E-7