SentiMin,SentiMax,SentiAvg,SentiStdev,Senti0-0.20,Senti0.21-0.40,Senti0.41-0.60,Senti0.61-0.80,Senti0.81-1.00,SentiTotal
3.434515291045339E-5,0.5628056929000496,0.22228987595612273,0.225898606913925,4.0,1.0,3.0,0.0,0.0,1.0487430923723384E-11