TimeMin,TimeMax,TimeAvg,TimeStdev,TimeTotal
800.0,9120.0,2813.3333333333335,2877.838695193939,16880.0
