TraitMin,TraitMax,TraitAvg,TraitStdev,TraitTotal
266.6666666666667,811.4285714285714,552.063492063492,215.59015081105207,563.75
