SentiMin,SentiMax,SentiAvg,SentiStdev,Senti0-0.20,Senti0.21-0.40,Senti0.41-0.60,Senti0.61-0.80,Senti0.81-1.00,SentiTotal
0.019190479026938635,0.7053951871576375,0.2808849607460582,0.23777795063358978,2.0,2.0,1.0,1.0,0.0,3.989579049663889E-5