TimeMin,TimeMax,TimeAvg,TimeStdev,TimeTotal
1000.0,13600.0,3613.3333333333335,4497.090417394587,21680.0
