TimeMin,TimeMax,TimeAvg,TimeStdev,TimeTotal
840.0,3360.0,1931.4285714285713,870.524120801922,13520.0
