SentiMin,SentiMax,SentiAvg,SentiStdev,Senti0-0.20,Senti0.21-0.40,Senti0.41-0.60,Senti0.61-0.80,Senti0.81-1.00,SentiTotal
4.245084707586265E-4,0.6927512433410136,0.1850654797930276,0.24456886091953628,4.0,1.0,0.0,1.0,0.0,5.267203507014031E-10