TraitMin,TraitMax,TraitAvg,TraitStdev,TraitTotal
300.0,1000.0,544.249433106576,226.0214795679695,469.4736842105263
