SentiMin,SentiMax,SentiAvg,SentiStdev,Senti0-0.20,Senti0.21-0.40,Senti0.41-0.60,Senti0.61-0.80,Senti0.81-1.00,SentiTotal
1.001679544989565E-5,0.5798477581712541,0.21704664965056875,0.21879630979143871,3.0,2.0,2.0,0.0,0.0,4.6984973542868636E-11