SentiMin,SentiMax,SentiAvg,SentiStdev,Senti0-0.20,Senti0.21-0.40,Senti0.41-0.60,Senti0.61-0.80,Senti0.81-1.00,SentiTotal
6.257250346453939E-4,0.6707378933945848,0.1940114583048123,0.2367324218118218,5.0,1.0,1.0,1.0,0.0,4.242681606714168E-10