TimeMin,TimeMax,TimeAvg,TimeStdev,TimeTotal
3000.0,6800.0,3822.8571428571427,1274.4266417907788,26760.0
