TraitMin,TraitMax,TraitAvg,TraitStdev,TraitTotal
395.55555555555554,1000.0,598.8888888888889,237.16692043400184,482.0
