SentiMin,SentiMax,SentiAvg,SentiStdev,Senti0-0.20,Senti0.21-0.40,Senti0.41-0.60,Senti0.61-0.80,Senti0.81-1.00,SentiTotal
0.009872886611805303,0.4714637659153033,0.2782601485098266,0.18842152741591434,2.0,0.0,2.0,0.0,0.0,0.0017052324918154897