TraitMin,TraitMax,TraitAvg,TraitStdev,TraitTotal
256.0,2040.0,943.8730158730159,538.5234088033463,760.0
