TimeMin,TimeMax,TimeAvg,TimeStdev,TimeTotal
1000.0,7520.0,3257.1428571428573,2291.6351884047112,22800.0
