SentiMin,SentiMax,SentiAvg,SentiStdev,Senti0-0.20,Senti0.21-0.40,Senti0.41-0.60,Senti0.61-0.80,Senti0.81-1.00,SentiTotal
0.0038253338438267084,0.5755436691302463,0.23782071732939403,0.21275947504012643,3.0,1.0,2.0,0.0,0.0,6.835027848026701E-6