SentiMin,SentiMax,SentiAvg,SentiStdev,Senti0-0.20,Senti0.21-0.40,Senti0.41-0.60,Senti0.61-0.80,Senti0.81-1.00,SentiTotal
9.242177236632362E-4,0.5414160364383878,0.2643883238227893,0.17763845298889994,2.0,4.0,1.0,0.0,0.0,3.2279297619599127E-6