SentiMin,SentiMax,SentiAvg,SentiStdev,Senti0-0.20,Senti0.21-0.40,Senti0.41-0.60,Senti0.61-0.80,Senti0.81-1.00,SentiTotal
0.005557838897973727,0.6624055896622104,0.23683742849932807,0.19873272057389024,5.0,5.0,1.0,1.0,0.0,7.83577761628128E-11