TraitMin,TraitMax,TraitAvg,TraitStdev,TraitTotal
217.14285714285714,680.0,422.2161172161172,128.61223693086222,331.30434782608694
