SentiMin,SentiMax,SentiAvg,SentiStdev,Senti0-0.20,Senti0.21-0.40,Senti0.41-0.60,Senti0.61-0.80,Senti0.81-1.00,SentiTotal
0.19662877165583925,0.7053820391863074,0.441949065822876,0.1655818406209509,1.0,1.0,2.0,1.0,0.0,0.14823244132874572