TraitMin,TraitMax,TraitAvg,TraitStdev,TraitTotal
177.14285714285714,760.0,440.0674603174603,196.50995183692316,338.1818181818182
