TraitMin,TraitMax,TraitAvg,TraitStdev,TraitTotal
185.0,800.0,346.80952380952385,193.26795751329433,265.3333333333333
