SentiMin,SentiMax,SentiAvg,SentiStdev,Senti0-0.20,Senti0.21-0.40,Senti0.41-0.60,Senti0.61-0.80,Senti0.81-1.00,SentiTotal
0.02607699517889007,0.9410648101332474,0.41981479851252124,0.33682467354725126,2.0,0.0,2.0,0.0,1.0,0.04482055029392556