SentiMin,SentiMax,SentiAvg,SentiStdev,Senti0-0.20,Senti0.21-0.40,Senti0.41-0.60,Senti0.61-0.80,Senti0.81-1.00,SentiTotal
0.02607699517889007,0.5136446707795853,0.32576011512508474,0.1516209492639214,2.0,4.0,4.0,0.0,0.0,3.433320996818433E-5