TimeMin,TimeMax,TimeAvg,TimeStdev,TimeTotal
640.0,3040.0,1172.3076923076924,648.099634388629,15240.0
