SentiMin,SentiMax,SentiAvg,SentiStdev,Senti0-0.20,Senti0.21-0.40,Senti0.41-0.60,Senti0.61-0.80,Senti0.81-1.00,SentiTotal
0.00271026595461969,0.5339535652335025,0.25066258279135745,0.17393263020859795,3.0,2.0,2.0,0.0,0.0,6.0893564510693485E-6