TraitMin,TraitMax,TraitAvg,TraitStdev,TraitTotal
266.6666666666667,760.0,404.33333333333337,139.04475698293857,383.44827586206895
