TraitMin,TraitMax,TraitAvg,TraitStdev,TraitTotal
293.3333333333333,600.0,418.66666666666663,126.36103478173607,386.6666666666667
