SentiMin,SentiMax,SentiAvg,SentiStdev,Senti0-0.20,Senti0.21-0.40,Senti0.41-0.60,Senti0.61-0.80,Senti0.81-1.00,SentiTotal
4.3717637959416246E-5,0.8164008613512808,0.29385186851112244,0.22304060815439564,6.0,4.0,2.0,0.0,1.0,3.6449365723915026E-11