TraitMin,TraitMax,TraitAvg,TraitStdev,TraitTotal
266.6666666666667,640.0,420.0,137.6630346574966,374.54545454545456
