SentiMin,SentiMax,SentiAvg,SentiStdev,Senti0-0.20,Senti0.21-0.40,Senti0.41-0.60,Senti0.61-0.80,Senti0.81-1.00,SentiTotal
0.018587495074450937,0.49789225920557484,0.30679095037615234,0.19556597994153369,1.0,1.0,2.0,0.0,0.0,0.005344202543397872