TraitMin,TraitMax,TraitAvg,TraitStdev,TraitTotal
182.85714285714286,1000.0,477.5026455026456,286.4835702703132,352.258064516129
