TraitMin,TraitMax,TraitAvg,TraitStdev,TraitTotal
220.0,700.0,388.25396825396825,160.4962071261799,393.3333333333333
