TimeMin,TimeMax,TimeAvg,TimeStdev,TimeTotal
800.0,6120.0,3102.222222222222,1800.6528308599495,27920.0
