TraitMin,TraitMax,TraitAvg,TraitStdev,TraitTotal
194.28571428571428,520.0,323.6266955266955,102.49774272901827,279.52941176470586
