TimeMin,TimeMax,TimeAvg,TimeStdev,TimeTotal
560.0,1760.0,893.3333333333334,400.44419780483213,5360.0
