SentiMin,SentiMax,SentiAvg,SentiStdev,Senti0-0.20,Senti0.21-0.40,Senti0.41-0.60,Senti0.61-0.80,Senti0.81-1.00,SentiTotal
0.003031939496681477,0.5628056929000496,0.33143180748903245,0.19597771425747604,2.0,3.0,3.0,0.0,0.0,2.3049411341615594E-5