SentiMin,SentiMax,SentiAvg,SentiStdev,Senti0-0.20,Senti0.21-0.40,Senti0.41-0.60,Senti0.61-0.80,Senti0.81-1.00,SentiTotal
0.013791392021820257,0.921316671420893,0.40477941382676264,0.3291752471642243,3.0,1.0,1.0,1.0,1.0,0.005790103239245519