TraitMin,TraitMax,TraitAvg,TraitStdev,TraitTotal
226.66666666666666,720.0,423.93939393939394,167.999628317399,393.3333333333333
