TraitMin,TraitMax,TraitAvg,TraitStdev,TraitTotal
223.33333333333334,400.0,308.92744682218364,63.014852889010825,306.8131868131868
