TraitMin,TraitMax,TraitAvg,TraitStdev,TraitTotal
245.0,568.0,400.92063492063494,107.76339905722556,372.07547169811323
