TraitMin,TraitMax,TraitAvg,TraitStdev,TraitTotal
273.6842105263158,640.0,443.42105263157896,130.39759144997916,320.0
