TimeMin,TimeMax,TimeAvg,TimeStdev,TimeTotal
680.0,2840.0,1662.857142857143,712.9358673965058,11640.0
