TimeMin,TimeMax,TimeAvg,TimeStdev,TimeTotal
1120.0,6320.0,3502.222222222222,1759.506103540156,31520.0
