TraitMin,TraitMax,TraitAvg,TraitStdev,TraitTotal
170.0,613.3333333333334,482.93650793650795,157.73779075542143,502.0
