TraitMin,TraitMax,TraitAvg,TraitStdev,TraitTotal
251.42857142857142,760.0,484.1269841269841,189.52593654917663,357.3333333333333
