TraitMin,TraitMax,TraitAvg,TraitStdev,TraitTotal
204.0,760.0,444.9642857142857,185.1360744734223,335.23809523809524
