TraitMin,TraitMax,TraitAvg,TraitStdev,TraitTotal
213.33333333333334,628.0,469.07575757575756,157.57473703049473,419.3939393939394
