SentiMin,SentiMax,SentiAvg,SentiStdev,Senti0-0.20,Senti0.21-0.40,Senti0.41-0.60,Senti0.61-0.80,Senti0.81-1.00,SentiTotal
0.0010382691791155935,0.6323720940364075,0.21242121624445948,0.18473258215642066,3.0,5.0,0.0,1.0,0.0,3.802226163701035E-9