SentiMin,SentiMax,SentiAvg,SentiStdev,Senti0-0.20,Senti0.21-0.40,Senti0.41-0.60,Senti0.61-0.80,Senti0.81-1.00,SentiTotal
0.0012639263959909098,0.9173302806684037,0.374045863779332,0.2887760672169799,1.0,3.0,1.0,0.0,1.0,7.199726861002487E-4