SentiMin,SentiMax,SentiAvg,SentiStdev,Senti0-0.20,Senti0.21-0.40,Senti0.41-0.60,Senti0.61-0.80,Senti0.81-1.00,SentiTotal
2.0986885220187048E-5,0.7653844381700772,0.1822851584041649,0.2698668839574503,6.0,0.0,1.0,1.0,0.0,8.27256517294288E-15