SentiMin,SentiMax,SentiAvg,SentiStdev,Senti0-0.20,Senti0.21-0.40,Senti0.41-0.60,Senti0.61-0.80,Senti0.81-1.00,SentiTotal
8.557419803643239E-4,0.33271057985847624,0.11822373839822051,0.11825996421532249,5.0,2.0,0.0,0.0,0.0,8.09365971366401E-11