TraitMin,TraitMax,TraitAvg,TraitStdev,TraitTotal
240.0,640.0,453.8888888888889,117.63749507241975,431.1111111111111
