SentiMin,SentiMax,SentiAvg,SentiStdev,Senti0-0.20,Senti0.21-0.40,Senti0.41-0.60,Senti0.61-0.80,Senti0.81-1.00,SentiTotal
1.0615992031801988E-4,0.6533728262591546,0.09948972939026751,0.19809196318982053,8.0,0.0,0.0,1.0,0.0,2.862207809155848E-17