SentiMin,SentiMax,SentiAvg,SentiStdev,Senti0-0.20,Senti0.21-0.40,Senti0.41-0.60,Senti0.61-0.80,Senti0.81-1.00,SentiTotal
8.394520466628972E-4,0.4467954759050763,0.20860755369583156,0.14095952707711656,4.0,8.0,2.0,0.0,0.0,6.870343308790631E-13