TraitMin,TraitMax,TraitAvg,TraitStdev,TraitTotal
79.5,800.0,459.1862745098039,202.64139646983512,388.71875
