SentiMin,SentiMax,SentiAvg,SentiStdev,Senti0-0.20,Senti0.21-0.40,Senti0.41-0.60,Senti0.61-0.80,Senti0.81-1.00,SentiTotal
8.428765698815182E-4,0.49789225920557484,0.20148744398060245,0.21469419716138233,4.0,2.0,2.0,0.0,0.0,1.0507490094718885E-12