SentiMin,SentiMax,SentiAvg,SentiStdev,Senti0-0.20,Senti0.21-0.40,Senti0.41-0.60,Senti0.61-0.80,Senti0.81-1.00,SentiTotal
0.013919303780393646,0.8838986851987098,0.33729510409387564,0.2652523346663994,4.0,1.0,5.0,0.0,1.0,2.3115660034308815E-6