SentiMin,SentiMax,SentiAvg,SentiStdev,Senti0-0.20,Senti0.21-0.40,Senti0.41-0.60,Senti0.61-0.80,Senti0.81-1.00,SentiTotal
1.8264990739404233E-5,0.47495978137000844,0.10246691443920487,0.16372340817546496,7.0,1.0,1.0,0.0,0.0,1.0134364661695266E-23