SentiMin,SentiMax,SentiAvg,SentiStdev,Senti0-0.20,Senti0.21-0.40,Senti0.41-0.60,Senti0.61-0.80,Senti0.81-1.00,SentiTotal
1.2409433691368272E-8,0.4898631585877994,0.1794902184809094,0.1838578953366772,6.0,2.0,2.0,0.0,0.0,6.015832856561644E-23