TimeMin,TimeMax,TimeAvg,TimeStdev,TimeTotal
560.0,1680.0,1108.5714285714287,295.6556187491778,15520.0
