TimeMin,TimeMax,TimeAvg,TimeStdev,TimeTotal
680.0,4960.0,1685.7142857142858,1378.9318551779452,11800.0
