TraitMin,TraitMax,TraitAvg,TraitStdev,TraitTotal
186.33333333333334,1274.0,454.6676934176934,271.9241063740858,367.67857142857144
