TraitMin,TraitMax,TraitAvg,TraitStdev,TraitTotal
287.0833333333333,1043.0,476.89924757781904,244.67421248446138,370.1458333333333
