SentiMin,SentiMax,SentiAvg,SentiStdev,Senti0-0.20,Senti0.21-0.40,Senti0.41-0.60,Senti0.61-0.80,Senti0.81-1.00,SentiTotal
0.0864820593882376,0.9938982680190493,0.4192103748118504,0.3312578128051188,3.0,3.0,0.0,0.0,2.0,0.354378045302204