SentiMin,SentiMax,SentiAvg,SentiStdev,Senti0-0.20,Senti0.21-0.40,Senti0.41-0.60,Senti0.61-0.80,Senti0.81-1.00,SentiTotal
8.090766643099672E-5,0.6496367682472363,0.24181743099063446,0.20440495972841266,3.0,5.0,0.0,1.0,0.0,2.042943901120884E-12