SentiMin,SentiMax,SentiAvg,SentiStdev,Senti0-0.20,Senti0.21-0.40,Senti0.41-0.60,Senti0.61-0.80,Senti0.81-1.00,SentiTotal
2.4208888503008668E-5,0.5235104746909051,0.267204918711626,0.1877075196325016,3.0,4.0,3.0,0.0,0.0,2.8861579753466407E-11