SentiMin,SentiMax,SentiAvg,SentiStdev,Senti0-0.20,Senti0.21-0.40,Senti0.41-0.60,Senti0.61-0.80,Senti0.81-1.00,SentiTotal
0.027726588328558687,0.39697510199130176,0.21545159770798766,0.10383238263337663,2.0,5.0,0.0,0.0,0.0,2.9711159706825405E-5