TraitMin,TraitMax,TraitAvg,TraitStdev,TraitTotal
178.85714285714286,1207.0,608.2311688311688,305.15800203137684,486.6923076923077
