SentiMin,SentiMax,SentiAvg,SentiStdev,Senti0-0.20,Senti0.21-0.40,Senti0.41-0.60,Senti0.61-0.80,Senti0.81-1.00,SentiTotal
0.05413065512710954,0.39697510199130176,0.24273624976773112,0.11063007323244489,2.0,7.0,0.0,0.0,0.0,1.176875984446028E-5