TimeMin,TimeMax,TimeAvg,TimeStdev,TimeTotal
1053.0,3168.0,1819.5454545454545,724.6907006235473,20015.0
