TimeMin,TimeMax,TimeAvg,TimeStdev,TimeTotal
1012.0,2673.0,1393.3333333333333,543.1502759110247,12540.0
