SentiMin,SentiMax,SentiAvg,SentiStdev,Senti0-0.20,Senti0.21-0.40,Senti0.41-0.60,Senti0.61-0.80,Senti0.81-1.00,SentiTotal
0.21921412548362115,0.8488239097371925,0.4675611537571281,0.2100517225620313,0.0,3.0,1.0,0.0,1.0,0.38986155050163723