SentiMin,SentiMax,SentiAvg,SentiStdev,Senti0-0.20,Senti0.21-0.40,Senti0.41-0.60,Senti0.61-0.80,Senti0.81-1.00,SentiTotal
8.026963544281642E-7,0.5548866269185188,0.21146768891151427,0.21565192940741698,5.0,3.0,2.0,0.0,0.0,1.3614159959951648E-20