TraitMin,TraitMax,TraitAvg,TraitStdev,TraitTotal
216.0,1109.0,584.0925925925926,306.64250217910296,458.7567567567568
