TraitMin,TraitMax,TraitAvg,TraitStdev,TraitTotal
263.25,1191.0,545.7272727272727,250.392056449413,476.54761904761904
