TraitMin,TraitMax,TraitAvg,TraitStdev,TraitTotal
409.4,1393.0,855.4761904761906,325.7765178643739,681.5714285714286
