TraitMin,TraitMax,TraitAvg,TraitStdev,TraitTotal
317.0,1178.0,841.5833333333334,291.9941970504056,680.6666666666666
