SentiMin,SentiMax,SentiAvg,SentiStdev,Senti0-0.20,Senti0.21-0.40,Senti0.41-0.60,Senti0.61-0.80,Senti0.81-1.00,SentiTotal
0.0013080292544138733,0.7300840865009319,0.26959936537209744,0.2619705055695963,5.0,2.0,2.0,1.0,0.0,5.833062289238545E-9