SentiMin,SentiMax,SentiAvg,SentiStdev,Senti0-0.20,Senti0.21-0.40,Senti0.41-0.60,Senti0.61-0.80,Senti0.81-1.00,SentiTotal
0.029467237271015474,0.5666140499822833,0.2586877319151515,0.18723538396335207,5.0,3.0,3.0,0.0,0.0,2.051294846216118E-7