TraitMin,TraitMax,TraitAvg,TraitStdev,TraitTotal
327.4,1225.0,689.0133333333333,346.53999390803045,509.8235294117647
