TraitMin,TraitMax,TraitAvg,TraitStdev,TraitTotal
244.8,1066.0,574.4226671476673,183.87605999028202,503.60655737704917
