TraitMin,TraitMax,TraitAvg,TraitStdev,TraitTotal
297.14285714285717,1661.0,1025.8299319727892,379.6636312033735,706.2
