SentiMin,SentiMax,SentiAvg,SentiStdev,Senti0-0.20,Senti0.21-0.40,Senti0.41-0.60,Senti0.61-0.80,Senti0.81-1.00,SentiTotal
2.6013190028217615E-5,0.39697510199130176,0.07055605680553646,0.11581201095329877,10.0,1.0,0.0,0.0,0.0,7.593195757409344E-24