TraitMin,TraitMax,TraitAvg,TraitStdev,TraitTotal
215.10526315789474,1084.0,457.6242015294647,248.41514997460024,321.969696969697
