TimeMin,TimeMax,TimeAvg,TimeStdev,TimeTotal
1032.0,4256.0,2538.1428571428573,1149.3408581283732,17767.0
