SentiMin,SentiMax,SentiAvg,SentiStdev,Senti0-0.20,Senti0.21-0.40,Senti0.41-0.60,Senti0.61-0.80,Senti0.81-1.00,SentiTotal
0.0035310991767694274,0.47371072416927557,0.1902589418244412,0.2009776808407274,4.0,2.0,1.0,0.0,0.0,7.0835344311976375E-9