TimeMin,TimeMax,TimeAvg,TimeStdev,TimeTotal
1001.0,3105.0,1361.3333333333333,638.8576610725671,12252.0
