TraitMin,TraitMax,TraitAvg,TraitStdev,TraitTotal
208.0,1288.0,664.8785714285714,326.7327061613364,500.9428571428571
