SentiMin,SentiMax,SentiAvg,SentiStdev,Senti0-0.20,Senti0.21-0.40,Senti0.41-0.60,Senti0.61-0.80,Senti0.81-1.00,SentiTotal
0.020076567637716338,0.49789225920557484,0.27038941723640636,0.18510281511024887,2.0,3.0,2.0,0.0,0.0,4.7561909859221935E-5