TraitMin,TraitMax,TraitAvg,TraitStdev,TraitTotal
349.6666666666667,1096.0,845.9555555555555,261.09509359854803,696.6666666666666
