TraitMin,TraitMax,TraitAvg,TraitStdev,TraitTotal
256.75,1169.0,662.8916666666667,328.07712169210726,625.7333333333333
