TimeMin,TimeMax,TimeAvg,TimeStdev,TimeTotal
1045.0,2444.0,1513.2857142857142,519.9760198552331,10593.0
