SentiMin,SentiMax,SentiAvg,SentiStdev,Senti0-0.20,Senti0.21-0.40,Senti0.41-0.60,Senti0.61-0.80,Senti0.81-1.00,SentiTotal
3.3323330549741003E-4,0.43796879524747484,0.14846830327663443,0.14151530491766395,12.0,6.0,2.0,0.0,0.0,1.1626149416391097E-27