TraitMin,TraitMax,TraitAvg,TraitStdev,TraitTotal
200.0,1120.0,518.2564102564103,349.9522349298728,337.2972972972973
