TimeMin,TimeMax,TimeAvg,TimeStdev,TimeTotal
720.0,5920.0,1836.6666666666667,1463.4624088859343,22040.0
