SentiMin,SentiMax,SentiAvg,SentiStdev,Senti0-0.20,Senti0.21-0.40,Senti0.41-0.60,Senti0.61-0.80,Senti0.81-1.00,SentiTotal
0.011709884841506897,0.6323720940364075,0.28166761988811667,0.1963003374212504,5.0,4.0,3.0,1.0,0.0,2.99189887446608E-10