TraitMin,TraitMax,TraitAvg,TraitStdev,TraitTotal
411.42857142857144,411.42857142857144,411.42857142857144,0.0,411.42857142857144
