TimeMin,TimeMax,TimeAvg,TimeStdev,TimeTotal
320.0,2480.0,1455.3846153846155,652.6704361504757,18920.0
