TraitMin,TraitMax,TraitAvg,TraitStdev,TraitTotal
151.11111111111111,330.0,240.55555555555554,89.44444444444444,206.15384615384616
