TraitMin,TraitMax,TraitAvg,TraitStdev,TraitTotal
200.0,1080.0,430.6837606837607,270.2513825575575,320.6779661016949
