SentiMin,SentiMax,SentiAvg,SentiStdev,Senti0-0.20,Senti0.21-0.40,Senti0.41-0.60,Senti0.61-0.80,Senti0.81-1.00,SentiTotal
5.82289394114653E-7,0.3396237282580059,0.10906106080032774,0.12955704164374096,7.0,3.0,0.0,0.0,0.0,1.3384981015787347E-21