SentiMin,SentiMax,SentiAvg,SentiStdev,Senti0-0.20,Senti0.21-0.40,Senti0.41-0.60,Senti0.61-0.80,Senti0.81-1.00,SentiTotal
9.796418477106477E-8,0.22795604825928814,0.04983924341594739,0.0811173848337273,10.0,2.0,0.0,0.0,0.0,3.02421474152229E-37