SentiMin,SentiMax,SentiAvg,SentiStdev,Senti0-0.20,Senti0.21-0.40,Senti0.41-0.60,Senti0.61-0.80,Senti0.81-1.00,SentiTotal
0.00821586127029247,0.49789225920557484,0.18659001749719006,0.146172032416494,6.0,5.0,1.0,0.0,0.0,8.822598231006115E-11