TraitMin,TraitMax,TraitAvg,TraitStdev,TraitTotal
180.0,540.0,335.71127946127945,112.17464574864508,297.8378378378378
