SentiMin,SentiMax,SentiAvg,SentiStdev,Senti0-0.20,Senti0.21-0.40,Senti0.41-0.60,Senti0.61-0.80,Senti0.81-1.00,SentiTotal
4.322451273652142E-5,0.1294801392921134,0.06476168190242497,0.06471845738968844,2.0,0.0,0.0,0.0,0.0,6.48383686603249E-6