TraitMin,TraitMax,TraitAvg,TraitStdev,TraitTotal
148.0,1080.0,392.74285714285713,233.47775627613214,280.4040404040404
