SentiMin,SentiMax,SentiAvg,SentiStdev,Senti0-0.20,Senti0.21-0.40,Senti0.41-0.60,Senti0.61-0.80,Senti0.81-1.00,SentiTotal
1.0624289798277616E-7,0.4121555193183952,0.190176492323433,0.1445547042427289,6.0,5.0,1.0,0.0,0.0,2.8600321809698935E-16