TraitMin,TraitMax,TraitAvg,TraitStdev,TraitTotal
178.94736842105263,500.0,304.4030214424951,98.4783098233401,299.66101694915255
