TraitMin,TraitMax,TraitAvg,TraitStdev,TraitTotal
211.42857142857142,600.0,303.9262371615313,108.89382048178722,266.04651162790697
