TraitMin,TraitMax,TraitAvg,TraitStdev,TraitTotal
165.71428571428572,1040.0,399.1984126984127,267.17491095458007,306.6666666666667
