TraitMin,TraitMax,TraitAvg,TraitStdev,TraitTotal
154.28571428571428,720.0,327.18095238095236,156.63478297649996,264.48979591836735
