TimeMin,TimeMax,TimeAvg,TimeStdev,TimeTotal
1000.0,6000.0,2946.6666666666665,1680.81990574706,35360.0
