SentiMin,SentiMax,SentiAvg,SentiStdev,Senti0-0.20,Senti0.21-0.40,Senti0.41-0.60,Senti0.61-0.80,Senti0.81-1.00,SentiTotal
2.5775877346652495E-4,0.7701282613744829,0.23703246654027954,0.21730675132093696,5.0,6.0,1.0,1.0,0.0,3.4965541111387887E-13