SentiMin,SentiMax,SentiAvg,SentiStdev,Senti0-0.20,Senti0.21-0.40,Senti0.41-0.60,Senti0.61-0.80,Senti0.81-1.00,SentiTotal
6.654657759823153E-6,0.5882518937722656,0.26411626137900135,0.20359013815273633,5.0,4.0,6.0,0.0,0.0,4.864664436373841E-17