TraitMin,TraitMax,TraitAvg,TraitStdev,TraitTotal
340.0,1240.0,763.1292517006802,320.0917888625656,553.8461538461538
