SentiMin,SentiMax,SentiAvg,SentiStdev,Senti0-0.20,Senti0.21-0.40,Senti0.41-0.60,Senti0.61-0.80,Senti0.81-1.00,SentiTotal
4.363106529482941E-5,0.6624055896622104,0.24010848623097525,0.25533319418544626,3.0,1.0,0.0,1.0,0.0,6.945414741700001E-8