SentiMin,SentiMax,SentiAvg,SentiStdev,Senti0-0.20,Senti0.21-0.40,Senti0.41-0.60,Senti0.61-0.80,Senti0.81-1.00,SentiTotal
0.053918075478237966,0.9932221964330822,0.3261602472354966,0.284829543766373,2.0,4.0,1.0,0.0,1.0,2.7752791677834287E-4