SentiMin,SentiMax,SentiAvg,SentiStdev,Senti0-0.20,Senti0.21-0.40,Senti0.41-0.60,Senti0.61-0.80,Senti0.81-1.00,SentiTotal
0.07062475400897861,0.6936990688299918,0.36525395392741333,0.17308337667454246,1.0,6.0,3.0,1.0,0.0,7.61109890308631E-4