TimeMin,TimeMax,TimeAvg,TimeStdev,TimeTotal
720.0,2680.0,1286.1538461538462,585.7478909189314,16720.0
