TraitMin,TraitMax,TraitAvg,TraitStdev,TraitTotal
266.6666666666667,1240.0,451.1904761904762,300.7085359326643,340.8333333333333
