TraitMin,TraitMax,TraitAvg,TraitStdev,TraitTotal
168.88888888888889,1080.0,484.1664261664261,297.10209471219525,325.16129032258067
