TimeMin,TimeMax,TimeAvg,TimeStdev,TimeTotal
1040.0,2520.0,1626.6666666666667,547.3166867139678,9760.0
