SentiMin,SentiMax,SentiAvg,SentiStdev,Senti0-0.20,Senti0.21-0.40,Senti0.41-0.60,Senti0.61-0.80,Senti0.81-1.00,SentiTotal
3.8354461395079687E-4,0.48439634580644964,0.17060639828138283,0.14654775336450876,4.0,4.0,1.0,0.0,0.0,1.7046998569608733E-11