SentiMin,SentiMax,SentiAvg,SentiStdev,Senti0-0.20,Senti0.21-0.40,Senti0.41-0.60,Senti0.61-0.80,Senti0.81-1.00,SentiTotal
3.6517437609990523E-7,0.39697510199130176,0.12383111320665917,0.13896959179894447,10.0,4.0,0.0,0.0,0.0,1.0173691134749933E-23