TraitMin,TraitMax,TraitAvg,TraitStdev,TraitTotal
196.36363636363637,1000.0,446.2402597402597,238.95882877648128,332.3076923076923
