SentiMin,SentiMax,SentiAvg,SentiStdev,Senti0-0.20,Senti0.21-0.40,Senti0.41-0.60,Senti0.61-0.80,Senti0.81-1.00,SentiTotal
0.005167511992228739,0.5159436667231726,0.24449499779287173,0.19324929909689512,4.0,3.0,3.0,0.0,0.0,2.8501090067517735E-8