TraitMin,TraitMax,TraitAvg,TraitStdev,TraitTotal
170.0,540.0,298.27868797868797,99.04367668978774,261.7886178861789
