TimeMin,TimeMax,TimeAvg,TimeStdev,TimeTotal
1000.0,2280.0,1826.6666666666667,585.4532906693373,5480.0
