SentiMin,SentiMax,SentiAvg,SentiStdev,Senti0-0.20,Senti0.21-0.40,Senti0.41-0.60,Senti0.61-0.80,Senti0.81-1.00,SentiTotal
7.4937008661957E-6,0.4641510928365105,0.13917482493297043,0.1632183546249076,6.0,3.0,1.0,0.0,0.0,8.105856345557318E-21