SentiMin,SentiMax,SentiAvg,SentiStdev,Senti0-0.20,Senti0.21-0.40,Senti0.41-0.60,Senti0.61-0.80,Senti0.81-1.00,SentiTotal
0.005130761765951476,0.6234201890042967,0.3024699004752422,0.1926489479501244,1.0,3.0,1.0,1.0,0.0,2.4341369750904005E-4