SentiMin,SentiMax,SentiAvg,SentiStdev,Senti0-0.20,Senti0.21-0.40,Senti0.41-0.60,Senti0.61-0.80,Senti0.81-1.00,SentiTotal
1.0381217877201708E-4,0.49789225920557484,0.1952256439273705,0.16367660489976418,5.0,4.0,2.0,0.0,0.0,4.691968717629491E-12