TimeMin,TimeMax,TimeAvg,TimeStdev,TimeTotal
520.0,4080.0,1585.7142857142858,985.6811588636438,22200.0
