TraitMin,TraitMax,TraitAvg,TraitStdev,TraitTotal
155.0,960.0,448.4545454545454,291.96903492557544,281.48148148148147
