TraitMin,TraitMax,TraitAvg,TraitStdev,TraitTotal
226.66666666666666,1000.0,411.939393939394,211.8540482054729,325.55555555555554
