SentiMin,SentiMax,SentiAvg,SentiStdev,Senti0-0.20,Senti0.21-0.40,Senti0.41-0.60,Senti0.61-0.80,Senti0.81-1.00,SentiTotal
1.3104951551428637E-5,0.8285144090625939,0.17056242703822147,0.2413249738427733,11.0,2.0,2.0,0.0,1.0,1.4299615813629177E-29