TraitMin,TraitMax,TraitAvg,TraitStdev,TraitTotal
232.0,960.0,564.2597402597403,247.0889200071202,407.741935483871
