SentiMin,SentiMax,SentiAvg,SentiStdev,Senti0-0.20,Senti0.21-0.40,Senti0.41-0.60,Senti0.61-0.80,Senti0.81-1.00,SentiTotal
0.03887370568735922,0.19632965703807617,0.1088430551427463,0.06546365278393473,3.0,0.0,0.0,0.0,0.0,0.0010089123772749845