TraitMin,TraitMax,TraitAvg,TraitStdev,TraitTotal
138.46153846153845,1000.0,444.9418803418803,247.48376676439358,300.0
