TraitMin,TraitMax,TraitAvg,TraitStdev,TraitTotal
200.0,1160.0,464.9986911723753,320.59479596400877,292.63157894736844
