TraitMin,TraitMax,TraitAvg,TraitStdev,TraitTotal
185.0,1040.0,447.8713450292398,249.75244992175874,308.1188118811881
