TimeMin,TimeMax,TimeAvg,TimeStdev,TimeTotal
920.0,4280.0,1817.7777777777778,970.7016680706085,16360.0
