SentiMin,SentiMax,SentiAvg,SentiStdev,Senti0-0.20,Senti0.21-0.40,Senti0.41-0.60,Senti0.61-0.80,Senti0.81-1.00,SentiTotal
3.074328848330659E-7,0.9903622097204179,0.17295764052528748,0.2867024844066996,11.0,1.0,1.0,1.0,1.0,2.0784206154630978E-28