TraitMin,TraitMax,TraitAvg,TraitStdev,TraitTotal
154.28571428571428,1000.0,483.6556776556777,313.3293601010825,278.0
