SentiMin,SentiMax,SentiAvg,SentiStdev,Senti0-0.20,Senti0.21-0.40,Senti0.41-0.60,Senti0.61-0.80,Senti0.81-1.00,SentiTotal
8.738224157114494E-6,0.48728019602140255,0.15864298424311857,0.16146800161085906,14.0,3.0,3.0,0.0,0.0,7.122587610992916E-32