SentiMin,SentiMax,SentiAvg,SentiStdev,Senti0-0.20,Senti0.21-0.40,Senti0.41-0.60,Senti0.61-0.80,Senti0.81-1.00,SentiTotal
0.0020357039862681633,0.9168810971792304,0.35001196192065664,0.31575723108772097,3.0,3.0,1.0,0.0,2.0,9.105255543331677E-6