TraitMin,TraitMax,TraitAvg,TraitStdev,TraitTotal
215.0,1080.0,553.5416666666666,335.0502009442433,370.4347826086956
