SentiMin,SentiMax,SentiAvg,SentiStdev,Senti0-0.20,Senti0.21-0.40,Senti0.41-0.60,Senti0.61-0.80,Senti0.81-1.00,SentiTotal
3.856073823220833E-7,0.5710211662525364,0.18892667876770433,0.21475314810912136,10.0,2.0,3.0,0.0,0.0,1.459047021903281E-27