TimeMin,TimeMax,TimeAvg,TimeStdev,TimeTotal
800.0,4640.0,1853.3333333333333,1099.882822041613,27800.0
