TraitMin,TraitMax,TraitAvg,TraitStdev,TraitTotal
164.44444444444446,1160.0,396.56746031746036,309.88424209125685,247.3684210526316
