TraitMin,TraitMax,TraitAvg,TraitStdev,TraitTotal
224.0,1120.0,601.1282051282052,359.41856033344055,392.8888888888889
