TraitMin,TraitMax,TraitAvg,TraitStdev,TraitTotal
131.42857142857142,420.0,271.57142857142856,81.70064436969798,249.55223880597015
