SentiMin,SentiMax,SentiAvg,SentiStdev,Senti0-0.20,Senti0.21-0.40,Senti0.41-0.60,Senti0.61-0.80,Senti0.81-1.00,SentiTotal
1.0730428960187971E-4,0.5982847095582557,0.3526520331149246,0.2036162786142916,1.0,3.0,2.0,0.0,0.0,4.593499458299415E-5