TraitMin,TraitMax,TraitAvg,TraitStdev,TraitTotal
202.5,960.0,375.5730769230769,216.10419936967236,286.8965517241379
