SentiMin,SentiMax,SentiAvg,SentiStdev,Senti0-0.20,Senti0.21-0.40,Senti0.41-0.60,Senti0.61-0.80,Senti0.81-1.00,SentiTotal
1.179740213082638E-6,0.8276188485909708,0.1936659018681189,0.23791856019392293,6.0,4.0,1.0,0.0,1.0,6.651579359736605E-19