SentiMin,SentiMax,SentiAvg,SentiStdev,Senti0-0.20,Senti0.21-0.40,Senti0.41-0.60,Senti0.61-0.80,Senti0.81-1.00,SentiTotal
0.0012893054148428653,0.5666140499822833,0.23225266922274787,0.18685168518131864,7.0,5.0,4.0,0.0,0.0,3.553348281031861E-15