TraitMin,TraitMax,TraitAvg,TraitStdev,TraitTotal
162.85714285714286,520.0,273.59477364740525,126.53011512297486,216.90140845070422
