SentiMin,SentiMax,SentiAvg,SentiStdev,Senti0-0.20,Senti0.21-0.40,Senti0.41-0.60,Senti0.61-0.80,Senti0.81-1.00,SentiTotal
4.407294386722659E-5,0.40487094751267727,0.10619685638305602,0.1308995596030396,6.0,1.0,1.0,0.0,0.0,7.200933968397812E-13