TimeMin,TimeMax,TimeAvg,TimeStdev,TimeTotal
960.0,3880.0,1542.857142857143,782.0433726684817,21600.0
