SentiMin,SentiMax,SentiAvg,SentiStdev,Senti0-0.20,Senti0.21-0.40,Senti0.41-0.60,Senti0.61-0.80,Senti0.81-1.00,SentiTotal
2.784803172013657E-11,0.49789225920557484,0.20488714863557708,0.1989275601192364,11.0,3.0,5.0,0.0,0.0,4.852833899338334E-30