TraitMin,TraitMax,TraitAvg,TraitStdev,TraitTotal
204.44444444444446,1080.0,344.5748746867168,202.6017097766214,285.60747663551405
