TraitMin,TraitMax,TraitAvg,TraitStdev,TraitTotal
193.33333333333334,1080.0,383.72108843537416,217.4159830929867,308.3333333333333
