TimeMin,TimeMax,TimeAvg,TimeStdev,TimeTotal
720.0,1840.0,1149.090909090909,315.0022956757486,12640.0
