TraitMin,TraitMax,TraitAvg,TraitStdev,TraitTotal
110.0,940.0,399.4436274509804,204.40041310407025,316.45569620253167
