TimeMin,TimeMax,TimeAvg,TimeStdev,TimeTotal
720.0,3520.0,1637.8947368421052,805.1909152320952,31120.0
