TraitMin,TraitMax,TraitAvg,TraitStdev,TraitTotal
226.66666666666666,1000.0,478.0666666666667,269.20037147076897,364.70588235294116
