TimeMin,TimeMax,TimeAvg,TimeStdev,TimeTotal
480.0,1480.0,1065.4545454545455,322.38778558984,11720.0
