SentiMin,SentiMax,SentiAvg,SentiStdev,Senti0-0.20,Senti0.21-0.40,Senti0.41-0.60,Senti0.61-0.80,Senti0.81-1.00,SentiTotal
6.008840295552669E-4,0.9611958417475951,0.28643357559261684,0.3534510373468459,8.0,1.0,1.0,1.0,2.0,1.9797770822787493E-12