SentiMin,SentiMax,SentiAvg,SentiStdev,Senti0-0.20,Senti0.21-0.40,Senti0.41-0.60,Senti0.61-0.80,Senti0.81-1.00,SentiTotal
3.409153532993165E-5,0.49789225920557484,0.2013912264087137,0.18878163864581074,7.0,4.0,3.0,0.0,0.0,5.1811403964711315E-17