TimeMin,TimeMax,TimeAvg,TimeStdev,TimeTotal
840.0,3640.0,2053.3333333333335,938.8408929218103,30800.0
