SentiMin,SentiMax,SentiAvg,SentiStdev,Senti0-0.20,Senti0.21-0.40,Senti0.41-0.60,Senti0.61-0.80,Senti0.81-1.00,SentiTotal
0.0026285068700571948,0.44846293211155425,0.27460964424511997,0.1823265566938071,2.0,3.0,2.0,0.0,0.0,2.389470500487904E-6