TraitMin,TraitMax,TraitAvg,TraitStdev,TraitTotal
165.0,760.0,291.11523199023196,182.4882661638971,237.37704918032787
