TraitMin,TraitMax,TraitAvg,TraitStdev,TraitTotal
431.1111111111111,460.0,445.55555555555554,14.444444444444457,436.3636363636364
