TraitMin,TraitMax,TraitAvg,TraitStdev,TraitTotal
243.63636363636363,400.0,341.09145021645026,60.88191228347976,340.8955223880597
