TraitMin,TraitMax,TraitAvg,TraitStdev,TraitTotal
212.0,760.0,433.969696969697,187.79709449060263,342.56410256410254
