TraitMin,TraitMax,TraitAvg,TraitStdev,TraitTotal
213.33333333333334,680.0,389.69696969696963,138.19510834546656,330.5882352941176
