TraitMin,TraitMax,TraitAvg,TraitStdev,TraitTotal
222.22222222222223,1000.0,579.2592592592592,249.37012558365464,394.0
