SentiMin,SentiMax,SentiAvg,SentiStdev,Senti0-0.20,Senti0.21-0.40,Senti0.41-0.60,Senti0.61-0.80,Senti0.81-1.00,SentiTotal
0.020222443118047242,0.5136446707795853,0.24911970144281356,0.17234744905646707,4.0,1.0,2.0,0.0,0.0,4.751106967084764E-5