TraitMin,TraitMax,TraitAvg,TraitStdev,TraitTotal
264.0,560.0,445.7142857142857,84.00971761088847,412.63157894736844
