TimeMin,TimeMax,TimeAvg,TimeStdev,TimeTotal
760.0,4200.0,2226.6666666666665,1038.8882947116542,13360.0
