SentiMin,SentiMax,SentiAvg,SentiStdev,Senti0-0.20,Senti0.21-0.40,Senti0.41-0.60,Senti0.61-0.80,Senti0.81-1.00,SentiTotal
5.113267710130611E-7,0.49789225920557484,0.17970946566622914,0.206583746847956,4.0,0.0,2.0,0.0,0.0,1.1492974471966374E-11