SentiMin,SentiMax,SentiAvg,SentiStdev,Senti0-0.20,Senti0.21-0.40,Senti0.41-0.60,Senti0.61-0.80,Senti0.81-1.00,SentiTotal
1.793925884564879E-4,0.277914711623907,0.09770901046206687,0.09426796162428819,7.0,1.0,0.0,0.0,0.0,7.068260774182243E-14