TraitMin,TraitMax,TraitAvg,TraitStdev,TraitTotal
233.33333333333334,960.0,553.5555555555555,293.3842548393733,355.7894736842105
