TimeMin,TimeMax,TimeAvg,TimeStdev,TimeTotal
600.0,2600.0,1313.3333333333333,729.7183627187196,7880.0
