SentiMin,SentiMax,SentiAvg,SentiStdev,Senti0-0.20,Senti0.21-0.40,Senti0.41-0.60,Senti0.61-0.80,Senti0.81-1.00,SentiTotal
0.015791809473113663,0.016348317326067226,0.016070063399590447,2.782539264767816E-4,2.0,0.0,0.0,0.0,0.0,2.688570345319413E-4