TimeMin,TimeMax,TimeAvg,TimeStdev,TimeTotal
760.0,1440.0,1126.6666666666667,293.40908112887183,6760.0
