SentiMin,SentiMax,SentiAvg,SentiStdev,Senti0-0.20,Senti0.21-0.40,Senti0.41-0.60,Senti0.61-0.80,Senti0.81-1.00,SentiTotal
4.664394494973624E-4,0.49789225920557484,0.2477966221509018,0.19167562552290598,3.0,2.0,1.0,0.0,0.0,1.551351216527876E-6