TraitMin,TraitMax,TraitAvg,TraitStdev,TraitTotal
180.0,580.0,333.986346986347,106.14951231434891,294.87179487179486
