TimeMin,TimeMax,TimeAvg,TimeStdev,TimeTotal
1000.0,3920.0,2008.888888888889,933.6718962657831,18080.0
