TraitMin,TraitMax,TraitAvg,TraitStdev,TraitTotal
146.66666666666666,560.0,326.8895104895105,138.84661760468168,289.8360655737705
