TraitMin,TraitMax,TraitAvg,TraitStdev,TraitTotal
232.72727272727272,1160.0,502.2077922077922,321.40731309557805,354.5098039215686
