TimeMin,TimeMax,TimeAvg,TimeStdev,TimeTotal
360.0,4360.0,1868.5714285714287,1139.633548931559,39240.0
