TraitMin,TraitMax,TraitAvg,TraitStdev,TraitTotal
268.0,440.0,329.3333333333333,78.4063489492755,300.8
