SentiMin,SentiMax,SentiAvg,SentiStdev,Senti0-0.20,Senti0.21-0.40,Senti0.41-0.60,Senti0.61-0.80,Senti0.81-1.00,SentiTotal
4.581658938182164E-6,0.39697510199130176,0.09539851121945218,0.14201864572488024,11.0,3.0,0.0,0.0,0.0,4.700541197042933E-31