SentiMin,SentiMax,SentiAvg,SentiStdev,Senti0-0.20,Senti0.21-0.40,Senti0.41-0.60,Senti0.61-0.80,Senti0.81-1.00,SentiTotal
5.314656775500197E-4,0.49789225920557484,0.2697498886294232,0.1809204818350557,2.0,2.0,2.0,0.0,0.0,5.760508713766814E-6