TraitMin,TraitMax,TraitAvg,TraitStdev,TraitTotal
240.0,600.0,334.4761904761905,128.38999544242228,292.5
