SentiMin,SentiMax,SentiAvg,SentiStdev,Senti0-0.20,Senti0.21-0.40,Senti0.41-0.60,Senti0.61-0.80,Senti0.81-1.00,SentiTotal
0.0029787384374891303,0.5300184912753234,0.1773878302465278,0.19904393391350972,6.0,1.0,2.0,0.0,0.0,1.743551561879035E-11