SentiMin,SentiMax,SentiAvg,SentiStdev,Senti0-0.20,Senti0.21-0.40,Senti0.41-0.60,Senti0.61-0.80,Senti0.81-1.00,SentiTotal
6.473730133520068E-5,0.5074299100831747,0.16019839235133324,0.17776544452476023,9.0,2.0,2.0,0.0,0.0,7.96521254621609E-17