SentiMin,SentiMax,SentiAvg,SentiStdev,Senti0-0.20,Senti0.21-0.40,Senti0.41-0.60,Senti0.61-0.80,Senti0.81-1.00,SentiTotal
3.583565215384214E-4,0.6433922314886977,0.1513551249928653,0.16870534864189868,15.0,4.0,1.0,1.0,0.0,7.698854206823624E-27