TimeMin,TimeMax,TimeAvg,TimeStdev,TimeTotal
640.0,3760.0,2077.6470588235293,980.2252406928468,35320.0
