SentiMin,SentiMax,SentiAvg,SentiStdev,Senti0-0.20,Senti0.21-0.40,Senti0.41-0.60,Senti0.61-0.80,Senti0.81-1.00,SentiTotal
0.018315685731312082,0.21724500740878439,0.14805935557069913,0.09181021698391127,1.0,2.0,0.0,0.0,0.0,0.0013863083926314037