SentiMin,SentiMax,SentiAvg,SentiStdev,Senti0-0.20,Senti0.21-0.40,Senti0.41-0.60,Senti0.61-0.80,Senti0.81-1.00,SentiTotal
1.2320668209034413E-6,0.5739510357472294,0.1863414912881723,0.20592368808033407,14.0,3.0,4.0,0.0,0.0,7.947745925468543E-30