SentiMin,SentiMax,SentiAvg,SentiStdev,Senti0-0.20,Senti0.21-0.40,Senti0.41-0.60,Senti0.61-0.80,Senti0.81-1.00,SentiTotal
9.511054970133985E-4,0.8837438245395383,0.34360814391420497,0.25910247214789495,3.0,4.0,2.0,0.0,1.0,3.1671947909573294E-7