TraitMin,TraitMax,TraitAvg,TraitStdev,TraitTotal
215.3846153846154,1520.0,572.008547008547,453.6345157387501,356.0
