TimeMin,TimeMax,TimeAvg,TimeStdev,TimeTotal
440.0,4480.0,2194.285714285714,1309.2075808655854,30720.0
