SentiMin,SentiMax,SentiAvg,SentiStdev,Senti0-0.20,Senti0.21-0.40,Senti0.41-0.60,Senti0.61-0.80,Senti0.81-1.00,SentiTotal
8.589748347798744E-4,0.5495922250151081,0.1600718711738826,0.1939545825626666,7.0,1.0,2.0,0.0,0.0,2.4770496129283613E-15