TraitMin,TraitMax,TraitAvg,TraitStdev,TraitTotal
170.0,600.0,332.50936738331694,104.64949446061402,310.3030303030303
