TimeMin,TimeMax,TimeAvg,TimeStdev,TimeTotal
640.0,5080.0,2398.095238095238,1128.9760174922064,50360.0
