TraitMin,TraitMax,TraitAvg,TraitStdev,TraitTotal
1.875,720.0,353.4481259262708,182.01281027121206,308.9160839160839
