SentiMin,SentiMax,SentiAvg,SentiStdev,Senti0-0.20,Senti0.21-0.40,Senti0.41-0.60,Senti0.61-0.80,Senti0.81-1.00,SentiTotal
0.00381919674737909,0.9326423725612696,0.30303506833323757,0.3007959190238173,9.0,2.0,3.0,1.0,2.0,1.2672872587192164E-11