SentiMin,SentiMax,SentiAvg,SentiStdev,Senti0-0.20,Senti0.21-0.40,Senti0.41-0.60,Senti0.61-0.80,Senti0.81-1.00,SentiTotal
0.01776888691518036,0.5734576952979002,0.3089457592965805,0.1976641304710387,3.0,2.0,3.0,0.0,0.0,7.995425036374318E-5