TraitMin,TraitMax,TraitAvg,TraitStdev,TraitTotal
265.6,760.0,509.6914285714286,195.0072035508809,334.7368421052632
