SentiMin,SentiMax,SentiAvg,SentiStdev,Senti0-0.20,Senti0.21-0.40,Senti0.41-0.60,Senti0.61-0.80,Senti0.81-1.00,SentiTotal
5.587974805605445E-4,0.3996580091506196,0.15717135385177436,0.15983022838365646,6.0,3.0,0.0,0.0,0.0,4.415404586668034E-12