SentiMin,SentiMax,SentiAvg,SentiStdev,Senti0-0.20,Senti0.21-0.40,Senti0.41-0.60,Senti0.61-0.80,Senti0.81-1.00,SentiTotal
0.0038084920108947015,0.49789225920557484,0.3181943410968845,0.1704232770942847,2.0,5.0,4.0,0.0,0.0,1.3016861421289422E-6