SentiMin,SentiMax,SentiAvg,SentiStdev,Senti0-0.20,Senti0.21-0.40,Senti0.41-0.60,Senti0.61-0.80,Senti0.81-1.00,SentiTotal
5.094725053370585E-4,0.5722809520749988,0.35978713772954996,0.17066859683189983,2.0,3.0,4.0,0.0,0.0,1.9115690679880316E-5