TimeMin,TimeMax,TimeAvg,TimeStdev,TimeTotal
1120.0,6000.0,2342.222222222222,1430.848837250717,21080.0
