SentiMin,SentiMax,SentiAvg,SentiStdev,Senti0-0.20,Senti0.21-0.40,Senti0.41-0.60,Senti0.61-0.80,Senti0.81-1.00,SentiTotal
0.1288925134774278,0.5136446707795853,0.34785237402276176,0.1494942036839965,2.0,2.0,4.0,0.0,0.0,0.003376390603085298