TimeMin,TimeMax,TimeAvg,TimeStdev,TimeTotal
880.0,8200.0,3176.6666666666665,2216.9323149092506,38120.0
