TraitMin,TraitMax,TraitAvg,TraitStdev,TraitTotal
152.72727272727272,1640.0,468.5509641873278,400.94139197978177,310.50847457627117
