TraitMin,TraitMax,TraitAvg,TraitStdev,TraitTotal
208.0,620.0,394.9230769230769,141.11516971700937,304.61538461538464
