TraitMin,TraitMax,TraitAvg,TraitStdev,TraitTotal
218.66666666666666,560.0,345.38528138528136,93.40518909781984,324.5833333333333
