SentiMin,SentiMax,SentiAvg,SentiStdev,Senti0-0.20,Senti0.21-0.40,Senti0.41-0.60,Senti0.61-0.80,Senti0.81-1.00,SentiTotal
1.4380891195063305E-4,0.49789225920557484,0.18032168928468167,0.18002716566980181,4.0,3.0,1.0,0.0,0.0,3.038754574837594E-12