TraitMin,TraitMax,TraitAvg,TraitStdev,TraitTotal
221.8181818181818,720.0,458.1002944423997,149.26186667233992,429.05263157894734
