TraitMin,TraitMax,TraitAvg,TraitStdev,TraitTotal
280.0,540.0,422.6309523809524,79.61141364490196,398.7878787878788
