SentiMin,SentiMax,SentiAvg,SentiStdev,Senti0-0.20,Senti0.21-0.40,Senti0.41-0.60,Senti0.61-0.80,Senti0.81-1.00,SentiTotal
1.598655226138492E-4,0.49789225920557484,0.26364239217480834,0.18329078657049783,5.0,6.0,4.0,0.0,0.0,2.3286243599648137E-13