TraitMin,TraitMax,TraitAvg,TraitStdev,TraitTotal
284.44444444444446,1000.0,486.541179337232,240.24581800591733,424.0
