TimeMin,TimeMax,TimeAvg,TimeStdev,TimeTotal
1160.0,10760.0,4473.333333333333,3414.0428949983757,26840.0
