SentiMin,SentiMax,SentiAvg,SentiStdev,Senti0-0.20,Senti0.21-0.40,Senti0.41-0.60,Senti0.61-0.80,Senti0.81-1.00,SentiTotal
3.445211337081763E-4,0.2829133824440944,0.11057476417611312,0.1028618005351154,5.0,1.0,0.0,0.0,0.0,2.7669394569684406E-9