TraitMin,TraitMax,TraitAvg,TraitStdev,TraitTotal
313.3333333333333,313.3333333333333,313.3333333333333,0.0,313.3333333333333
