TraitMin,TraitMax,TraitAvg,TraitStdev,TraitTotal
333.3333333333333,1000.0,737.4999999999999,236.14819970142102,666.6666666666666
