SentiMin,SentiMax,SentiAvg,SentiStdev,Senti0-0.20,Senti0.21-0.40,Senti0.41-0.60,Senti0.61-0.80,Senti0.81-1.00,SentiTotal
0.004865030833475134,0.40864304084423375,0.2235293608776177,0.15512967311115228,5.0,4.0,1.0,0.0,0.0,2.6945464035376334E-8