TraitMin,TraitMax,TraitAvg,TraitStdev,TraitTotal
224.0,1060.0,601.5555555555555,259.02685880087205,607.0
