TimeMin,TimeMax,TimeAvg,TimeStdev,TimeTotal
1360.0,7960.0,4286.666666666667,2478.969319876486,25720.0
