TraitMin,TraitMax,TraitAvg,TraitStdev,TraitTotal
331.42857142857144,680.0,513.7619047619047,105.15906319204528,513.7777777777778
