TimeMin,TimeMax,TimeAvg,TimeStdev,TimeTotal
1000.0,6360.0,2697.777777777778,1883.2700743227208,24280.0
