TimeMin,TimeMax,TimeAvg,TimeStdev,TimeTotal
720.0,9640.0,2723.6363636363635,2594.509141620128,29960.0
