SentiMin,SentiMax,SentiAvg,SentiStdev,Senti0-0.20,Senti0.21-0.40,Senti0.41-0.60,Senti0.61-0.80,Senti0.81-1.00,SentiTotal
0.010532147427244882,0.5628056929000496,0.2666135351055472,0.19494994419568182,5.0,3.0,3.0,0.0,0.0,2.18541775582947E-8