SentiMin,SentiMax,SentiAvg,SentiStdev,Senti0-0.20,Senti0.21-0.40,Senti0.41-0.60,Senti0.61-0.80,Senti0.81-1.00,SentiTotal
0.0018528449305332336,0.7252786344335689,0.18811453882261303,0.25256085226965325,6.0,0.0,1.0,1.0,0.0,1.765329122336083E-9