SentiMin,SentiMax,SentiAvg,SentiStdev,Senti0-0.20,Senti0.21-0.40,Senti0.41-0.60,Senti0.61-0.80,Senti0.81-1.00,SentiTotal
9.013042686911687E-8,0.39697510199130176,0.13220461518064242,0.18658354210771508,4.0,2.0,0.0,0.0,0.0,1.7723134094598866E-20