SentiMin,SentiMax,SentiAvg,SentiStdev,Senti0-0.20,Senti0.21-0.40,Senti0.41-0.60,Senti0.61-0.80,Senti0.81-1.00,SentiTotal
1.4622531861381674E-6,0.3789907147950988,0.15379311429627526,0.1597670760870438,3.0,3.0,0.0,0.0,0.0,4.3551575345012566E-14