SentiMin,SentiMax,SentiAvg,SentiStdev,Senti0-0.20,Senti0.21-0.40,Senti0.41-0.60,Senti0.61-0.80,Senti0.81-1.00,SentiTotal
0.20497488827850313,0.5686078013634533,0.40000554760427304,0.13073976034154733,0.0,4.0,4.0,0.0,0.0,0.028931829544886413