TraitMin,TraitMax,TraitAvg,TraitStdev,TraitTotal
185.0,1000.0,562.6723074904893,298.7082299521707,507.79661016949154
