TraitMin,TraitMax,TraitAvg,TraitStdev,TraitTotal
312.72727272727275,1520.0,656.7508417508418,411.27983374456477,459.2857142857143
