TraitMin,TraitMax,TraitAvg,TraitStdev,TraitTotal
283.2,960.0,513.4222222222222,249.85164981160372,462.7586206896552
