TraitMin,TraitMax,TraitAvg,TraitStdev,TraitTotal
330.0,1100.0,673.4666666666666,270.6592445616197,570.4761904761905
