TimeMin,TimeMax,TimeAvg,TimeStdev,TimeTotal
1000.0,8240.0,4953.333333333333,2908.6919549668523,29720.0
