SentiMin,SentiMax,SentiAvg,SentiStdev,Senti0-0.20,Senti0.21-0.40,Senti0.41-0.60,Senti0.61-0.80,Senti0.81-1.00,SentiTotal
1.1400465802577706E-9,0.78291140448387,0.22028852708799684,0.30286735865589093,4.0,0.0,1.0,1.0,0.0,3.0329830859561922E-18