TraitMin,TraitMax,TraitAvg,TraitStdev,TraitTotal
293.3333333333333,1280.0,532.5505050505051,303.45304582472727,415.69620253164555
