TimeMin,TimeMax,TimeAvg,TimeStdev,TimeTotal
600.0,8760.0,3270.769230769231,2239.8436124613754,42520.0
