TraitMin,TraitMax,TraitAvg,TraitStdev,TraitTotal
226.66666666666666,760.0,464.4,164.33575386993544,389.7435897435897
