TimeMin,TimeMax,TimeAvg,TimeStdev,TimeTotal
520.0,1960.0,1133.3333333333333,588.633068123843,6800.0
