TimeMin,TimeMax,TimeAvg,TimeStdev,TimeTotal
480.0,8560.0,1907.6923076923076,2146.589974985922,24800.0
