TimeMin,TimeMax,TimeAvg,TimeStdev,TimeTotal
600.0,10360.0,2582.222222222222,2359.5563508506225,46480.0
