SentiMin,SentiMax,SentiAvg,SentiStdev,Senti0-0.20,Senti0.21-0.40,Senti0.41-0.60,Senti0.61-0.80,Senti0.81-1.00,SentiTotal
1.6988619475877198E-5,0.9999194287707023,0.4034666522644742,0.35750415851938905,6.0,0.0,3.0,1.0,3.0,3.3412802927720825E-7