TraitMin,TraitMax,TraitAvg,TraitStdev,TraitTotal
240.0,640.0,363.1313131313131,119.74835022195296,380.38216560509557
