TraitMin,TraitMax,TraitAvg,TraitStdev,TraitTotal
144.0,1280.0,426.9550051203277,262.5012665633591,358.90410958904107
