TraitMin,TraitMax,TraitAvg,TraitStdev,TraitTotal
192.0,786.6666666666666,425.80952380952385,185.87902339389584,392.0
