TraitMin,TraitMax,TraitAvg,TraitStdev,TraitTotal
190.0,1600.0,410.2837902837903,346.4704397898764,307.1140939597315
