TraitMin,TraitMax,TraitAvg,TraitStdev,TraitTotal
243.8095238095238,500.0,335.55799755799757,85.44361023755597,315.55555555555554
