SentiMin,SentiMax,SentiAvg,SentiStdev,Senti0-0.20,Senti0.21-0.40,Senti0.41-0.60,Senti0.61-0.80,Senti0.81-1.00,SentiTotal
4.1012685718447617E-7,0.3041233943377613,0.08309893089522286,0.10350035396290952,7.0,1.0,0.0,0.0,0.0,1.007532275384961E-21