TraitMin,TraitMax,TraitAvg,TraitStdev,TraitTotal
168.88888888888889,720.0,311.1258210886694,138.6096427925913,265.6
