SentiMin,SentiMax,SentiAvg,SentiStdev,Senti0-0.20,Senti0.21-0.40,Senti0.41-0.60,Senti0.61-0.80,Senti0.81-1.00,SentiTotal
1.5094049766786801E-12,0.039582338690569874,0.0038677769369925615,0.011298455991831683,11.0,0.0,0.0,0.0,0.0,2.9760549956527875E-50