TimeMin,TimeMax,TimeAvg,TimeStdev,TimeTotal
1400.0,10880.0,5429.090909090909,2915.2434937924436,59720.0
