SentiMin,SentiMax,SentiAvg,SentiStdev,Senti0-0.20,Senti0.21-0.40,Senti0.41-0.60,Senti0.61-0.80,Senti0.81-1.00,SentiTotal
1.4132050372775857E-4,0.46127768308170247,0.19337384635298246,0.16220390499754647,9.0,4.0,1.0,0.0,0.0,2.9051728005411515E-16