SentiMin,SentiMax,SentiAvg,SentiStdev,Senti0-0.20,Senti0.21-0.40,Senti0.41-0.60,Senti0.61-0.80,Senti0.81-1.00,SentiTotal
0.0736401149528525,0.46127768308170247,0.33664508910788815,0.14563553348534747,1.0,2.0,2.0,0.0,0.0,0.015954182197397998