SentiMin,SentiMax,SentiAvg,SentiStdev,Senti0-0.20,Senti0.21-0.40,Senti0.41-0.60,Senti0.61-0.80,Senti0.81-1.00,SentiTotal
0.05734142072991322,0.5130884842985681,0.3297031859760454,0.17022378254943085,1.0,2.0,2.0,0.0,0.0,0.010557080082912281