TraitMin,TraitMax,TraitAvg,TraitStdev,TraitTotal
246.66666666666666,515.2941176470588,371.1798518223858,93.32634720004147,379.64285714285717
