SentiMin,SentiMax,SentiAvg,SentiStdev,Senti0-0.20,Senti0.21-0.40,Senti0.41-0.60,Senti0.61-0.80,Senti0.81-1.00,SentiTotal
0.009776023884258644,0.48728019602140255,0.2485281099528306,0.23875208606857196,1.0,0.0,1.0,0.0,0.0,0.009373439817992078