TraitMin,TraitMax,TraitAvg,TraitStdev,TraitTotal
300.0,960.0,463.4666666666666,249.36199478758675,384.0
