SentiMin,SentiMax,SentiAvg,SentiStdev,Senti0-0.20,Senti0.21-0.40,Senti0.41-0.60,Senti0.61-0.80,Senti0.81-1.00,SentiTotal
1.3461994442925363E-10,0.46364466503952073,0.1176357881100498,0.15416820221384617,10.0,3.0,1.0,0.0,0.0,5.204959802614598E-36