SentiMin,SentiMax,SentiAvg,SentiStdev,Senti0-0.20,Senti0.21-0.40,Senti0.41-0.60,Senti0.61-0.80,Senti0.81-1.00,SentiTotal
0.0015008311611915033,0.49789225920557484,0.25475153452334354,0.1571115412051703,5.0,6.0,2.0,0.0,0.0,2.0498725942884068E-10