TimeMin,TimeMax,TimeAvg,TimeStdev,TimeTotal
360.0,2880.0,1054.5454545454545,663.2751196129104,11600.0
