SentiMin,SentiMax,SentiAvg,SentiStdev,Senti0-0.20,Senti0.21-0.40,Senti0.41-0.60,Senti0.61-0.80,Senti0.81-1.00,SentiTotal
0.06187205928310093,0.9611958417475951,0.3973990648715661,0.21968370531420178,1.0,6.0,3.0,0.0,1.0,0.012351746063368802