TraitMin,TraitMax,TraitAvg,TraitStdev,TraitTotal
152.0,840.0,505.939393939394,198.7852919269969,400.0
