TraitMin,TraitMax,TraitAvg,TraitStdev,TraitTotal
193.33333333333334,560.0,373.59259259259255,119.868423521276,333.6585365853659
