SentiMin,SentiMax,SentiAvg,SentiStdev,Senti0-0.20,Senti0.21-0.40,Senti0.41-0.60,Senti0.61-0.80,Senti0.81-1.00,SentiTotal
0.04950666366757614,0.46017320594119865,0.30199293882077577,0.16464360727630267,2.0,1.0,4.0,0.0,0.0,4.380459251520773E-4