TimeMin,TimeMax,TimeAvg,TimeStdev,TimeTotal
760.0,6560.0,3268.5714285714284,1883.5485398685155,45760.0
