SentiMin,SentiMax,SentiAvg,SentiStdev,Senti0-0.20,Senti0.21-0.40,Senti0.41-0.60,Senti0.61-0.80,Senti0.81-1.00,SentiTotal
0.21921412548362115,0.39697510199130176,0.3335425572138856,0.07862998570100306,0.0,5.0,0.0,0.0,0.0,0.027938804784089933