TraitMin,TraitMax,TraitAvg,TraitStdev,TraitTotal
266.6666666666667,960.0,492.28571428571433,255.86958129169142,370.0
