SentiMin,SentiMax,SentiAvg,SentiStdev,Senti0-0.20,Senti0.21-0.40,Senti0.41-0.60,Senti0.61-0.80,Senti0.81-1.00,SentiTotal
0.3385252644667176,0.39697510199130176,0.3823626426101557,0.025309522071681415,0.0,4.0,0.0,0.0,0.0,0.1302404096436726