SentiMin,SentiMax,SentiAvg,SentiStdev,Senti0-0.20,Senti0.21-0.40,Senti0.41-0.60,Senti0.61-0.80,Senti0.81-1.00,SentiTotal
8.381766604275612E-4,0.43796879524747484,0.15990769422848639,0.1475407624859087,8.0,1.0,2.0,0.0,0.0,1.0906282046779927E-12