SentiMin,SentiMax,SentiAvg,SentiStdev,Senti0-0.20,Senti0.21-0.40,Senti0.41-0.60,Senti0.61-0.80,Senti0.81-1.00,SentiTotal
1.0426952334446632E-5,0.5136446707795853,0.23649272945562247,0.16346805137628603,5.0,5.0,1.0,0.0,0.0,2.958749896551811E-11