SentiMin,SentiMax,SentiAvg,SentiStdev,Senti0-0.20,Senti0.21-0.40,Senti0.41-0.60,Senti0.61-0.80,Senti0.81-1.00,SentiTotal
0.01043954092576006,0.6548491480794039,0.2748824651048971,0.21128457057627695,4.0,4.0,0.0,2.0,0.0,1.6692972679959017E-7