TraitMin,TraitMax,TraitAvg,TraitStdev,TraitTotal
210.0,880.0,525.2813852813853,227.487369268004,368.16326530612247
