TimeMin,TimeMax,TimeAvg,TimeStdev,TimeTotal
600.0,4240.0,1316.3636363636363,1087.9110318510154,14480.0
