TraitMin,TraitMax,TraitAvg,TraitStdev,TraitTotal
320.0,485.0,429.1071428571429,64.18916360640475,434.54545454545456
