TimeMin,TimeMax,TimeAvg,TimeStdev,TimeTotal
560.0,4200.0,1261.3333333333333,1017.5910551668367,18920.0
