SentiMin,SentiMax,SentiAvg,SentiStdev,Senti0-0.20,Senti0.21-0.40,Senti0.41-0.60,Senti0.61-0.80,Senti0.81-1.00,SentiTotal
3.340145392542784E-4,0.4801180056153849,0.13516454706446449,0.2005261691751925,3.0,0.0,1.0,0.0,0.0,3.6599713025916066E-8