SentiMin,SentiMax,SentiAvg,SentiStdev,Senti0-0.20,Senti0.21-0.40,Senti0.41-0.60,Senti0.61-0.80,Senti0.81-1.00,SentiTotal
0.0024906732178364144,0.39697510199130176,0.23081184938827226,0.13038730115134875,5.0,10.0,0.0,0.0,0.0,3.2699106331821136E-14