TraitMin,TraitMax,TraitAvg,TraitStdev,TraitTotal
266.6666666666667,760.0,471.5781188508461,140.843790528427,413.7142857142857
