TraitMin,TraitMax,TraitAvg,TraitStdev,TraitTotal
253.33333333333334,760.0,468.77777777777777,165.93669773236115,430.0
