TraitMin,TraitMax,TraitAvg,TraitStdev,TraitTotal
200.0,1000.0,435.9259259259259,229.6983409743416,360.0
