TraitMin,TraitMax,TraitAvg,TraitStdev,TraitTotal
206.15384615384616,700.0,367.9758241758242,150.39844466600024,342.5806451612903
