SentiMin,SentiMax,SentiAvg,SentiStdev,Senti0-0.20,Senti0.21-0.40,Senti0.41-0.60,Senti0.61-0.80,Senti0.81-1.00,SentiTotal
1.2790055560925885E-5,0.49789225920557484,0.17433184795118234,0.20980680523924325,5.0,0.0,2.0,0.0,0.0,2.9881612329580395E-14