SentiMin,SentiMax,SentiAvg,SentiStdev,Senti0-0.20,Senti0.21-0.40,Senti0.41-0.60,Senti0.61-0.80,Senti0.81-1.00,SentiTotal
1.7509304829918067E-7,0.49789225920557484,0.18699961686017386,0.14827095734397092,4.0,3.0,1.0,0.0,0.0,2.9367739785416205E-13