TraitMin,TraitMax,TraitAvg,TraitStdev,TraitTotal
304.61538461538464,720.0,474.3269230769231,138.47485913488424,386.2068965517241
