TraitMin,TraitMax,TraitAvg,TraitStdev,TraitTotal
133.33333333333334,1000.0,442.39285714285717,228.6089041078999,352.3076923076923
