TimeMin,TimeMax,TimeAvg,TimeStdev,TimeTotal
480.0,5040.0,2194.285714285714,1384.721293699382,30720.0
