SentiMin,SentiMax,SentiAvg,SentiStdev,Senti0-0.20,Senti0.21-0.40,Senti0.41-0.60,Senti0.61-0.80,Senti0.81-1.00,SentiTotal
9.567052796292722E-6,0.5318834537628724,0.17939601327862587,0.2221010163755146,8.0,2.0,4.0,0.0,0.0,3.262240592964066E-29