SentiMin,SentiMax,SentiAvg,SentiStdev,Senti0-0.20,Senti0.21-0.40,Senti0.41-0.60,Senti0.61-0.80,Senti0.81-1.00,SentiTotal
2.9372954783992834E-6,0.29133488914850353,0.07766542151912566,0.11134503250133762,4.0,1.0,0.0,0.0,0.0,3.475969334595828E-12