TraitMin,TraitMax,TraitAvg,TraitStdev,TraitTotal
180.0,600.0,334.10389610389615,119.5583879513805,295.51020408163265
