SentiMin,SentiMax,SentiAvg,SentiStdev,Senti0-0.20,Senti0.21-0.40,Senti0.41-0.60,Senti0.61-0.80,Senti0.81-1.00,SentiTotal
0.0021123259235678133,0.9977245218568472,0.27698611151312186,0.2890744891888176,6.0,2.0,2.0,0.0,1.0,1.4722869518153162E-8