TraitMin,TraitMax,TraitAvg,TraitStdev,TraitTotal
166.66666666666666,1160.0,457.66666666666663,258.445352057258,424.3137254901961
