SentiMin,SentiMax,SentiAvg,SentiStdev,Senti0-0.20,Senti0.21-0.40,Senti0.41-0.60,Senti0.61-0.80,Senti0.81-1.00,SentiTotal
2.8993770055701383E-5,0.49789225920557484,0.2062612473782047,0.1997130423786733,6.0,2.0,3.0,0.0,0.0,2.4099795185363824E-14