SentiMin,SentiMax,SentiAvg,SentiStdev,Senti0-0.20,Senti0.21-0.40,Senti0.41-0.60,Senti0.61-0.80,Senti0.81-1.00,SentiTotal
0.02590369755460607,0.9261906684823746,0.35727903256226873,0.24140947576608882,2.0,5.0,3.0,0.0,1.0,1.8919536104477954E-4