SentiMin,SentiMax,SentiAvg,SentiStdev,Senti0-0.20,Senti0.21-0.40,Senti0.41-0.60,Senti0.61-0.80,Senti0.81-1.00,SentiTotal
0.003354485779375961,0.38685675479803405,0.15431982421039203,0.16685111341320638,2.0,1.0,0.0,0.0,0.0,1.694133973619905E-4