SentiMin,SentiMax,SentiAvg,SentiStdev,Senti0-0.20,Senti0.21-0.40,Senti0.41-0.60,Senti0.61-0.80,Senti0.81-1.00,SentiTotal
1.7850646508123767E-4,0.7805089323785629,0.2966571587111189,0.24547800943803005,6.0,1.0,3.0,1.0,0.0,8.54570588381083E-10