TraitMin,TraitMax,TraitAvg,TraitStdev,TraitTotal
210.0,1192.0,489.660606060606,261.0272216294473,470.7142857142857
