TraitMin,TraitMax,TraitAvg,TraitStdev,TraitTotal
196.92307692307693,560.0,345.2574092574093,111.39219989769649,290.3448275862069
