TimeMin,TimeMax,TimeAvg,TimeStdev,TimeTotal
1000.0,7200.0,3333.3333333333335,2753.5835237417846,10000.0
