SentiMin,SentiMax,SentiAvg,SentiStdev,Senti0-0.20,Senti0.21-0.40,Senti0.41-0.60,Senti0.61-0.80,Senti0.81-1.00,SentiTotal
0.31820487300311295,0.4662169283079212,0.3922109006555171,0.07400602765240413,0.0,1.0,1.0,0.0,0.0,0.2913283634077353