SentiMin,SentiMax,SentiAvg,SentiStdev,Senti0-0.20,Senti0.21-0.40,Senti0.41-0.60,Senti0.61-0.80,Senti0.81-1.00,SentiTotal
9.824234452137384E-6,0.5534486745765185,0.1620127092744341,0.19982100949336246,8.0,2.0,2.0,0.0,0.0,3.169125600131462E-24