SentiMin,SentiMax,SentiAvg,SentiStdev,Senti0-0.20,Senti0.21-0.40,Senti0.41-0.60,Senti0.61-0.80,Senti0.81-1.00,SentiTotal
8.351997504308259E-6,0.8693457099288329,0.30813324431921796,0.27023458268407874,4.0,3.0,1.0,1.0,1.0,3.317043225336045E-10