TraitMin,TraitMax,TraitAvg,TraitStdev,TraitTotal
257.14285714285717,360.0,316.8253968253968,43.58349790915685,333.3333333333333
