TraitMin,TraitMax,TraitAvg,TraitStdev,TraitTotal
180.0,720.0,328.9202741702742,145.68857656911794,298.69565217391306
