TraitMin,TraitMax,TraitAvg,TraitStdev,TraitTotal
72.0,7680.0,1091.2121212121212,2106.531465131829,523.8709677419355
