TimeMin,TimeMax,TimeAvg,TimeStdev,TimeTotal
360.0,7680.0,1436.6666666666667,1928.6927063572246,17240.0
