SentiMin,SentiMax,SentiAvg,SentiStdev,Senti0-0.20,Senti0.21-0.40,Senti0.41-0.60,Senti0.61-0.80,Senti0.81-1.00,SentiTotal
0.0022113550117774986,0.6921459309296395,0.37121505647562897,0.23908322701453774,1.0,3.0,1.0,2.0,0.0,3.674844642523962E-4