TraitMin,TraitMax,TraitAvg,TraitStdev,TraitTotal
255.0,860.0,467.8333333333333,187.3381523698078,388.0
