SentiMin,SentiMax,SentiAvg,SentiStdev,Senti0-0.20,Senti0.21-0.40,Senti0.41-0.60,Senti0.61-0.80,Senti0.81-1.00,SentiTotal
1.7494298764262153E-4,0.49789225920557484,0.21784893601043015,0.1762239932028653,2.0,2.0,1.0,0.0,0.0,1.6771388583373107E-6