TraitMin,TraitMax,TraitAvg,TraitStdev,TraitTotal
268.57142857142856,560.0,373.2779220779221,102.59262116098175,331.42857142857144
