TraitMin,TraitMax,TraitAvg,TraitStdev,TraitTotal
250.0,577.1428571428571,439.82857142857137,129.74745957168534,480.0
