TimeMin,TimeMax,TimeAvg,TimeStdev,TimeTotal
480.0,3440.0,1482.6666666666667,916.9766748517774,22240.0
