SentiMin,SentiMax,SentiAvg,SentiStdev,Senti0-0.20,Senti0.21-0.40,Senti0.41-0.60,Senti0.61-0.80,Senti0.81-1.00,SentiTotal
0.02086995630520264,0.5318834537628724,0.29899904300515473,0.1833640931515826,5.0,0.0,5.0,0.0,0.0,1.147612484623467E-5