TimeMin,TimeMax,TimeAvg,TimeStdev,TimeTotal
720.0,1800.0,965.7142857142857,352.25222874108437,6760.0
