SentiMin,SentiMax,SentiAvg,SentiStdev,Senti0-0.20,Senti0.21-0.40,Senti0.41-0.60,Senti0.61-0.80,Senti0.81-1.00,SentiTotal
0.023594358790202018,0.5461559840960549,0.2426787067901624,0.20669860472158014,5.0,0.0,3.0,0.0,0.0,1.9378434755905947E-6