SentiMin,SentiMax,SentiAvg,SentiStdev,Senti0-0.20,Senti0.21-0.40,Senti0.41-0.60,Senti0.61-0.80,Senti0.81-1.00,SentiTotal
1.103897689839912E-4,0.21921412548362115,0.08241775520733917,0.1000330743786603,4.0,1.0,0.0,0.0,0.0,5.9859931382554375E-12