SentiMin,SentiMax,SentiAvg,SentiStdev,Senti0-0.20,Senti0.21-0.40,Senti0.41-0.60,Senti0.61-0.80,Senti0.81-1.00,SentiTotal
0.03182597477918044,0.4801180056153849,0.21537527669677756,0.15614625905245003,3.0,2.0,1.0,0.0,0.0,4.406586419974557E-5