TraitMin,TraitMax,TraitAvg,TraitStdev,TraitTotal
200.0,960.0,463.6592592592593,192.9360049413885,404.3636363636364
