TraitMin,TraitMax,TraitAvg,TraitStdev,TraitTotal
192.0,760.0,410.2857142857143,164.97767319568192,338.0
