SentiMin,SentiMax,SentiAvg,SentiStdev,Senti0-0.20,Senti0.21-0.40,Senti0.41-0.60,Senti0.61-0.80,Senti0.81-1.00,SentiTotal
9.36061312522374E-4,0.9457699256311058,0.27682711488518436,0.28188469619239787,8.0,3.0,2.0,1.0,1.0,3.3349489346546726E-13