TraitMin,TraitMax,TraitAvg,TraitStdev,TraitTotal
306.6666666666667,693.3333333333334,460.7407407407407,135.9657828334354,412.3076923076923
