SentiMin,SentiMax,SentiAvg,SentiStdev,Senti0-0.20,Senti0.21-0.40,Senti0.41-0.60,Senti0.61-0.80,Senti0.81-1.00,SentiTotal
0.14822093935791764,0.49789225920557484,0.4046531274887318,0.12251236278653165,1.0,2.0,3.0,0.0,0.0,0.06919021239433258