TimeMin,TimeMax,TimeAvg,TimeStdev,TimeTotal
960.0,3480.0,1446.6666666666667,910.7994046745724,8680.0
