TraitMin,TraitMax,TraitAvg,TraitStdev,TraitTotal
480.0,1080.0,689.5238095238095,250.09748666163586,578.6666666666666
