SentiMin,SentiMax,SentiAvg,SentiStdev,Senti0-0.20,Senti0.21-0.40,Senti0.41-0.60,Senti0.61-0.80,Senti0.81-1.00,SentiTotal
0.06819236447131144,0.49789225920557484,0.2460129128035371,0.15116531384204202,4.0,3.0,1.0,0.0,0.0,2.6587923060718936E-5