TraitMin,TraitMax,TraitAvg,TraitStdev,TraitTotal
275.55555555555554,544.0,370.83417508417506,96.27946409061907,347.5
