SentiMin,SentiMax,SentiAvg,SentiStdev,Senti0-0.20,Senti0.21-0.40,Senti0.41-0.60,Senti0.61-0.80,Senti0.81-1.00,SentiTotal
0.005064834184046004,0.39697510199130176,0.1925767004474736,0.1176762680575834,5.0,4.0,0.0,0.0,0.0,7.857085878324708E-8