TraitMin,TraitMax,TraitAvg,TraitStdev,TraitTotal
268.57142857142856,880.0,576.4285714285714,209.5277326472544,408.0
