TraitMin,TraitMax,TraitAvg,TraitStdev,TraitTotal
220.0,1080.0,606.6666666666667,283.09401657792455,560.0
