TraitMin,TraitMax,TraitAvg,TraitStdev,TraitTotal
180.0,600.0,333.98941798941803,129.22427584733438,298.4
