TraitMin,TraitMax,TraitAvg,TraitStdev,TraitTotal
262.85714285714283,1160.0,495.4746642246642,285.8452627932119,371.06382978723406
