TimeMin,TimeMax,TimeAvg,TimeStdev,TimeTotal
1040.0,2400.0,1657.7777777777778,436.59739343085556,14920.0
