SentiMin,SentiMax,SentiAvg,SentiStdev,Senti0-0.20,Senti0.21-0.40,Senti0.41-0.60,Senti0.61-0.80,Senti0.81-1.00,SentiTotal
0.21921412548362115,0.49789225920557484,0.3915758651166656,0.10461192367814201,0.0,3.0,2.0,0.0,0.0,0.09036011656221409