SentiMin,SentiMax,SentiAvg,SentiStdev,Senti0-0.20,Senti0.21-0.40,Senti0.41-0.60,Senti0.61-0.80,Senti0.81-1.00,SentiTotal
1.6297424965820364E-6,0.49789225920557484,0.151442269408102,0.1766960274890866,8.0,1.0,2.0,0.0,0.0,3.160543526771647E-21