SentiMin,SentiMax,SentiAvg,SentiStdev,Senti0-0.20,Senti0.21-0.40,Senti0.41-0.60,Senti0.61-0.80,Senti0.81-1.00,SentiTotal
5.927679582477476E-6,0.9927104294631959,0.24099027071774373,0.36671659101680915,5.0,0.0,1.0,0.0,1.0,2.024067302434169E-12