TraitMin,TraitMax,TraitAvg,TraitStdev,TraitTotal
195.55555555555554,800.0,375.60647238066593,163.66294086851434,314.3362831858407
