SentiMin,SentiMax,SentiAvg,SentiStdev,Senti0-0.20,Senti0.21-0.40,Senti0.41-0.60,Senti0.61-0.80,Senti0.81-1.00,SentiTotal
5.194602783082022E-6,0.9863972150471435,0.33987943958150657,0.34936566704185174,4.0,3.0,0.0,0.0,2.0,5.259166540805728E-11