TraitMin,TraitMax,TraitAvg,TraitStdev,TraitTotal
248.0,520.0,417.29411764705884,102.04192096005441,453.6842105263158
