TraitMin,TraitMax,TraitAvg,TraitStdev,TraitTotal
190.0,760.0,469.092970521542,191.37657025986223,386.06060606060606
