SentiMin,SentiMax,SentiAvg,SentiStdev,Senti0-0.20,Senti0.21-0.40,Senti0.41-0.60,Senti0.61-0.80,Senti0.81-1.00,SentiTotal
2.9909076770401397E-7,0.49789225920557484,0.26507875146032406,0.23143866756886347,3.0,1.0,3.0,0.0,0.0,8.20858571776936E-14