TimeMin,TimeMax,TimeAvg,TimeStdev,TimeTotal
880.0,11200.0,3568.8888888888887,3761.7857592857986,32120.0
