TimeMin,TimeMax,TimeAvg,TimeStdev,TimeTotal
760.0,3240.0,1813.3333333333333,1046.3056702300507,5440.0
