SentiMin,SentiMax,SentiAvg,SentiStdev,Senti0-0.20,Senti0.21-0.40,Senti0.41-0.60,Senti0.61-0.80,Senti0.81-1.00,SentiTotal
0.004049773363356115,0.7323229776713167,0.37843260083081726,0.26901023145563197,1.0,1.0,1.0,1.0,0.0,0.004368972906592477