TimeMin,TimeMax,TimeAvg,TimeStdev,TimeTotal
1520.0,14720.0,5994.285714285715,4526.0100913430115,41960.0
