TraitMin,TraitMax,TraitAvg,TraitStdev,TraitTotal
266.6666666666667,880.0,492.30303030303025,170.27111866563806,434.83870967741933
