TraitMin,TraitMax,TraitAvg,TraitStdev,TraitTotal
305.45454545454544,880.0,480.53030303030306,232.56330782984733,365.2173913043478
