TraitMin,TraitMax,TraitAvg,TraitStdev,TraitTotal
320.0,422.22222222222223,360.3247863247863,42.10254328158807,367.2
