SentiMin,SentiMax,SentiAvg,SentiStdev,Senti0-0.20,Senti0.21-0.40,Senti0.41-0.60,Senti0.61-0.80,Senti0.81-1.00,SentiTotal
0.3599146729448032,0.6078752517172514,0.4885607279558765,0.10144430413742622,0.0,1.0,1.0,1.0,0.0,0.4678161001121747