TraitMin,TraitMax,TraitAvg,TraitStdev,TraitTotal
271.1111111111111,546.6666666666666,381.5473251028806,76.56465206991234,411.79487179487177
