TimeMin,TimeMax,TimeAvg,TimeStdev,TimeTotal
600.0,10160.0,3676.3636363636365,3193.2407953143,40440.0
