SentiMin,SentiMax,SentiAvg,SentiStdev,Senti0-0.20,Senti0.21-0.40,Senti0.41-0.60,Senti0.61-0.80,Senti0.81-1.00,SentiTotal
0.0024179012452276113,0.9985477915771526,0.3451576276389575,0.40421764391918164,2.0,1.0,0.0,0.0,1.0,0.014991274856913362