SentiMin,SentiMax,SentiAvg,SentiStdev,Senti0-0.20,Senti0.21-0.40,Senti0.41-0.60,Senti0.61-0.80,Senti0.81-1.00,SentiTotal
0.002684112343336052,0.7833225771326289,0.2400242009379471,0.3160593303072313,3.0,0.0,0.0,1.0,0.0,8.31946847111975E-5