TraitMin,TraitMax,TraitAvg,TraitStdev,TraitTotal
170.0,648.0,442.3333333333333,169.06967662935764,435.3488372093023
