TimeMin,TimeMax,TimeAvg,TimeStdev,TimeTotal
520.0,9440.0,3229.090909090909,2474.309654118257,35520.0
