TraitMin,TraitMax,TraitAvg,TraitStdev,TraitTotal
320.0,900.0,475.4612244897959,191.08242077315688,446.3829787234043
