TimeMin,TimeMax,TimeAvg,TimeStdev,TimeTotal
480.0,10080.0,3666.6666666666665,3246.550305923025,33000.0
