TimeMin,TimeMax,TimeAvg,TimeStdev,TimeTotal
640.0,9200.0,3013.3333333333335,2627.715526629336,27120.0
