SentiMin,SentiMax,SentiAvg,SentiStdev,Senti0-0.20,Senti0.21-0.40,Senti0.41-0.60,Senti0.61-0.80,Senti0.81-1.00,SentiTotal
2.584016360878775E-4,0.39697510199130176,0.11437282938010697,0.1453371576368779,5.0,2.0,0.0,0.0,0.0,3.190292915948182E-12