TraitMin,TraitMax,TraitAvg,TraitStdev,TraitTotal
260.0,445.7142857142857,347.2755802549853,62.728682664626625,345.66037735849056
