TraitMin,TraitMax,TraitAvg,TraitStdev,TraitTotal
280.0,683.0769230769231,432.6952214452215,115.42805152239649,472.5
