TraitMin,TraitMax,TraitAvg,TraitStdev,TraitTotal
228.0,1360.0,657.802129547471,356.1442744634063,551.6129032258065
