TraitMin,TraitMax,TraitAvg,TraitStdev,TraitTotal
230.0,570.0,405.7894736842105,135.2322307465457,453.0
