TraitMin,TraitMax,TraitAvg,TraitStdev,TraitTotal
180.0,640.0,343.2275132275132,129.27025013535336,330.7317073170732
