SentiMin,SentiMax,SentiAvg,SentiStdev,Senti0-0.20,Senti0.21-0.40,Senti0.41-0.60,Senti0.61-0.80,Senti0.81-1.00,SentiTotal
8.479962584863019E-13,0.6615133912215149,0.2017065423143456,0.22117159084192786,3.0,3.0,0.0,1.0,0.0,3.9237566037272343E-22