SentiMin,SentiMax,SentiAvg,SentiStdev,Senti0-0.20,Senti0.21-0.40,Senti0.41-0.60,Senti0.61-0.80,Senti0.81-1.00,SentiTotal
4.5967067760389214E-5,0.1571079350448899,0.043975313042963586,0.050194811581806144,7.0,0.0,0.0,0.0,0.0,6.828434696528012E-14