SentiMin,SentiMax,SentiAvg,SentiStdev,Senti0-0.20,Senti0.21-0.40,Senti0.41-0.60,Senti0.61-0.80,Senti0.81-1.00,SentiTotal
1.962054166114398E-7,0.49789225920557484,0.24727097173324322,0.20790624831812182,2.0,2.0,1.0,0.0,0.0,6.895432463991339E-14