TimeMin,TimeMax,TimeAvg,TimeStdev,TimeTotal
1160.0,13800.0,5211.428571428572,4280.011443814569,36480.0
