TraitMin,TraitMax,TraitAvg,TraitStdev,TraitTotal
21.5,4280.0,1317.7314814814815,1608.196467795366,280.45652173913044
