SentiMin,SentiMax,SentiAvg,SentiStdev,Senti0-0.20,Senti0.21-0.40,Senti0.41-0.60,Senti0.61-0.80,Senti0.81-1.00,SentiTotal
8.501825797844377E-7,0.5439622370949614,0.1356769036461667,0.20823203064649162,4.0,0.0,1.0,0.0,0.0,1.5983460147632617E-11