SentiMin,SentiMax,SentiAvg,SentiStdev,Senti0-0.20,Senti0.21-0.40,Senti0.41-0.60,Senti0.61-0.80,Senti0.81-1.00,SentiTotal
2.142008504264279E-4,0.6339111698260458,0.2858296621797997,0.21062667812478814,3.0,3.0,1.0,1.0,0.0,2.9912143749908205E-7