TraitMin,TraitMax,TraitAvg,TraitStdev,TraitTotal
216.0,550.7692307692307,338.1967225756699,92.88216100765223,363.39622641509436
