TimeMin,TimeMax,TimeAvg,TimeStdev,TimeTotal
1880.0,12720.0,4885.714285714285,3700.3430618674,34200.0
