SentiMin,SentiMax,SentiAvg,SentiStdev,Senti0-0.20,Senti0.21-0.40,Senti0.41-0.60,Senti0.61-0.80,Senti0.81-1.00,SentiTotal
2.0361815379798352E-4,0.49789225920557484,0.22145914374884348,0.2075698144838873,3.0,1.0,2.0,0.0,0.0,6.461466679058518E-8