TraitMin,TraitMax,TraitAvg,TraitStdev,TraitTotal
195.55555555555554,880.0,386.60317460317464,216.5668215785068,334.44444444444446
