TraitMin,TraitMax,TraitAvg,TraitStdev,TraitTotal
220.0,775.0,467.57495590828927,188.25653013264028,464.7887323943662
