TraitMin,TraitMax,TraitAvg,TraitStdev,TraitTotal
200.0,660.0,402.1333333333333,151.42722491165333,438.75
