SentiMin,SentiMax,SentiAvg,SentiStdev,Senti0-0.20,Senti0.21-0.40,Senti0.41-0.60,Senti0.61-0.80,Senti0.81-1.00,SentiTotal
0.05327724130432275,0.6584547019945785,0.25959875132089105,0.21530938181026632,2.0,2.0,0.0,1.0,0.0,0.001180389827087357