TraitMin,TraitMax,TraitAvg,TraitStdev,TraitTotal
182.5,906.6666666666666,478.291461412151,269.25331000299843,392.258064516129
