SentiMin,SentiMax,SentiAvg,SentiStdev,Senti0-0.20,Senti0.21-0.40,Senti0.41-0.60,Senti0.61-0.80,Senti0.81-1.00,SentiTotal
8.490613643774911E-7,0.3385252644667176,0.13754235252914454,0.14195622058402432,6.0,4.0,0.0,0.0,0.0,8.300881015026656E-22