TimeMin,TimeMax,TimeAvg,TimeStdev,TimeTotal
520.0,1880.0,1093.3333333333333,440.2019738458448,9840.0
