SentiMin,SentiMax,SentiAvg,SentiStdev,Senti0-0.20,Senti0.21-0.40,Senti0.41-0.60,Senti0.61-0.80,Senti0.81-1.00,SentiTotal
0.0012279032520747673,0.39697510199130176,0.12482356225282516,0.12593283287443277,10.0,5.0,0.0,0.0,0.0,1.9492629947300757E-19