SentiMin,SentiMax,SentiAvg,SentiStdev,Senti0-0.20,Senti0.21-0.40,Senti0.41-0.60,Senti0.61-0.80,Senti0.81-1.00,SentiTotal
7.798735478237756E-5,0.5982847095582557,0.25722585019838967,0.21206533764729252,4.0,3.0,3.0,0.0,0.0,7.191182486489895E-12