SentiMin,SentiMax,SentiAvg,SentiStdev,Senti0-0.20,Senti0.21-0.40,Senti0.41-0.60,Senti0.61-0.80,Senti0.81-1.00,SentiTotal
7.420633681297747E-5,0.4547804089231589,0.25385696268005176,0.21752813378080268,3.0,0.0,4.0,0.0,0.0,1.5778724855781927E-10