TraitMin,TraitMax,TraitAvg,TraitStdev,TraitTotal
300.0,760.0,489.1666666666667,157.05404236192783,440.0
