SentiMin,SentiMax,SentiAvg,SentiStdev,Senti0-0.20,Senti0.21-0.40,Senti0.41-0.60,Senti0.61-0.80,Senti0.81-1.00,SentiTotal
1.1550541208220942E-4,0.5495922250151081,0.25664028878315204,0.20961822739232702,3.0,2.0,3.0,0.0,0.0,1.0825621971696574E-10