TraitMin,TraitMax,TraitAvg,TraitStdev,TraitTotal
208.88888888888889,640.0,419.8765432098765,141.99677776483236,339.3103448275862
