TraitMin,TraitMax,TraitAvg,TraitStdev,TraitTotal
163.07692307692307,1066.6666666666667,423.1505161505161,249.7282870869322,280.0
