TimeMin,TimeMax,TimeAvg,TimeStdev,TimeTotal
520.0,2120.0,1422.2222222222222,602.5460384029271,12800.0
