TraitMin,TraitMax,TraitAvg,TraitStdev,TraitTotal
137.14285714285714,632.0,341.4444444444445,126.55122519213967,317.7142857142857
