SentiMin,SentiMax,SentiAvg,SentiStdev,Senti0-0.20,Senti0.21-0.40,Senti0.41-0.60,Senti0.61-0.80,Senti0.81-1.00,SentiTotal
4.8343106191484454E-5,0.49789225920557484,0.17584680797654792,0.18494853313976525,5.0,3.0,1.0,0.0,0.0,5.197055268792841E-15