SentiMin,SentiMax,SentiAvg,SentiStdev,Senti0-0.20,Senti0.21-0.40,Senti0.41-0.60,Senti0.61-0.80,Senti0.81-1.00,SentiTotal
6.46539421371945E-5,0.7440786448968312,0.18272885484186413,0.2024361971189109,9.0,3.0,1.0,1.0,0.0,5.064931093402187E-18