TraitMin,TraitMax,TraitAvg,TraitStdev,TraitTotal
210.0,840.0,530.8730158730159,223.7375686425305,383.75
