TraitMin,TraitMax,TraitAvg,TraitStdev,TraitTotal
426.6666666666667,1413.3333333333333,683.125,292.0407571203794,633.3333333333334
