SentiMin,SentiMax,SentiAvg,SentiStdev,Senti0-0.20,Senti0.21-0.40,Senti0.41-0.60,Senti0.61-0.80,Senti0.81-1.00,SentiTotal
0.0029598411458453206,0.43796879524747484,0.2093970027719946,0.16903016213325253,5.0,3.0,2.0,0.0,0.0,1.98690507472201E-9