TraitMin,TraitMax,TraitAvg,TraitStdev,TraitTotal
240.0,800.0,449.2,172.15853159225074,366.6666666666667
