TimeMin,TimeMax,TimeAvg,TimeStdev,TimeTotal
480.0,3840.0,1724.4444444444443,1166.410553898975,15520.0
