TraitMin,TraitMax,TraitAvg,TraitStdev,TraitTotal
168.0,660.0,333.9614512471656,141.14039786919645,284.9122807017544
