TraitMin,TraitMax,TraitAvg,TraitStdev,TraitTotal
140.0,440.0,282.7767507002801,98.8359986611292,254.41860465116278
