SentiMin,SentiMax,SentiAvg,SentiStdev,Senti0-0.20,Senti0.21-0.40,Senti0.41-0.60,Senti0.61-0.80,Senti0.81-1.00,SentiTotal
5.275349572454356E-4,0.43796879524747484,0.13254035368725964,0.16170544570580003,8.0,0.0,2.0,0.0,0.0,4.7548355369533187E-17