SentiMin,SentiMax,SentiAvg,SentiStdev,Senti0-0.20,Senti0.21-0.40,Senti0.41-0.60,Senti0.61-0.80,Senti0.81-1.00,SentiTotal
0.0022404991931124613,0.43796879524747484,0.3293687564750548,0.14131551765793016,1.0,4.0,3.0,0.0,0.0,6.098614630709521E-5