SentiMin,SentiMax,SentiAvg,SentiStdev,Senti0-0.20,Senti0.21-0.40,Senti0.41-0.60,Senti0.61-0.80,Senti0.81-1.00,SentiTotal
0.07158687003337592,0.43796879524747484,0.26512897361373716,0.1340775520713633,2.0,4.0,2.0,0.0,0.0,8.909439660247648E-5