TraitMin,TraitMax,TraitAvg,TraitStdev,TraitTotal
280.0,760.0,538.8979591836735,175.12427431273204,415.48387096774195
