SentiMin,SentiMax,SentiAvg,SentiStdev,Senti0-0.20,Senti0.21-0.40,Senti0.41-0.60,Senti0.61-0.80,Senti0.81-1.00,SentiTotal
5.808441247655392E-10,0.43796879524747484,0.21147802601358784,0.16411631172077396,7.0,6.0,1.0,0.0,0.0,2.0547096445521166E-23