SentiMin,SentiMax,SentiAvg,SentiStdev,Senti0-0.20,Senti0.21-0.40,Senti0.41-0.60,Senti0.61-0.80,Senti0.81-1.00,SentiTotal
3.450549553988801E-6,0.5136446707795853,0.15253993162977553,0.1793587970421874,7.0,1.0,2.0,0.0,0.0,1.81984588242616E-15