TimeMin,TimeMax,TimeAvg,TimeStdev,TimeTotal
560.0,4200.0,1493.3333333333333,974.4103630173254,22400.0
