TraitMin,TraitMax,TraitAvg,TraitStdev,TraitTotal
288.0,893.3333333333334,512.6444444444445,211.93529643866123,439.2156862745098
