TraitMin,TraitMax,TraitAvg,TraitStdev,TraitTotal
168.57142857142858,800.0,415.57864357864355,219.42564501913608,263.0508474576271
