SentiMin,SentiMax,SentiAvg,SentiStdev,Senti0-0.20,Senti0.21-0.40,Senti0.41-0.60,Senti0.61-0.80,Senti0.81-1.00,SentiTotal
5.407742057882571E-4,0.49789225920557484,0.2278715203874104,0.1747576424639537,6.0,5.0,4.0,0.0,0.0,1.6512347284925236E-15