SentiMin,SentiMax,SentiAvg,SentiStdev,Senti0-0.20,Senti0.21-0.40,Senti0.41-0.60,Senti0.61-0.80,Senti0.81-1.00,SentiTotal
2.3665628576589577E-4,0.48728019602140255,0.2257931590917209,0.1752051812244391,5.0,3.0,1.0,0.0,0.0,1.0876639041372258E-10