TimeMin,TimeMax,TimeAvg,TimeStdev,TimeTotal
480.0,3160.0,1482.6666666666667,798.1935159401439,22240.0
