SentiMin,SentiMax,SentiAvg,SentiStdev,Senti0-0.20,Senti0.21-0.40,Senti0.41-0.60,Senti0.61-0.80,Senti0.81-1.00,SentiTotal
4.872050600479862E-4,0.6155765545157244,0.2304412669855565,0.21074351475332326,6.0,2.0,2.0,1.0,0.0,9.777939575311212E-11