TraitMin,TraitMax,TraitAvg,TraitStdev,TraitTotal
146.66666666666666,560.0,327.00280112044817,124.05685322984047,304.11764705882354
