SentiMin,SentiMax,SentiAvg,SentiStdev,Senti0-0.20,Senti0.21-0.40,Senti0.41-0.60,Senti0.61-0.80,Senti0.81-1.00,SentiTotal
0.023045330491960368,0.5318834537628724,0.2740856418617033,0.18060797373000276,7.0,3.0,6.0,0.0,0.0,3.357337117086458E-9