TimeMin,TimeMax,TimeAvg,TimeStdev,TimeTotal
440.0,1360.0,901.8181818181819,263.8807644585707,9920.0
