SentiMin,SentiMax,SentiAvg,SentiStdev,Senti0-0.20,Senti0.21-0.40,Senti0.41-0.60,Senti0.61-0.80,Senti0.81-1.00,SentiTotal
0.01516036090102331,0.49789225920557484,0.19901142756098245,0.1804558486307758,5.0,2.0,2.0,0.0,0.0,6.788285500723868E-9