TraitMin,TraitMax,TraitAvg,TraitStdev,TraitTotal
180.0,520.0,264.90909090909093,84.83960992546386,241.9512195121951
