TimeMin,TimeMax,TimeAvg,TimeStdev,TimeTotal
560.0,4200.0,1413.3333333333333,1030.2103345110324,12720.0
