TimeMin,TimeMax,TimeAvg,TimeStdev,TimeTotal
360.0,5520.0,1216.4705882352941,1242.01421407264,20680.0
