SentiMin,SentiMax,SentiAvg,SentiStdev,Senti0-0.20,Senti0.21-0.40,Senti0.41-0.60,Senti0.61-0.80,Senti0.81-1.00,SentiTotal
4.375246646951354E-6,0.5950256399606813,0.2612210058821777,0.189168876989931,5.0,4.0,2.0,0.0,0.0,4.6264847185407665E-11