TimeMin,TimeMax,TimeAvg,TimeStdev,TimeTotal
520.0,2320.0,1316.3636363636363,625.6236557849182,14480.0
