TraitMin,TraitMax,TraitAvg,TraitStdev,TraitTotal
176.0,760.0,389.36507936507934,176.8188651154638,334.7368421052632
