TraitMin,TraitMax,TraitAvg,TraitStdev,TraitTotal
160.0,720.0,409.4285714285715,194.35817976307644,346.04651162790697
