SentiMin,SentiMax,SentiAvg,SentiStdev,Senti0-0.20,Senti0.21-0.40,Senti0.41-0.60,Senti0.61-0.80,Senti0.81-1.00,SentiTotal
0.009521445598525663,0.5264684865452299,0.2735217489262411,0.16545370232228881,4.0,6.0,4.0,0.0,0.0,5.839734769018554E-10