TimeMin,TimeMax,TimeAvg,TimeStdev,TimeTotal
400.0,3560.0,1062.857142857143,797.0967728614403,14880.0
