TraitMin,TraitMax,TraitAvg,TraitStdev,TraitTotal
386.6666666666667,386.6666666666667,386.6666666666667,0.0,386.6666666666667
