TraitMin,TraitMax,TraitAvg,TraitStdev,TraitTotal
175.0,560.0,380.60606060606057,125.47339193821604,314.7826086956522
