TraitMin,TraitMax,TraitAvg,TraitStdev,TraitTotal
180.0,880.0,369.4,162.08265838191372,322.7586206896552
