SentiMin,SentiMax,SentiAvg,SentiStdev,Senti0-0.20,Senti0.21-0.40,Senti0.41-0.60,Senti0.61-0.80,Senti0.81-1.00,SentiTotal
2.0682471445187335E-4,0.78291140448387,0.264715715571539,0.20456634807285212,3.0,6.0,1.0,1.0,0.0,8.177646557776021E-10