TraitMin,TraitMax,TraitAvg,TraitStdev,TraitTotal
173.33333333333334,1000.0,503.80952380952385,275.19360325846316,306.6666666666667
