TimeMin,TimeMax,TimeAvg,TimeStdev,TimeTotal
560.0,2040.0,1152.7272727272727,568.9718144335751,12680.0
