TraitMin,TraitMax,TraitAvg,TraitStdev,TraitTotal
230.0,800.0,458.0,218.21090715177368,335.38461538461536
