TraitMin,TraitMax,TraitAvg,TraitStdev,TraitTotal
164.0,520.0,296.1168831168831,128.75045314550428,251.0
