SentiMin,SentiMax,SentiAvg,SentiStdev,Senti0-0.20,Senti0.21-0.40,Senti0.41-0.60,Senti0.61-0.80,Senti0.81-1.00,SentiTotal
1.2114254766520123E-4,0.6886663400351106,0.23869257727874535,0.21868181084532864,10.0,0.0,4.0,1.0,0.0,1.592681595249672E-15