SentiMin,SentiMax,SentiAvg,SentiStdev,Senti0-0.20,Senti0.21-0.40,Senti0.41-0.60,Senti0.61-0.80,Senti0.81-1.00,SentiTotal
7.29906265877164E-4,0.5628056929000496,0.1658653943556693,0.1737046297866792,5.0,3.0,1.0,0.0,0.0,4.098227007308369E-12