TraitMin,TraitMax,TraitAvg,TraitStdev,TraitTotal
170.0,640.0,411.969696969697,174.84310164498189,321.1764705882353
