SentiMin,SentiMax,SentiAvg,SentiStdev,Senti0-0.20,Senti0.21-0.40,Senti0.41-0.60,Senti0.61-0.80,Senti0.81-1.00,SentiTotal
0.017145067566371637,0.6156033789779767,0.2772189323875826,0.1858177492110831,4.0,4.0,2.0,1.0,0.0,7.949905186215737E-7