TimeMin,TimeMax,TimeAvg,TimeStdev,TimeTotal
560.0,1960.0,992.7272727272727,450.2340988881816,10920.0
