TraitMin,TraitMax,TraitAvg,TraitStdev,TraitTotal
226.66666666666666,720.0,422.7056277056277,157.7517480892824,325.12820512820514
