SentiMin,SentiMax,SentiAvg,SentiStdev,Senti0-0.20,Senti0.21-0.40,Senti0.41-0.60,Senti0.61-0.80,Senti0.81-1.00,SentiTotal
1.7789955826618043E-4,0.49789225920557484,0.1973971705012034,0.17266775552593913,6.0,3.0,2.0,0.0,0.0,5.792060484423283E-12