SentiMin,SentiMax,SentiAvg,SentiStdev,Senti0-0.20,Senti0.21-0.40,Senti0.41-0.60,Senti0.61-0.80,Senti0.81-1.00,SentiTotal
7.854351269034934E-4,0.49789225920557484,0.18100808102412366,0.2204049852218963,4.0,0.0,2.0,0.0,0.0,6.2528320320507995E-9