TraitMin,TraitMax,TraitAvg,TraitStdev,TraitTotal
160.0,380.0,265.55555555555554,90.21921177243517,224.76190476190476
