SentiMin,SentiMax,SentiAvg,SentiStdev,Senti0-0.20,Senti0.21-0.40,Senti0.41-0.60,Senti0.61-0.80,Senti0.81-1.00,SentiTotal
1.3280524321369186E-5,0.39697510199130176,0.12657044096652345,0.12738696203114028,8.0,3.0,0.0,0.0,0.0,1.2952340323859896E-17