SentiMin,SentiMax,SentiAvg,SentiStdev,Senti0-0.20,Senti0.21-0.40,Senti0.41-0.60,Senti0.61-0.80,Senti0.81-1.00,SentiTotal
0.006261171907333622,0.5413674535992917,0.10873836091365174,0.1796325224338231,6.0,0.0,1.0,0.0,0.0,1.455390627362583E-10