TraitMin,TraitMax,TraitAvg,TraitStdev,TraitTotal
200.0,560.0,319.948717948718,110.30666388764386,288.1012658227848
