TraitMin,TraitMax,TraitAvg,TraitStdev,TraitTotal
222.85714285714286,360.0,295.4557823129252,43.874684291733566,295.07246376811594
