TimeMin,TimeMax,TimeAvg,TimeStdev,TimeTotal
320.0,5120.0,1330.6666666666667,1106.245703067612,19960.0
