TimeMin,TimeMax,TimeAvg,TimeStdev,TimeTotal
600.0,4440.0,1986.6666666666667,1173.2954539340133,23840.0
