TraitMin,TraitMax,TraitAvg,TraitStdev,TraitTotal
189.0909090909091,613.3333333333334,337.047225501771,119.83908928851871,333.3333333333333
