TimeMin,TimeMax,TimeAvg,TimeStdev,TimeTotal
520.0,3320.0,1946.6666666666667,947.6051685990086,23360.0
