TraitMin,TraitMax,TraitAvg,TraitStdev,TraitTotal
175.3846153846154,680.0,325.15669515669515,174.48736730402678,233.84615384615384
