SentiMin,SentiMax,SentiAvg,SentiStdev,Senti0-0.20,Senti0.21-0.40,Senti0.41-0.60,Senti0.61-0.80,Senti0.81-1.00,SentiTotal
6.194438990531058E-5,0.679316641554406,0.21379462811410968,0.22572239500072128,7.0,1.0,3.0,1.0,0.0,7.677911879085262E-18