TraitMin,TraitMax,TraitAvg,TraitStdev,TraitTotal
180.0,555.0,323.52380952380946,118.63090081155944,313.6842105263158
