TimeMin,TimeMax,TimeAvg,TimeStdev,TimeTotal
440.0,2800.0,1425.7142857142858,627.1217048173834,19960.0
