TraitMin,TraitMax,TraitAvg,TraitStdev,TraitTotal
177.14285714285714,680.0,378.69387755102036,170.2784374579797,276.8253968253968
