SentiMin,SentiMax,SentiAvg,SentiStdev,Senti0-0.20,Senti0.21-0.40,Senti0.41-0.60,Senti0.61-0.80,Senti0.81-1.00,SentiTotal
8.685911618333665E-6,0.5460952661648919,0.1782310873942819,0.18817522234535208,9.0,3.0,2.0,0.0,0.0,7.451355041276078E-21