TimeMin,TimeMax,TimeAvg,TimeStdev,TimeTotal
480.0,3040.0,1782.2222222222222,770.8260760419129,16040.0
