TimeMin,TimeMax,TimeAvg,TimeStdev,TimeTotal
360.0,2960.0,1245.7142857142858,727.556716352893,17440.0
