SentiMin,SentiMax,SentiAvg,SentiStdev,Senti0-0.20,Senti0.21-0.40,Senti0.41-0.60,Senti0.61-0.80,Senti0.81-1.00,SentiTotal
0.05203441154571948,0.5650674336881651,0.25496326962566745,0.20272246526791432,3.0,1.0,2.0,0.0,0.0,2.449647706843863E-4