TraitMin,TraitMax,TraitAvg,TraitStdev,TraitTotal
190.0,440.0,269.0011337868481,76.96786242950402,246.41975308641975
