SentiMin,SentiMax,SentiAvg,SentiStdev,Senti0-0.20,Senti0.21-0.40,Senti0.41-0.60,Senti0.61-0.80,Senti0.81-1.00,SentiTotal
8.439176386708714E-4,0.5706222121367613,0.23148712787032474,0.19819450986292408,7.0,4.0,3.0,0.0,0.0,1.691625568618949E-13