SentiMin,SentiMax,SentiAvg,SentiStdev,Senti0-0.20,Senti0.21-0.40,Senti0.41-0.60,Senti0.61-0.80,Senti0.81-1.00,SentiTotal
3.10509571277268E-5,0.7163227068778971,0.20560419598087973,0.26532773257961034,7.0,1.0,1.0,2.0,0.0,2.1831182386672258E-16