TimeMin,TimeMax,TimeAvg,TimeStdev,TimeTotal
560.0,1320.0,862.8571428571429,234.0765616944462,6040.0
