TraitMin,TraitMax,TraitAvg,TraitStdev,TraitTotal
165.0,346.6666666666667,261.94276094276097,48.03699804173345,258.7096774193548
