TraitMin,TraitMax,TraitAvg,TraitStdev,TraitTotal
210.9090909090909,560.0,386.3922558922559,111.75849516979444,342.22222222222223
