TimeMin,TimeMax,TimeAvg,TimeStdev,TimeTotal
720.0,4800.0,2181.818181818182,1332.7061885967091,24000.0
