TimeMin,TimeMax,TimeAvg,TimeStdev,TimeTotal
1000.0,5280.0,2908.5714285714284,1363.6445763512736,20360.0
