SentiMin,SentiMax,SentiAvg,SentiStdev,Senti0-0.20,Senti0.21-0.40,Senti0.41-0.60,Senti0.61-0.80,Senti0.81-1.00,SentiTotal
0.016516658569796176,0.6921459309296395,0.3806159039066667,0.20894414350335416,2.0,1.0,4.0,1.0,0.0,0.001846407943023332