TraitMin,TraitMax,TraitAvg,TraitStdev,TraitTotal
373.3333333333333,540.0,454.6898014266435,63.77244168217525,451.3207547169811
