SentiMin,SentiMax,SentiAvg,SentiStdev,Senti0-0.20,Senti0.21-0.40,Senti0.41-0.60,Senti0.61-0.80,Senti0.81-1.00,SentiTotal
0.0028127047280615794,0.43256573630500944,0.12356022969914485,0.12037122430575822,11.0,2.0,1.0,0.0,0.0,2.088957292331184E-17