TraitMin,TraitMax,TraitAvg,TraitStdev,TraitTotal
230.0,1000.0,580.6666666666666,220.2324249234302,501.8181818181818
