SentiMin,SentiMax,SentiAvg,SentiStdev,Senti0-0.20,Senti0.21-0.40,Senti0.41-0.60,Senti0.61-0.80,Senti0.81-1.00,SentiTotal
3.029989597153228E-4,0.367640027043293,0.12477767388251604,0.171747595459641,2.0,1.0,0.0,0.0,0.0,1.1524931592347324E-6