TraitMin,TraitMax,TraitAvg,TraitStdev,TraitTotal
226.66666666666666,320.0,293.99999999999994,34.27989368581984,292.0
