TimeMin,TimeMax,TimeAvg,TimeStdev,TimeTotal
1360.0,5800.0,2946.6666666666665,2021.8363490209147,8840.0
