SentiMin,SentiMax,SentiAvg,SentiStdev,Senti0-0.20,Senti0.21-0.40,Senti0.41-0.60,Senti0.61-0.80,Senti0.81-1.00,SentiTotal
5.598447917739754E-4,0.3624593586409801,0.0702472676776461,0.12261588167174313,6.0,1.0,0.0,0.0,0.0,8.339955580615661E-14