TraitMin,TraitMax,TraitAvg,TraitStdev,TraitTotal
203.63636363636363,833.3333333333334,363.62670662670666,191.23677578539508,340.5128205128205
