SentiMin,SentiMax,SentiAvg,SentiStdev,Senti0-0.20,Senti0.21-0.40,Senti0.41-0.60,Senti0.61-0.80,Senti0.81-1.00,SentiTotal
8.543173003062169E-4,0.29112132088878306,0.09497750898707072,0.099421123203688,7.0,1.0,0.0,0.0,0.0,1.0585346105099187E-12