SentiMin,SentiMax,SentiAvg,SentiStdev,Senti0-0.20,Senti0.21-0.40,Senti0.41-0.60,Senti0.61-0.80,Senti0.81-1.00,SentiTotal
5.787999449650065E-6,0.49789225920557484,0.14917744887127363,0.1870112281970022,4.0,1.0,1.0,0.0,0.0,8.973127331531886E-15