SentiMin,SentiMax,SentiAvg,SentiStdev,Senti0-0.20,Senti0.21-0.40,Senti0.41-0.60,Senti0.61-0.80,Senti0.81-1.00,SentiTotal
7.428374793020069E-5,0.5894470993993713,0.2647394426347946,0.25068139909991394,3.0,0.0,3.0,0.0,0.0,1.058130883674591E-9