TimeMin,TimeMax,TimeAvg,TimeStdev,TimeTotal
1080.0,4000.0,2413.3333333333335,900.7157647609422,28960.0
