TraitMin,TraitMax,TraitAvg,TraitStdev,TraitTotal
160.0,520.0,312.3116883116883,112.44648733845789,309.38775510204084
