TimeMin,TimeMax,TimeAvg,TimeStdev,TimeTotal
1200.0,3480.0,2417.1428571428573,763.1085727978366,16920.0
