SentiMin,SentiMax,SentiAvg,SentiStdev,Senti0-0.20,Senti0.21-0.40,Senti0.41-0.60,Senti0.61-0.80,Senti0.81-1.00,SentiTotal
0.005113940537928186,0.7616765504435048,0.3056206189800848,0.2839978958003791,3.0,1.0,2.0,1.0,0.0,1.1264976889221053E-6