SentiMin,SentiMax,SentiAvg,SentiStdev,Senti0-0.20,Senti0.21-0.40,Senti0.41-0.60,Senti0.61-0.80,Senti0.81-1.00,SentiTotal
0.0021275285919183807,0.5166900437012137,0.23226553282495566,0.22920900294692698,3.0,0.0,2.0,0.0,0.0,4.587648035862394E-6