SentiMin,SentiMax,SentiAvg,SentiStdev,Senti0-0.20,Senti0.21-0.40,Senti0.41-0.60,Senti0.61-0.80,Senti0.81-1.00,SentiTotal
0.004634682672155708,0.5293700225891195,0.27751800083119355,0.20652864703387214,3.0,2.0,3.0,0.0,0.0,1.8462236375457415E-6