TraitMin,TraitMax,TraitAvg,TraitStdev,TraitTotal
275.55555555555554,1040.0,594.4444444444445,298.3741954221698,441.2903225806452
