TimeMin,TimeMax,TimeAvg,TimeStdev,TimeTotal
1080.0,5280.0,2673.3333333333335,1702.4557426128752,16040.0
