TraitMin,TraitMax,TraitAvg,TraitStdev,TraitTotal
215.0,573.3333333333334,391.8095238095238,102.23341251724231,362.60869565217394
