TraitMin,TraitMax,TraitAvg,TraitStdev,TraitTotal
236.0,1120.0,623.125,304.5494366683347,463.030303030303
