SentiMin,SentiMax,SentiAvg,SentiStdev,Senti0-0.20,Senti0.21-0.40,Senti0.41-0.60,Senti0.61-0.80,Senti0.81-1.00,SentiTotal
0.055637502721112675,0.8851154199723337,0.37627816226050115,0.2793414044560964,3.0,2.0,2.0,1.0,1.0,0.0025748577351060236