TraitMin,TraitMax,TraitAvg,TraitStdev,TraitTotal
230.0,1080.0,475.01587301587307,285.51161065461787,348.71794871794873
