TraitMin,TraitMax,TraitAvg,TraitStdev,TraitTotal
215.0,451.42857142857144,317.2358276643991,86.55260883582332,313.3333333333333
