TraitMin,TraitMax,TraitAvg,TraitStdev,TraitTotal
216.0,1000.0,400.771164021164,222.81062816875973,348.9156626506024
