SentiMin,SentiMax,SentiAvg,SentiStdev,Senti0-0.20,Senti0.21-0.40,Senti0.41-0.60,Senti0.61-0.80,Senti0.81-1.00,SentiTotal
7.840710754703779E-5,0.4400537639887982,0.1109901967790792,0.15706829721453724,6.0,1.0,1.0,0.0,0.0,3.6909607404624226E-16