TimeMin,TimeMax,TimeAvg,TimeStdev,TimeTotal
920.0,5720.0,2354.285714285714,1525.3932246459985,32960.0
