TraitMin,TraitMax,TraitAvg,TraitStdev,TraitTotal
218.46153846153845,480.0,345.35945998446,85.35601729730719,320.0
