TraitMin,TraitMax,TraitAvg,TraitStdev,TraitTotal
340.0,546.6666666666666,448.88888888888886,84.73633762194495,473.04347826086956
