TraitMin,TraitMax,TraitAvg,TraitStdev,TraitTotal
316.0,506.6666666666667,374.1333333333333,70.56143107644259,355.42857142857144
