TraitMin,TraitMax,TraitAvg,TraitStdev,TraitTotal
216.0,540.0,367.49572649572656,116.07806972095939,348.69565217391306
