TimeMin,TimeMax,TimeAvg,TimeStdev,TimeTotal
920.0,3320.0,1853.3333333333333,820.9479615393144,11120.0
