SentiMin,SentiMax,SentiAvg,SentiStdev,Senti0-0.20,Senti0.21-0.40,Senti0.41-0.60,Senti0.61-0.80,Senti0.81-1.00,SentiTotal
3.8958726947256915E-4,0.6502251347537275,0.08461819250283271,0.17672444785564526,11.0,0.0,0.0,1.0,0.0,8.314137815214933E-21