TraitMin,TraitMax,TraitAvg,TraitStdev,TraitTotal
220.0,680.0,337.7959183673469,144.56721089965487,293.0232558139535
