TimeMin,TimeMax,TimeAvg,TimeStdev,TimeTotal
1240.0,4120.0,2451.4285714285716,1008.6968760510276,17160.0
