TimeMin,TimeMax,TimeAvg,TimeStdev,TimeTotal
1360.0,4920.0,3626.6666666666665,1608.0906552665356,10880.0
