SentiMin,SentiMax,SentiAvg,SentiStdev,Senti0-0.20,Senti0.21-0.40,Senti0.41-0.60,Senti0.61-0.80,Senti0.81-1.00,SentiTotal
2.8958536878025674E-4,0.3570977423112927,0.047303481628984075,0.11716093458947976,7.0,1.0,0.0,0.0,0.0,1.2669085872164851E-20