SentiMin,SentiMax,SentiAvg,SentiStdev,Senti0-0.20,Senti0.21-0.40,Senti0.41-0.60,Senti0.61-0.80,Senti0.81-1.00,SentiTotal
2.7156869962238685E-4,0.5005281824469677,0.21201308101557997,0.19071965674917524,2.0,2.0,1.0,0.0,0.0,2.722638257298569E-8