SentiMin,SentiMax,SentiAvg,SentiStdev,Senti0-0.20,Senti0.21-0.40,Senti0.41-0.60,Senti0.61-0.80,Senti0.81-1.00,SentiTotal
2.6601226567339578E-8,0.22070464720352195,0.08600584364135931,0.08877924553602459,5.0,1.0,0.0,0.0,0.0,3.0913097774205594E-17