SentiMin,SentiMax,SentiAvg,SentiStdev,Senti0-0.20,Senti0.21-0.40,Senti0.41-0.60,Senti0.61-0.80,Senti0.81-1.00,SentiTotal
3.7901225190347304E-4,0.6615890016673823,0.2346431327991859,0.21303514366525375,9.0,2.0,4.0,1.0,0.0,3.997645370000995E-16