SentiMin,SentiMax,SentiAvg,SentiStdev,Senti0-0.20,Senti0.21-0.40,Senti0.41-0.60,Senti0.61-0.80,Senti0.81-1.00,SentiTotal
0.0020683136982020084,0.49789225920557484,0.19212490060446893,0.16257237555907686,6.0,4.0,2.0,0.0,0.0,6.189018182594823E-12