TraitMin,TraitMax,TraitAvg,TraitStdev,TraitTotal
146.66666666666666,760.0,398.909090909091,188.51759110195036,285.7142857142857
