TimeMin,TimeMax,TimeAvg,TimeStdev,TimeTotal
553.0,1560.0,990.2307692307693,337.2477185521632,12873.0
