SentiMin,SentiMax,SentiAvg,SentiStdev,Senti0-0.20,Senti0.21-0.40,Senti0.41-0.60,Senti0.61-0.80,Senti0.81-1.00,SentiTotal
5.182612586189266E-6,0.30458853526177404,0.04338309520682166,0.07826222675958569,13.0,1.0,0.0,0.0,0.0,1.65802566495622E-34