SentiMin,SentiMax,SentiAvg,SentiStdev,Senti0-0.20,Senti0.21-0.40,Senti0.41-0.60,Senti0.61-0.80,Senti0.81-1.00,SentiTotal
1.2892889070891343E-7,0.5628056929000496,0.15915623452972755,0.1465634545908802,11.0,5.0,1.0,0.0,0.0,1.5058456645045287E-28