SentiMin,SentiMax,SentiAvg,SentiStdev,Senti0-0.20,Senti0.21-0.40,Senti0.41-0.60,Senti0.61-0.80,Senti0.81-1.00,SentiTotal
6.931102311051738E-5,0.4042041767695276,0.18247771327609905,0.1615192253504323,6.0,3.0,1.0,0.0,0.0,3.8528880090738127E-13