TraitMin,TraitMax,TraitAvg,TraitStdev,TraitTotal
210.66666666666666,428.0,287.8004535147392,55.21107117586809,288.4076433121019
