TraitMin,TraitMax,TraitAvg,TraitStdev,TraitTotal
146.66666666666666,600.0,344.6923076923077,126.67964482459784,297.85714285714283
