TraitMin,TraitMax,TraitAvg,TraitStdev,TraitTotal
251.42857142857142,320.0,286.2857142857143,26.14871128833726,278.0952380952381
