TimeMin,TimeMax,TimeAvg,TimeStdev,TimeTotal
800.0,8520.0,3234.285714285714,1933.1015577700675,45280.0
