SentiMin,SentiMax,SentiAvg,SentiStdev,Senti0-0.20,Senti0.21-0.40,Senti0.41-0.60,Senti0.61-0.80,Senti0.81-1.00,SentiTotal
0.023688205324499476,0.3760966277435949,0.14017665848522823,0.12205223992296249,4.0,1.0,0.0,0.0,0.0,2.049896727453901E-5