SentiMin,SentiMax,SentiAvg,SentiStdev,Senti0-0.20,Senti0.21-0.40,Senti0.41-0.60,Senti0.61-0.80,Senti0.81-1.00,SentiTotal
6.926041783361989E-4,0.5628056929000496,0.19835432628907995,0.1965679244138966,8.0,5.0,3.0,0.0,0.0,1.3745398453841913E-18