TraitMin,TraitMax,TraitAvg,TraitStdev,TraitTotal
192.72727272727272,346.6666666666667,268.1952861952862,55.38488834918951,255.55555555555554
