TraitMin,TraitMax,TraitAvg,TraitStdev,TraitTotal
202.85714285714286,800.0,345.3848739495798,138.6761856499306,301.3333333333333
