TraitMin,TraitMax,TraitAvg,TraitStdev,TraitTotal
173.33333333333334,333.3333333333333,239.2549019607843,53.8082231173643,228.67924528301887
