TimeMin,TimeMax,TimeAvg,TimeStdev,TimeTotal
440.0,8360.0,1595.2941176470588,1808.991001333775,27120.0
