TraitMin,TraitMax,TraitAvg,TraitStdev,TraitTotal
108.57142857142857,1560.0,553.6240079365078,458.4944848484957,314.6923076923077
