TimeMin,TimeMax,TimeAvg,TimeStdev,TimeTotal
800.0,2680.0,1533.3333333333333,655.9132733999382,9200.0
