SentiMin,SentiMax,SentiAvg,SentiStdev,Senti0-0.20,Senti0.21-0.40,Senti0.41-0.60,Senti0.61-0.80,Senti0.81-1.00,SentiTotal
0.008633822902591017,0.28085773858005014,0.07791625207579778,0.09423382135613474,5.0,1.0,0.0,0.0,0.0,7.855261433753964E-9