TraitMin,TraitMax,TraitAvg,TraitStdev,TraitTotal
182.85714285714286,1400.0,396.7619047619048,266.7065351905129,337.9310344827586
