TimeMin,TimeMax,TimeAvg,TimeStdev,TimeTotal
640.0,3520.0,1378.1818181818182,791.6589966280612,15160.0
