SentiMin,SentiMax,SentiAvg,SentiStdev,Senti0-0.20,Senti0.21-0.40,Senti0.41-0.60,Senti0.61-0.80,Senti0.81-1.00,SentiTotal
0.0010608109598782775,0.6921459309296395,0.13938003397903073,0.18396345958138868,13.0,3.0,1.0,1.0,0.0,3.3944429518310256E-24