TraitMin,TraitMax,TraitAvg,TraitStdev,TraitTotal
220.0,1400.0,581.8849206349206,313.6551583734526,413.3333333333333
