TimeMin,TimeMax,TimeAvg,TimeStdev,TimeTotal
600.0,5120.0,1915.5555555555557,1365.4068267256964,17240.0
