TraitMin,TraitMax,TraitAvg,TraitStdev,TraitTotal
160.0,1120.0,552.5194805194805,252.1369280578176,421.1111111111111
