SentiMin,SentiMax,SentiAvg,SentiStdev,Senti0-0.20,Senti0.21-0.40,Senti0.41-0.60,Senti0.61-0.80,Senti0.81-1.00,SentiTotal
7.850818438200925E-4,0.9588494988391291,0.350296417034384,0.25422787343398295,4.0,3.0,4.0,0.0,1.0,7.258849374277407E-8