TraitMin,TraitMax,TraitAvg,TraitStdev,TraitTotal
168.0,1320.0,594.5555555555555,318.94233001679663,476.25
