TraitMin,TraitMax,TraitAvg,TraitStdev,TraitTotal
192.0,880.0,332.56469456469455,198.73105494719658,261.2121212121212
