SentiMin,SentiMax,SentiAvg,SentiStdev,Senti0-0.20,Senti0.21-0.40,Senti0.41-0.60,Senti0.61-0.80,Senti0.81-1.00,SentiTotal
3.0176530407014615E-5,0.9496372501312157,0.22244230548703495,0.2857694999831185,5.0,3.0,0.0,0.0,1.0,1.5712239982338956E-12