SentiMin,SentiMax,SentiAvg,SentiStdev,Senti0-0.20,Senti0.21-0.40,Senti0.41-0.60,Senti0.61-0.80,Senti0.81-1.00,SentiTotal
2.953492639395096E-4,0.9611958417475951,0.4510411752059697,0.2536319230555564,2.0,2.0,4.0,2.0,1.0,7.474527780047067E-4