SentiMin,SentiMax,SentiAvg,SentiStdev,Senti0-0.20,Senti0.21-0.40,Senti0.41-0.60,Senti0.61-0.80,Senti0.81-1.00,SentiTotal
0.0927000308445153,0.9611958417475951,0.32008122105899883,0.21885498185861077,3.0,7.0,1.0,0.0,1.0,4.061857078681371E-5