SentiMin,SentiMax,SentiAvg,SentiStdev,Senti0-0.20,Senti0.21-0.40,Senti0.41-0.60,Senti0.61-0.80,Senti0.81-1.00,SentiTotal
0.011897355653644802,0.7154418093389922,0.22019392417823622,0.2022310435106157,8.0,2.0,1.0,1.0,0.0,1.3874318189113146E-9