TraitMin,TraitMax,TraitAvg,TraitStdev,TraitTotal
240.0,920.0,419.73015873015873,171.37278560276334,357.0731707317073
