TimeMin,TimeMax,TimeAvg,TimeStdev,TimeTotal
1000.0,2200.0,1322.3529411764705,347.7580195170318,22480.0
