TraitMin,TraitMax,TraitAvg,TraitStdev,TraitTotal
173.33333333333334,1000.0,444.4611528822055,292.0213723884712,322.1917808219178
