TraitMin,TraitMax,TraitAvg,TraitStdev,TraitTotal
168.0,1000.0,437.75723622782454,244.49210660786207,316.61971830985914
