SentiMin,SentiMax,SentiAvg,SentiStdev,Senti0-0.20,Senti0.21-0.40,Senti0.41-0.60,Senti0.61-0.80,Senti0.81-1.00,SentiTotal
2.3412621735408574E-4,0.5317129293225678,0.23357812107474718,0.2132763058139953,11.0,1.0,7.0,0.0,0.0,4.714548179366068E-21