SentiMin,SentiMax,SentiAvg,SentiStdev,Senti0-0.20,Senti0.21-0.40,Senti0.41-0.60,Senti0.61-0.80,Senti0.81-1.00,SentiTotal
0.01597880258502454,0.5136446707795853,0.23707524672123825,0.1608994510542357,9.0,5.0,3.0,0.0,0.0,1.458162930122141E-11