TimeMin,TimeMax,TimeAvg,TimeStdev,TimeTotal
878.0,1920.0,1333.111111111111,404.66953443367277,11998.0
