TraitMin,TraitMax,TraitAvg,TraitStdev,TraitTotal
204.44444444444446,1000.0,496.05291005291014,277.06507127730896,355.45454545454544
