TraitMin,TraitMax,TraitAvg,TraitStdev,TraitTotal
248.0,1000.0,456.53846153846155,243.21027933395726,345.0
