TimeMin,TimeMax,TimeAvg,TimeStdev,TimeTotal
1000.0,3640.0,1706.6666666666667,872.2894524691268,35840.0
