TraitMin,TraitMax,TraitAvg,TraitStdev,TraitTotal
160.0,1040.0,747.3333333333333,286.8751180101428,502.60869565217394
