SentiMin,SentiMax,SentiAvg,SentiStdev,Senti0-0.20,Senti0.21-0.40,Senti0.41-0.60,Senti0.61-0.80,Senti0.81-1.00,SentiTotal
0.007427742443517649,0.5450372860724226,0.232382023734151,0.17986469386851606,9.0,6.0,4.0,0.0,0.0,2.7022011364699632E-15