TimeMin,TimeMax,TimeAvg,TimeStdev,TimeTotal
400.0,2880.0,1486.1538461538462,675.8873194838421,19320.0
