TimeMin,TimeMax,TimeAvg,TimeStdev,TimeTotal
1000.0,1640.0,1205.7142857142858,225.69620180721714,8440.0
