TraitMin,TraitMax,TraitAvg,TraitStdev,TraitTotal
167.27272727272728,1000.0,597.8874458874459,332.3415162964268,342.8
