TimeMin,TimeMax,TimeAvg,TimeStdev,TimeTotal
320.0,2160.0,1303.3333333333333,464.6025780767424,15640.0
