TraitMin,TraitMax,TraitAvg,TraitStdev,TraitTotal
142.85714285714286,1160.0,555.4081632653061,356.03125680104904,337.6
