TimeMin,TimeMax,TimeAvg,TimeStdev,TimeTotal
800.0,2240.0,1397.6470588235295,370.0481592149977,23760.0
