TraitMin,TraitMax,TraitAvg,TraitStdev,TraitTotal
112.72727272727273,1000.0,460.30303030303025,225.1879238794039,328.57142857142856
