TraitMin,TraitMax,TraitAvg,TraitStdev,TraitTotal
208.88888888888889,1000.0,422.45598845598846,180.96604905829733,344.61538461538464
