SentiMin,SentiMax,SentiAvg,SentiStdev,Senti0-0.20,Senti0.21-0.40,Senti0.41-0.60,Senti0.61-0.80,Senti0.81-1.00,SentiTotal
8.743652163174756E-5,0.5136446707795853,0.2255139012829965,0.19587347961723958,8.0,5.0,4.0,0.0,0.0,2.4576688918798627E-18