TraitMin,TraitMax,TraitAvg,TraitStdev,TraitTotal
194.28571428571428,1000.0,372.32683982683983,245.8845761428628,302.64150943396226
