TraitMin,TraitMax,TraitAvg,TraitStdev,TraitTotal
170.0,1080.0,434.4611528822055,247.78479069868175,324.2857142857143
