TraitMin,TraitMax,TraitAvg,TraitStdev,TraitTotal
228.57142857142858,1000.0,509.39047619047614,289.1124527586732,360.0
