SentiMin,SentiMax,SentiAvg,SentiStdev,Senti0-0.20,Senti0.21-0.40,Senti0.41-0.60,Senti0.61-0.80,Senti0.81-1.00,SentiTotal
7.471931600908308E-4,0.6388733437275337,0.2618115933733013,0.18525668331437706,5.0,5.0,1.0,1.0,0.0,7.376900430224096E-10