SentiMin,SentiMax,SentiAvg,SentiStdev,Senti0-0.20,Senti0.21-0.40,Senti0.41-0.60,Senti0.61-0.80,Senti0.81-1.00,SentiTotal
0.23570172075674928,0.5316624617817726,0.3836820912692609,0.14798037051251164,0.0,1.0,1.0,0.0,0.0,0.2609300011479342