TimeMin,TimeMax,TimeAvg,TimeStdev,TimeTotal
520.0,2200.0,1237.8947368421052,456.89546135180433,23520.0
