SentiMin,SentiMax,SentiAvg,SentiStdev,Senti0-0.20,Senti0.21-0.40,Senti0.41-0.60,Senti0.61-0.80,Senti0.81-1.00,SentiTotal
0.001793414486424861,0.53403926229103,0.2763674775809202,0.1948633168528814,4.0,3.0,3.0,0.0,0.0,3.7824265480055655E-8