SentiMin,SentiMax,SentiAvg,SentiStdev,Senti0-0.20,Senti0.21-0.40,Senti0.41-0.60,Senti0.61-0.80,Senti0.81-1.00,SentiTotal
5.126460080465147E-6,0.6146675902136324,0.20286925035326092,0.19540356482387095,12.0,5.0,3.0,1.0,0.0,1.1613585279791708E-26