TimeMin,TimeMax,TimeAvg,TimeStdev,TimeTotal
520.0,2360.0,1433.6842105263158,588.6309765827805,27240.0
