TimeMin,TimeMax,TimeAvg,TimeStdev,TimeTotal
1640.0,12000.0,6245.714285714285,3301.354082116943,43720.0
