TimeMin,TimeMax,TimeAvg,TimeStdev,TimeTotal
880.0,2240.0,1546.6666666666667,555.5377774933243,4640.0
