SentiMin,SentiMax,SentiAvg,SentiStdev,Senti0-0.20,Senti0.21-0.40,Senti0.41-0.60,Senti0.61-0.80,Senti0.81-1.00,SentiTotal
1.0395271628420247E-4,0.6078324580085134,0.16161381799701324,0.21111637594156044,8.0,0.0,2.0,1.0,0.0,9.063756125865425E-16