TraitMin,TraitMax,TraitAvg,TraitStdev,TraitTotal
229.0909090909091,680.0,398.07748742485586,117.00567731315275,360.8695652173913
