SentiMin,SentiMax,SentiAvg,SentiStdev,Senti0-0.20,Senti0.21-0.40,Senti0.41-0.60,Senti0.61-0.80,Senti0.81-1.00,SentiTotal
7.660695780701555E-8,0.33794617558802953,0.08294281128792766,0.12862670519929575,4.0,1.0,0.0,0.0,0.0,1.437113855876554E-13