TraitMin,TraitMax,TraitAvg,TraitStdev,TraitTotal
210.0,720.0,322.98611111111114,153.47250791315588,276.3636363636364
