SentiMin,SentiMax,SentiAvg,SentiStdev,Senti0-0.20,Senti0.21-0.40,Senti0.41-0.60,Senti0.61-0.80,Senti0.81-1.00,SentiTotal
0.04403707794608404,0.9373359759408338,0.3537982424123947,0.2939695605462848,2.0,2.0,1.0,0.0,1.0,0.009296563197448919