TraitMin,TraitMax,TraitAvg,TraitStdev,TraitTotal
200.0,426.0,305.0740740740741,84.46689922373072,339.6825396825397
