TimeMin,TimeMax,TimeAvg,TimeStdev,TimeTotal
1040.0,8800.0,3413.3333333333335,2177.6235773072544,30720.0
