SentiMin,SentiMax,SentiAvg,SentiStdev,Senti0-0.20,Senti0.21-0.40,Senti0.41-0.60,Senti0.61-0.80,Senti0.81-1.00,SentiTotal
1.9981921617806286E-6,0.5845035069777074,0.18401140357832083,0.2605248329554861,4.0,0.0,2.0,0.0,0.0,1.1192542304903364E-16