SentiMin,SentiMax,SentiAvg,SentiStdev,Senti0-0.20,Senti0.21-0.40,Senti0.41-0.60,Senti0.61-0.80,Senti0.81-1.00,SentiTotal
8.068124349587991E-5,0.19955144208992243,0.03288781204764295,0.0681357711336528,7.0,0.0,0.0,0.0,0.0,9.281830696610899E-17