TraitMin,TraitMax,TraitAvg,TraitStdev,TraitTotal
210.0,1400.0,482.79087995290257,362.9982884985385,364.70588235294116
