SentiMin,SentiMax,SentiAvg,SentiStdev,Senti0-0.20,Senti0.21-0.40,Senti0.41-0.60,Senti0.61-0.80,Senti0.81-1.00,SentiTotal
5.26662089244502E-4,0.37980207379770065,0.15061838965171492,0.14814777032268617,3.0,2.0,0.0,0.0,0.0,4.541430042918334E-8