TimeMin,TimeMax,TimeAvg,TimeStdev,TimeTotal
920.0,6720.0,3687.2727272727275,1846.3777359472392,40560.0
