TraitMin,TraitMax,TraitAvg,TraitStdev,TraitTotal
186.66666666666666,610.0,382.3555555555555,167.15564418444282,409.30232558139534
