TraitMin,TraitMax,TraitAvg,TraitStdev,TraitTotal
224.0,880.0,494.6666666666667,279.8158124354106,309.3333333333333
