TraitMin,TraitMax,TraitAvg,TraitStdev,TraitTotal
320.0,600.0,442.2467532467533,79.43427268404135,451.42857142857144
