SentiMin,SentiMax,SentiAvg,SentiStdev,Senti0-0.20,Senti0.21-0.40,Senti0.41-0.60,Senti0.61-0.80,Senti0.81-1.00,SentiTotal
2.6883240595668513E-5,0.5318834537628724,0.20873709265202078,0.20713797253302418,5.0,2.0,2.0,0.0,0.0,5.648577951630485E-12