TraitMin,TraitMax,TraitAvg,TraitStdev,TraitTotal
256.0,1000.0,476.3273599017306,225.7701387760076,465.1063829787234
