TimeMin,TimeMax,TimeAvg,TimeStdev,TimeTotal
960.0,6440.0,2233.3333333333335,1937.4783152908376,13400.0
