SentiMin,SentiMax,SentiAvg,SentiStdev,Senti0-0.20,Senti0.21-0.40,Senti0.41-0.60,Senti0.61-0.80,Senti0.81-1.00,SentiTotal
0.057618175078518734,0.8794560310606085,0.46853710306956364,0.4109189279910449,1.0,0.0,0.0,0.0,1.0,0.31027104226567936