TraitMin,TraitMax,TraitAvg,TraitStdev,TraitTotal
190.0,960.0,443.6928104575163,249.7794084243669,326.8292682926829
