TimeMin,TimeMax,TimeAvg,TimeStdev,TimeTotal
1400.0,8480.0,4133.333333333333,2382.0812561940684,37200.0
