TraitMin,TraitMax,TraitAvg,TraitStdev,TraitTotal
256.0,440.0,318.2219508886176,62.31321525112612,337.5824175824176
