SentiMin,SentiMax,SentiAvg,SentiStdev,Senti0-0.20,Senti0.21-0.40,Senti0.41-0.60,Senti0.61-0.80,Senti0.81-1.00,SentiTotal
2.1881884209794954E-5,0.49789225920557484,0.17389330560771202,0.1710437659846496,6.0,0.0,2.0,0.0,0.0,6.421469781893907E-11