SentiMin,SentiMax,SentiAvg,SentiStdev,Senti0-0.20,Senti0.21-0.40,Senti0.41-0.60,Senti0.61-0.80,Senti0.81-1.00,SentiTotal
5.294359541982911E-11,0.49789225920557484,0.1108007457624828,0.13937490471756103,9.0,1.0,1.0,0.0,0.0,3.439665783495445E-23