SentiMin,SentiMax,SentiAvg,SentiStdev,Senti0-0.20,Senti0.21-0.40,Senti0.41-0.60,Senti0.61-0.80,Senti0.81-1.00,SentiTotal
0.0736401149528525,0.43796879524747484,0.297537010409312,0.12087810358324216,1.0,4.0,1.0,0.0,0.0,0.002864747182399496