TraitMin,TraitMax,TraitAvg,TraitStdev,TraitTotal
36.6,754.6666666666666,235.21855600539809,166.20675836158534,266.3157894736842
