SentiMin,SentiMax,SentiAvg,SentiStdev,Senti0-0.20,Senti0.21-0.40,Senti0.41-0.60,Senti0.61-0.80,Senti0.81-1.00,SentiTotal
0.21921412548362115,0.39697510199130176,0.30809461373746144,0.08888048825384029,0.0,4.0,0.0,0.0,0.0,0.0338499802620117