TraitMin,TraitMax,TraitAvg,TraitStdev,TraitTotal
115.0,1233.7272727272727,521.0828598484849,380.7657283447484,571.25
