TimeMin,TimeMax,TimeAvg,TimeStdev,TimeTotal
184.0,5443.0,1625.6923076923076,1823.2446725809111,21134.0
