TimeMin,TimeMax,TimeAvg,TimeStdev,TimeTotal
608.0,3881.0,1281.5454545454545,907.8533485532445,14097.0
