TraitMin,TraitMax,TraitAvg,TraitStdev,TraitTotal
119.08333333333333,671.0,281.63061313686313,139.96222468072514,251.68571428571428
