TraitMin,TraitMax,TraitAvg,TraitStdev,TraitTotal
69.66666666666667,949.75,254.84242424242427,232.76552898359313,282.97777777777776
