SentiMin,SentiMax,SentiAvg,SentiStdev,Senti0-0.20,Senti0.21-0.40,Senti0.41-0.60,Senti0.61-0.80,Senti0.81-1.00,SentiTotal
0.0047526430666419645,0.49789225920557484,0.2111728803207901,0.17107636666463974,3.0,4.0,1.0,0.0,0.0,5.427946735997291E-8