SentiMin,SentiMax,SentiAvg,SentiStdev,Senti0-0.20,Senti0.21-0.40,Senti0.41-0.60,Senti0.61-0.80,Senti0.81-1.00,SentiTotal
0.023075576420508784,0.49789225920557484,0.25280238649057507,0.18688540901473952,3.0,2.0,2.0,0.0,0.0,2.8961326419179693E-5