TimeMin,TimeMax,TimeAvg,TimeStdev,TimeTotal
159.0,3736.0,721.6666666666666,954.4429207076183,10825.0
