SentiMin,SentiMax,SentiAvg,SentiStdev,Senti0-0.20,Senti0.21-0.40,Senti0.41-0.60,Senti0.61-0.80,Senti0.81-1.00,SentiTotal
0.02184067337935205,0.7109684749934044,0.41692880193053566,0.25112397858878466,2.0,1.0,3.0,2.0,0.0,0.0023645837418862867