SentiMin,SentiMax,SentiAvg,SentiStdev,Senti0-0.20,Senti0.21-0.40,Senti0.41-0.60,Senti0.61-0.80,Senti0.81-1.00,SentiTotal
1.7995530127481462E-6,0.49789225920557484,0.31568826334359623,0.16391932219088437,3.0,8.0,4.0,0.0,0.0,2.5019880942744552E-11