TimeMin,TimeMax,TimeAvg,TimeStdev,TimeTotal
161.0,3041.0,1371.3333333333333,1027.6500160830803,8228.0
