TraitMin,TraitMax,TraitAvg,TraitStdev,TraitTotal
70.0,447.75,319.1593779904306,136.41185834889245,333.1904761904762
