TimeMin,TimeMax,TimeAvg,TimeStdev,TimeTotal
202.0,13601.0,3340.4285714285716,4616.174540434439,23383.0
