SentiMin,SentiMax,SentiAvg,SentiStdev,Senti0-0.20,Senti0.21-0.40,Senti0.41-0.60,Senti0.61-0.80,Senti0.81-1.00,SentiTotal
0.0010597406618003756,0.49789225920557484,0.2780157150800115,0.17281549082416015,4.0,4.0,3.0,0.0,0.0,5.1158550326949315E-8