TraitMin,TraitMax,TraitAvg,TraitStdev,TraitTotal
60.0,1010.6666666666666,258.14065126050417,213.7745359581675,253.04705882352943
