SentiMin,SentiMax,SentiAvg,SentiStdev,Senti0-0.20,Senti0.21-0.40,Senti0.41-0.60,Senti0.61-0.80,Senti0.81-1.00,SentiTotal
0.007213229407777263,0.49789225920557484,0.26102887115662804,0.16702132695645922,5.0,5.0,3.0,0.0,0.0,7.375088434409327E-9