TraitMin,TraitMax,TraitAvg,TraitStdev,TraitTotal
161.0,720.0,344.5481481481482,185.7563560512616,342.8333333333333
