SentiMin,SentiMax,SentiAvg,SentiStdev,Senti0-0.20,Senti0.21-0.40,Senti0.41-0.60,Senti0.61-0.80,Senti0.81-1.00,SentiTotal
2.7962286991434687E-4,0.5628056929000496,0.28674094469348027,0.1907325328186903,4.0,5.0,3.0,0.0,0.0,2.057472794389788E-9