TimeMin,TimeMax,TimeAvg,TimeStdev,TimeTotal
151.0,4892.0,1157.6363636363637,1604.3786264032265,12734.0
