TraitMin,TraitMax,TraitAvg,TraitStdev,TraitTotal
68.16666666666667,394.5,183.382905982906,103.70979605159455,224.82978723404256
