TraitMin,TraitMax,TraitAvg,TraitStdev,TraitTotal
162.83333333333334,362.2857142857143,273.85044836116265,68.93766730891959,276.15
