SentiMin,SentiMax,SentiAvg,SentiStdev,Senti0-0.20,Senti0.21-0.40,Senti0.41-0.60,Senti0.61-0.80,Senti0.81-1.00,SentiTotal
0.08613263524307707,0.4975871235285352,0.2814718200986937,0.14462969170306683,3.0,3.0,1.0,0.0,0.0,5.228344904052574E-4