TimeMin,TimeMax,TimeAvg,TimeStdev,TimeTotal
186.0,3975.0,1265.235294117647,1166.552917506343,21509.0
