TimeMin,TimeMax,TimeAvg,TimeStdev,TimeTotal
233.0,7944.0,3178.1666666666665,2579.5682724483613,19069.0
