SentiMin,SentiMax,SentiAvg,SentiStdev,Senti0-0.20,Senti0.21-0.40,Senti0.41-0.60,Senti0.61-0.80,Senti0.81-1.00,SentiTotal
0.028356751368227247,0.6959033095314103,0.2775288989458873,0.18898616343658886,6.0,6.0,4.0,1.0,0.0,7.497244982892091E-10