SentiMin,SentiMax,SentiAvg,SentiStdev,Senti0-0.20,Senti0.21-0.40,Senti0.41-0.60,Senti0.61-0.80,Senti0.81-1.00,SentiTotal
2.1892654812209958E-5,0.7090734456126735,0.180313418664016,0.22268415149025578,10.0,0.0,2.0,1.0,0.0,1.443473764355656E-16