SentiMin,SentiMax,SentiAvg,SentiStdev,Senti0-0.20,Senti0.21-0.40,Senti0.41-0.60,Senti0.61-0.80,Senti0.81-1.00,SentiTotal
7.995274546506449E-4,0.6959033095314103,0.35629742454542956,0.24399989213546144,2.0,1.0,2.0,1.0,0.0,8.874219086596976E-5