TimeMin,TimeMax,TimeAvg,TimeStdev,TimeTotal
144.0,6792.0,1556.923076923077,1980.5950722539644,20240.0
