TimeMin,TimeMax,TimeAvg,TimeStdev,TimeTotal
144.0,7665.0,1551.7777777777778,2270.21495691868,13966.0
