SentiMin,SentiMax,SentiAvg,SentiStdev,Senti0-0.20,Senti0.21-0.40,Senti0.41-0.60,Senti0.61-0.80,Senti0.81-1.00,SentiTotal
0.005648915259949303,0.6959033095314103,0.36198973956471026,0.24647501009174652,3.0,0.0,5.0,1.0,0.0,1.5650779570655507E-5