TimeMin,TimeMax,TimeAvg,TimeStdev,TimeTotal
145.0,6427.0,1221.857142857143,2137.295783298634,8553.0
