TimeMin,TimeMax,TimeAvg,TimeStdev,TimeTotal
198.0,6801.0,2536.3846153846152,2383.422895380686,32973.0
