TraitMin,TraitMax,TraitAvg,TraitStdev,TraitTotal
72.5,856.0,336.01190476190476,248.62299513014275,427.65
