SentiMin,SentiMax,SentiAvg,SentiStdev,Senti0-0.20,Senti0.21-0.40,Senti0.41-0.60,Senti0.61-0.80,Senti0.81-1.00,SentiTotal
1.2633248427054463E-5,0.49789225920557484,0.21068125244655522,0.19956193697168192,7.0,3.0,3.0,0.0,0.0,8.586938618991384E-16