TraitMin,TraitMax,TraitAvg,TraitStdev,TraitTotal
124.5,668.3333333333334,238.43337510442774,131.28223528782817,230.31914893617022
