TraitMin,TraitMax,TraitAvg,TraitStdev,TraitTotal
84.875,680.1,262.5286486389428,171.69175063308333,299.75454545454545
