TraitMin,TraitMax,TraitAvg,TraitStdev,TraitTotal
80.5,245.23529411764707,159.50828081232495,51.17124566946083,178.08510638297872
