SentiMin,SentiMax,SentiAvg,SentiStdev,Senti0-0.20,Senti0.21-0.40,Senti0.41-0.60,Senti0.61-0.80,Senti0.81-1.00,SentiTotal
0.026687924915389964,0.5136446707795853,0.23688949761993217,0.19087155440343687,4.0,1.0,3.0,0.0,0.0,7.247519077787505E-7