TimeMin,TimeMax,TimeAvg,TimeStdev,TimeTotal
440.0,2120.0,1492.3076923076924,470.25613063772687,19400.0
