SentiMin,SentiMax,SentiAvg,SentiStdev,Senti0-0.20,Senti0.21-0.40,Senti0.41-0.60,Senti0.61-0.80,Senti0.81-1.00,SentiTotal
7.961897187844525E-7,0.41236914500135136,0.14751182570490406,0.156869883228227,9.0,3.0,1.0,0.0,0.0,3.7416340489824815E-23