TraitMin,TraitMax,TraitAvg,TraitStdev,TraitTotal
213.33333333333334,1000.0,490.59157509157507,254.16024532231322,384.94444444444446
