SentiMin,SentiMax,SentiAvg,SentiStdev,Senti0-0.20,Senti0.21-0.40,Senti0.41-0.60,Senti0.61-0.80,Senti0.81-1.00,SentiTotal
2.344864395931865E-6,0.49789225920557484,0.22752531504449228,0.1867685069491285,5.0,5.0,2.0,0.0,0.0,3.452891436504402E-14