TraitMin,TraitMax,TraitAvg,TraitStdev,TraitTotal
136.0,773.3333333333334,380.47222222222223,190.7181501814706,289.30232558139534
