TimeMin,TimeMax,TimeAvg,TimeStdev,TimeTotal
520.0,5040.0,2228.235294117647,1244.0362927092822,37880.0
