SentiMin,SentiMax,SentiAvg,SentiStdev,Senti0-0.20,Senti0.21-0.40,Senti0.41-0.60,Senti0.61-0.80,Senti0.81-1.00,SentiTotal
4.33429609632958E-4,0.5143447214613424,0.23335197191203644,0.18647447128364414,6.0,4.0,3.0,0.0,0.0,4.338475359451097E-14