TraitMin,TraitMax,TraitAvg,TraitStdev,TraitTotal
160.0,1000.0,592.0,352.81628836171,358.9189189189189
