TraitMin,TraitMax,TraitAvg,TraitStdev,TraitTotal
218.1818181818182,1000.0,388.0429715212324,198.6261947859261,314.6666666666667
