SentiMin,SentiMax,SentiAvg,SentiStdev,Senti0-0.20,Senti0.21-0.40,Senti0.41-0.60,Senti0.61-0.80,Senti0.81-1.00,SentiTotal
0.3265398260125642,0.6410348669579983,0.5203661563457166,0.13842160401525774,0.0,1.0,1.0,1.0,0.0,0.5625199536307004