SentiMin,SentiMax,SentiAvg,SentiStdev,Senti0-0.20,Senti0.21-0.40,Senti0.41-0.60,Senti0.61-0.80,Senti0.81-1.00,SentiTotal
6.599202220057354E-4,0.5136446707795853,0.22143637283457984,0.2055580836533671,3.0,2.0,2.0,0.0,0.0,1.6539356895646985E-8