TraitMin,TraitMax,TraitAvg,TraitStdev,TraitTotal
140.0,497.14285714285717,291.99260216907277,74.30852048789063,295.9375
