TraitMin,TraitMax,TraitAvg,TraitStdev,TraitTotal
265.0,600.0,386.05882352941177,121.08243067142747,331.42857142857144
