TraitMin,TraitMax,TraitAvg,TraitStdev,TraitTotal
222.22222222222223,620.0,342.69312169312167,115.03877177380627,297.14285714285717
