TimeMin,TimeMax,TimeAvg,TimeStdev,TimeTotal
520.0,2200.0,1413.3333333333333,689.9919484232325,4240.0
