TraitMin,TraitMax,TraitAvg,TraitStdev,TraitTotal
240.0,1480.0,570.952380952381,444.6033162759107,384.76190476190476
