TimeMin,TimeMax,TimeAvg,TimeStdev,TimeTotal
360.0,1680.0,1106.6666666666667,385.5155278613589,13280.0
