TraitMin,TraitMax,TraitAvg,TraitStdev,TraitTotal
104.61538461538461,1000.0,352.4289556597249,234.05670846544223,236.58536585365854
