TimeMin,TimeMax,TimeAvg,TimeStdev,TimeTotal
480.0,6360.0,2541.5384615384614,1956.2988844866693,33040.0
