TimeMin,TimeMax,TimeAvg,TimeStdev,TimeTotal
680.0,1800.0,1154.2857142857142,345.0406660445835,8080.0
