SentiMin,SentiMax,SentiAvg,SentiStdev,Senti0-0.20,Senti0.21-0.40,Senti0.41-0.60,Senti0.61-0.80,Senti0.81-1.00,SentiTotal
8.911023662974822E-5,0.3041233943377613,0.11260551097921438,0.12691968092858902,3.0,2.0,0.0,0.0,0.0,1.6602031277173037E-9