SentiMin,SentiMax,SentiAvg,SentiStdev,Senti0-0.20,Senti0.21-0.40,Senti0.41-0.60,Senti0.61-0.80,Senti0.81-1.00,SentiTotal
9.956567004496996E-7,0.846865524620706,0.24369404014961987,0.2513124127371613,7.0,3.0,2.0,0.0,1.0,6.75179364401693E-19