TimeMin,TimeMax,TimeAvg,TimeStdev,TimeTotal
1000.0,2960.0,1733.3333333333333,563.63897034262,20800.0
