SentiMin,SentiMax,SentiAvg,SentiStdev,Senti0-0.20,Senti0.21-0.40,Senti0.41-0.60,Senti0.61-0.80,Senti0.81-1.00,SentiTotal
4.0336556268128383E-5,0.5628056929000496,0.22319809091844625,0.23043553547383397,5.0,1.0,3.0,0.0,0.0,1.093862738318209E-14