SentiMin,SentiMax,SentiAvg,SentiStdev,Senti0-0.20,Senti0.21-0.40,Senti0.41-0.60,Senti0.61-0.80,Senti0.81-1.00,SentiTotal
0.03957686136173243,0.37609422587007374,0.18447197122766626,0.1449278838570641,4.0,2.0,0.0,0.0,0.0,1.5001594104616686E-5