SentiMin,SentiMax,SentiAvg,SentiStdev,Senti0-0.20,Senti0.21-0.40,Senti0.41-0.60,Senti0.61-0.80,Senti0.81-1.00,SentiTotal
7.334012506625996E-5,0.5017543432377519,0.31193026985664957,0.2004774089538853,2.0,2.0,3.0,0.0,0.0,3.138797125282526E-7