TimeMin,TimeMax,TimeAvg,TimeStdev,TimeTotal
1160.0,10240.0,4146.666666666667,3059.8184405106276,24880.0
