TraitMin,TraitMax,TraitAvg,TraitStdev,TraitTotal
320.0,1200.0,718.939393939394,308.981932660704,566.5454545454545
