TimeMin,TimeMax,TimeAvg,TimeStdev,TimeTotal
520.0,7760.0,3514.285714285714,2387.340762934221,24600.0
