SentiMin,SentiMax,SentiAvg,SentiStdev,Senti0-0.20,Senti0.21-0.40,Senti0.41-0.60,Senti0.61-0.80,Senti0.81-1.00,SentiTotal
0.0010871687191596085,0.49789225920557484,0.21247112351617742,0.16970532417594383,4.0,6.0,1.0,0.0,0.0,2.859218235884556E-12