TraitMin,TraitMax,TraitAvg,TraitStdev,TraitTotal
520.0,835.0,735.2777777777778,109.82484652199723,732.0
