TraitMin,TraitMax,TraitAvg,TraitStdev,TraitTotal
322.22222222222223,1440.0,901.0648148148149,418.7689070931735,746.9387755102041
