TraitMin,TraitMax,TraitAvg,TraitStdev,TraitTotal
350.7692307692308,1680.0,716.1507064364207,438.40634543276195,492.0
