TraitMin,TraitMax,TraitAvg,TraitStdev,TraitTotal
248.0,1074.2857142857142,720.2285714285714,237.17121345094964,790.72
