TraitMin,TraitMax,TraitAvg,TraitStdev,TraitTotal
400.0,920.0,587.5408163265305,152.32872548564163,538.2857142857143
