SentiMin,SentiMax,SentiAvg,SentiStdev,Senti0-0.20,Senti0.21-0.40,Senti0.41-0.60,Senti0.61-0.80,Senti0.81-1.00,SentiTotal
3.916824195282046E-8,0.9983864964569151,0.2901297810313141,0.2953612535945263,4.0,5.0,0.0,0.0,1.0,5.656349686935927E-18