SentiMin,SentiMax,SentiAvg,SentiStdev,Senti0-0.20,Senti0.21-0.40,Senti0.41-0.60,Senti0.61-0.80,Senti0.81-1.00,SentiTotal
1.7505980449623098E-4,0.39697510199130176,0.11811952504347589,0.17647844907176388,5.0,2.0,0.0,0.0,0.0,4.267390944832077E-15