TimeMin,TimeMax,TimeAvg,TimeStdev,TimeTotal
560.0,7400.0,2691.4285714285716,2249.8471603417775,18840.0
