SentiMin,SentiMax,SentiAvg,SentiStdev,Senti0-0.20,Senti0.21-0.40,Senti0.41-0.60,Senti0.61-0.80,Senti0.81-1.00,SentiTotal
2.4763168434347756E-9,0.5338019006526534,0.1934234634823736,0.21064309324066854,3.0,2.0,1.0,0.0,0.0,2.5825468018038947E-16