SentiMin,SentiMax,SentiAvg,SentiStdev,Senti0-0.20,Senti0.21-0.40,Senti0.41-0.60,Senti0.61-0.80,Senti0.81-1.00,SentiTotal
0.006105266666547399,0.37609422587007374,0.15328410201820325,0.15467088761782014,2.0,2.0,0.0,0.0,0.0,1.2647649982980173E-5