TimeMin,TimeMax,TimeAvg,TimeStdev,TimeTotal
800.0,7000.0,2832.7272727272725,2177.3590797072197,31160.0
