TraitMin,TraitMax,TraitAvg,TraitStdev,TraitTotal
560.0,1706.6666666666667,977.2222222222223,490.9643445855524,995.2
