TraitMin,TraitMax,TraitAvg,TraitStdev,TraitTotal
192.0,840.0,401.06031503510496,193.6944253831943,304.3137254901961
