TraitMin,TraitMax,TraitAvg,TraitStdev,TraitTotal
220.0,1160.0,399.72694381641753,244.99627326952825,278.15384615384613
