TraitMin,TraitMax,TraitAvg,TraitStdev,TraitTotal
134.28571428571428,520.0,279.0787499394311,97.58415315704417,269.9300699300699
