SentiMin,SentiMax,SentiAvg,SentiStdev,Senti0-0.20,Senti0.21-0.40,Senti0.41-0.60,Senti0.61-0.80,Senti0.81-1.00,SentiTotal
1.0556456705736486E-8,0.49789225920557484,0.14815817342198656,0.17923153960400948,10.0,3.0,2.0,0.0,0.0,1.4391595867092883E-37