TraitMin,TraitMax,TraitAvg,TraitStdev,TraitTotal
187.27272727272728,640.0,409.8181818181818,210.83838940354528,254.05405405405406
