SentiMin,SentiMax,SentiAvg,SentiStdev,Senti0-0.20,Senti0.21-0.40,Senti0.41-0.60,Senti0.61-0.80,Senti0.81-1.00,SentiTotal
4.080237599999448E-10,0.21921412548362115,0.03861697619151445,0.07579061614455637,6.0,1.0,0.0,0.0,0.0,8.32925719528717E-31