TraitMin,TraitMax,TraitAvg,TraitStdev,TraitTotal
176.0,600.0,348.3199502023031,151.05146305817803,284.7368421052632
