TimeMin,TimeMax,TimeAvg,TimeStdev,TimeTotal
1000.0,5840.0,3131.4285714285716,1936.3251540071508,21920.0
