TimeMin,TimeMax,TimeAvg,TimeStdev,TimeTotal
480.0,7240.0,2410.6666666666665,1952.0364295325594,36160.0
