SentiMin,SentiMax,SentiAvg,SentiStdev,Senti0-0.20,Senti0.21-0.40,Senti0.41-0.60,Senti0.61-0.80,Senti0.81-1.00,SentiTotal
8.514800287651177E-8,0.39697510199130176,0.09608800484762221,0.143799898565336,5.0,2.0,0.0,0.0,0.0,6.341148768475889E-23