SentiMin,SentiMax,SentiAvg,SentiStdev,Senti0-0.20,Senti0.21-0.40,Senti0.41-0.60,Senti0.61-0.80,Senti0.81-1.00,SentiTotal
4.1460931977444884E-7,0.6824837810859113,0.24288095405303003,0.21969083257750063,9.0,4.0,4.0,1.0,0.0,1.5630917639204844E-22