TimeMin,TimeMax,TimeAvg,TimeStdev,TimeTotal
520.0,6080.0,3091.4285714285716,2224.8173509072512,21640.0
