SentiMin,SentiMax,SentiAvg,SentiStdev,Senti0-0.20,Senti0.21-0.40,Senti0.41-0.60,Senti0.61-0.80,Senti0.81-1.00,SentiTotal
1.3342886802767828E-7,0.46136925527848727,0.12093431302569596,0.16028802850239776,11.0,0.0,2.0,0.0,0.0,7.545272738458049E-34