TraitMin,TraitMax,TraitAvg,TraitStdev,TraitTotal
192.94117647058823,320.0,275.28102149950894,51.830731692582276,263.46666666666664
