SentiMin,SentiMax,SentiAvg,SentiStdev,Senti0-0.20,Senti0.21-0.40,Senti0.41-0.60,Senti0.61-0.80,Senti0.81-1.00,SentiTotal
1.0718688002958535E-7,0.28175804285459777,0.040361015260907386,0.09855005700253058,6.0,1.0,0.0,0.0,0.0,1.4653453978997582E-32