SentiMin,SentiMax,SentiAvg,SentiStdev,Senti0-0.20,Senti0.21-0.40,Senti0.41-0.60,Senti0.61-0.80,Senti0.81-1.00,SentiTotal
3.480995713397131E-5,0.48439634580644964,0.14103045668784173,0.1784667954978518,9.0,3.0,2.0,0.0,0.0,9.600614144890647E-26