SentiMin,SentiMax,SentiAvg,SentiStdev,Senti0-0.20,Senti0.21-0.40,Senti0.41-0.60,Senti0.61-0.80,Senti0.81-1.00,SentiTotal
5.354703321861251E-7,0.8955553447399425,0.11816567476510392,0.24066114686524614,11.0,0.0,0.0,0.0,1.0,2.4614780505466506E-27