SentiMin,SentiMax,SentiAvg,SentiStdev,Senti0-0.20,Senti0.21-0.40,Senti0.41-0.60,Senti0.61-0.80,Senti0.81-1.00,SentiTotal
1.3909193735114293E-8,0.5159436667231726,0.17693088594528023,0.1914797625311897,6.0,2.0,2.0,0.0,0.0,2.773166203336588E-23