TimeMin,TimeMax,TimeAvg,TimeStdev,TimeTotal
640.0,5840.0,2969.230769230769,1890.6183829166812,38600.0
