TimeMin,TimeMax,TimeAvg,TimeStdev,TimeTotal
640.0,4320.0,2822.8571428571427,1173.3920826355686,19760.0
