SentiMin,SentiMax,SentiAvg,SentiStdev,Senti0-0.20,Senti0.21-0.40,Senti0.41-0.60,Senti0.61-0.80,Senti0.81-1.00,SentiTotal
1.0398838734864581E-7,0.39697510199130176,0.13075411146215477,0.14784818870187708,11.0,4.0,0.0,0.0,0.0,1.7005739027164002E-29