SentiMin,SentiMax,SentiAvg,SentiStdev,Senti0-0.20,Senti0.21-0.40,Senti0.41-0.60,Senti0.61-0.80,Senti0.81-1.00,SentiTotal
2.203264336480983E-5,0.49789225920557484,0.24703136749953356,0.18786160249561137,5.0,2.0,3.0,0.0,0.0,2.2958258459666806E-10