TraitMin,TraitMax,TraitAvg,TraitStdev,TraitTotal
208.88888888888889,1080.0,493.41269841269843,260.1055007187607,325.45454545454544
