TraitMin,TraitMax,TraitAvg,TraitStdev,TraitTotal
184.6153846153846,1080.0,352.22396650968085,298.03230896057147,235.69892473118279
