TraitMin,TraitMax,TraitAvg,TraitStdev,TraitTotal
220.0,472.0,325.0817697094787,66.81802744834648,326.88524590163934
