TimeMin,TimeMax,TimeAvg,TimeStdev,TimeTotal
880.0,5880.0,3323.3333333333335,1601.9536683548483,39880.0
