SentiMin,SentiMax,SentiAvg,SentiStdev,Senti0-0.20,Senti0.21-0.40,Senti0.41-0.60,Senti0.61-0.80,Senti0.81-1.00,SentiTotal
0.005806389223999666,0.49789225920557484,0.18511009283088922,0.1622972956402715,5.0,3.0,1.0,0.0,0.0,3.0586095511253642E-9