SentiMin,SentiMax,SentiAvg,SentiStdev,Senti0-0.20,Senti0.21-0.40,Senti0.41-0.60,Senti0.61-0.80,Senti0.81-1.00,SentiTotal
7.075464793338657E-5,0.8990221562081862,0.2410149212862195,0.3491169457505177,3.0,1.0,0.0,0.0,1.0,5.812122833579633E-10