TraitMin,TraitMax,TraitAvg,TraitStdev,TraitTotal
363.0769230769231,480.0,395.6555944055944,48.88954912322818,374.11764705882354
