TraitMin,TraitMax,TraitAvg,TraitStdev,TraitTotal
226.66666666666666,880.0,515.2777777777777,240.08180833073968,412.3076923076923
