TimeMin,TimeMax,TimeAvg,TimeStdev,TimeTotal
1240.0,9560.0,4604.444444444444,3181.918048777467,41440.0
