SentiMin,SentiMax,SentiAvg,SentiStdev,Senti0-0.20,Senti0.21-0.40,Senti0.41-0.60,Senti0.61-0.80,Senti0.81-1.00,SentiTotal
9.871971099665143E-5,0.27507208045114523,0.09534334447676518,0.10199842059729587,5.0,2.0,0.0,0.0,0.0,5.477692029112455E-13