TraitMin,TraitMax,TraitAvg,TraitStdev,TraitTotal
206.66666666666666,620.0,364.19753086419746,130.86373165535522,336.47058823529414
