TraitMin,TraitMax,TraitAvg,TraitStdev,TraitTotal
250.0,542.0689655172414,373.6181887078439,95.26466125913082,411.08910891089107
