SentiMin,SentiMax,SentiAvg,SentiStdev,Senti0-0.20,Senti0.21-0.40,Senti0.41-0.60,Senti0.61-0.80,Senti0.81-1.00,SentiTotal
5.7701387499498426E-5,0.46364466503952073,0.27995394303462895,0.20082064282442,2.0,1.0,3.0,0.0,0.0,4.493793381996762E-9