SentiMin,SentiMax,SentiAvg,SentiStdev,Senti0-0.20,Senti0.21-0.40,Senti0.41-0.60,Senti0.61-0.80,Senti0.81-1.00,SentiTotal
0.010912785062574724,0.4898631585877994,0.3216093948917263,0.1629245040158235,2.0,2.0,4.0,0.0,0.0,1.6623958601815828E-4