SentiMin,SentiMax,SentiAvg,SentiStdev,Senti0-0.20,Senti0.21-0.40,Senti0.41-0.60,Senti0.61-0.80,Senti0.81-1.00,SentiTotal
0.0022780587786805054,0.5365562671906718,0.17255350084188853,0.20160305595891811,5.0,1.0,2.0,0.0,0.0,3.1891139667293934E-10