TraitMin,TraitMax,TraitAvg,TraitStdev,TraitTotal
226.66666666666666,818.4615384615385,559.3328513591672,203.18851189400942,594.9425287356322
