TraitMin,TraitMax,TraitAvg,TraitStdev,TraitTotal
204.44444444444446,620.0,398.6550671550672,167.91861047634163,351.6842105263158
