TraitMin,TraitMax,TraitAvg,TraitStdev,TraitTotal
234.28571428571428,600.0,405.61904761904765,120.41924852141405,370.3703703703704
