TimeMin,TimeMax,TimeAvg,TimeStdev,TimeTotal
1400.0,9480.0,4525.714285714285,2617.517128571912,31680.0
