SentiMin,SentiMax,SentiAvg,SentiStdev,Senti0-0.20,Senti0.21-0.40,Senti0.41-0.60,Senti0.61-0.80,Senti0.81-1.00,SentiTotal
2.4644812587995134E-4,0.5136446707795853,0.14861897530090407,0.17277990779740274,6.0,2.0,1.0,0.0,0.0,1.395818996021996E-13