TimeMin,TimeMax,TimeAvg,TimeStdev,TimeTotal
520.0,6200.0,1906.6666666666667,1620.096019102297,17160.0
