SentiMin,SentiMax,SentiAvg,SentiStdev,Senti0-0.20,Senti0.21-0.40,Senti0.41-0.60,Senti0.61-0.80,Senti0.81-1.00,SentiTotal
0.04983555504907578,0.5321059983222138,0.29921990681094457,0.17730021102243437,3.0,3.0,2.0,0.0,0.0,1.754992155613044E-4