SentiMin,SentiMax,SentiAvg,SentiStdev,Senti0-0.20,Senti0.21-0.40,Senti0.41-0.60,Senti0.61-0.80,Senti0.81-1.00,SentiTotal
0.04032681148994407,0.29797611903559484,0.14771893820315643,0.08833634962352921,4.0,1.0,0.0,0.0,0.0,5.839699945738159E-5