TraitMin,TraitMax,TraitAvg,TraitStdev,TraitTotal
10.0,1018.6666666666666,570.7857142857143,301.5714727466827,651.8644067796611
