TraitMin,TraitMax,TraitAvg,TraitStdev,TraitTotal
349.09090909090907,741.3333333333334,521.1151515151515,131.3533740355512,547.741935483871
