TraitMin,TraitMax,TraitAvg,TraitStdev,TraitTotal
312.0,715.0,558.8017094017093,138.24830054753227,582.9629629629629
