TraitMin,TraitMax,TraitAvg,TraitStdev,TraitTotal
248.0,1000.0,694.6309523809524,267.1252771462787,564.2857142857143
