TimeMin,TimeMax,TimeAvg,TimeStdev,TimeTotal
480.0,5880.0,1786.6666666666667,1898.58426787494,10720.0
