TraitMin,TraitMax,TraitAvg,TraitStdev,TraitTotal
305.0,825.8823529411765,461.7647058823529,156.71893598543656,498.9830508474576
