TraitMin,TraitMax,TraitAvg,TraitStdev,TraitTotal
213.33333333333334,448.0,372.5151515151515,93.82677022000361,404.54545454545456
