TraitMin,TraitMax,TraitAvg,TraitStdev,TraitTotal
346.6666666666667,1160.0,728.888888888889,327.1802463172967,605.7142857142857
