SentiMin,SentiMax,SentiAvg,SentiStdev,Senti0-0.20,Senti0.21-0.40,Senti0.41-0.60,Senti0.61-0.80,Senti0.81-1.00,SentiTotal
5.887920533864438E-10,0.4955372479632356,0.11749535630119128,0.192089522871145,4.0,0.0,1.0,0.0,0.0,1.0946675459674753E-17