TraitMin,TraitMax,TraitAvg,TraitStdev,TraitTotal
290.0,1000.0,507.8666666666666,267.68552029905874,405.3333333333333
