TraitMin,TraitMax,TraitAvg,TraitStdev,TraitTotal
230.0,1040.0,638.1547619047619,257.2859431597829,594.5454545454545
