TimeMin,TimeMax,TimeAvg,TimeStdev,TimeTotal
1000.0,2480.0,1413.3333333333333,527.4677451960662,8480.0
