SentiMin,SentiMax,SentiAvg,SentiStdev,Senti0-0.20,Senti0.21-0.40,Senti0.41-0.60,Senti0.61-0.80,Senti0.81-1.00,SentiTotal
1.2757433576196428E-5,0.19330778996542336,0.07601568860217563,0.08081567259455455,4.0,0.0,0.0,0.0,0.0,6.935751131140221E-10