SentiMin,SentiMax,SentiAvg,SentiStdev,Senti0-0.20,Senti0.21-0.40,Senti0.41-0.60,Senti0.61-0.80,Senti0.81-1.00,SentiTotal
4.2433346315106955E-9,0.43971573057044394,0.15022303704868425,0.15460127512208732,5.0,2.0,1.0,0.0,0.0,1.703421904135942E-17