TimeMin,TimeMax,TimeAvg,TimeStdev,TimeTotal
600.0,14040.0,3271.1111111111113,4054.5953201122975,29440.0
