SentiMin,SentiMax,SentiAvg,SentiStdev,Senti0-0.20,Senti0.21-0.40,Senti0.41-0.60,Senti0.61-0.80,Senti0.81-1.00,SentiTotal
0.21649264847655228,0.49789225920557484,0.3150655494229127,0.09091077651547295,0.0,5.0,1.0,0.0,0.0,0.008348024682571092