SentiMin,SentiMax,SentiAvg,SentiStdev,Senti0-0.20,Senti0.21-0.40,Senti0.41-0.60,Senti0.61-0.80,Senti0.81-1.00,SentiTotal
0.004786612427179979,0.16196064206088254,0.048109578454545165,0.06590020491318467,4.0,0.0,0.0,0.0,0.0,1.3927265083947602E-7