TimeMin,TimeMax,TimeAvg,TimeStdev,TimeTotal
680.0,15200.0,7394.285714285715,4788.148634591325,51760.0
