TraitMin,TraitMax,TraitAvg,TraitStdev,TraitTotal
200.0,1040.0,524.7301587301588,268.95275941637414,480.0
