SentiMin,SentiMax,SentiAvg,SentiStdev,Senti0-0.20,Senti0.21-0.40,Senti0.41-0.60,Senti0.61-0.80,Senti0.81-1.00,SentiTotal
0.0015507962609401884,0.005697523515499449,0.0035718004358655663,0.0018720501849903708,4.0,0.0,0.0,0.0,0.0,8.900071412355804E-11