TraitMin,TraitMax,TraitAvg,TraitStdev,TraitTotal
300.0,788.0,525.3333333333334,218.03363654873684,570.6666666666666
