TraitMin,TraitMax,TraitAvg,TraitStdev,TraitTotal
293.3333333333333,1062.2222222222222,609.1793754538853,279.54854124645544,627.8787878787879
