SentiMin,SentiMax,SentiAvg,SentiStdev,Senti0-0.20,Senti0.21-0.40,Senti0.41-0.60,Senti0.61-0.80,Senti0.81-1.00,SentiTotal
1.28578880637254E-6,0.18059615955934044,0.06820935267206737,0.060062819844288046,7.0,0.0,0.0,0.0,0.0,2.5916864671430694E-14