SentiMin,SentiMax,SentiAvg,SentiStdev,Senti0-0.20,Senti0.21-0.40,Senti0.41-0.60,Senti0.61-0.80,Senti0.81-1.00,SentiTotal
0.004789603455296881,0.5050329084912144,0.1481621158563242,0.21038355559706978,7.0,1.0,2.0,0.0,0.0,5.421146944954654E-15