SentiMin,SentiMax,SentiAvg,SentiStdev,Senti0-0.20,Senti0.21-0.40,Senti0.41-0.60,Senti0.61-0.80,Senti0.81-1.00,SentiTotal
7.59766586277788E-4,0.5028944701579606,0.2148306214807236,0.18782187536992137,6.0,3.0,2.0,0.0,0.0,1.1639681126435585E-11