SentiMin,SentiMax,SentiAvg,SentiStdev,Senti0-0.20,Senti0.21-0.40,Senti0.41-0.60,Senti0.61-0.80,Senti0.81-1.00,SentiTotal
1.6440825452540086E-9,0.14358767460672495,0.026117561431564063,0.04862943012683059,7.0,0.0,0.0,0.0,0.0,4.91767193980269E-27