SentiMin,SentiMax,SentiAvg,SentiStdev,Senti0-0.20,Senti0.21-0.40,Senti0.41-0.60,Senti0.61-0.80,Senti0.81-1.00,SentiTotal
4.6178049690531254E-4,0.3348951366177125,0.09530186222742186,0.11866881876498873,6.0,2.0,0.0,0.0,0.0,8.512560713486313E-14