TraitMin,TraitMax,TraitAvg,TraitStdev,TraitTotal
200.0,1320.0,514.926984126984,298.1574463210239,449.86301369863014
