TraitMin,TraitMax,TraitAvg,TraitStdev,TraitTotal
341.53846153846155,740.0,535.0066795949149,153.19255080148102,465.05494505494505
