TimeMin,TimeMax,TimeAvg,TimeStdev,TimeTotal
440.0,5760.0,1898.1818181818182,1496.6011078550819,20880.0
