SentiMin,SentiMax,SentiAvg,SentiStdev,Senti0-0.20,Senti0.21-0.40,Senti0.41-0.60,Senti0.61-0.80,Senti0.81-1.00,SentiTotal
2.540045017590664E-6,0.23535375724544103,0.06889003270417089,0.10270078169398127,5.0,2.0,0.0,0.0,0.0,3.151927756709326E-20