TimeMin,TimeMax,TimeAvg,TimeStdev,TimeTotal
680.0,5440.0,2528.8888888888887,1767.8388843408934,22760.0
