TraitMin,TraitMax,TraitAvg,TraitStdev,TraitTotal
320.0,800.0,520.6060606060606,188.01396245099141,431.7241379310345
