SentiMin,SentiMax,SentiAvg,SentiStdev,Senti0-0.20,Senti0.21-0.40,Senti0.41-0.60,Senti0.61-0.80,Senti0.81-1.00,SentiTotal
9.329770371261537E-7,0.6853085626537371,0.22898272431488928,0.2554109997819263,7.0,0.0,3.0,1.0,0.0,3.246523132137754E-17