TraitMin,TraitMax,TraitAvg,TraitStdev,TraitTotal
211.42857142857142,513.6842105263158,361.73992123165056,95.63142473858143,391.52941176470586
