SentiMin,SentiMax,SentiAvg,SentiStdev,Senti0-0.20,Senti0.21-0.40,Senti0.41-0.60,Senti0.61-0.80,Senti0.81-1.00,SentiTotal
4.715083405739459E-7,0.3064737338986522,0.14264431327701257,0.11403731830916672,4.0,2.0,0.0,0.0,0.0,4.330730047429008E-11