TraitMin,TraitMax,TraitAvg,TraitStdev,TraitTotal
296.6666666666667,680.0,401.25272331154684,117.7364201085224,344.8484848484849
