TimeMin,TimeMax,TimeAvg,TimeStdev,TimeTotal
880.0,8440.0,4093.3333333333335,3188.70227870559,12280.0
