TimeMin,TimeMax,TimeAvg,TimeStdev,TimeTotal
1480.0,10360.0,4754.285714285715,3454.4168709591704,33280.0
