TraitMin,TraitMax,TraitAvg,TraitStdev,TraitTotal
426.6666666666667,693.3333333333334,539.375,88.6939866275549,538.5185185185185
