SentiMin,SentiMax,SentiAvg,SentiStdev,Senti0-0.20,Senti0.21-0.40,Senti0.41-0.60,Senti0.61-0.80,Senti0.81-1.00,SentiTotal
0.012034111747495989,0.38235803978313276,0.2570614163598625,0.1732753683830829,1.0,2.0,0.0,0.0,0.0,0.0046151780155003555