TimeMin,TimeMax,TimeAvg,TimeStdev,TimeTotal
400.0,3360.0,1357.6470588235295,800.0553614062459,23080.0
