TraitMin,TraitMax,TraitAvg,TraitStdev,TraitTotal
220.0,760.0,395.7707860922146,164.3466129662512,399.68
