SentiMin,SentiMax,SentiAvg,SentiStdev,Senti0-0.20,Senti0.21-0.40,Senti0.41-0.60,Senti0.61-0.80,Senti0.81-1.00,SentiTotal
1.6976665258764168E-5,0.6152565950517674,0.2065402914650153,0.18891672016949368,8.0,4.0,2.0,1.0,0.0,1.0494744257970592E-20