SentiMin,SentiMax,SentiAvg,SentiStdev,Senti0-0.20,Senti0.21-0.40,Senti0.41-0.60,Senti0.61-0.80,Senti0.81-1.00,SentiTotal
3.041922253544931E-4,0.9619030210992088,0.32469128147637427,0.27432506121681427,3.0,3.0,3.0,0.0,1.0,7.633351121740889E-8