SentiMin,SentiMax,SentiAvg,SentiStdev,Senti0-0.20,Senti0.21-0.40,Senti0.41-0.60,Senti0.61-0.80,Senti0.81-1.00,SentiTotal
0.0011057316728315864,0.4352426360074096,0.20241041700211104,0.17910051926918616,3.0,1.0,1.0,0.0,0.0,4.817126392383499E-6