SentiMin,SentiMax,SentiAvg,SentiStdev,Senti0-0.20,Senti0.21-0.40,Senti0.41-0.60,Senti0.61-0.80,Senti0.81-1.00,SentiTotal
0.03770137877384934,0.9410648101332474,0.3754110939220965,0.23391518934025346,3.0,2.0,8.0,0.0,1.0,5.0141567627667844E-5