TraitMin,TraitMax,TraitAvg,TraitStdev,TraitTotal
152.0,680.0,395.61904761904765,157.87572252937542,346.3157894736842
