TraitMin,TraitMax,TraitAvg,TraitStdev,TraitTotal
165.71428571428572,320.0,241.42857142857144,57.73306310913807,209.41176470588235
