TraitMin,TraitMax,TraitAvg,TraitStdev,TraitTotal
180.0,330.0,255.34356725146196,43.936676391732625,259.2
