TraitMin,TraitMax,TraitAvg,TraitStdev,TraitTotal
136.0,680.0,285.157671957672,150.1774150222171,232.35294117647058
