TraitMin,TraitMax,TraitAvg,TraitStdev,TraitTotal
168.0,840.0,397.1662945241893,191.44737326928498,374.6478873239437
