TraitMin,TraitMax,TraitAvg,TraitStdev,TraitTotal
181.8181818181818,640.0,335.6847697756789,135.67575175142284,283.7037037037037
