TraitMin,TraitMax,TraitAvg,TraitStdev,TraitTotal
180.0,760.0,346.0884353741497,165.28486257847186,326.15384615384613
