TraitMin,TraitMax,TraitAvg,TraitStdev,TraitTotal
166.66666666666666,560.0,288.6046176046176,111.12634240911777,261.5138888888889
