SentiMin,SentiMax,SentiAvg,SentiStdev,Senti0-0.20,Senti0.21-0.40,Senti0.41-0.60,Senti0.61-0.80,Senti0.81-1.00,SentiTotal
6.9600504712275445E-6,0.3542650597058544,0.0863426903658933,0.10746573449949884,7.0,1.0,0.0,0.0,0.0,2.8223737446739467E-14