TimeMin,TimeMax,TimeAvg,TimeStdev,TimeTotal
320.0,12760.0,3568.5714285714284,3505.364984344624,49960.0
