TimeMin,TimeMax,TimeAvg,TimeStdev,TimeTotal
360.0,3880.0,1053.3333333333333,831.2133032835528,15800.0
