SentiMin,SentiMax,SentiAvg,SentiStdev,Senti0-0.20,Senti0.21-0.40,Senti0.41-0.60,Senti0.61-0.80,Senti0.81-1.00,SentiTotal
1.545848586133685E-4,0.6057215534685966,0.2698759400501576,0.2183018859697743,4.0,3.0,3.0,1.0,0.0,4.129590222960811E-11