SentiMin,SentiMax,SentiAvg,SentiStdev,Senti0-0.20,Senti0.21-0.40,Senti0.41-0.60,Senti0.61-0.80,Senti0.81-1.00,SentiTotal
3.883908697092357E-7,0.5651042961034634,0.1661765640697083,0.2000044462583093,9.0,3.0,2.0,0.0,0.0,2.162848518553922E-25