TimeMin,TimeMax,TimeAvg,TimeStdev,TimeTotal
178.0,4040.0,1394.7407407407406,862.7204427937627,37658.0
