TimeMin,TimeMax,TimeAvg,TimeStdev,TimeTotal
360.0,5200.0,1392.7272727272727,1304.9631893734913,15320.0
