TraitMin,TraitMax,TraitAvg,TraitStdev,TraitTotal
189.33333333333334,448.0,304.8437118437119,75.79269376458966,281.7647058823529
