TraitMin,TraitMax,TraitAvg,TraitStdev,TraitTotal
193.33333333333334,500.0,302.6666666666667,115.36223144705741,261.93548387096774
