TimeMin,TimeMax,TimeAvg,TimeStdev,TimeTotal
800.0,4720.0,1933.3333333333333,1239.2112186566278,17400.0
