TraitMin,TraitMax,TraitAvg,TraitStdev,TraitTotal
208.0,800.0,453.92918192918194,187.05712975431572,378.2608695652174
