TraitMin,TraitMax,TraitAvg,TraitStdev,TraitTotal
181.8181818181818,840.0,406.39731321310273,175.03236909339992,325.1485148514852
