TraitMin,TraitMax,TraitAvg,TraitStdev,TraitTotal
192.0,426.6666666666667,262.57369614512476,67.32839197346381,263.6619718309859
