SentiMin,SentiMax,SentiAvg,SentiStdev,Senti0-0.20,Senti0.21-0.40,Senti0.41-0.60,Senti0.61-0.80,Senti0.81-1.00,SentiTotal
1.8447642962403124E-4,0.34322267253793753,0.21464222485395193,0.1252999641448566,3.0,6.0,0.0,0.0,0.0,5.6834662619739356E-11