TimeMin,TimeMax,TimeAvg,TimeStdev,TimeTotal
840.0,5400.0,2214.5454545454545,1279.8037039566486,24360.0
