SentiMin,SentiMax,SentiAvg,SentiStdev,Senti0-0.20,Senti0.21-0.40,Senti0.41-0.60,Senti0.61-0.80,Senti0.81-1.00,SentiTotal
2.3914389991878984E-6,0.4225521448628945,0.12684460104115405,0.1483644059660464,8.0,3.0,1.0,0.0,0.0,6.654722528204483E-24