TraitMin,TraitMax,TraitAvg,TraitStdev,TraitTotal
173.33333333333334,1060.0,460.3084602261957,255.2648692180963,317.7570093457944
