SentiMin,SentiMax,SentiAvg,SentiStdev,Senti0-0.20,Senti0.21-0.40,Senti0.41-0.60,Senti0.61-0.80,Senti0.81-1.00,SentiTotal
4.7508889667770965E-5,0.49789225920557484,0.10974127378805881,0.16532363920393256,9.0,2.0,1.0,0.0,0.0,1.6535571478056335E-22