TimeMin,TimeMax,TimeAvg,TimeStdev,TimeTotal
760.0,5080.0,1773.3333333333333,1315.480478338196,15960.0
