TraitMin,TraitMax,TraitAvg,TraitStdev,TraitTotal
222.85714285714286,512.0,320.0487012987013,95.77849234809949,296.2022471910112
