TimeMin,TimeMax,TimeAvg,TimeStdev,TimeTotal
82.0,4360.0,2397.285714285714,1174.0595280948085,33562.0
