TimeMin,TimeMax,TimeAvg,TimeStdev,TimeTotal
640.0,4840.0,2428.5714285714284,1338.4364926652138,34000.0
