SentiMin,SentiMax,SentiAvg,SentiStdev,Senti0-0.20,Senti0.21-0.40,Senti0.41-0.60,Senti0.61-0.80,Senti0.81-1.00,SentiTotal
3.859794171000069E-6,0.3041233943377613,0.05920584461434918,0.09685213444895013,12.0,2.0,0.0,0.0,0.0,1.0736657475651266E-38