TraitMin,TraitMax,TraitAvg,TraitStdev,TraitTotal
203.33333333333334,620.0,332.23809523809524,111.40723917361575,293.9130434782609
