TimeMin,TimeMax,TimeAvg,TimeStdev,TimeTotal
520.0,7880.0,1728.421052631579,1711.611315807094,32840.0
