TraitMin,TraitMax,TraitAvg,TraitStdev,TraitTotal
185.0,1000.0,443.0779220779221,240.7751169072956,361.5686274509804
