TraitMin,TraitMax,TraitAvg,TraitStdev,TraitTotal
165.71428571428572,840.0,378.0424020424021,186.65165520693284,293.49397590361446
