SentiMin,SentiMax,SentiAvg,SentiStdev,Senti0-0.20,Senti0.21-0.40,Senti0.41-0.60,Senti0.61-0.80,Senti0.81-1.00,SentiTotal
1.9223377960605626E-9,0.5558316929262065,0.09976348095604325,0.16112192469933775,12.0,1.0,1.0,0.0,0.0,1.7732405418981608E-33