SentiMin,SentiMax,SentiAvg,SentiStdev,Senti0-0.20,Senti0.21-0.40,Senti0.41-0.60,Senti0.61-0.80,Senti0.81-1.00,SentiTotal
6.510844342531493E-6,0.6216778828005355,0.19710700187746746,0.22921886366726046,8.0,3.0,2.0,1.0,0.0,1.218502990768773E-24