TraitMin,TraitMax,TraitAvg,TraitStdev,TraitTotal
230.0,1800.0,680.7783719548426,516.7118934480908,380.0
