SentiMin,SentiMax,SentiAvg,SentiStdev,Senti0-0.20,Senti0.21-0.40,Senti0.41-0.60,Senti0.61-0.80,Senti0.81-1.00,SentiTotal
3.274149267212241E-4,0.7444422823526768,0.25538656254549125,0.25993346625483515,5.0,1.0,2.0,1.0,0.0,2.1573399130216608E-11