SentiMin,SentiMax,SentiAvg,SentiStdev,Senti0-0.20,Senti0.21-0.40,Senti0.41-0.60,Senti0.61-0.80,Senti0.81-1.00,SentiTotal
0.0033472965186643697,0.5077652078687955,0.3065723853371197,0.19022027318767656,5.0,5.0,9.0,0.0,0.0,9.388851671303357E-14