TraitMin,TraitMax,TraitAvg,TraitStdev,TraitTotal
80.0,280.0,168.14285714285714,54.342139823506876,161.19402985074626
