TimeMin,TimeMax,TimeAvg,TimeStdev,TimeTotal
200.0,3800.0,1449.4117647058824,1094.7171033340896,24640.0
