SentiMin,SentiMax,SentiAvg,SentiStdev,Senti0-0.20,Senti0.21-0.40,Senti0.41-0.60,Senti0.61-0.80,Senti0.81-1.00,SentiTotal
0.1275125679618991,0.5136446707795853,0.36532286861220126,0.10747834129369227,1.0,7.0,4.0,0.0,0.0,2.898814251208214E-4