TimeMin,TimeMax,TimeAvg,TimeStdev,TimeTotal
320.0,1360.0,618.1818181818181,297.56032793423685,6800.0
