SentiMin,SentiMax,SentiAvg,SentiStdev,Senti0-0.20,Senti0.21-0.40,Senti0.41-0.60,Senti0.61-0.80,Senti0.81-1.00,SentiTotal
0.002253284359230255,0.5588034406088207,0.349473829124906,0.17029542064718728,1.0,4.0,3.0,0.0,0.0,1.12100894232315E-4