TimeMin,TimeMax,TimeAvg,TimeStdev,TimeTotal
160.0,5480.0,1369.2307692307693,1381.9187415633467,17800.0
