TraitMin,TraitMax,TraitAvg,TraitStdev,TraitTotal
60.0,470.0,197.05128205128207,103.6002857742506,206.97674418604652
