TimeMin,TimeMax,TimeAvg,TimeStdev,TimeTotal
160.0,1640.0,621.0526315789474,411.0819451775638,11800.0
