TimeMin,TimeMax,TimeAvg,TimeStdev,TimeTotal
160.0,1280.0,476.6666666666667,322.67975180079435,5720.0
