SentiMin,SentiMax,SentiAvg,SentiStdev,Senti0-0.20,Senti0.21-0.40,Senti0.41-0.60,Senti0.61-0.80,Senti0.81-1.00,SentiTotal
0.003205747920033123,0.49789225920557484,0.2802619091975884,0.1877910358338877,7.0,4.0,6.0,0.0,0.0,2.4299137535150635E-11