SentiMin,SentiMax,SentiAvg,SentiStdev,Senti0-0.20,Senti0.21-0.40,Senti0.41-0.60,Senti0.61-0.80,Senti0.81-1.00,SentiTotal
0.006614019591153266,0.5318834537628724,0.2864153163279719,0.18992572649044906,6.0,5.0,6.0,0.0,0.0,9.041889342240564E-11