TraitMin,TraitMax,TraitAvg,TraitStdev,TraitTotal
100.0,560.0,279.4444444444444,152.98168211171034,238.33333333333334
