SentiMin,SentiMax,SentiAvg,SentiStdev,Senti0-0.20,Senti0.21-0.40,Senti0.41-0.60,Senti0.61-0.80,Senti0.81-1.00,SentiTotal
0.21921412548362115,0.5136446707795853,0.4285735208792165,0.10749873835810778,0.0,4.0,7.0,0.0,0.0,0.033728084451430995