TraitMin,TraitMax,TraitAvg,TraitStdev,TraitTotal
229.33333333333334,720.0,377.65641025641025,165.09186240724364,321.25
