TimeMin,TimeMax,TimeAvg,TimeStdev,TimeTotal
1640.0,7120.0,3944.6153846153848,1531.8998530463123,51280.0
