SentiMin,SentiMax,SentiAvg,SentiStdev,Senti0-0.20,Senti0.21-0.40,Senti0.41-0.60,Senti0.61-0.80,Senti0.81-1.00,SentiTotal
1.0444425150351674E-12,0.044544842836842916,0.015756265305167667,0.017798674141423592,10.0,0.0,0.0,0.0,0.0,8.81990847161621E-45