SentiMin,SentiMax,SentiAvg,SentiStdev,Senti0-0.20,Senti0.21-0.40,Senti0.41-0.60,Senti0.61-0.80,Senti0.81-1.00,SentiTotal
1.26537315208744E-5,0.7970061485850602,0.12386316256182732,0.24907157891684292,7.0,1.0,0.0,1.0,0.0,2.8628714223115304E-21