TraitMin,TraitMax,TraitAvg,TraitStdev,TraitTotal
120.0,720.0,358.97866530124594,172.11401139459363,308.03418803418805
