SentiMin,SentiMax,SentiAvg,SentiStdev,Senti0-0.20,Senti0.21-0.40,Senti0.41-0.60,Senti0.61-0.80,Senti0.81-1.00,SentiTotal
1.0722006108593672E-8,0.6060710954355529,0.14230710081420256,0.19817717747922958,9.0,1.0,1.0,1.0,0.0,3.5841145132993673E-26