TraitMin,TraitMax,TraitAvg,TraitStdev,TraitTotal
193.33333333333334,980.0,412.5004162504162,234.09731619160613,366.02150537634407
