SentiMin,SentiMax,SentiAvg,SentiStdev,Senti0-0.20,Senti0.21-0.40,Senti0.41-0.60,Senti0.61-0.80,Senti0.81-1.00,SentiTotal
5.893669333898266E-11,0.49789225920557484,0.14620537327751656,0.17183280476394397,7.0,2.0,1.0,0.0,0.0,5.141274634973359E-24