TraitMin,TraitMax,TraitAvg,TraitStdev,TraitTotal
208.88888888888889,640.0,342.8027023481569,107.57548946466598,323.75
