SentiMin,SentiMax,SentiAvg,SentiStdev,Senti0-0.20,Senti0.21-0.40,Senti0.41-0.60,Senti0.61-0.80,Senti0.81-1.00,SentiTotal
1.5144091858427505E-12,0.0665411924371487,0.016168328390364688,0.020607377617316684,10.0,0.0,0.0,0.0,0.0,3.3085087844507495E-43