SentiMin,SentiMax,SentiAvg,SentiStdev,Senti0-0.20,Senti0.21-0.40,Senti0.41-0.60,Senti0.61-0.80,Senti0.81-1.00,SentiTotal
2.017182699656667E-6,0.09456631357010298,0.014817278580635414,0.02823128997364745,13.0,0.0,0.0,0.0,0.0,4.965857569862964E-43