SentiMin,SentiMax,SentiAvg,SentiStdev,Senti0-0.20,Senti0.21-0.40,Senti0.41-0.60,Senti0.61-0.80,Senti0.81-1.00,SentiTotal
9.571452185433331E-7,0.49994343370817845,0.16700159730922015,0.19618880792410223,6.0,1.0,2.0,0.0,0.0,5.110591094284354E-19