SentiMin,SentiMax,SentiAvg,SentiStdev,Senti0-0.20,Senti0.21-0.40,Senti0.41-0.60,Senti0.61-0.80,Senti0.81-1.00,SentiTotal
4.800686696309885E-5,0.6803530025726033,0.09780742672889525,0.19824163531719827,9.0,1.0,0.0,1.0,0.0,1.0677736497827631E-26