TimeMin,TimeMax,TimeAvg,TimeStdev,TimeTotal
760.0,2800.0,1893.3333333333333,754.7184905645283,17040.0
