TraitMin,TraitMax,TraitAvg,TraitStdev,TraitTotal
110.76923076923077,800.0,419.86813186813185,258.870036756754,213.33333333333334
