SentiMin,SentiMax,SentiAvg,SentiStdev,Senti0-0.20,Senti0.21-0.40,Senti0.41-0.60,Senti0.61-0.80,Senti0.81-1.00,SentiTotal
1.52277528594499E-5,0.31820487300311295,0.10768259775373212,0.12470511085978508,4.0,1.0,0.0,0.0,0.0,4.989540348235141E-10