SentiMin,SentiMax,SentiAvg,SentiStdev,Senti0-0.20,Senti0.21-0.40,Senti0.41-0.60,Senti0.61-0.80,Senti0.81-1.00,SentiTotal
2.273489453381651E-9,0.4645345200309681,0.10965273509582019,0.17369846185770133,5.0,0.0,1.0,0.0,0.0,1.3196997618202062E-25