TraitMin,TraitMax,TraitAvg,TraitStdev,TraitTotal
180.0,560.0,343.6439393939394,120.95519906708866,314.2857142857143
