TraitMin,TraitMax,TraitAvg,TraitStdev,TraitTotal
149.0909090909091,331.1111111111111,253.4807062218827,58.975664523307394,264.61538461538464
