TimeMin,TimeMax,TimeAvg,TimeStdev,TimeTotal
680.0,3280.0,1582.2222222222222,769.4410348901592,14240.0
