TraitMin,TraitMax,TraitAvg,TraitStdev,TraitTotal
150.0,380.0,254.962962962963,71.30813754481139,237.33333333333334
