TraitMin,TraitMax,TraitAvg,TraitStdev,TraitTotal
225.0,760.0,397.0,195.64253116334393,295.55555555555554
