SentiMin,SentiMax,SentiAvg,SentiStdev,Senti0-0.20,Senti0.21-0.40,Senti0.41-0.60,Senti0.61-0.80,Senti0.81-1.00,SentiTotal
0.034737519464692654,0.31820487300311295,0.16757959130258643,0.1194997600101888,3.0,2.0,0.0,0.0,0.0,5.692413985760996E-5