TraitMin,TraitMax,TraitAvg,TraitStdev,TraitTotal
107.5,344.0,278.2483301012712,65.59344628136141,272.7659574468085
