TimeMin,TimeMax,TimeAvg,TimeStdev,TimeTotal
720.0,7960.0,3234.285714285714,2440.367988309826,22640.0
