SentiMin,SentiMax,SentiAvg,SentiStdev,Senti0-0.20,Senti0.21-0.40,Senti0.41-0.60,Senti0.61-0.80,Senti0.81-1.00,SentiTotal
3.1607495439692866E-8,0.49789225920557484,0.2567166241956876,0.22110930584038643,2.0,1.0,2.0,0.0,0.0,1.0476862459343785E-10