TraitMin,TraitMax,TraitAvg,TraitStdev,TraitTotal
180.0,400.0,270.79365079365084,72.1435119672728,250.58823529411765
