TimeMin,TimeMax,TimeAvg,TimeStdev,TimeTotal
720.0,10040.0,3003.3333333333335,3290.894846221752,36040.0
