SentiMin,SentiMax,SentiAvg,SentiStdev,Senti0-0.20,Senti0.21-0.40,Senti0.41-0.60,Senti0.61-0.80,Senti0.81-1.00,SentiTotal
0.001893254682824365,0.2379374857718165,0.08702719666321024,0.09517135531988943,6.0,2.0,0.0,0.0,0.0,3.1667534475495865E-12