TraitMin,TraitMax,TraitAvg,TraitStdev,TraitTotal
185.0,720.0,370.85858585858585,185.44074132732027,294.54545454545456
