TraitMin,TraitMax,TraitAvg,TraitStdev,TraitTotal
181.8181818181818,473.3333333333333,291.31091543475446,88.83720110270353,272.8125
