TimeMin,TimeMax,TimeAvg,TimeStdev,TimeTotal
440.0,9120.0,3228.5714285714284,2777.272189816211,22600.0
