TimeMin,TimeMax,TimeAvg,TimeStdev,TimeTotal
840.0,1200.0,1026.6666666666667,147.27148022916347,3080.0
