SentiMin,SentiMax,SentiAvg,SentiStdev,Senti0-0.20,Senti0.21-0.40,Senti0.41-0.60,Senti0.61-0.80,Senti0.81-1.00,SentiTotal
1.1264864401185393E-4,0.5318834537628724,0.21190052340016638,0.188107771051403,6.0,3.0,2.0,0.0,0.0,1.0283621283139041E-13