SentiMin,SentiMax,SentiAvg,SentiStdev,Senti0-0.20,Senti0.21-0.40,Senti0.41-0.60,Senti0.61-0.80,Senti0.81-1.00,SentiTotal
0.09077441054065487,0.6921459309296395,0.39329848115386534,0.2455226595643485,1.0,1.0,0.0,1.0,0.0,0.13064500841541807