SentiMin,SentiMax,SentiAvg,SentiStdev,Senti0-0.20,Senti0.21-0.40,Senti0.41-0.60,Senti0.61-0.80,Senti0.81-1.00,SentiTotal
0.0011396542861049138,0.8945808700703616,0.3684358253870971,0.3816490752810145,1.0,1.0,0.0,0.0,1.0,0.0026041698646444124