TraitMin,TraitMax,TraitAvg,TraitStdev,TraitTotal
225.0,1160.0,609.2597402597403,350.3586649856755,395.55555555555554
