SentiMin,SentiMax,SentiAvg,SentiStdev,Senti0-0.20,Senti0.21-0.40,Senti0.41-0.60,Senti0.61-0.80,Senti0.81-1.00,SentiTotal
0.36698455093987636,0.39697510199130176,0.38197982646558903,0.014995275525712698,0.0,2.0,0.0,0.0,0.0,0.277914711623907