TraitMin,TraitMax,TraitAvg,TraitStdev,TraitTotal
320.0,520.0,396.078431372549,88.38070806382103,360.0
