TraitMin,TraitMax,TraitAvg,TraitStdev,TraitTotal
232.0,1400.0,678.6666666666666,373.24999069732814,498.46153846153845
