TimeMin,TimeMax,TimeAvg,TimeStdev,TimeTotal
840.0,2920.0,1769.4117647058824,638.7531106242692,30080.0
