SentiMin,SentiMax,SentiAvg,SentiStdev,Senti0-0.20,Senti0.21-0.40,Senti0.41-0.60,Senti0.61-0.80,Senti0.81-1.00,SentiTotal
0.022903839864091016,0.18565476687368318,0.1042793033688871,0.08137546350479609,2.0,0.0,0.0,0.0,0.0,0.005360383157670064