SentiMin,SentiMax,SentiAvg,SentiStdev,Senti0-0.20,Senti0.21-0.40,Senti0.41-0.60,Senti0.61-0.80,Senti0.81-1.00,SentiTotal
8.708322846434242E-5,0.49789225920557484,0.24479665087423175,0.19418679314510912,8.0,4.0,5.0,0.0,0.0,2.1858268488196493E-20