TraitMin,TraitMax,TraitAvg,TraitStdev,TraitTotal
420.0,1200.0,713.3333333333334,346.5384378231207,616.0
