TimeMin,TimeMax,TimeAvg,TimeStdev,TimeTotal
880.0,1840.0,1294.5454545454545,290.08975527533283,14240.0
