SentiMin,SentiMax,SentiAvg,SentiStdev,Senti0-0.20,Senti0.21-0.40,Senti0.41-0.60,Senti0.61-0.80,Senti0.81-1.00,SentiTotal
1.9024974512338796E-4,0.49789225920557484,0.29799042255067726,0.147037190890667,2.0,7.0,1.0,0.0,0.0,1.8518190614497615E-7