SentiMin,SentiMax,SentiAvg,SentiStdev,Senti0-0.20,Senti0.21-0.40,Senti0.41-0.60,Senti0.61-0.80,Senti0.81-1.00,SentiTotal
2.1566471059767783E-4,0.49789225920557484,0.23442529485047167,0.1724725232790588,5.0,4.0,3.0,0.0,0.0,2.9054227877842924E-11