TraitMin,TraitMax,TraitAvg,TraitStdev,TraitTotal
186.66666666666666,500.0,316.4761904761905,97.08331508568921,292.05479452054794
