SentiMin,SentiMax,SentiAvg,SentiStdev,Senti0-0.20,Senti0.21-0.40,Senti0.41-0.60,Senti0.61-0.80,Senti0.81-1.00,SentiTotal
0.11257492185058234,0.16384783271833264,0.13821137728445748,0.025636455433875154,2.0,0.0,0.0,0.0,0.0,0.024455358203527636