SentiMin,SentiMax,SentiAvg,SentiStdev,Senti0-0.20,Senti0.21-0.40,Senti0.41-0.60,Senti0.61-0.80,Senti0.81-1.00,SentiTotal
0.012055861588515489,0.7951897272729119,0.22687405262440533,0.21642153779180975,6.0,4.0,1.0,1.0,0.0,8.10068708341737E-10