TraitMin,TraitMax,TraitAvg,TraitStdev,TraitTotal
180.0,1000.0,525.6944444444445,264.3934868620287,326.15384615384613
