TraitMin,TraitMax,TraitAvg,TraitStdev,TraitTotal
297.14285714285717,800.0,521.3142857142857,175.47194438230323,442.5806451612903
