TimeMin,TimeMax,TimeAvg,TimeStdev,TimeTotal
560.0,3000.0,1522.857142857143,673.4922692464212,21320.0
