SentiMin,SentiMax,SentiAvg,SentiStdev,Senti0-0.20,Senti0.21-0.40,Senti0.41-0.60,Senti0.61-0.80,Senti0.81-1.00,SentiTotal
0.004482243558186009,0.39697510199130176,0.11908893079106095,0.14618983658638735,4.0,1.0,0.0,0.0,0.0,1.4080707563710822E-7