TimeMin,TimeMax,TimeAvg,TimeStdev,TimeTotal
1000.0,3040.0,1676.6666666666667,613.9399174367327,20120.0
