TraitMin,TraitMax,TraitAvg,TraitStdev,TraitTotal
232.0,510.0,342.6414141414141,91.94245168581136,314.375
