SentiMin,SentiMax,SentiAvg,SentiStdev,Senti0-0.20,Senti0.21-0.40,Senti0.41-0.60,Senti0.61-0.80,Senti0.81-1.00,SentiTotal
0.13458336704827495,0.998326913216331,0.566455140132303,0.4318717730840281,1.0,0.0,0.0,0.0,1.0,0.9894269151935764