SentiMin,SentiMax,SentiAvg,SentiStdev,Senti0-0.20,Senti0.21-0.40,Senti0.41-0.60,Senti0.61-0.80,Senti0.81-1.00,SentiTotal
0.29813095755669505,0.5628056929000496,0.4304683252283723,0.13233736767167725,0.0,1.0,1.0,0.0,0.0,0.35543660493499063