TraitMin,TraitMax,TraitAvg,TraitStdev,TraitTotal
206.66666666666666,373.3333333333333,290.0,83.33333333333333,262.22222222222223
