TraitMin,TraitMax,TraitAvg,TraitStdev,TraitTotal
200.0,680.0,319.3803339517625,154.60857159153412,273.14285714285717
