SentiMin,SentiMax,SentiAvg,SentiStdev,Senti0-0.20,Senti0.21-0.40,Senti0.41-0.60,Senti0.61-0.80,Senti0.81-1.00,SentiTotal
6.776586777141125E-6,0.5472270201496069,0.16128173485772154,0.19135249884286043,11.0,2.0,4.0,0.0,0.0,6.178923440782147E-28