SentiMin,SentiMax,SentiAvg,SentiStdev,Senti0-0.20,Senti0.21-0.40,Senti0.41-0.60,Senti0.61-0.80,Senti0.81-1.00,SentiTotal
2.4641819061868824E-4,0.6733881310746828,0.2633816163666699,0.21101940294027155,6.0,4.0,4.0,1.0,0.0,5.9798343702647E-17