TraitMin,TraitMax,TraitAvg,TraitStdev,TraitTotal
220.0,720.0,391.05185185185184,129.40760160260186,374.320987654321
