TimeMin,TimeMax,TimeAvg,TimeStdev,TimeTotal
480.0,4000.0,1776.4705882352941,1052.7775094620256,30200.0
