TraitMin,TraitMax,TraitAvg,TraitStdev,TraitTotal
60.0,650.0,354.57278669043376,143.84256704131846,341.1475409836066
