TraitMin,TraitMax,TraitAvg,TraitStdev,TraitTotal
182.0,960.0,358.46153846153845,196.8727099049674,291.1111111111111
