TraitMin,TraitMax,TraitAvg,TraitStdev,TraitTotal
226.66666666666666,600.0,372.1388888888889,120.24954441534807,366.95652173913044
