TraitMin,TraitMax,TraitAvg,TraitStdev,TraitTotal
176.0,560.0,317.7310924369748,108.22372445137609,296.078431372549
