TimeMin,TimeMax,TimeAvg,TimeStdev,TimeTotal
300.0,6640.0,2448.235294117647,1676.8185397427217,41620.0
