SentiMin,SentiMax,SentiAvg,SentiStdev,Senti0-0.20,Senti0.21-0.40,Senti0.41-0.60,Senti0.61-0.80,Senti0.81-1.00,SentiTotal
0.003941843053505283,0.5703716043812118,0.26814885980405556,0.18390005213643862,6.0,5.0,4.0,0.0,0.0,4.163307910641355E-10