TimeMin,TimeMax,TimeAvg,TimeStdev,TimeTotal
400.0,4400.0,2021.3333333333333,1192.3191220847248,30320.0
