TraitMin,TraitMax,TraitAvg,TraitStdev,TraitTotal
173.33333333333334,480.0,316.88888888888886,107.82782343241858,318.2608695652174
