SentiMin,SentiMax,SentiAvg,SentiStdev,Senti0-0.20,Senti0.21-0.40,Senti0.41-0.60,Senti0.61-0.80,Senti0.81-1.00,SentiTotal
1.4288867445017268E-5,0.7478738154066359,0.24923679363926593,0.2213097845286571,8.0,6.0,2.0,1.0,0.0,1.8963648451045026E-16