SentiMin,SentiMax,SentiAvg,SentiStdev,Senti0-0.20,Senti0.21-0.40,Senti0.41-0.60,Senti0.61-0.80,Senti0.81-1.00,SentiTotal
0.007093615310659046,0.6815864516223257,0.18562043906641792,0.223735434015185,5.0,1.0,0.0,1.0,0.0,1.085640955860102E-7