TimeMin,TimeMax,TimeAvg,TimeStdev,TimeTotal
360.0,4240.0,1406.6666666666667,1237.2909475498834,16880.0
