TraitMin,TraitMax,TraitAvg,TraitStdev,TraitTotal
192.0,720.0,312.4365079365079,126.14436339259018,299.0625
