TimeMin,TimeMax,TimeAvg,TimeStdev,TimeTotal
400.0,2960.0,1007.6923076923077,683.3194302718035,13100.0
