SentiMin,SentiMax,SentiAvg,SentiStdev,Senti0-0.20,Senti0.21-0.40,Senti0.41-0.60,Senti0.61-0.80,Senti0.81-1.00,SentiTotal
0.003181091241759355,0.48439634580644964,0.2415918531676542,0.17234681946884445,6.0,2.0,4.0,0.0,0.0,3.811648069479895E-12