TraitMin,TraitMax,TraitAvg,TraitStdev,TraitTotal
60.0,1000.0,412.2222222222223,302.61983648151477,330.0
