TimeMin,TimeMax,TimeAvg,TimeStdev,TimeTotal
440.0,6600.0,3373.3333333333335,2126.4890207935605,40480.0
