TraitMin,TraitMax,TraitAvg,TraitStdev,TraitTotal
76.0,500.0,278.80032467532465,91.30903393951398,256.8067226890756
