SentiMin,SentiMax,SentiAvg,SentiStdev,Senti0-0.20,Senti0.21-0.40,Senti0.41-0.60,Senti0.61-0.80,Senti0.81-1.00,SentiTotal
0.10818811446192055,0.6824837810859113,0.45429287451641476,0.16569034661158946,1.0,3.0,9.0,3.0,0.0,0.026222218850642586