TraitMin,TraitMax,TraitAvg,TraitStdev,TraitTotal
20.0,1000.0,288.08809523809526,267.9325091961163,214.7704918032787
