SentiMin,SentiMax,SentiAvg,SentiStdev,Senti0-0.20,Senti0.21-0.40,Senti0.41-0.60,Senti0.61-0.80,Senti0.81-1.00,SentiTotal
0.0736401149528525,0.8232975942751998,0.5209669325183424,0.191493213394,1.0,0.0,5.0,2.0,1.0,0.571032109130901