SentiMin,SentiMax,SentiAvg,SentiStdev,Senti0-0.20,Senti0.21-0.40,Senti0.41-0.60,Senti0.61-0.80,Senti0.81-1.00,SentiTotal
0.1288925134774278,0.8232975942751998,0.5645211801043519,0.22390566086767666,1.0,0.0,3.0,1.0,2.0,0.8762532307733821