TraitMin,TraitMax,TraitAvg,TraitStdev,TraitTotal
22.857142857142858,666.6666666666666,259.05294705294705,169.5168901736281,218.0952380952381
