TraitMin,TraitMax,TraitAvg,TraitStdev,TraitTotal
22.857142857142858,1000.0,279.44444444444446,265.2662586094661,206.92307692307693
