SentiMin,SentiMax,SentiAvg,SentiStdev,Senti0-0.20,Senti0.21-0.40,Senti0.41-0.60,Senti0.61-0.80,Senti0.81-1.00,SentiTotal
0.09298507396876377,0.6824837810859113,0.47498943902293084,0.145599376995268,1.0,2.0,7.0,2.0,0.0,0.15357945333232512