TimeMin,TimeMax,TimeAvg,TimeStdev,TimeTotal
160.0,3520.0,1665.4545454545455,1153.180295265415,18320.0
