TraitMin,TraitMax,TraitAvg,TraitStdev,TraitTotal
48.888888888888886,400.0,255.8730158730159,129.9215803167356,235.2
