TimeMin,TimeMax,TimeAvg,TimeStdev,TimeTotal
160.0,4120.0,1613.3333333333333,1370.09326527633,9680.0
