SentiMin,SentiMax,SentiAvg,SentiStdev,Senti0-0.20,Senti0.21-0.40,Senti0.41-0.60,Senti0.61-0.80,Senti0.81-1.00,SentiTotal
0.21921412548362115,0.8232975942751998,0.5595790960107055,0.164177758552065,0.0,1.0,6.0,2.0,2.0,0.9566759921609921