TraitMin,TraitMax,TraitAvg,TraitStdev,TraitTotal
22.857142857142858,1000.0,292.3443223443224,332.53510874121645,172.85714285714286
