TraitMin,TraitMax,TraitAvg,TraitStdev,TraitTotal
177.14285714285714,1200.0,518.5783788860712,298.90341916557253,320.0
