TimeMin,TimeMax,TimeAvg,TimeStdev,TimeTotal
600.0,2240.0,1217.7777777777778,533.3703690844513,10960.0
