SentiMin,SentiMax,SentiAvg,SentiStdev,Senti0-0.20,Senti0.21-0.40,Senti0.41-0.60,Senti0.61-0.80,Senti0.81-1.00,SentiTotal
0.04967727434299894,0.5077652078687955,0.3564222629335347,0.16571490160792282,3.0,4.0,6.0,0.0,0.0,5.9403834367204546E-5