SentiMin,SentiMax,SentiAvg,SentiStdev,Senti0-0.20,Senti0.21-0.40,Senti0.41-0.60,Senti0.61-0.80,Senti0.81-1.00,SentiTotal
0.002344917223198835,0.49789225920557484,0.21960970018120668,0.19137073592906637,7.0,4.0,2.0,0.0,0.0,7.245488248077622E-14