TraitMin,TraitMax,TraitAvg,TraitStdev,TraitTotal
167.27272727272728,840.0,358.7467609313763,181.27087670661825,289.97297297297297
