SentiMin,SentiMax,SentiAvg,SentiStdev,Senti0-0.20,Senti0.21-0.40,Senti0.41-0.60,Senti0.61-0.80,Senti0.81-1.00,SentiTotal
0.052412352436733416,0.49789225920557484,0.27515230582115413,0.2227399533844207,1.0,0.0,1.0,0.0,0.0,0.052412352436733416