TraitMin,TraitMax,TraitAvg,TraitStdev,TraitTotal
320.0,1080.0,550.0,213.91125424193564,456.6666666666667
