TimeMin,TimeMax,TimeAvg,TimeStdev,TimeTotal
640.0,4040.0,2225.4545454545455,1023.2600632413997,24480.0
