TraitMin,TraitMax,TraitAvg,TraitStdev,TraitTotal
225.71428571428572,1160.0,488.0649350649351,334.745334840034,317.9220779220779
