TraitMin,TraitMax,TraitAvg,TraitStdev,TraitTotal
46.666666666666664,1000.0,255.23903422468018,263.6524644994211,213.47368421052633
