TraitMin,TraitMax,TraitAvg,TraitStdev,TraitTotal
113.33333333333333,620.0,422.4603174603175,169.58811425286495,433.44262295081967
