TraitMin,TraitMax,TraitAvg,TraitStdev,TraitTotal
5.714285714285714,600.0,290.10256410256414,199.74077163587444,307.34177215189874
