SentiMin,SentiMax,SentiAvg,SentiStdev,Senti0-0.20,Senti0.21-0.40,Senti0.41-0.60,Senti0.61-0.80,Senti0.81-1.00,SentiTotal
0.21921412548362115,0.701694196446155,0.4892681329100118,0.1362867769417814,0.0,2.0,6.0,2.0,0.0,0.39519680023850606