SentiMin,SentiMax,SentiAvg,SentiStdev,Senti0-0.20,Senti0.21-0.40,Senti0.41-0.60,Senti0.61-0.80,Senti0.81-1.00,SentiTotal
0.35509496682161057,0.701694196446155,0.5046705530785321,0.08267257299112177,0.0,1.0,7.0,1.0,0.0,0.5663787957753705