TraitMin,TraitMax,TraitAvg,TraitStdev,TraitTotal
80.0,860.0,401.9148932938407,206.00738214399846,357.5308641975309
