TraitMin,TraitMax,TraitAvg,TraitStdev,TraitTotal
260.0,432.0,363.0793650793651,61.384431046524476,376.3157894736842
