SentiMin,SentiMax,SentiAvg,SentiStdev,Senti0-0.20,Senti0.21-0.40,Senti0.41-0.60,Senti0.61-0.80,Senti0.81-1.00,SentiTotal
0.04967727434299894,0.8766995102342174,0.4403835106452323,0.25883030946184965,2.0,1.0,4.0,1.0,1.0,0.030817097106130314