TraitMin,TraitMax,TraitAvg,TraitStdev,TraitTotal
40.0,600.0,357.6131141585687,173.87780418037525,368.20512820512823
