TraitMin,TraitMax,TraitAvg,TraitStdev,TraitTotal
182.85714285714286,1000.0,487.4205794205794,230.84277834416017,398.6666666666667
