SentiMin,SentiMax,SentiAvg,SentiStdev,Senti0-0.20,Senti0.21-0.40,Senti0.41-0.60,Senti0.61-0.80,Senti0.81-1.00,SentiTotal
0.21921412548362115,0.7264240096332016,0.41110616624297,0.1822433561696209,0.0,3.0,3.0,1.0,0.0,0.056844679108461076