TimeMin,TimeMax,TimeAvg,TimeStdev,TimeTotal
80.0,6880.0,2684.4444444444443,2067.7798674537175,24160.0
