TimeMin,TimeMax,TimeAvg,TimeStdev,TimeTotal
400.0,3720.0,2086.6666666666665,1229.7244497131144,12520.0
