TimeMin,TimeMax,TimeAvg,TimeStdev,TimeTotal
40.0,4480.0,1568.888888888889,1485.1894338167733,14120.0
