SentiMin,SentiMax,SentiAvg,SentiStdev,Senti0-0.20,Senti0.21-0.40,Senti0.41-0.60,Senti0.61-0.80,Senti0.81-1.00,SentiTotal
0.21868692975498652,0.6508571429078657,0.45809207770895827,0.10153005075679049,0.0,2.0,9.0,1.0,0.0,0.11117371080292288