TraitMin,TraitMax,TraitAvg,TraitStdev,TraitTotal
186.66666666666666,1000.0,402.09523809523813,301.50064586296054,293.3333333333333
