TraitMin,TraitMax,TraitAvg,TraitStdev,TraitTotal
360.0,1000.0,714.6031746031746,238.60622416257434,642.3529411764706
