TraitMin,TraitMax,TraitAvg,TraitStdev,TraitTotal
3.076923076923077,1000.0,436.78062678062685,322.6292541541675,313.77777777777777
