SentiMin,SentiMax,SentiAvg,SentiStdev,Senti0-0.20,Senti0.21-0.40,Senti0.41-0.60,Senti0.61-0.80,Senti0.81-1.00,SentiTotal
0.21868692975498652,0.8232975942751998,0.41110051139888276,0.17186564578991276,0.0,6.0,4.0,0.0,1.0,0.01645648986952402