TraitMin,TraitMax,TraitAvg,TraitStdev,TraitTotal
200.0,1000.0,467.5,315.70357932719105,315.1219512195122
