TraitMin,TraitMax,TraitAvg,TraitStdev,TraitTotal
360.0,1000.0,655.8333333333334,267.55710709221603,485.7142857142857
