TimeMin,TimeMax,TimeAvg,TimeStdev,TimeTotal
240.0,10920.0,3388.5714285714284,3231.467727437393,23720.0
