TraitMin,TraitMax,TraitAvg,TraitStdev,TraitTotal
200.0,784.0,404.536507936508,181.97645084496926,361.7204301075269
