TimeMin,TimeMax,TimeAvg,TimeStdev,TimeTotal
680.0,8680.0,3777.1428571428573,2260.7060482810884,26440.0
