SentiMin,SentiMax,SentiAvg,SentiStdev,Senti0-0.20,Senti0.21-0.40,Senti0.41-0.60,Senti0.61-0.80,Senti0.81-1.00,SentiTotal
0.49789225920557484,0.8519774368384309,0.5764322602785564,0.12383306472378831,0.0,0.0,8.0,2.0,1.0,0.9811960918820586