TimeMin,TimeMax,TimeAvg,TimeStdev,TimeTotal
80.0,4000.0,1433.3333333333333,1019.6513565375614,17200.0
