TimeMin,TimeMax,TimeAvg,TimeStdev,TimeTotal
280.0,6200.0,2377.777777777778,2034.2936408699582,21400.0
