SentiMin,SentiMax,SentiAvg,SentiStdev,Senti0-0.20,Senti0.21-0.40,Senti0.41-0.60,Senti0.61-0.80,Senti0.81-1.00,SentiTotal
0.3050991743361845,0.6824837810859113,0.43417709403710525,0.1127201969203139,0.0,5.0,2.0,1.0,0.0,0.1089430536273597