TimeMin,TimeMax,TimeAvg,TimeStdev,TimeTotal
200.0,9920.0,2903.3333333333335,2840.444018498203,34840.0
