SentiMin,SentiMax,SentiAvg,SentiStdev,Senti0-0.20,Senti0.21-0.40,Senti0.41-0.60,Senti0.61-0.80,Senti0.81-1.00,SentiTotal
0.02201234051531052,0.5505550505941735,0.40379843107719204,0.14602244645934181,1.0,4.0,6.0,0.0,0.0,0.002133908517676191