TraitMin,TraitMax,TraitAvg,TraitStdev,TraitTotal
120.0,1173.3333333333333,459.16666666666663,324.7477653673864,413.3333333333333
