TraitMin,TraitMax,TraitAvg,TraitStdev,TraitTotal
266.6666666666667,1000.0,650.8205128205128,280.0189865961327,484.70588235294116
