TraitMin,TraitMax,TraitAvg,TraitStdev,TraitTotal
34.285714285714285,1820.0,602.9591836734693,586.5727332414067,527.1111111111111
