SentiMin,SentiMax,SentiAvg,SentiStdev,Senti0-0.20,Senti0.21-0.40,Senti0.41-0.60,Senti0.61-0.80,Senti0.81-1.00,SentiTotal
0.49789225920557484,0.5505550505941735,0.5122548386751926,0.02345399406049141,0.0,0.0,11.0,0.0,0.0,0.6514917330463317