TraitMin,TraitMax,TraitAvg,TraitStdev,TraitTotal
28.571428571428573,1800.0,666.5079365079365,586.2858010939493,291.16279069767444
