TimeMin,TimeMax,TimeAvg,TimeStdev,TimeTotal
280.0,5200.0,1843.6363636363637,1739.672240432729,20280.0
