TraitMin,TraitMax,TraitAvg,TraitStdev,TraitTotal
264.0,1200.0,516.7142857142858,316.93955660296257,417.8723404255319
