TraitMin,TraitMax,TraitAvg,TraitStdev,TraitTotal
40.0,1000.0,433.57142857142856,351.01238422248156,305.0
