TraitMin,TraitMax,TraitAvg,TraitStdev,TraitTotal
46.666666666666664,600.0,337.1423144756478,152.50733126656021,314.70588235294116
