TraitMin,TraitMax,TraitAvg,TraitStdev,TraitTotal
8.0,1000.0,462.1471861471862,350.0081015963399,314.11764705882354
