TraitMin,TraitMax,TraitAvg,TraitStdev,TraitTotal
80.0,800.0,392.1516754850088,211.8021485112953,371.6923076923077
