TraitMin,TraitMax,TraitAvg,TraitStdev,TraitTotal
17.142857142857142,1480.0,510.8080808080808,434.3101774000876,394.1463414634146
