TraitMin,TraitMax,TraitAvg,TraitStdev,TraitTotal
4.0,1280.0,365.59294871794873,342.5066805995788,223.17757009345794
