TimeMin,TimeMax,TimeAvg,TimeStdev,TimeTotal
1000.0,6400.0,2657.777777777778,1682.7608120637003,23920.0
