TraitMin,TraitMax,TraitAvg,TraitStdev,TraitTotal
10.0,1000.0,377.60582010582016,315.3273364063636,217.72151898734177
