SentiMin,SentiMax,SentiAvg,SentiStdev,Senti0-0.20,Senti0.21-0.40,Senti0.41-0.60,Senti0.61-0.80,Senti0.81-1.00,SentiTotal
0.3050991743361845,0.9317574895754995,0.5501189279372507,0.15910125485981427,0.0,1.0,7.0,1.0,1.0,0.9523764817722957