TraitMin,TraitMax,TraitAvg,TraitStdev,TraitTotal
14.285714285714286,500.0,349.4415584415584,130.56063259700733,304.0
