TimeMin,TimeMax,TimeAvg,TimeStdev,TimeTotal
1000.0,4200.0,2354.285714285714,1242.5648260508485,16480.0
