TraitMin,TraitMax,TraitAvg,TraitStdev,TraitTotal
246.66666666666666,1057.142857142857,395.70105820105823,250.6445988438475,488.57142857142856
