TraitMin,TraitMax,TraitAvg,TraitStdev,TraitTotal
120.0,1800.0,481.6336507936509,463.4377854002186,371.9076923076923
