SentiMin,SentiMax,SentiAvg,SentiStdev,Senti0-0.20,Senti0.21-0.40,Senti0.41-0.60,Senti0.61-0.80,Senti0.81-1.00,SentiTotal
0.3725123196158991,0.6824837810859113,0.4957556152879135,0.06847141865268189,0.0,3.0,12.0,1.0,0.0,0.46718592634438016