TimeMin,TimeMax,TimeAvg,TimeStdev,TimeTotal
80.0,4160.0,2058.181818181818,1247.5854365483767,22640.0
