SentiMin,SentiMax,SentiAvg,SentiStdev,Senti0-0.20,Senti0.21-0.40,Senti0.41-0.60,Senti0.61-0.80,Senti0.81-1.00,SentiTotal
0.0736401149528525,0.49789225920557484,0.3751912077434962,0.16388582233270568,1.0,2.0,5.0,0.0,0.0,0.006332454574217049