TraitMin,TraitMax,TraitAvg,TraitStdev,TraitTotal
20.0,520.0,354.44077134986225,169.4056636656014,365.16129032258067
