TraitMin,TraitMax,TraitAvg,TraitStdev,TraitTotal
20.0,600.0,332.25,203.23985214519323,309.2857142857143
