TimeMin,TimeMax,TimeAvg,TimeStdev,TimeTotal
1320.0,3400.0,2173.3333333333335,889.2443733617636,6520.0
