TimeMin,TimeMax,TimeAvg,TimeStdev,TimeTotal
40.0,2200.0,970.9090909090909,600.1432335921536,10680.0
