TimeMin,TimeMax,TimeAvg,TimeStdev,TimeTotal
160.0,6080.0,2610.909090909091,2025.0856527135948,28720.0
