TraitMin,TraitMax,TraitAvg,TraitStdev,TraitTotal
50.0,1000.0,338.3730158730159,262.0815258473519,264.4776119402985
