TraitMin,TraitMax,TraitAvg,TraitStdev,TraitTotal
32.0,2000.0,582.901098901099,490.81961900904304,436.04938271604937
