TimeMin,TimeMax,TimeAvg,TimeStdev,TimeTotal
160.0,7000.0,2716.923076923077,1714.6938933608512,35320.0
