TraitMin,TraitMax,TraitAvg,TraitStdev,TraitTotal
200.0,283.3333333333333,249.1111111111111,35.61245447284203,250.76923076923077
