SentiMin,SentiMax,SentiAvg,SentiStdev,Senti0-0.20,Senti0.21-0.40,Senti0.41-0.60,Senti0.61-0.80,Senti0.81-1.00,SentiTotal
0.04967727434299894,0.6824837810859113,0.3816828918079233,0.21919549182410789,2.0,1.0,3.0,1.0,0.0,0.005392383580645774