SentiMin,SentiMax,SentiAvg,SentiStdev,Senti0-0.20,Senti0.21-0.40,Senti0.41-0.60,Senti0.61-0.80,Senti0.81-1.00,SentiTotal
2.679893395409197E-6,0.49789225920557484,0.19428394100904725,0.18435437873053723,6.0,3.0,1.0,0.0,0.0,2.880929928913928E-17