TraitMin,TraitMax,TraitAvg,TraitStdev,TraitTotal
340.0,1000.0,689.6666666666666,220.48557523994373,639.7142857142857
