TraitMin,TraitMax,TraitAvg,TraitStdev,TraitTotal
234.28571428571428,1000.0,552.8627450980392,328.30744523051936,332.63157894736844
