TraitMin,TraitMax,TraitAvg,TraitStdev,TraitTotal
320.0,565.7142857142857,458.40346320346316,86.5024887934193,492.20338983050846
