SentiMin,SentiMax,SentiAvg,SentiStdev,Senti0-0.20,Senti0.21-0.40,Senti0.41-0.60,Senti0.61-0.80,Senti0.81-1.00,SentiTotal
0.043806938413355055,0.5136446707795853,0.34252073355234003,0.15183728559851437,1.0,5.0,4.0,0.0,0.0,3.529218442433795E-4