TimeMin,TimeMax,TimeAvg,TimeStdev,TimeTotal
518.0,1000.0,746.3333333333334,158.24207896623312,4478.0
