SentiMin,SentiMax,SentiAvg,SentiStdev,Senti0-0.20,Senti0.21-0.40,Senti0.41-0.60,Senti0.61-0.80,Senti0.81-1.00,SentiTotal
0.027928945997430957,0.49789225920557484,0.29828335333261974,0.16582899616825392,3.0,3.0,2.0,0.0,0.0,1.3780829907261726E-4