TraitMin,TraitMax,TraitAvg,TraitStdev,TraitTotal
297.77777777777777,1240.0,687.6388888888889,301.68837526760115,508.8
