SentiMin,SentiMax,SentiAvg,SentiStdev,Senti0-0.20,Senti0.21-0.40,Senti0.41-0.60,Senti0.61-0.80,Senti0.81-1.00,SentiTotal
0.025767538216315656,0.7282821108643308,0.3917277497664727,0.2349320337699997,1.0,1.0,2.0,1.0,0.0,0.02046059086670161