SentiMin,SentiMax,SentiAvg,SentiStdev,Senti0-0.20,Senti0.21-0.40,Senti0.41-0.60,Senti0.61-0.80,Senti0.81-1.00,SentiTotal
0.016904684389877595,0.9905813155985516,0.4101522349771571,0.2761379913653418,3.0,1.0,3.0,0.0,1.0,0.0653766905057238