TraitMin,TraitMax,TraitAvg,TraitStdev,TraitTotal
312.0,880.0,538.8333333333334,163.0343351703697,490.0
