TraitMin,TraitMax,TraitAvg,TraitStdev,TraitTotal
386.6666666666667,780.0,583.3333333333334,196.66666666666669,544.0
