TraitMin,TraitMax,TraitAvg,TraitStdev,TraitTotal
154.28571428571428,2240.0,707.2285714285714,591.8112502465355,450.8181818181818
