SentiMin,SentiMax,SentiAvg,SentiStdev,Senti0-0.20,Senti0.21-0.40,Senti0.41-0.60,Senti0.61-0.80,Senti0.81-1.00,SentiTotal
3.2789273464938336E-4,0.9617806615246884,0.3173769171546336,0.28318931891559224,4.0,3.0,2.0,0.0,1.0,2.763972996173262E-7