SentiMin,SentiMax,SentiAvg,SentiStdev,Senti0-0.20,Senti0.21-0.40,Senti0.41-0.60,Senti0.61-0.80,Senti0.81-1.00,SentiTotal
0.7286379111544483,0.9005237053330327,0.8145808082437405,0.0859428970892922,0.0,0.0,0.0,1.0,1.0,0.9608045748124003