TimeMin,TimeMax,TimeAvg,TimeStdev,TimeTotal
600.0,2640.0,1410.6666666666667,555.6913611789272,21160.0
