TraitMin,TraitMax,TraitAvg,TraitStdev,TraitTotal
246.66666666666666,700.0,435.5555555555556,192.62962606906075,360.0
