SentiMin,SentiMax,SentiAvg,SentiStdev,Senti0-0.20,Senti0.21-0.40,Senti0.41-0.60,Senti0.61-0.80,Senti0.81-1.00,SentiTotal
0.00716352613250568,0.49789225920557484,0.2704810648175704,0.16768597035844465,1.0,3.0,2.0,0.0,0.0,1.3876063030144746E-4