TraitMin,TraitMax,TraitAvg,TraitStdev,TraitTotal
380.0,1080.0,737.1428571428571,258.441166873031,567.2727272727273
