SentiMin,SentiMax,SentiAvg,SentiStdev,Senti0-0.20,Senti0.21-0.40,Senti0.41-0.60,Senti0.61-0.80,Senti0.81-1.00,SentiTotal
9.073681845500268E-5,0.4709231526145275,0.18075297284298666,0.15059695942372134,3.0,2.0,1.0,0.0,0.0,3.586367541007985E-9