TraitMin,TraitMax,TraitAvg,TraitStdev,TraitTotal
310.0,1960.0,896.6666666666666,538.5430079655398,618.6666666666666
