TimeMin,TimeMax,TimeAvg,TimeStdev,TimeTotal
280.0,2120.0,1273.3333333333333,567.7636440945788,7640.0
