TraitMin,TraitMax,TraitAvg,TraitStdev,TraitTotal
260.0,2640.0,831.6993464052288,554.8337949001142,517.5
