SentiMin,SentiMax,SentiAvg,SentiStdev,Senti0-0.20,Senti0.21-0.40,Senti0.41-0.60,Senti0.61-0.80,Senti0.81-1.00,SentiTotal
1.1152505299139702E-4,0.49789225920557484,0.17850910515134485,0.20072301119067784,5.0,2.0,2.0,0.0,0.0,7.271995956666633E-17