TraitMin,TraitMax,TraitAvg,TraitStdev,TraitTotal
196.66666666666666,1200.0,519.3333333333334,360.3556268157579,335.87301587301585
