SentiMin,SentiMax,SentiAvg,SentiStdev,Senti0-0.20,Senti0.21-0.40,Senti0.41-0.60,Senti0.61-0.80,Senti0.81-1.00,SentiTotal
0.11326085953961978,0.6660052343512974,0.42530390172062454,0.1726142010627228,1.0,1.0,3.0,1.0,0.0,0.09458374590343516