SentiMin,SentiMax,SentiAvg,SentiStdev,Senti0-0.20,Senti0.21-0.40,Senti0.41-0.60,Senti0.61-0.80,Senti0.81-1.00,SentiTotal
0.08047413675023216,0.49789225920557484,0.32457490816753376,0.15340274149731162,1.0,2.0,2.0,0.0,0.0,0.012229346616473194