TimeMin,TimeMax,TimeAvg,TimeStdev,TimeTotal
880.0,4480.0,1831.111111111111,1105.1037602812028,16480.0
