TimeMin,TimeMax,TimeAvg,TimeStdev,TimeTotal
640.0,1920.0,1205.7142857142858,385.7037035585418,8440.0
