TraitMin,TraitMax,TraitAvg,TraitStdev,TraitTotal
224.0,900.0,430.71581196581207,188.6288598550523,366.02150537634407
