TimeMin,TimeMax,TimeAvg,TimeStdev,TimeTotal
920.0,3560.0,2027.6923076923076,727.8858093679873,26360.0
