TraitMin,TraitMax,TraitAvg,TraitStdev,TraitTotal
292.0,1480.0,725.5477207977209,371.8814263047521,459.67391304347825
