SentiMin,SentiMax,SentiAvg,SentiStdev,Senti0-0.20,Senti0.21-0.40,Senti0.41-0.60,Senti0.61-0.80,Senti0.81-1.00,SentiTotal
0.22396263971669256,0.49789225920557484,0.40920827044282926,0.11192374731130052,0.0,1.0,3.0,0.0,0.0,0.17235358413803717