TraitMin,TraitMax,TraitAvg,TraitStdev,TraitTotal
320.0,880.0,477.4285714285714,196.61592796427175,383.52941176470586
