SentiMin,SentiMax,SentiAvg,SentiStdev,Senti0-0.20,Senti0.21-0.40,Senti0.41-0.60,Senti0.61-0.80,Senti0.81-1.00,SentiTotal
0.034183466804123694,0.31848362526907187,0.18448966481518858,0.11663679192659036,1.0,2.0,0.0,0.0,0.0,0.0030630993745532444