TimeMin,TimeMax,TimeAvg,TimeStdev,TimeTotal
680.0,2800.0,1322.857142857143,574.5983512908147,18520.0
