SentiMin,SentiMax,SentiAvg,SentiStdev,Senti0-0.20,Senti0.21-0.40,Senti0.41-0.60,Senti0.61-0.80,Senti0.81-1.00,SentiTotal
7.101528423491143E-5,0.8947892633036214,0.33118123479602385,0.26171454452979137,5.0,4.0,6.0,1.0,1.0,2.8189446645370352E-15