SentiMin,SentiMax,SentiAvg,SentiStdev,Senti0-0.20,Senti0.21-0.40,Senti0.41-0.60,Senti0.61-0.80,Senti0.81-1.00,SentiTotal
0.2794653930830212,0.49789225920557484,0.4102257639969815,0.0799792881446566,0.0,2.0,4.0,0.0,0.0,0.09915222239579695