SentiMin,SentiMax,SentiAvg,SentiStdev,Senti0-0.20,Senti0.21-0.40,Senti0.41-0.60,Senti0.61-0.80,Senti0.81-1.00,SentiTotal
9.669197781090598E-4,0.49789225920557484,0.29318805229132966,0.19124073322022186,3.0,3.0,3.0,0.0,0.0,5.155750434805656E-7