TraitMin,TraitMax,TraitAvg,TraitStdev,TraitTotal
248.0,1200.0,645.968253968254,319.7890965363617,435.6756756756757
