SentiMin,SentiMax,SentiAvg,SentiStdev,Senti0-0.20,Senti0.21-0.40,Senti0.41-0.60,Senti0.61-0.80,Senti0.81-1.00,SentiTotal
7.215679367609086E-6,0.49789225920557484,0.19785260967044574,0.2113088236419978,3.0,1.0,2.0,0.0,0.0,9.31247631063318E-11