TimeMin,TimeMax,TimeAvg,TimeStdev,TimeTotal
305.0,4400.0,1762.0833333333333,1100.5518659846168,21145.0
