TraitMin,TraitMax,TraitAvg,TraitStdev,TraitTotal
244.44444444444446,1100.0,490.4262371615313,226.18908661799668,437.28155339805824
