SentiMin,SentiMax,SentiAvg,SentiStdev,Senti0-0.20,Senti0.21-0.40,Senti0.41-0.60,Senti0.61-0.80,Senti0.81-1.00,SentiTotal
0.21921412548362115,0.43796879524747484,0.3643430054345677,0.08931462856228355,0.0,2.0,2.0,0.0,0.0,0.0036323687019110544