SentiMin,SentiMax,SentiAvg,SentiStdev,Senti0-0.20,Senti0.21-0.40,Senti0.41-0.60,Senti0.61-0.80,Senti0.81-1.00,SentiTotal
0.016514136361034597,0.49789225920557484,0.263822670882641,0.1712015431935425,6.0,5.0,3.0,0.0,0.0,7.131412460397966E-9