TraitMin,TraitMax,TraitAvg,TraitStdev,TraitTotal
266.6666666666667,1880.0,837.5757575757576,437.4053223018227,588.8
