SentiMin,SentiMax,SentiAvg,SentiStdev,Senti0-0.20,Senti0.21-0.40,Senti0.41-0.60,Senti0.61-0.80,Senti0.81-1.00,SentiTotal
0.0010101185607476978,0.49789225920557484,0.23811122762503034,0.17967787975045885,6.0,2.0,4.0,0.0,0.0,3.5335662012966505E-10