SentiMin,SentiMax,SentiAvg,SentiStdev,Senti0-0.20,Senti0.21-0.40,Senti0.41-0.60,Senti0.61-0.80,Senti0.81-1.00,SentiTotal
1.6226782706438017E-5,0.551077815994506,0.38715641302862025,0.15660733283130898,1.0,3.0,7.0,0.0,0.0,7.13278337969856E-7