SentiMin,SentiMax,SentiAvg,SentiStdev,Senti0-0.20,Senti0.21-0.40,Senti0.41-0.60,Senti0.61-0.80,Senti0.81-1.00,SentiTotal
1.2760868283388152E-7,0.49789225920557484,0.3012077404240629,0.19173459735995801,3.0,3.0,6.0,0.0,0.0,5.941112878687977E-13