SentiMin,SentiMax,SentiAvg,SentiStdev,Senti0-0.20,Senti0.21-0.40,Senti0.41-0.60,Senti0.61-0.80,Senti0.81-1.00,SentiTotal
0.0018218000158857768,0.7191017733861276,0.22480505829846237,0.2061722405997004,9.0,1.0,2.0,1.0,0.0,3.6427708971916E-11