TraitMin,TraitMax,TraitAvg,TraitStdev,TraitTotal
388.57142857142856,880.0,570.4761904761905,185.3329418094039,477.3333333333333
