SentiMin,SentiMax,SentiAvg,SentiStdev,Senti0-0.20,Senti0.21-0.40,Senti0.41-0.60,Senti0.61-0.80,Senti0.81-1.00,SentiTotal
3.11582800498312E-7,0.5136446707795853,0.14440415777149354,0.17975528897403986,11.0,3.0,2.0,0.0,0.0,4.442571216059018E-34