TraitMin,TraitMax,TraitAvg,TraitStdev,TraitTotal
360.0,1160.0,679.0476190476192,282.0430806095549,602.8571428571429
