TraitMin,TraitMax,TraitAvg,TraitStdev,TraitTotal
280.0,1080.0,648.0,311.02411482070005,498.1818181818182
