TimeMin,TimeMax,TimeAvg,TimeStdev,TimeTotal
920.0,1960.0,1325.7142857142858,317.438729424712,9280.0
