TraitMin,TraitMax,TraitAvg,TraitStdev,TraitTotal
506.6666666666667,1120.0,906.6666666666667,236.0790827950103,773.3333333333334
