TraitMin,TraitMax,TraitAvg,TraitStdev,TraitTotal
384.0,1840.0,1084.0,471.2253530247851,792.7272727272727
