TimeMin,TimeMax,TimeAvg,TimeStdev,TimeTotal
880.0,8640.0,1753.8461538461538,2007.4229114867971,22800.0
