TraitMin,TraitMax,TraitAvg,TraitStdev,TraitTotal
370.0,1160.0,762.7142857142856,275.69001044544655,638.6206896551724
