SentiMin,SentiMax,SentiAvg,SentiStdev,Senti0-0.20,Senti0.21-0.40,Senti0.41-0.60,Senti0.61-0.80,Senti0.81-1.00,SentiTotal
1.697457353704961E-6,0.4898631585877994,0.1762790827030476,0.1832845681027417,9.0,3.0,3.0,0.0,0.0,4.5352580174829595E-25