SentiMin,SentiMax,SentiAvg,SentiStdev,Senti0-0.20,Senti0.21-0.40,Senti0.41-0.60,Senti0.61-0.80,Senti0.81-1.00,SentiTotal
1.86490677527165E-4,0.503465617568334,0.19341333325832052,0.19223370991049005,8.0,3.0,4.0,0.0,0.0,9.41116020656802E-17