TraitMin,TraitMax,TraitAvg,TraitStdev,TraitTotal
232.72727272727272,1920.0,922.8727272727272,459.8735995937425,587.6923076923077
