TimeMin,TimeMax,TimeAvg,TimeStdev,TimeTotal
880.0,4600.0,2173.3333333333335,1514.4929477844685,13040.0
