SentiMin,SentiMax,SentiAvg,SentiStdev,Senti0-0.20,Senti0.21-0.40,Senti0.41-0.60,Senti0.61-0.80,Senti0.81-1.00,SentiTotal
0.09738821908993954,0.49789225920557484,0.3623541055682897,0.1499678241432912,1.0,2.0,4.0,0.0,0.0,0.009597089714353798