SentiMin,SentiMax,SentiAvg,SentiStdev,Senti0-0.20,Senti0.21-0.40,Senti0.41-0.60,Senti0.61-0.80,Senti0.81-1.00,SentiTotal
1.5009624653059996E-8,0.5864828634584028,0.26966316126127676,0.1712636235960245,5.0,9.0,2.0,0.0,0.0,5.914395187202186E-19