TimeMin,TimeMax,TimeAvg,TimeStdev,TimeTotal
880.0,2400.0,1338.1818181818182,459.9964067412658,14720.0
