TraitMin,TraitMax,TraitAvg,TraitStdev,TraitTotal
280.0,1480.0,692.7777777777778,401.406862342689,587.6923076923077
