SentiMin,SentiMax,SentiAvg,SentiStdev,Senti0-0.20,Senti0.21-0.40,Senti0.41-0.60,Senti0.61-0.80,Senti0.81-1.00,SentiTotal
7.744648704802438E-5,0.936434080073926,0.10934551812714838,0.23889272888642069,14.0,0.0,1.0,0.0,1.0,1.3003261177133373E-31