SentiMin,SentiMax,SentiAvg,SentiStdev,Senti0-0.20,Senti0.21-0.40,Senti0.41-0.60,Senti0.61-0.80,Senti0.81-1.00,SentiTotal
0.013860071017357973,0.49789225920557484,0.23414312573007823,0.1819509495469981,2.0,1.0,1.0,0.0,0.0,4.882430121333477E-4