TraitMin,TraitMax,TraitAvg,TraitStdev,TraitTotal
296.0,2160.0,871.1575091575091,563.4455089699854,599.0909090909091
