TimeMin,TimeMax,TimeAvg,TimeStdev,TimeTotal
1000.0,3120.0,1461.1764705882354,656.1373811754506,24840.0
