SentiMin,SentiMax,SentiAvg,SentiStdev,Senti0-0.20,Senti0.21-0.40,Senti0.41-0.60,Senti0.61-0.80,Senti0.81-1.00,SentiTotal
0.013640008835082566,0.9637346108095765,0.27988370848617544,0.25515522028413645,6.0,3.0,3.0,0.0,1.0,5.763170631113931E-8