TraitMin,TraitMax,TraitAvg,TraitStdev,TraitTotal
453.3333333333333,1000.0,733.3333333333333,266.8332812825267,600.0
