SentiMin,SentiMax,SentiAvg,SentiStdev,Senti0-0.20,Senti0.21-0.40,Senti0.41-0.60,Senti0.61-0.80,Senti0.81-1.00,SentiTotal
1.630331601821346E-4,0.49789225920557484,0.35436201411689516,0.19500298858934084,2.0,2.0,6.0,0.0,0.0,4.9113508191421844E-8