TimeMin,TimeMax,TimeAvg,TimeStdev,TimeTotal
840.0,4800.0,1782.857142857143,1263.6196792854844,12480.0
