TimeMin,TimeMax,TimeAvg,TimeStdev,TimeTotal
840.0,5080.0,1791.4285714285713,1166.6977644057554,25080.0
