TimeMin,TimeMax,TimeAvg,TimeStdev,TimeTotal
1040.0,1920.0,1453.3333333333333,325.50814975289876,8720.0
