TraitMin,TraitMax,TraitAvg,TraitStdev,TraitTotal
250.0,960.0,596.6666666666666,276.16420236277304,429.09090909090907
