TraitMin,TraitMax,TraitAvg,TraitStdev,TraitTotal
240.0,760.0,498.43589743589746,179.16174159553438,409.8780487804878
