SentiMin,SentiMax,SentiAvg,SentiStdev,Senti0-0.20,Senti0.21-0.40,Senti0.41-0.60,Senti0.61-0.80,Senti0.81-1.00,SentiTotal
0.22148707823390876,0.4449126822667366,0.3437245242135314,0.07684470553341338,0.0,5.0,1.0,0.0,0.0,0.018677905826380105