TraitMin,TraitMax,TraitAvg,TraitStdev,TraitTotal
232.0,1080.0,387.1361579596874,190.44803811908946,348.42105263157896
