SentiMin,SentiMax,SentiAvg,SentiStdev,Senti0-0.20,Senti0.21-0.40,Senti0.41-0.60,Senti0.61-0.80,Senti0.81-1.00,SentiTotal
7.166604904626644E-6,0.5573281288531664,0.14862078221996688,0.18875878142792754,12.0,4.0,2.0,0.0,0.0,2.145730220608826E-36