TimeMin,TimeMax,TimeAvg,TimeStdev,TimeTotal
680.0,1920.0,1191.111111111111,377.9607400083431,10720.0
