TraitMin,TraitMax,TraitAvg,TraitStdev,TraitTotal
155.0,780.0,307.269532428356,134.07727344287795,290.8670520231214
