TimeMin,TimeMax,TimeAvg,TimeStdev,TimeTotal
560.0,2240.0,1292.6923076923076,489.8925132681791,16805.0
