TraitMin,TraitMax,TraitAvg,TraitStdev,TraitTotal
216.0,460.0,327.9272727272727,92.64449781399117,306.6666666666667
