SentiMin,SentiMax,SentiAvg,SentiStdev,Senti0-0.20,Senti0.21-0.40,Senti0.41-0.60,Senti0.61-0.80,Senti0.81-1.00,SentiTotal
2.0198970620374516E-4,0.8594494935954726,0.30011753092057947,0.27179876576612416,4.0,2.0,2.0,0.0,1.0,3.746083557261945E-9