TimeMin,TimeMax,TimeAvg,TimeStdev,TimeTotal
680.0,1160.0,866.6666666666666,147.27148022916347,5200.0
