TimeMin,TimeMax,TimeAvg,TimeStdev,TimeTotal
680.0,4040.0,1557.6470588235295,1055.046859353899,26480.0
