SentiMin,SentiMax,SentiAvg,SentiStdev,Senti0-0.20,Senti0.21-0.40,Senti0.41-0.60,Senti0.61-0.80,Senti0.81-1.00,SentiTotal
0.0061898775290254145,0.6242094968955547,0.32333046386140807,0.22056327317424257,4.0,1.0,3.0,1.0,0.0,8.548363435042815E-6