TraitMin,TraitMax,TraitAvg,TraitStdev,TraitTotal
177.14285714285714,400.0,284.3492063492064,65.45191084227423,268.0
