SentiMin,SentiMax,SentiAvg,SentiStdev,Senti0-0.20,Senti0.21-0.40,Senti0.41-0.60,Senti0.61-0.80,Senti0.81-1.00,SentiTotal
4.4882159678158375E-4,0.6752255238924338,0.2582792644554875,0.21816409635558953,9.0,2.0,5.0,1.0,0.0,4.939778295535634E-16