SentiMin,SentiMax,SentiAvg,SentiStdev,Senti0-0.20,Senti0.21-0.40,Senti0.41-0.60,Senti0.61-0.80,Senti0.81-1.00,SentiTotal
0.030843425278623354,0.18010495829016165,0.1054741917843925,0.07463076650576915,2.0,0.0,0.0,0.0,0.0,0.007000781353043392