SentiMin,SentiMax,SentiAvg,SentiStdev,Senti0-0.20,Senti0.21-0.40,Senti0.41-0.60,Senti0.61-0.80,Senti0.81-1.00,SentiTotal
6.578141534157974E-4,0.5293700225891195,0.3040758625550033,0.16713884302270687,2.0,6.0,5.0,0.0,0.0,1.5617469227604914E-8