TimeMin,TimeMax,TimeAvg,TimeStdev,TimeTotal
480.0,2000.0,1048.888888888889,389.5423081984077,9440.0
