TraitMin,TraitMax,TraitAvg,TraitStdev,TraitTotal
232.0,580.0,383.9183673469388,109.51410106123717,329.5238095238095
