TraitMin,TraitMax,TraitAvg,TraitStdev,TraitTotal
113.33333333333333,1960.0,725.2619047619047,612.1296700807741,384.56
