TraitMin,TraitMax,TraitAvg,TraitStdev,TraitTotal
215.0,540.0,331.0973389355742,96.12273376873418,300.5
