SentiMin,SentiMax,SentiAvg,SentiStdev,Senti0-0.20,Senti0.21-0.40,Senti0.41-0.60,Senti0.61-0.80,Senti0.81-1.00,SentiTotal
0.007333213179185847,0.49789225920557484,0.26418570796566737,0.17845765467674982,5.0,5.0,4.0,0.0,0.0,1.2318838437269237E-9