SentiMin,SentiMax,SentiAvg,SentiStdev,Senti0-0.20,Senti0.21-0.40,Senti0.41-0.60,Senti0.61-0.80,Senti0.81-1.00,SentiTotal
0.03635321636636599,0.49789225920557484,0.33766206206644495,0.15572433555588597,1.0,3.0,3.0,0.0,0.0,0.0022369780972370363