SentiMin,SentiMax,SentiAvg,SentiStdev,Senti0-0.20,Senti0.21-0.40,Senti0.41-0.60,Senti0.61-0.80,Senti0.81-1.00,SentiTotal
0.004305809312456799,0.5136446707795853,0.34080739676960825,0.17097251132769103,2.0,3.0,3.0,0.0,0.0,1.2920315823526855E-4