TraitMin,TraitMax,TraitAvg,TraitStdev,TraitTotal
169.0909090909091,640.0,387.89826839826844,155.06810031490946,301.05263157894734
