SentiMin,SentiMax,SentiAvg,SentiStdev,Senti0-0.20,Senti0.21-0.40,Senti0.41-0.60,Senti0.61-0.80,Senti0.81-1.00,SentiTotal
0.11095514228104653,0.5879642314970301,0.37150353331788627,0.14114606759417292,2.0,6.0,6.0,0.0,0.0,2.686385856010982E-4