TraitMin,TraitMax,TraitAvg,TraitStdev,TraitTotal
306.6666666666667,2000.0,773.0476190476192,445.4011245535762,585.0
