TraitMin,TraitMax,TraitAvg,TraitStdev,TraitTotal
210.0,880.0,435.99999999999994,196.9470156771282,368.9655172413793
