TraitMin,TraitMax,TraitAvg,TraitStdev,TraitTotal
298.1818181818182,949.0909090909091,597.1212121212121,166.33789887571476,567.5
