TimeMin,TimeMax,TimeAvg,TimeStdev,TimeTotal
720.0,6120.0,1894.2857142857142,1375.1764265292047,26520.0
