TimeMin,TimeMax,TimeAvg,TimeStdev,TimeTotal
440.0,4360.0,1491.111111111111,1074.4553601651648,26840.0
