SentiMin,SentiMax,SentiAvg,SentiStdev,Senti0-0.20,Senti0.21-0.40,Senti0.41-0.60,Senti0.61-0.80,Senti0.81-1.00,SentiTotal
0.37833740884777955,0.6824837810859113,0.5033119818324533,0.06325537623656059,0.0,1.0,10.0,1.0,0.0,0.5688178903093019