TraitMin,TraitMax,TraitAvg,TraitStdev,TraitTotal
208.0,960.0,583.2053872053872,227.4604341702141,462.7586206896552
