TraitMin,TraitMax,TraitAvg,TraitStdev,TraitTotal
266.6666666666667,4000.0,809.752380952381,882.97842477851,581.4814814814815
