TraitMin,TraitMax,TraitAvg,TraitStdev,TraitTotal
271.1111111111111,1720.0,659.9297052154195,381.86210466649084,465.2631578947368
