TimeMin,TimeMax,TimeAvg,TimeStdev,TimeTotal
840.0,7200.0,3325.714285714286,2323.0943474036467,23280.0
