SentiMin,SentiMax,SentiAvg,SentiStdev,Senti0-0.20,Senti0.21-0.40,Senti0.41-0.60,Senti0.61-0.80,Senti0.81-1.00,SentiTotal
0.49789225920557484,0.7264240096332016,0.520149414752563,0.057932596208324035,0.0,0.0,14.0,1.0,0.0,0.8020638368865778