TraitMin,TraitMax,TraitAvg,TraitStdev,TraitTotal
352.0,720.0,494.4,132.17200913960565,416.47058823529414
