SentiMin,SentiMax,SentiAvg,SentiStdev,Senti0-0.20,Senti0.21-0.40,Senti0.41-0.60,Senti0.61-0.80,Senti0.81-1.00,SentiTotal
0.49789225920557484,0.6824837810859113,0.5901880201457431,0.09229576094016825,0.0,0.0,1.0,1.0,0.0,0.6824837810859113