TraitMin,TraitMax,TraitAvg,TraitStdev,TraitTotal
342.85714285714283,497.77777777777777,399.1587301587302,58.73450648857568,413.9130434782609
