TimeMin,TimeMax,TimeAvg,TimeStdev,TimeTotal
680.0,4360.0,1528.5714285714287,1029.416319660648,21400.0
