TraitMin,TraitMax,TraitAvg,TraitStdev,TraitTotal
226.66666666666666,1040.0,414.2222222222222,202.66051403916177,388.0851063829787
