TraitMin,TraitMax,TraitAvg,TraitStdev,TraitTotal
272.0,840.0,472.97278911564626,193.60935668976586,408.42105263157896
