TraitMin,TraitMax,TraitAvg,TraitStdev,TraitTotal
208.0,760.0,391.75757575757575,149.69957058223943,326.85714285714283
