SentiMin,SentiMax,SentiAvg,SentiStdev,Senti0-0.20,Senti0.21-0.40,Senti0.41-0.60,Senti0.61-0.80,Senti0.81-1.00,SentiTotal
0.3041233943377613,0.5159436667231726,0.4036543366623938,0.0852036637069385,0.0,5.0,3.0,0.0,0.0,0.08750904365106517