SentiMin,SentiMax,SentiAvg,SentiStdev,Senti0-0.20,Senti0.21-0.40,Senti0.41-0.60,Senti0.61-0.80,Senti0.81-1.00,SentiTotal
3.1096980890818015E-4,0.7193182397793089,0.2124848161882593,0.25493216754101283,9.0,0.0,3.0,1.0,0.0,2.4001520937643916E-16