SentiMin,SentiMax,SentiAvg,SentiStdev,Senti0-0.20,Senti0.21-0.40,Senti0.41-0.60,Senti0.61-0.80,Senti0.81-1.00,SentiTotal
0.0016617393878377,0.39697510199130176,0.1504700007688623,0.14248100973489125,6.0,5.0,0.0,0.0,0.0,9.948282769172759E-14