TraitMin,TraitMax,TraitAvg,TraitStdev,TraitTotal
175.0,800.0,440.30303030303037,230.27521761883781,297.6744186046512
