TraitMin,TraitMax,TraitAvg,TraitStdev,TraitTotal
232.0,720.0,525.2777777777778,176.942822249672,398.4
