TraitMin,TraitMax,TraitAvg,TraitStdev,TraitTotal
166.15384615384616,1040.0,333.16568047337273,213.87476445414626,263.125
