SentiMin,SentiMax,SentiAvg,SentiStdev,Senti0-0.20,Senti0.21-0.40,Senti0.41-0.60,Senti0.61-0.80,Senti0.81-1.00,SentiTotal
0.016542371472331893,0.5755436691302463,0.2415778490709667,0.20367726700441005,6.0,3.0,3.0,0.0,0.0,1.31143746811198E-9