SentiMin,SentiMax,SentiAvg,SentiStdev,Senti0-0.20,Senti0.21-0.40,Senti0.41-0.60,Senti0.61-0.80,Senti0.81-1.00,SentiTotal
0.02314941573428618,0.49789225920557484,0.2733049334364049,0.1895381471077003,3.0,2.0,3.0,0.0,0.0,1.5936386071544347E-5