TraitMin,TraitMax,TraitAvg,TraitStdev,TraitTotal
182.85714285714286,880.0,407.51785714285717,191.8757258807279,333.67088607594934
