TraitMin,TraitMax,TraitAvg,TraitStdev,TraitTotal
171.42857142857142,640.0,386.9428571428572,151.17672048409614,333.9130434782609
