TimeMin,TimeMax,TimeAvg,TimeStdev,TimeTotal
440.0,2080.0,1218.6666666666667,450.6272172082917,18280.0
