SentiMin,SentiMax,SentiAvg,SentiStdev,Senti0-0.20,Senti0.21-0.40,Senti0.41-0.60,Senti0.61-0.80,Senti0.81-1.00,SentiTotal
0.07298803394924769,0.7440786448968312,0.4234159872096923,0.16115431058196705,1.0,2.0,7.0,1.0,0.0,0.015898803085206505