SentiMin,SentiMax,SentiAvg,SentiStdev,Senti0-0.20,Senti0.21-0.40,Senti0.41-0.60,Senti0.61-0.80,Senti0.81-1.00,SentiTotal
0.004865661822486709,0.7876442100577024,0.2269535329071083,0.2575609547972224,8.0,1.0,3.0,1.0,0.0,1.0220054022171822E-13