TraitMin,TraitMax,TraitAvg,TraitStdev,TraitTotal
200.0,800.0,385.7486772486772,164.04174173273773,331.52542372881356
