TraitMin,TraitMax,TraitAvg,TraitStdev,TraitTotal
200.0,720.0,359.51282051282044,162.8300259688058,298.59154929577466
