TimeMin,TimeMax,TimeAvg,TimeStdev,TimeTotal
520.0,3640.0,1325.7142857142858,753.3327313223771,18560.0
