SentiMin,SentiMax,SentiAvg,SentiStdev,Senti0-0.20,Senti0.21-0.40,Senti0.41-0.60,Senti0.61-0.80,Senti0.81-1.00,SentiTotal
7.769902399459754E-6,0.8270121895259922,0.22707951057375172,0.25344282226346204,7.0,2.0,2.0,0.0,1.0,1.5553256398849929E-18