TraitMin,TraitMax,TraitAvg,TraitStdev,TraitTotal
240.0,880.0,490.7936507936507,184.12595785154605,431.6279069767442
