TraitMin,TraitMax,TraitAvg,TraitStdev,TraitTotal
220.0,800.0,563.9285714285714,195.0659447189992,420.0
