TimeMin,TimeMax,TimeAvg,TimeStdev,TimeTotal
560.0,2280.0,1163.6363636363637,544.8481477735163,12800.0
