SentiMin,SentiMax,SentiAvg,SentiStdev,Senti0-0.20,Senti0.21-0.40,Senti0.41-0.60,Senti0.61-0.80,Senti0.81-1.00,SentiTotal
1.021178678573309E-5,0.6019674640413359,0.2024658331954426,0.19579942531378247,8.0,5.0,1.0,1.0,0.0,4.212557925604383E-18