SentiMin,SentiMax,SentiAvg,SentiStdev,Senti0-0.20,Senti0.21-0.40,Senti0.41-0.60,Senti0.61-0.80,Senti0.81-1.00,SentiTotal
0.004280960866495795,0.49789225920557484,0.21935570937331927,0.1590354459353216,4.0,7.0,1.0,0.0,0.0,1.4629960481855258E-10