SentiMin,SentiMax,SentiAvg,SentiStdev,Senti0-0.20,Senti0.21-0.40,Senti0.41-0.60,Senti0.61-0.80,Senti0.81-1.00,SentiTotal
0.007395277393925845,0.5230874839888976,0.27412919150565845,0.20362570749130696,10.0,3.0,9.0,0.0,0.0,6.694219427528046E-16