SentiMin,SentiMax,SentiAvg,SentiStdev,Senti0-0.20,Senti0.21-0.40,Senti0.41-0.60,Senti0.61-0.80,Senti0.81-1.00,SentiTotal
3.3533696649984456E-4,0.49789225920557484,0.16799558528464312,0.17126374898258245,9.0,3.0,2.0,0.0,0.0,2.7629758715174864E-18