TraitMin,TraitMax,TraitAvg,TraitStdev,TraitTotal
164.44444444444446,1000.0,447.8412698412699,285.65935764385773,302.93333333333334
