TraitMin,TraitMax,TraitAvg,TraitStdev,TraitTotal
224.0,1040.0,562.8571428571429,314.1007247780916,402.0
