SentiMin,SentiMax,SentiAvg,SentiStdev,Senti0-0.20,Senti0.21-0.40,Senti0.41-0.60,Senti0.61-0.80,Senti0.81-1.00,SentiTotal
1.3338489450163526E-4,0.9189431695359013,0.21107265877406048,0.24778111017690513,14.0,3.0,2.0,1.0,1.0,1.0584715183005582E-24