SentiMin,SentiMax,SentiAvg,SentiStdev,Senti0-0.20,Senti0.21-0.40,Senti0.41-0.60,Senti0.61-0.80,Senti0.81-1.00,SentiTotal
0.31820487300311295,0.6692523740139801,0.43169005617531125,0.1153655542182204,0.0,4.0,2.0,1.0,0.0,0.1273858710155318