TraitMin,TraitMax,TraitAvg,TraitStdev,TraitTotal
228.57142857142858,1000.0,530.748299319728,305.14886754920167,361.7391304347826
