SentiMin,SentiMax,SentiAvg,SentiStdev,Senti0-0.20,Senti0.21-0.40,Senti0.41-0.60,Senti0.61-0.80,Senti0.81-1.00,SentiTotal
0.001275752482628445,0.39697510199130176,0.20755131026660464,0.1570854005371726,4.0,3.0,0.0,0.0,0.0,2.875626417662922E-8