TraitMin,TraitMax,TraitAvg,TraitStdev,TraitTotal
204.0,1040.0,394.1626984126985,245.25006170398822,307.0967741935484
