TraitMin,TraitMax,TraitAvg,TraitStdev,TraitTotal
200.0,1000.0,359.98874458874457,166.2880332226769,317.85714285714283
