SentiMin,SentiMax,SentiAvg,SentiStdev,Senti0-0.20,Senti0.21-0.40,Senti0.41-0.60,Senti0.61-0.80,Senti0.81-1.00,SentiTotal
9.142756341386001E-4,0.49494544993446765,0.1761554175619292,0.18593518749662769,6.0,1.0,2.0,0.0,0.0,1.0622790952208054E-10