TimeMin,TimeMax,TimeAvg,TimeStdev,TimeTotal
720.0,2720.0,1586.6666666666667,548.0470377217229,19040.0
