TimeMin,TimeMax,TimeAvg,TimeStdev,TimeTotal
920.0,2880.0,1355.2941176470588,489.87534605374896,23040.0
