TimeMin,TimeMax,TimeAvg,TimeStdev,TimeTotal
480.0,1760.0,1188.5714285714287,396.96810132476355,8320.0
