SentiMin,SentiMax,SentiAvg,SentiStdev,Senti0-0.20,Senti0.21-0.40,Senti0.41-0.60,Senti0.61-0.80,Senti0.81-1.00,SentiTotal
1.0721538024521275E-4,0.49789225920557484,0.1258532495689011,0.14235502601673453,15.0,4.0,1.0,0.0,0.0,2.972393075526765E-26