TimeMin,TimeMax,TimeAvg,TimeStdev,TimeTotal
920.0,1680.0,1148.5714285714287,235.8830564634319,8040.0
