TimeMin,TimeMax,TimeAvg,TimeStdev,TimeTotal
560.0,2280.0,1262.2222222222222,483.5465685439379,22720.0
