TimeMin,TimeMax,TimeAvg,TimeStdev,TimeTotal
800.0,3320.0,1774.5454545454545,735.9392716591826,39040.0
