SentiMin,SentiMax,SentiAvg,SentiStdev,Senti0-0.20,Senti0.21-0.40,Senti0.41-0.60,Senti0.61-0.80,Senti0.81-1.00,SentiTotal
0.0020347953872597267,0.39697510199130176,0.18429767477698641,0.12932787905045945,7.0,8.0,0.0,0.0,0.0,2.6935184433641458E-15