TimeMin,TimeMax,TimeAvg,TimeStdev,TimeTotal
1000.0,4440.0,2196.190476190476,1020.1702761256325,46120.0
