TraitMin,TraitMax,TraitAvg,TraitStdev,TraitTotal
177.77777777777777,960.0,465.517006802721,252.99907169399262,350.8196721311475
