TraitMin,TraitMax,TraitAvg,TraitStdev,TraitTotal
223.33333333333334,1320.0,530.1414141414141,314.3559993599048,375.38461538461536
