SentiMin,SentiMax,SentiAvg,SentiStdev,Senti0-0.20,Senti0.21-0.40,Senti0.41-0.60,Senti0.61-0.80,Senti0.81-1.00,SentiTotal
0.005679646745024004,0.78291140448387,0.29429544438932875,0.20924323130568195,7.0,6.0,3.0,1.0,0.0,2.0074831694602658E-10