SentiMin,SentiMax,SentiAvg,SentiStdev,Senti0-0.20,Senti0.21-0.40,Senti0.41-0.60,Senti0.61-0.80,Senti0.81-1.00,SentiTotal
2.028852185840984E-4,0.43796879524747484,0.23803844834301413,0.14717966464729718,8.0,8.0,2.0,0.0,0.0,1.0041433752370712E-15