TimeMin,TimeMax,TimeAvg,TimeStdev,TimeTotal
560.0,2440.0,1330.6666666666667,511.0964249097772,19960.0
