TraitMin,TraitMax,TraitAvg,TraitStdev,TraitTotal
493.3333333333333,600.0,546.6666666666666,53.33333333333334,536.0
