TraitMin,TraitMax,TraitAvg,TraitStdev,TraitTotal
140.0,1080.0,395.20634920634916,228.41368013290466,331.7985611510791
