TimeMin,TimeMax,TimeAvg,TimeStdev,TimeTotal
960.0,2720.0,1528.5714285714287,524.85177693812,21400.0
