TraitMin,TraitMax,TraitAvg,TraitStdev,TraitTotal
160.0,1000.0,462.0444444444445,303.1433804914804,302.42424242424244
