TraitMin,TraitMax,TraitAvg,TraitStdev,TraitTotal
230.0,1320.0,678.3921568627452,332.6727618462818,470.2040816326531
