SentiMin,SentiMax,SentiAvg,SentiStdev,Senti0-0.20,Senti0.21-0.40,Senti0.41-0.60,Senti0.61-0.80,Senti0.81-1.00,SentiTotal
1.1345741890249484E-8,0.49789225920557484,0.28236562248901886,0.1910640387166682,7.0,6.0,6.0,0.0,0.0,3.2063140743294477E-19