TraitMin,TraitMax,TraitAvg,TraitStdev,TraitTotal
140.0,880.0,468.88888888888886,200.6901671977891,383.7037037037037
