SentiMin,SentiMax,SentiAvg,SentiStdev,Senti0-0.20,Senti0.21-0.40,Senti0.41-0.60,Senti0.61-0.80,Senti0.81-1.00,SentiTotal
8.848704169722048E-4,0.6323720940364075,0.40116001639698184,0.21021334102552183,2.0,2.0,4.0,2.0,0.0,3.150602301545368E-5