TraitMin,TraitMax,TraitAvg,TraitStdev,TraitTotal
240.0,1360.0,532.0,325.8465896706608,425.45454545454544
