TimeMin,TimeMax,TimeAvg,TimeStdev,TimeTotal
560.0,2520.0,1058.9473684210527,418.7939417553334,20120.0
