SentiMin,SentiMax,SentiAvg,SentiStdev,Senti0-0.20,Senti0.21-0.40,Senti0.41-0.60,Senti0.61-0.80,Senti0.81-1.00,SentiTotal
0.004801804793459924,0.49789225920557484,0.23023408758407551,0.15523094191135348,7.0,9.0,2.0,0.0,0.0,1.601085282300295E-14