TraitMin,TraitMax,TraitAvg,TraitStdev,TraitTotal
166.66666666666666,1160.0,611.2121212121212,320.9935505646994,352.0
