TraitMin,TraitMax,TraitAvg,TraitStdev,TraitTotal
160.0,880.0,449.561403508772,191.0021601369407,359.2857142857143
