SentiMin,SentiMax,SentiAvg,SentiStdev,Senti0-0.20,Senti0.21-0.40,Senti0.41-0.60,Senti0.61-0.80,Senti0.81-1.00,SentiTotal
0.045933652503778226,0.5136446707795853,0.30444290557464687,0.1359615022897757,4.0,5.0,3.0,0.0,0.0,1.0464869549346407E-5