TraitMin,TraitMax,TraitAvg,TraitStdev,TraitTotal
147.69230769230768,1160.0,435.01137459032196,247.06257576709635,312.94117647058823
