TraitMin,TraitMax,TraitAvg,TraitStdev,TraitTotal
235.0,800.0,446.7575757575758,149.62674711664658,396.1904761904762
