SentiMin,SentiMax,SentiAvg,SentiStdev,Senti0-0.20,Senti0.21-0.40,Senti0.41-0.60,Senti0.61-0.80,Senti0.81-1.00,SentiTotal
0.003329992099968801,0.43796879524747484,0.21216412712380534,0.12906263167708762,6.0,7.0,1.0,0.0,0.0,5.915113087304295E-11