TimeMin,TimeMax,TimeAvg,TimeStdev,TimeTotal
480.0,2680.0,1142.857142857143,547.7672677258442,16000.0
