TraitMin,TraitMax,TraitAvg,TraitStdev,TraitTotal
280.0,1080.0,565.8333333333334,255.54815810549508,460.95238095238096
