TimeMin,TimeMax,TimeAvg,TimeStdev,TimeTotal
800.0,2600.0,1252.3076923076924,459.132188878002,16280.0
