SentiMin,SentiMax,SentiAvg,SentiStdev,Senti0-0.20,Senti0.21-0.40,Senti0.41-0.60,Senti0.61-0.80,Senti0.81-1.00,SentiTotal
0.11379807613348533,0.39697510199130176,0.2778164819585251,0.12033821127356568,2.0,4.0,0.0,0.0,0.0,0.001767083110805723