TimeMin,TimeMax,TimeAvg,TimeStdev,TimeTotal
640.0,1160.0,897.7777777777778,169.82198377371378,8080.0
