SentiMin,SentiMax,SentiAvg,SentiStdev,Senti0-0.20,Senti0.21-0.40,Senti0.41-0.60,Senti0.61-0.80,Senti0.81-1.00,SentiTotal
6.352422693926586E-4,0.5653291195595797,0.35534671591555844,0.1702137590553737,1.0,3.0,4.0,0.0,0.0,3.88979821074466E-5