SentiMin,SentiMax,SentiAvg,SentiStdev,Senti0-0.20,Senti0.21-0.40,Senti0.41-0.60,Senti0.61-0.80,Senti0.81-1.00,SentiTotal
0.07534043430421747,0.39697510199130176,0.2349615584575574,0.11837839009360988,4.0,5.0,0.0,0.0,0.0,7.061363114060746E-6