TimeMin,TimeMax,TimeAvg,TimeStdev,TimeTotal
560.0,1120.0,793.3333333333334,197.8776277287444,4760.0
