SentiMin,SentiMax,SentiAvg,SentiStdev,Senti0-0.20,Senti0.21-0.40,Senti0.41-0.60,Senti0.61-0.80,Senti0.81-1.00,SentiTotal
9.871085650226596E-5,0.46440103586076703,0.22902448898307295,0.15478944170919165,4.0,2.0,1.0,0.0,0.0,1.1127027378655735E-7