TraitMin,TraitMax,TraitAvg,TraitStdev,TraitTotal
248.88888888888889,528.0,353.91718398560505,82.39916104199887,361.8181818181818
