TraitMin,TraitMax,TraitAvg,TraitStdev,TraitTotal
245.71428571428572,544.0,408.0761904761905,111.48189851336907,415.48387096774195
