TraitMin,TraitMax,TraitAvg,TraitStdev,TraitTotal
170.0,600.0,361.90476190476187,134.39880411950412,300.74074074074076
