SentiMin,SentiMax,SentiAvg,SentiStdev,Senti0-0.20,Senti0.21-0.40,Senti0.41-0.60,Senti0.61-0.80,Senti0.81-1.00,SentiTotal
0.023714254631148592,0.8364011578020132,0.2101735185365575,0.3142409726458486,4.0,0.0,0.0,0.0,1.0,3.020748813738176E-5