SentiMin,SentiMax,SentiAvg,SentiStdev,Senti0-0.20,Senti0.21-0.40,Senti0.41-0.60,Senti0.61-0.80,Senti0.81-1.00,SentiTotal
2.0964774683512966E-4,0.8364572413188984,0.10986652933336911,0.24536392189155914,9.0,0.0,0.0,0.0,1.0,6.757684833917312E-20