SentiMin,SentiMax,SentiAvg,SentiStdev,Senti0-0.20,Senti0.21-0.40,Senti0.41-0.60,Senti0.61-0.80,Senti0.81-1.00,SentiTotal
0.003543294881112346,0.9627787636943252,0.32525013427045696,0.25677408037780985,3.0,5.0,2.0,0.0,1.0,3.505259610916967E-6