TraitMin,TraitMax,TraitAvg,TraitStdev,TraitTotal
193.33333333333334,720.0,352.22222222222223,143.20838653971575,299.25925925925924
