SentiMin,SentiMax,SentiAvg,SentiStdev,Senti0-0.20,Senti0.21-0.40,Senti0.41-0.60,Senti0.61-0.80,Senti0.81-1.00,SentiTotal
8.231264231472622E-5,0.5628056929000496,0.23386925387793842,0.20197995899442112,6.0,4.0,3.0,0.0,0.0,1.382555231705561E-15