TimeMin,TimeMax,TimeAvg,TimeStdev,TimeTotal
680.0,2880.0,1775.2380952380952,555.6944950978786,37280.0
