TraitMin,TraitMax,TraitAvg,TraitStdev,TraitTotal
166.66666666666666,620.0,422.9166666666667,193.4998385012246,326.6666666666667
