SentiMin,SentiMax,SentiAvg,SentiStdev,Senti0-0.20,Senti0.21-0.40,Senti0.41-0.60,Senti0.61-0.80,Senti0.81-1.00,SentiTotal
3.655446331635997E-5,0.6109129199279494,0.20186967586542492,0.17901169771881428,11.0,6.0,1.0,1.0,0.0,6.041493616032325E-20