TraitMin,TraitMax,TraitAvg,TraitStdev,TraitTotal
262.85714285714283,460.0,369.4718614718614,64.41223866002663,370.4347826086956
