TimeMin,TimeMax,TimeAvg,TimeStdev,TimeTotal
1160.0,3240.0,1777.7777777777778,651.5925410148376,16000.0
