TimeMin,TimeMax,TimeAvg,TimeStdev,TimeTotal
720.0,2760.0,1521.8181818181818,590.5285487951863,33480.0
