TimeMin,TimeMax,TimeAvg,TimeStdev,TimeTotal
880.0,2760.0,1705.8823529411766,554.5857895076969,29000.0
