SentiMin,SentiMax,SentiAvg,SentiStdev,Senti0-0.20,Senti0.21-0.40,Senti0.41-0.60,Senti0.61-0.80,Senti0.81-1.00,SentiTotal
1.0612052242715123E-4,0.3598952813824511,0.10936750376617327,0.11380354110209855,15.0,4.0,0.0,0.0,0.0,1.7439311074215812E-28