TimeMin,TimeMax,TimeAvg,TimeStdev,TimeTotal
640.0,3120.0,1750.4761904761904,771.2851130571514,36760.0
