SentiMin,SentiMax,SentiAvg,SentiStdev,Senti0-0.20,Senti0.21-0.40,Senti0.41-0.60,Senti0.61-0.80,Senti0.81-1.00,SentiTotal
3.8260010508026196E-4,0.6155765545157244,0.20692760041767105,0.22474733294153462,14.0,2.0,5.0,2.0,0.0,7.864780573314071E-28