TraitMin,TraitMax,TraitAvg,TraitStdev,TraitTotal
160.0,1720.0,561.1706349206349,354.99932964123946,435.17241379310343
