TimeMin,TimeMax,TimeAvg,TimeStdev,TimeTotal
280.0,3560.0,1415.3846153846155,822.5346883928164,18400.0
