TraitMin,TraitMax,TraitAvg,TraitStdev,TraitTotal
253.33333333333334,840.0,480.8095238095238,158.05809230854865,425.8333333333333
