SentiMin,SentiMax,SentiAvg,SentiStdev,Senti0-0.20,Senti0.21-0.40,Senti0.41-0.60,Senti0.61-0.80,Senti0.81-1.00,SentiTotal
0.03014399854697671,0.5318834537628724,0.2999756965479071,0.16230016948243045,6.0,5.0,5.0,0.0,0.0,4.077832507836287E-8