TimeMin,TimeMax,TimeAvg,TimeStdev,TimeTotal
320.0,2240.0,1549.090909090909,538.3046542864424,17040.0
