TraitMin,TraitMax,TraitAvg,TraitStdev,TraitTotal
192.0,880.0,407.1185807656396,176.34003167357812,341.1764705882353
