SentiMin,SentiMax,SentiAvg,SentiStdev,Senti0-0.20,Senti0.21-0.40,Senti0.41-0.60,Senti0.61-0.80,Senti0.81-1.00,SentiTotal
0.0012695311815450279,0.22949407482612988,0.07883765226091997,0.08950918757339206,3.0,1.0,0.0,0.0,0.0,6.172752935508548E-7