SentiMin,SentiMax,SentiAvg,SentiStdev,Senti0-0.20,Senti0.21-0.40,Senti0.41-0.60,Senti0.61-0.80,Senti0.81-1.00,SentiTotal
0.008290086910617259,0.39697510199130176,0.14033536717924733,0.16057599433024788,6.0,3.0,0.0,0.0,0.0,3.431730076413897E-11