TimeMin,TimeMax,TimeAvg,TimeStdev,TimeTotal
880.0,3480.0,1949.4736842105262,719.6305608048627,37040.0
