TraitMin,TraitMax,TraitAvg,TraitStdev,TraitTotal
255.0,1760.0,463.875283446712,328.3176309476852,348.41121495327104
