TraitMin,TraitMax,TraitAvg,TraitStdev,TraitTotal
210.0,800.0,429.7792207792208,165.60768922255392,363.9130434782609
