TraitMin,TraitMax,TraitAvg,TraitStdev,TraitTotal
176.0,540.0,340.97113997114,107.25044622958431,306.11570247933884
