SentiMin,SentiMax,SentiAvg,SentiStdev,Senti0-0.20,Senti0.21-0.40,Senti0.41-0.60,Senti0.61-0.80,Senti0.81-1.00,SentiTotal
0.002723088849432589,0.7315028336308479,0.3430923173971125,0.22284470359317732,3.0,3.0,4.0,1.0,0.0,3.712522019555506E-6