TraitMin,TraitMax,TraitAvg,TraitStdev,TraitTotal
240.0,1000.0,425.29181929181925,220.27314913488365,353.84615384615387
