SentiMin,SentiMax,SentiAvg,SentiStdev,Senti0-0.20,Senti0.21-0.40,Senti0.41-0.60,Senti0.61-0.80,Senti0.81-1.00,SentiTotal
1.017490678569973E-4,0.5423076806095435,0.20473998776766378,0.17190251905516898,11.0,7.0,3.0,0.0,0.0,2.346327556169581E-22