SentiMin,SentiMax,SentiAvg,SentiStdev,Senti0-0.20,Senti0.21-0.40,Senti0.41-0.60,Senti0.61-0.80,Senti0.81-1.00,SentiTotal
0.006056006252577086,0.8155472945269139,0.21526761879976597,0.22471174017879386,7.0,4.0,1.0,0.0,1.0,2.3243884800026707E-12