SentiMin,SentiMax,SentiAvg,SentiStdev,Senti0-0.20,Senti0.21-0.40,Senti0.41-0.60,Senti0.61-0.80,Senti0.81-1.00,SentiTotal
8.977441142840809E-4,0.9611958417475951,0.1941493792948444,0.249601411748053,12.0,1.0,3.0,0.0,1.0,1.2139093449087432E-18