TimeMin,TimeMax,TimeAvg,TimeStdev,TimeTotal
640.0,3240.0,1648.421052631579,622.6028822857078,31320.0
