TraitMin,TraitMax,TraitAvg,TraitStdev,TraitTotal
200.0,680.0,385.91774891774895,159.50181678328062,324.61538461538464
