SentiMin,SentiMax,SentiAvg,SentiStdev,Senti0-0.20,Senti0.21-0.40,Senti0.41-0.60,Senti0.61-0.80,Senti0.81-1.00,SentiTotal
0.0035429352393953634,0.5639763231122827,0.32593643864427574,0.17227195614023294,4.0,4.0,6.0,0.0,0.0,3.0418581626171184E-7