TimeMin,TimeMax,TimeAvg,TimeStdev,TimeTotal
560.0,2640.0,1534.5454545454545,694.973689971114,16880.0
