SentiMin,SentiMax,SentiAvg,SentiStdev,Senti0-0.20,Senti0.21-0.40,Senti0.41-0.60,Senti0.61-0.80,Senti0.81-1.00,SentiTotal
0.021071981228830815,0.5318158663374736,0.1880599844377347,0.1554183423561962,7.0,3.0,1.0,0.0,0.0,1.1557854487134432E-10