TimeMin,TimeMax,TimeAvg,TimeStdev,TimeTotal
680.0,2960.0,1872.7272727272727,841.6119912416011,20600.0
