TraitMin,TraitMax,TraitAvg,TraitStdev,TraitTotal
184.0,1120.0,409.34848484848493,246.31799852488732,311.4754098360656
