TraitMin,TraitMax,TraitAvg,TraitStdev,TraitTotal
194.28571428571428,666.6666666666666,371.6402116402116,168.55296052311212,322.42424242424244
