SentiMin,SentiMax,SentiAvg,SentiStdev,Senti0-0.20,Senti0.21-0.40,Senti0.41-0.60,Senti0.61-0.80,Senti0.81-1.00,SentiTotal
0.001630869384398825,0.9462894242808901,0.19900716969748009,0.283308528595653,6.0,2.0,0.0,0.0,1.0,9.884262782350947E-11