SentiMin,SentiMax,SentiAvg,SentiStdev,Senti0-0.20,Senti0.21-0.40,Senti0.41-0.60,Senti0.61-0.80,Senti0.81-1.00,SentiTotal
4.62627247456847E-4,0.9611958417475951,0.30131905233126377,0.31002211068401575,4.0,5.0,1.0,0.0,2.0,4.60328984262352E-11