TimeMin,TimeMax,TimeAvg,TimeStdev,TimeTotal
1240.0,2800.0,1777.7777777777778,486.2961552565308,16000.0
