SentiMin,SentiMax,SentiAvg,SentiStdev,Senti0-0.20,Senti0.21-0.40,Senti0.41-0.60,Senti0.61-0.80,Senti0.81-1.00,SentiTotal
0.007286896423283631,0.37980207379770065,0.15328439366435914,0.14249872928097781,3.0,3.0,0.0,0.0,0.0,2.7693211959075957E-7