TraitMin,TraitMax,TraitAvg,TraitStdev,TraitTotal
300.0,600.0,466.66666666666663,103.8802729641731,482.85714285714283
