SentiMin,SentiMax,SentiAvg,SentiStdev,Senti0-0.20,Senti0.21-0.40,Senti0.41-0.60,Senti0.61-0.80,Senti0.81-1.00,SentiTotal
0.009297204069690737,0.48439634580644964,0.16610947178842556,0.1344699933171914,6.0,4.0,1.0,0.0,0.0,1.1498904545802617E-10