TraitMin,TraitMax,TraitAvg,TraitStdev,TraitTotal
120.0,1520.0,441.0920634920636,315.2110667505169,363.2432432432432
