SentiMin,SentiMax,SentiAvg,SentiStdev,Senti0-0.20,Senti0.21-0.40,Senti0.41-0.60,Senti0.61-0.80,Senti0.81-1.00,SentiTotal
0.1054937006837805,0.3117878677229425,0.2143925294858843,0.06622592698708685,2.0,3.0,0.0,0.0,0.0,0.0011940933028251736