TimeMin,TimeMax,TimeAvg,TimeStdev,TimeTotal
600.0,2400.0,1583.3333333333333,630.6522197076787,19000.0
