TraitMin,TraitMax,TraitAvg,TraitStdev,TraitTotal
328.8888888888889,1080.0,624.5137085137085,266.7836741917699,479.06976744186045
