TimeMin,TimeMax,TimeAvg,TimeStdev,TimeTotal
880.0,2960.0,1773.3333333333333,748.2126851519039,10640.0
