SentiMin,SentiMax,SentiAvg,SentiStdev,Senti0-0.20,Senti0.21-0.40,Senti0.41-0.60,Senti0.61-0.80,Senti0.81-1.00,SentiTotal
2.881536752113408E-4,0.5159436667231726,0.2237291301880323,0.18514397324718973,6.0,3.0,3.0,0.0,0.0,2.563930473250431E-12