SentiMin,SentiMax,SentiAvg,SentiStdev,Senti0-0.20,Senti0.21-0.40,Senti0.41-0.60,Senti0.61-0.80,Senti0.81-1.00,SentiTotal
0.01130538450753684,0.5253625566022648,0.2450622977854878,0.1409104858488487,5.0,8.0,2.0,0.0,0.0,1.2083698337057688E-9