SentiMin,SentiMax,SentiAvg,SentiStdev,Senti0-0.20,Senti0.21-0.40,Senti0.41-0.60,Senti0.61-0.80,Senti0.81-1.00,SentiTotal
0.10418434420997422,0.551077815994506,0.2944880693942543,0.1552328581668336,1.0,3.0,1.0,0.0,0.0,0.007046284065171321