TraitMin,TraitMax,TraitAvg,TraitStdev,TraitTotal
380.0,800.0,570.6666666666667,175.8079760546843,483.6363636363636
