TraitMin,TraitMax,TraitAvg,TraitStdev,TraitTotal
168.88888888888889,880.0,558.343253968254,240.23625805369593,397.57575757575756
