TraitMin,TraitMax,TraitAvg,TraitStdev,TraitTotal
152.0,1460.0,554.8333333333334,394.75122264253696,381.6216216216216
