TraitMin,TraitMax,TraitAvg,TraitStdev,TraitTotal
244.44444444444446,920.0,632.4074074074074,242.01181539930428,420.0
