SentiMin,SentiMax,SentiAvg,SentiStdev,Senti0-0.20,Senti0.21-0.40,Senti0.41-0.60,Senti0.61-0.80,Senti0.81-1.00,SentiTotal
1.10030873813469E-5,0.5908618181140313,0.2524408219614356,0.2369245465299667,4.0,2.0,3.0,0.0,0.0,6.054954806954449E-14