TimeMin,TimeMax,TimeAvg,TimeStdev,TimeTotal
760.0,3200.0,1528.888888888889,790.5616069105479,13760.0
