TimeMin,TimeMax,TimeAvg,TimeStdev,TimeTotal
840.0,3640.0,2111.4285714285716,922.2554429445328,29560.0
