SentiMin,SentiMax,SentiAvg,SentiStdev,Senti0-0.20,Senti0.21-0.40,Senti0.41-0.60,Senti0.61-0.80,Senti0.81-1.00,SentiTotal
4.911046975790956E-5,0.49789225920557484,0.08412978369281525,0.1334644738525106,12.0,1.0,1.0,0.0,0.0,4.089655685636174E-27