TimeMin,TimeMax,TimeAvg,TimeStdev,TimeTotal
640.0,4040.0,1476.6666666666667,949.0287432715385,17720.0
