SentiMin,SentiMax,SentiAvg,SentiStdev,Senti0-0.20,Senti0.21-0.40,Senti0.41-0.60,Senti0.61-0.80,Senti0.81-1.00,SentiTotal
1.3500973556788553E-4,0.6606036797160755,0.32146888037667304,0.2195277889169288,5.0,2.0,4.0,1.0,0.0,5.13053612200791E-9