TraitMin,TraitMax,TraitAvg,TraitStdev,TraitTotal
280.0,720.0,472.0,160.79800993793424,428.8888888888889
