TraitMin,TraitMax,TraitAvg,TraitStdev,TraitTotal
180.0,840.0,329.72613101184527,178.09088626337865,268.72727272727275
