TraitMin,TraitMax,TraitAvg,TraitStdev,TraitTotal
277.5,760.0,454.53703703703707,180.98969648351854,354.87179487179486
