TraitMin,TraitMax,TraitAvg,TraitStdev,TraitTotal
142.85714285714286,460.0,285.97178130511463,110.12398238691773,222.7450980392157
