SentiMin,SentiMax,SentiAvg,SentiStdev,Senti0-0.20,Senti0.21-0.40,Senti0.41-0.60,Senti0.61-0.80,Senti0.81-1.00,SentiTotal
1.3623782785613056E-4,0.7440786448968312,0.2776630014267652,0.25900104537315893,3.0,2.0,2.0,1.0,0.0,5.715503986481807E-11