TraitMin,TraitMax,TraitAvg,TraitStdev,TraitTotal
230.0,1080.0,445.9082892416226,284.23544162495944,344.0
