TraitMin,TraitMax,TraitAvg,TraitStdev,TraitTotal
264.0,800.0,509.0769230769231,229.1666404877159,346.3157894736842
