SentiMin,SentiMax,SentiAvg,SentiStdev,Senti0-0.20,Senti0.21-0.40,Senti0.41-0.60,Senti0.61-0.80,Senti0.81-1.00,SentiTotal
1.1391385659750157E-4,0.5755436691302463,0.2226592093119558,0.1967236842113129,4.0,3.0,2.0,0.0,0.0,5.206850560817962E-10