TraitMin,TraitMax,TraitAvg,TraitStdev,TraitTotal
300.0,1240.0,554.5833333333333,303.2506183011009,471.1111111111111
