TimeMin,TimeMax,TimeAvg,TimeStdev,TimeTotal
440.0,2120.0,1262.2222222222222,487.0267566863191,11360.0
