SentiMin,SentiMax,SentiAvg,SentiStdev,Senti0-0.20,Senti0.21-0.40,Senti0.41-0.60,Senti0.61-0.80,Senti0.81-1.00,SentiTotal
0.011091008517036776,0.49789225920557484,0.2922740503320607,0.1562231387554844,1.0,4.0,1.0,0.0,0.0,9.856052654885893E-4