SentiMin,SentiMax,SentiAvg,SentiStdev,Senti0-0.20,Senti0.21-0.40,Senti0.41-0.60,Senti0.61-0.80,Senti0.81-1.00,SentiTotal
6.597857794820658E-5,0.8582542138454083,0.2086341314819563,0.2570799207690935,4.0,4.0,0.0,0.0,1.0,9.568467529344449E-13