SentiMin,SentiMax,SentiAvg,SentiStdev,Senti0-0.20,Senti0.21-0.40,Senti0.41-0.60,Senti0.61-0.80,Senti0.81-1.00,SentiTotal
4.379812092281082E-4,0.36788489173863803,0.11141924458693049,0.14280203895176335,6.0,2.0,0.0,0.0,0.0,3.528718521406084E-14