TraitMin,TraitMax,TraitAvg,TraitStdev,TraitTotal
256.0,660.0,373.84523809523813,128.9620076020915,333.6363636363636
