TraitMin,TraitMax,TraitAvg,TraitStdev,TraitTotal
280.0,880.0,586.7171717171717,226.37241992523258,421.9047619047619
