TimeMin,TimeMax,TimeAvg,TimeStdev,TimeTotal
4480.0,17240.0,12346.666666666666,5617.52812384791,37040.0
