TraitMin,TraitMax,TraitAvg,TraitStdev,TraitTotal
285.7142857142857,680.0,401.7671957671958,153.0817677021358,359.06976744186045
