TimeMin,TimeMax,TimeAvg,TimeStdev,TimeTotal
680.0,5400.0,2573.3333333333335,1657.2534172204591,15440.0
