TraitMin,TraitMax,TraitAvg,TraitStdev,TraitTotal
283.6363636363636,480.0,340.24774056353,73.91929802224337,322.14285714285717
