SentiMin,SentiMax,SentiAvg,SentiStdev,Senti0-0.20,Senti0.21-0.40,Senti0.41-0.60,Senti0.61-0.80,Senti0.81-1.00,SentiTotal
2.059504625590087E-5,0.30937555866441935,0.06469683717563549,0.1224351668254679,4.0,1.0,0.0,0.0,0.0,1.517508402468589E-14