SentiMin,SentiMax,SentiAvg,SentiStdev,Senti0-0.20,Senti0.21-0.40,Senti0.41-0.60,Senti0.61-0.80,Senti0.81-1.00,SentiTotal
3.4074781402797374E-4,0.3826566267348691,0.07958696208109145,0.15161547915681858,4.0,1.0,0.0,0.0,0.0,1.252088593358375E-12