SentiMin,SentiMax,SentiAvg,SentiStdev,Senti0-0.20,Senti0.21-0.40,Senti0.41-0.60,Senti0.61-0.80,Senti0.81-1.00,SentiTotal
8.60295052377681E-6,0.8730990471637854,0.2802635514820745,0.3108570129952154,3.0,2.0,0.0,0.0,1.0,1.4379535101946913E-8