SentiMin,SentiMax,SentiAvg,SentiStdev,Senti0-0.20,Senti0.21-0.40,Senti0.41-0.60,Senti0.61-0.80,Senti0.81-1.00,SentiTotal
0.016516658569796176,0.6921459309296395,0.38742052409423566,0.23429602980450123,2.0,0.0,4.0,1.0,0.0,0.001846407943023332