SentiMin,SentiMax,SentiAvg,SentiStdev,Senti0-0.20,Senti0.21-0.40,Senti0.41-0.60,Senti0.61-0.80,Senti0.81-1.00,SentiTotal
2.1949067519331852E-4,0.061857712966566974,0.02052820755637688,0.021553854952492207,8.0,0.0,0.0,0.0,0.0,4.435101155641805E-18