TraitMin,TraitMax,TraitAvg,TraitStdev,TraitTotal
152.72727272727272,502.85714285714283,343.59829825347066,125.29171380323058,357.36842105263156
