TraitMin,TraitMax,TraitAvg,TraitStdev,TraitTotal
273.84615384615387,451.42857142857144,350.28571428571433,76.69822238324161,333.8775510204082
