TraitMin,TraitMax,TraitAvg,TraitStdev,TraitTotal
272.0,341.1764705882353,316.39215686274514,31.461051636721038,327.4074074074074
