TraitMin,TraitMax,TraitAvg,TraitStdev,TraitTotal
336.0,1400.0,688.9523809523808,367.7726794694956,646.8965517241379
