TraitMin,TraitMax,TraitAvg,TraitStdev,TraitTotal
253.33333333333334,560.0,365.45098039215685,125.50026307659785,302.3529411764706
