SentiMin,SentiMax,SentiAvg,SentiStdev,Senti0-0.20,Senti0.21-0.40,Senti0.41-0.60,Senti0.61-0.80,Senti0.81-1.00,SentiTotal
0.055637502721112675,0.8851154199723337,0.38304711108309675,0.3067371991149757,3.0,1.0,1.0,1.0,1.0,0.009694805371243268