SentiMin,SentiMax,SentiAvg,SentiStdev,Senti0-0.20,Senti0.21-0.40,Senti0.41-0.60,Senti0.61-0.80,Senti0.81-1.00,SentiTotal
7.858583744794831E-7,0.29030782429550717,0.09904424870360443,0.11856003622702384,3.0,1.0,0.0,0.0,0.0,1.218536886719091E-12