SentiMin,SentiMax,SentiAvg,SentiStdev,Senti0-0.20,Senti0.21-0.40,Senti0.41-0.60,Senti0.61-0.80,Senti0.81-1.00,SentiTotal
7.253095218678589E-7,0.001614357295752916,4.41380627943335E-4,6.799378166553954E-4,4.0,0.0,0.0,0.0,0.0,1.521809328236095E-19