SentiMin,SentiMax,SentiAvg,SentiStdev,Senti0-0.20,Senti0.21-0.40,Senti0.41-0.60,Senti0.61-0.80,Senti0.81-1.00,SentiTotal
0.0029918019091782874,0.367640027043293,0.12567394153233705,0.17110148418075788,2.0,1.0,0.0,0.0,0.0,1.1410252595817202E-5