SentiMin,SentiMax,SentiAvg,SentiStdev,Senti0-0.20,Senti0.21-0.40,Senti0.41-0.60,Senti0.61-0.80,Senti0.81-1.00,SentiTotal
8.37080072017451E-4,0.2745197359906893,0.11456187085681635,0.10099395684963718,3.0,1.0,0.0,0.0,0.0,4.7052240755793896E-7