TraitMin,TraitMax,TraitAvg,TraitStdev,TraitTotal
224.0,460.0,357.33333333333337,84.34966794843912,367.27272727272725
