SentiMin,SentiMax,SentiAvg,SentiStdev,Senti0-0.20,Senti0.21-0.40,Senti0.41-0.60,Senti0.61-0.80,Senti0.81-1.00,SentiTotal
8.543173003062169E-4,0.29112132088878306,0.10182606023803327,0.11091411195324932,5.0,1.0,0.0,0.0,0.0,6.263645029996113E-11