SentiMin,SentiMax,SentiAvg,SentiStdev,Senti0-0.20,Senti0.21-0.40,Senti0.41-0.60,Senti0.61-0.80,Senti0.81-1.00,SentiTotal
1.423425269328192E-4,0.28476150343825457,0.09505943079133046,0.13413963281536906,2.0,1.0,0.0,0.0,0.0,1.582438086973587E-8