SentiMin,SentiMax,SentiAvg,SentiStdev,Senti0-0.20,Senti0.21-0.40,Senti0.41-0.60,Senti0.61-0.80,Senti0.81-1.00,SentiTotal
7.440139652611909E-4,0.43256573630500944,0.08043747624222337,0.14033443013382146,7.0,0.0,1.0,0.0,0.0,1.2708222899335568E-15