SentiMin,SentiMax,SentiAvg,SentiStdev,Senti0-0.20,Senti0.21-0.40,Senti0.41-0.60,Senti0.61-0.80,Senti0.81-1.00,SentiTotal
0.005113940537928186,0.7616765504435048,0.21982887860909503,0.29488756208972156,3.0,1.0,0.0,1.0,0.0,9.427503701880133E-7