TraitMin,TraitMax,TraitAvg,TraitStdev,TraitTotal
230.0,1456.0,524.2222222222223,467.11669306316986,452.57142857142856
