SentiMin,SentiMax,SentiAvg,SentiStdev,Senti0-0.20,Senti0.21-0.40,Senti0.41-0.60,Senti0.61-0.80,Senti0.81-1.00,SentiTotal
7.428374793020069E-5,0.4898631585877994,0.13619031555820382,0.20533172625470625,3.0,0.0,1.0,0.0,0.0,5.259166805676248E-9