TimeMin,TimeMax,TimeAvg,TimeStdev,TimeTotal
800.0,5880.0,2453.3333333333335,1727.528742324004,14720.0
