SentiMin,SentiMax,SentiAvg,SentiStdev,Senti0-0.20,Senti0.21-0.40,Senti0.41-0.60,Senti0.61-0.80,Senti0.81-1.00,SentiTotal
3.209299505778862E-6,0.12426528614433618,0.02658229278369222,0.04887792430675785,5.0,0.0,0.0,0.0,0.0,4.693661093075891E-15