TraitMin,TraitMax,TraitAvg,TraitStdev,TraitTotal
320.0,1250.0,755.3333333333334,361.1930847129336,576.9230769230769
