TraitMin,TraitMax,TraitAvg,TraitStdev,TraitTotal
226.66666666666666,338.46153846153845,299.6153846153846,43.11105942912916,307.58620689655174
