TraitMin,TraitMax,TraitAvg,TraitStdev,TraitTotal
385.45454545454544,1120.0,653.4935064935065,301.94225214371227,503.030303030303
