TraitMin,TraitMax,TraitAvg,TraitStdev,TraitTotal
200.0,520.0,355.7261904761904,96.76133427489307,359.0243902439024
