TraitMin,TraitMax,TraitAvg,TraitStdev,TraitTotal
306.6666666666667,1160.0,631.6444444444445,261.4986854061332,487.21311475409834
