SentiMin,SentiMax,SentiAvg,SentiStdev,Senti0-0.20,Senti0.21-0.40,Senti0.41-0.60,Senti0.61-0.80,Senti0.81-1.00,SentiTotal
0.19678248123411482,0.5475385610968239,0.3807170706025573,0.11802005370398001,1.0,6.0,6.0,0.0,0.0,0.001202373374776795