TraitMin,TraitMax,TraitAvg,TraitStdev,TraitTotal
280.0,860.0,541.6666666666666,176.35979637598183,488.3720930232558
