TraitMin,TraitMax,TraitAvg,TraitStdev,TraitTotal
331.42857142857144,331.42857142857144,331.42857142857144,0.0,331.42857142857144
