TraitMin,TraitMax,TraitAvg,TraitStdev,TraitTotal
151.0,1160.0,421.1118881118881,240.35419561427278,328.22857142857146
