TimeMin,TimeMax,TimeAvg,TimeStdev,TimeTotal
680.0,3040.0,1468.5714285714287,646.1187102654604,20560.0
