TimeMin,TimeMax,TimeAvg,TimeStdev,TimeTotal
920.0,4200.0,1962.6666666666667,813.6786152338581,29440.0
