TraitMin,TraitMax,TraitAvg,TraitStdev,TraitTotal
240.0,520.0,347.1380471380471,86.60262546669804,324.95238095238096
