TimeMin,TimeMax,TimeAvg,TimeStdev,TimeTotal
760.0,3480.0,1981.3333333333333,884.6985676237731,29720.0
