TraitMin,TraitMax,TraitAvg,TraitStdev,TraitTotal
220.0,1000.0,496.0634920634921,223.89970714847775,398.3098591549296
