SentiMin,SentiMax,SentiAvg,SentiStdev,Senti0-0.20,Senti0.21-0.40,Senti0.41-0.60,Senti0.61-0.80,Senti0.81-1.00,SentiTotal
0.07998931910006098,0.5595793769844684,0.41632401194527613,0.1361600852133256,3.0,2.0,11.0,0.0,0.0,0.0016349601975919842