TraitMin,TraitMax,TraitAvg,TraitStdev,TraitTotal
260.0,1160.0,398.41269841269843,212.0107034382604,346.3529411764706
