TraitMin,TraitMax,TraitAvg,TraitStdev,TraitTotal
280.0,960.0,528.0322802197802,200.59689713898453,439.42857142857144
