TimeMin,TimeMax,TimeAvg,TimeStdev,TimeTotal
800.0,3360.0,1767.3846153846155,717.132488398873,22976.0
