SentiMin,SentiMax,SentiAvg,SentiStdev,Senti0-0.20,Senti0.21-0.40,Senti0.41-0.60,Senti0.61-0.80,Senti0.81-1.00,SentiTotal
0.016023674798493235,0.49789225920557484,0.26559800011114765,0.16075551026102752,3.0,4.0,3.0,0.0,0.0,1.9562328962635584E-7