SentiMin,SentiMax,SentiAvg,SentiStdev,Senti0-0.20,Senti0.21-0.40,Senti0.41-0.60,Senti0.61-0.80,Senti0.81-1.00,SentiTotal
0.18914713331126234,0.5318834537628724,0.43742837713273264,0.1131421765344481,1.0,3.0,10.0,0.0,0.0,0.021682927745807826