SentiMin,SentiMax,SentiAvg,SentiStdev,Senti0-0.20,Senti0.21-0.40,Senti0.41-0.60,Senti0.61-0.80,Senti0.81-1.00,SentiTotal
0.0037507419105864306,0.49789225920557484,0.23236453722954986,0.15436357526848843,5.0,4.0,2.0,0.0,0.0,2.1607122793925347E-8