TraitMin,TraitMax,TraitAvg,TraitStdev,TraitTotal
308.0,1200.0,565.2136752136752,249.2832135037093,453.3333333333333
