TraitMin,TraitMax,TraitAvg,TraitStdev,TraitTotal
261.8181818181818,920.0,502.7107438016529,211.39191764094542,389.2307692307692
