SentiMin,SentiMax,SentiAvg,SentiStdev,Senti0-0.20,Senti0.21-0.40,Senti0.41-0.60,Senti0.61-0.80,Senti0.81-1.00,SentiTotal
0.21599786022639572,0.49789225920557484,0.36458327957177855,0.11047534808852316,0.0,7.0,5.0,0.0,0.0,9.207368865907547E-4