TimeMin,TimeMax,TimeAvg,TimeStdev,TimeTotal
960.0,8440.0,3483.6363636363635,2584.3419163291583,38320.0
