SentiMin,SentiMax,SentiAvg,SentiStdev,Senti0-0.20,Senti0.21-0.40,Senti0.41-0.60,Senti0.61-0.80,Senti0.81-1.00,SentiTotal
8.310426170061992E-4,0.49789225920557484,0.22025962575172853,0.18416640858477212,3.0,4.0,1.0,0.0,0.0,5.181950576654288E-10