TraitMin,TraitMax,TraitAvg,TraitStdev,TraitTotal
280.0,1120.0,739.0,301.0033222408019,598.6206896551724
