TraitMin,TraitMax,TraitAvg,TraitStdev,TraitTotal
210.9090909090909,1040.0,566.4805194805194,208.97429530542496,471.1111111111111
