TimeMin,TimeMax,TimeAvg,TimeStdev,TimeTotal
1680.0,14120.0,5577.142857142857,3764.304960644753,39040.0
