SentiMin,SentiMax,SentiAvg,SentiStdev,Senti0-0.20,Senti0.21-0.40,Senti0.41-0.60,Senti0.61-0.80,Senti0.81-1.00,SentiTotal
3.8224860905405035E-5,0.7442911732379387,0.20745275176583802,0.2721444543180478,5.0,0.0,1.0,1.0,0.0,1.60557041098641E-10