SentiMin,SentiMax,SentiAvg,SentiStdev,Senti0-0.20,Senti0.21-0.40,Senti0.41-0.60,Senti0.61-0.80,Senti0.81-1.00,SentiTotal
0.0034725511443631776,0.49998215830654646,0.3048705151086007,0.18262030728949472,2.0,4.0,2.0,0.0,0.0,1.166353438059671E-5