SentiMin,SentiMax,SentiAvg,SentiStdev,Senti0-0.20,Senti0.21-0.40,Senti0.41-0.60,Senti0.61-0.80,Senti0.81-1.00,SentiTotal
0.03683292537280555,0.5316624617817726,0.24131856351245096,0.17475773864067606,4.0,3.0,2.0,0.0,0.0,2.478575200064794E-6