TraitMin,TraitMax,TraitAvg,TraitStdev,TraitTotal
280.0,5640.0,1147.5357322416146,1836.2397188206544,494.17721518987344
