SentiMin,SentiMax,SentiAvg,SentiStdev,Senti0-0.20,Senti0.21-0.40,Senti0.41-0.60,Senti0.61-0.80,Senti0.81-1.00,SentiTotal
2.3301678280879426E-5,0.18126151052919517,0.09064240610373803,0.09061910442545715,2.0,0.0,0.0,0.0,0.0,5.2025587381566215E-6