SentiMin,SentiMax,SentiAvg,SentiStdev,Senti0-0.20,Senti0.21-0.40,Senti0.41-0.60,Senti0.61-0.80,Senti0.81-1.00,SentiTotal
0.06428533294137594,0.49789225920557484,0.3735067847099148,0.14837217211939116,1.0,2.0,4.0,0.0,0.0,0.010683571044886424