TimeMin,TimeMax,TimeAvg,TimeStdev,TimeTotal
760.0,2120.0,1251.4285714285713,470.72675032271934,8760.0
