TraitMin,TraitMax,TraitAvg,TraitStdev,TraitTotal
240.0,1080.0,472.1111111111111,288.32091602463385,370.0
