SentiMin,SentiMax,SentiAvg,SentiStdev,Senti0-0.20,Senti0.21-0.40,Senti0.41-0.60,Senti0.61-0.80,Senti0.81-1.00,SentiTotal
1.3778775118050857E-5,0.22878709101532677,0.06915951498955814,0.09013266318801788,6.0,2.0,0.0,0.0,0.0,3.1262058610488477E-15