TraitMin,TraitMax,TraitAvg,TraitStdev,TraitTotal
280.0,1000.0,616.6666666666666,308.7609647175843,475.2
