TimeMin,TimeMax,TimeAvg,TimeStdev,TimeTotal
560.0,11240.0,4413.333333333333,4840.532569413778,13240.0
