SentiMin,SentiMax,SentiAvg,SentiStdev,Senti0-0.20,Senti0.21-0.40,Senti0.41-0.60,Senti0.61-0.80,Senti0.81-1.00,SentiTotal
0.0015861670142917241,0.5132625233636264,0.24405303254461508,0.1838381954794056,5.0,4.0,3.0,0.0,0.0,1.6702102487433485E-10