SentiMin,SentiMax,SentiAvg,SentiStdev,Senti0-0.20,Senti0.21-0.40,Senti0.41-0.60,Senti0.61-0.80,Senti0.81-1.00,SentiTotal
0.0025359754106273483,0.49789225920557484,0.16062834246336502,0.17234750888404818,4.0,1.0,1.0,0.0,0.0,1.2822651002461896E-7