TraitMin,TraitMax,TraitAvg,TraitStdev,TraitTotal
240.0,680.0,452.4393384393385,140.2436898339313,485.0632911392405
