TraitMin,TraitMax,TraitAvg,TraitStdev,TraitTotal
272.0,920.0,582.8571428571429,237.2578034672884,438.0
