TimeMin,TimeMax,TimeAvg,TimeStdev,TimeTotal
480.0,3000.0,1766.6666666666667,792.4364678354698,21200.0
