TraitMin,TraitMax,TraitAvg,TraitStdev,TraitTotal
560.0,749.3333333333334,676.4444444444445,83.20493812506,735.5555555555555
