TraitMin,TraitMax,TraitAvg,TraitStdev,TraitTotal
370.0,1057.142857142857,662.1591521223875,204.7897277289123,650.4761904761905
