TimeMin,TimeMax,TimeAvg,TimeStdev,TimeTotal
1000.0,2640.0,1578.1818181818182,589.449946704062,17360.0
