TraitMin,TraitMax,TraitAvg,TraitStdev,TraitTotal
246.66666666666666,580.0,348.7091503267974,96.63263591495162,321.1214953271028
