SentiMin,SentiMax,SentiAvg,SentiStdev,Senti0-0.20,Senti0.21-0.40,Senti0.41-0.60,Senti0.61-0.80,Senti0.81-1.00,SentiTotal
0.0070633339830335155,0.9999946594075984,0.2545430216690379,0.2847683078172672,11.0,4.0,2.0,0.0,2.0,2.2942589072188918E-10