TimeMin,TimeMax,TimeAvg,TimeStdev,TimeTotal
960.0,3560.0,1857.142857142857,914.6070863758819,26000.0
