TraitMin,TraitMax,TraitAvg,TraitStdev,TraitTotal
160.0,1000.0,375.7850403564689,202.34332426981072,302.3255813953488
