TraitMin,TraitMax,TraitAvg,TraitStdev,TraitTotal
253.33333333333334,700.0,374.28571428571433,139.28062668771108,324.0816326530612
