TimeMin,TimeMax,TimeAvg,TimeStdev,TimeTotal
1000.0,3760.0,1886.5454545454545,861.1658444052736,20752.0
