TraitMin,TraitMax,TraitAvg,TraitStdev,TraitTotal
188.57142857142858,1000.0,511.9105339105339,323.14937002452433,347.2
