TimeMin,TimeMax,TimeAvg,TimeStdev,TimeTotal
1000.0,3800.0,2144.6153846153848,933.4189873348193,27880.0
