SentiMin,SentiMax,SentiAvg,SentiStdev,Senti0-0.20,Senti0.21-0.40,Senti0.41-0.60,Senti0.61-0.80,Senti0.81-1.00,SentiTotal
0.0012761700007085537,0.78291140448387,0.24642483952874253,0.2958751006854567,8.0,0.0,3.0,2.0,0.0,3.5312653249885557E-16