SentiMin,SentiMax,SentiAvg,SentiStdev,Senti0-0.20,Senti0.21-0.40,Senti0.41-0.60,Senti0.61-0.80,Senti0.81-1.00,SentiTotal
1.212955674018758E-6,0.9496372501312157,0.2006975995933489,0.28216198831696493,10.0,0.0,3.0,0.0,1.0,6.557888970618361E-22