TraitMin,TraitMax,TraitAvg,TraitStdev,TraitTotal
210.0,1000.0,358.7313872917588,179.5006264161155,296.271186440678
