SentiMin,SentiMax,SentiAvg,SentiStdev,Senti0-0.20,Senti0.21-0.40,Senti0.41-0.60,Senti0.61-0.80,Senti0.81-1.00,SentiTotal
1.2209323433146211E-5,0.7821960788384126,0.2140245237839744,0.2544497254752412,5.0,1.0,0.0,1.0,0.0,5.794752578750316E-11