SentiMin,SentiMax,SentiAvg,SentiStdev,Senti0-0.20,Senti0.21-0.40,Senti0.41-0.60,Senti0.61-0.80,Senti0.81-1.00,SentiTotal
0.0021442034533210898,0.39697510199130176,0.16902059591434823,0.15579948473773989,7.0,4.0,0.0,0.0,0.0,1.2843096187247009E-11