TraitMin,TraitMax,TraitAvg,TraitStdev,TraitTotal
170.0,1120.0,398.30539119000656,292.7806638921529,284.48979591836735
