SentiMin,SentiMax,SentiAvg,SentiStdev,Senti0-0.20,Senti0.21-0.40,Senti0.41-0.60,Senti0.61-0.80,Senti0.81-1.00,SentiTotal
1.4813966710082378E-6,0.5685484233280249,0.16002659587421755,0.21052957686297524,8.0,2.0,3.0,0.0,0.0,3.357960993563349E-27