SentiMin,SentiMax,SentiAvg,SentiStdev,Senti0-0.20,Senti0.21-0.40,Senti0.41-0.60,Senti0.61-0.80,Senti0.81-1.00,SentiTotal
0.0012838211505781713,0.8631257375058934,0.1775045760094846,0.2110810397686697,12.0,3.0,1.0,0.0,1.0,1.1935327468361728E-18