TraitMin,TraitMax,TraitAvg,TraitStdev,TraitTotal
250.0,1160.0,531.7199527744982,333.8231317170461,351.728813559322
