SentiMin,SentiMax,SentiAvg,SentiStdev,Senti0-0.20,Senti0.21-0.40,Senti0.41-0.60,Senti0.61-0.80,Senti0.81-1.00,SentiTotal
7.458931859197776E-5,0.949161778809953,0.2695798198167963,0.28278412340528764,6.0,2.0,2.0,0.0,1.0,4.5004661935528525E-12