SentiMin,SentiMax,SentiAvg,SentiStdev,Senti0-0.20,Senti0.21-0.40,Senti0.41-0.60,Senti0.61-0.80,Senti0.81-1.00,SentiTotal
0.0016138687374292523,0.39697510199130176,0.12880341090563757,0.1406992940576902,11.0,3.0,0.0,0.0,0.0,4.696676518210668E-19