SentiMin,SentiMax,SentiAvg,SentiStdev,Senti0-0.20,Senti0.21-0.40,Senti0.41-0.60,Senti0.61-0.80,Senti0.81-1.00,SentiTotal
0.002005544777069596,0.7561600888703194,0.27769014060555003,0.24679962896329916,3.0,3.0,0.0,1.0,0.0,1.8914566337581127E-7