TraitMin,TraitMax,TraitAvg,TraitStdev,TraitTotal
184.6153846153846,1200.0,458.07153032153036,326.48725214429993,329.87654320987656
