TimeMin,TimeMax,TimeAvg,TimeStdev,TimeTotal
1000.0,6160.0,1881.904761904762,1253.9295151741758,39520.0
