TimeMin,TimeMax,TimeAvg,TimeStdev,TimeTotal
1000.0,2240.0,1485.7142857142858,394.492699293559,10400.0
