TraitMin,TraitMax,TraitAvg,TraitStdev,TraitTotal
155.55555555555554,1000.0,396.7089947089948,188.0977846068477,343.6521739130435
