TimeMin,TimeMax,TimeAvg,TimeStdev,TimeTotal
1000.0,4200.0,2021.1764705882354,909.5692733243459,34360.0
