TimeMin,TimeMax,TimeAvg,TimeStdev,TimeTotal
1000.0,4080.0,2226.6666666666665,863.8415492567038,26720.0
