TraitMin,TraitMax,TraitAvg,TraitStdev,TraitTotal
230.76923076923077,1640.0,431.8967784352399,363.92390567071106,309.7560975609756
