SentiMin,SentiMax,SentiAvg,SentiStdev,Senti0-0.20,Senti0.21-0.40,Senti0.41-0.60,Senti0.61-0.80,Senti0.81-1.00,SentiTotal
1.1764415433074328E-4,0.49789225920557484,0.1935738262226944,0.16515158035056995,6.0,4.0,2.0,0.0,0.0,1.1767471631565703E-13