TraitMin,TraitMax,TraitAvg,TraitStdev,TraitTotal
176.0,1280.0,602.8435374149659,335.6127348838058,368.16326530612247
