TraitMin,TraitMax,TraitAvg,TraitStdev,TraitTotal
160.0,840.0,381.6444444444444,183.53045833267694,330.4109589041096
