SentiMin,SentiMax,SentiAvg,SentiStdev,Senti0-0.20,Senti0.21-0.40,Senti0.41-0.60,Senti0.61-0.80,Senti0.81-1.00,SentiTotal
1.6384413257197677E-6,0.78291140448387,0.3458640661284978,0.25286788549149214,4.0,2.0,7.0,1.0,0.0,3.706247625511687E-13