SentiMin,SentiMax,SentiAvg,SentiStdev,Senti0-0.20,Senti0.21-0.40,Senti0.41-0.60,Senti0.61-0.80,Senti0.81-1.00,SentiTotal
0.0011906544307607623,0.2983507161789653,0.10080319966645947,0.13968886742517211,2.0,1.0,0.0,0.0,0.0,1.482838147922482E-6