SentiMin,SentiMax,SentiAvg,SentiStdev,Senti0-0.20,Senti0.21-0.40,Senti0.41-0.60,Senti0.61-0.80,Senti0.81-1.00,SentiTotal
9.475664620946459E-7,0.31820487300311295,0.0776301069264238,0.10480889169709304,7.0,1.0,0.0,0.0,0.0,1.3049713930698633E-18