TraitMin,TraitMax,TraitAvg,TraitStdev,TraitTotal
294.54545454545456,440.0,366.44848484848484,59.39300926915484,350.7692307692308
