TimeMin,TimeMax,TimeAvg,TimeStdev,TimeTotal
720.0,2240.0,1090.909090909091,424.0380460086216,12000.0
