TraitMin,TraitMax,TraitAvg,TraitStdev,TraitTotal
146.66666666666666,426.6666666666667,293.66666666666663,89.21336610260833,263.4782608695652
