SentiMin,SentiMax,SentiAvg,SentiStdev,Senti0-0.20,Senti0.21-0.40,Senti0.41-0.60,Senti0.61-0.80,Senti0.81-1.00,SentiTotal
0.0012094410390207548,0.49789225920557484,0.14364477559670139,0.16556789554379742,10.0,3.0,2.0,0.0,0.0,7.743772671772279E-19