TimeMin,TimeMax,TimeAvg,TimeStdev,TimeTotal
640.0,3600.0,1288.5714285714287,719.3931683107959,18040.0
