SentiMin,SentiMax,SentiAvg,SentiStdev,Senti0-0.20,Senti0.21-0.40,Senti0.41-0.60,Senti0.61-0.80,Senti0.81-1.00,SentiTotal
1.2259496360163982E-4,0.548200432966223,0.28887647911502823,0.20990517644255396,4.0,3.0,4.0,0.0,0.0,9.862590672381688E-12