TraitMin,TraitMax,TraitAvg,TraitStdev,TraitTotal
166.66666666666666,880.0,423.3131313131313,224.41586885889848,297.35849056603774
