SentiMin,SentiMax,SentiAvg,SentiStdev,Senti0-0.20,Senti0.21-0.40,Senti0.41-0.60,Senti0.61-0.80,Senti0.81-1.00,SentiTotal
2.4913288116185156E-7,0.39751759361842637,0.06675811655693717,0.11587306040416216,9.0,1.0,0.0,0.0,0.0,1.6829474255867658E-25