TraitMin,TraitMax,TraitAvg,TraitStdev,TraitTotal
240.0,931.4285714285714,503.23809523809524,211.80584100943554,477.8378378378378
