TraitMin,TraitMax,TraitAvg,TraitStdev,TraitTotal
164.44444444444446,420.0,267.2634920634921,78.28431080501491,245.05747126436782
