SentiMin,SentiMax,SentiAvg,SentiStdev,Senti0-0.20,Senti0.21-0.40,Senti0.41-0.60,Senti0.61-0.80,Senti0.81-1.00,SentiTotal
0.010929032127466645,0.6502251347537275,0.2193353645299731,0.2080738859426012,7.0,2.0,1.0,1.0,0.0,2.3674052399508366E-9