SentiMin,SentiMax,SentiAvg,SentiStdev,Senti0-0.20,Senti0.21-0.40,Senti0.41-0.60,Senti0.61-0.80,Senti0.81-1.00,SentiTotal
0.1658274922329264,0.4787481816719719,0.2729491296145187,0.14556273239875137,2.0,0.0,1.0,0.0,0.0,0.03771187870224599