SentiMin,SentiMax,SentiAvg,SentiStdev,Senti0-0.20,Senti0.21-0.40,Senti0.41-0.60,Senti0.61-0.80,Senti0.81-1.00,SentiTotal
1.4571598676670804E-4,0.5091177334460302,0.17969587381378155,0.18635103644478931,7.0,2.0,2.0,0.0,0.0,1.0368705199385192E-14