SentiMin,SentiMax,SentiAvg,SentiStdev,Senti0-0.20,Senti0.21-0.40,Senti0.41-0.60,Senti0.61-0.80,Senti0.81-1.00,SentiTotal
3.442288602116922E-4,0.5989761078361058,0.22054878312103077,0.21981798793856072,6.0,2.0,3.0,0.0,0.0,4.573619562224481E-14