SentiMin,SentiMax,SentiAvg,SentiStdev,Senti0-0.20,Senti0.21-0.40,Senti0.41-0.60,Senti0.61-0.80,Senti0.81-1.00,SentiTotal
1.891729998184391E-4,0.4801180056153849,0.2030443560661293,0.15998711926519438,7.0,6.0,1.0,0.0,0.0,1.8540761821173834E-15