TraitMin,TraitMax,TraitAvg,TraitStdev,TraitTotal
240.0,840.0,446.3549783549784,204.4529435544303,368.0
