TimeMin,TimeMax,TimeAvg,TimeStdev,TimeTotal
640.0,2320.0,1432.7272727272727,555.7810378048814,15760.0
