SentiMin,SentiMax,SentiAvg,SentiStdev,Senti0-0.20,Senti0.21-0.40,Senti0.41-0.60,Senti0.61-0.80,Senti0.81-1.00,SentiTotal
2.430797785130366E-6,0.6624055896622104,0.21646215041066894,0.2067356916160857,5.0,1.0,1.0,1.0,0.0,1.4827090303443874E-10