TimeMin,TimeMax,TimeAvg,TimeStdev,TimeTotal
840.0,2880.0,1505.4545454545455,545.3333198623262,16560.0
