TraitMin,TraitMax,TraitAvg,TraitStdev,TraitTotal
320.0,820.0,526.6666666666666,213.12489817527708,480.0
