TraitMin,TraitMax,TraitAvg,TraitStdev,TraitTotal
280.0,620.0,425.47435897435895,98.10531095783146,383.7837837837838
