TraitMin,TraitMax,TraitAvg,TraitStdev,TraitTotal
205.0,560.0,322.8484848484848,108.60654254492637,289.0566037735849
