TimeMin,TimeMax,TimeAvg,TimeStdev,TimeTotal
1040.0,2280.0,1392.7272727272727,351.9579238563741,15320.0
