SentiMin,SentiMax,SentiAvg,SentiStdev,Senti0-0.20,Senti0.21-0.40,Senti0.41-0.60,Senti0.61-0.80,Senti0.81-1.00,SentiTotal
0.003266053122729516,0.49789225920557484,0.21175772967633755,0.15403271482840003,5.0,4.0,1.0,0.0,0.0,7.662285303962783E-9