SentiMin,SentiMax,SentiAvg,SentiStdev,Senti0-0.20,Senti0.21-0.40,Senti0.41-0.60,Senti0.61-0.80,Senti0.81-1.00,SentiTotal
1.916647347205747E-5,0.48728019602140255,0.285258975563181,0.14683728648758798,2.0,4.0,1.0,0.0,0.0,2.4818088424145814E-7