TraitMin,TraitMax,TraitAvg,TraitStdev,TraitTotal
46.666666666666664,498.0,241.89810924369746,131.7487882175336,230.35714285714286
