TraitMin,TraitMax,TraitAvg,TraitStdev,TraitTotal
95.5,675.3333333333334,266.5283621140764,173.96346326077702,235.57971014492753
