TimeMin,TimeMax,TimeAvg,TimeStdev,TimeTotal
139.0,3344.0,873.5238095238095,886.9799814699003,18344.0
