TimeMin,TimeMax,TimeAvg,TimeStdev,TimeTotal
140.0,2420.0,758.8235294117648,704.0311018609499,12900.0
