TraitMin,TraitMax,TraitAvg,TraitStdev,TraitTotal
20.0,1557.0,426.585119047619,437.32867389298804,290.1186440677966
