SentiMin,SentiMax,SentiAvg,SentiStdev,Senti0-0.20,Senti0.21-0.40,Senti0.41-0.60,Senti0.61-0.80,Senti0.81-1.00,SentiTotal
0.09012795494515642,0.49789225920557484,0.4047747455167455,0.13005386912584074,1.0,3.0,7.0,0.0,0.0,0.007130421997912989