TraitMin,TraitMax,TraitAvg,TraitStdev,TraitTotal
98.83333333333333,344.0,249.21766474266477,74.86749364102671,238.8709677419355
