SentiMin,SentiMax,SentiAvg,SentiStdev,Senti0-0.20,Senti0.21-0.40,Senti0.41-0.60,Senti0.61-0.80,Senti0.81-1.00,SentiTotal
0.0034066437536876986,0.5136446707795853,0.354863221239905,0.18856150768578023,5.0,2.0,10.0,0.0,0.0,1.2656378579999741E-8