SentiMin,SentiMax,SentiAvg,SentiStdev,Senti0-0.20,Senti0.21-0.40,Senti0.41-0.60,Senti0.61-0.80,Senti0.81-1.00,SentiTotal
0.09266783801839414,0.49789225920557484,0.3577076265352793,0.14782918847858514,1.0,3.0,5.0,0.0,0.0,0.002307016109631306