TraitMin,TraitMax,TraitAvg,TraitStdev,TraitTotal
58.0,1166.25,411.20505952380955,257.69162044094986,400.06349206349205
