SentiMin,SentiMax,SentiAvg,SentiStdev,Senti0-0.20,Senti0.21-0.40,Senti0.41-0.60,Senti0.61-0.80,Senti0.81-1.00,SentiTotal
1.9397107275539617E-4,0.6256370019830304,0.29313025813755544,0.20005763955384884,5.0,7.0,4.0,1.0,0.0,4.143829078810233E-13