SentiMin,SentiMax,SentiAvg,SentiStdev,Senti0-0.20,Senti0.21-0.40,Senti0.41-0.60,Senti0.61-0.80,Senti0.81-1.00,SentiTotal
0.007979830963543433,0.49789225920557484,0.31658182877288593,0.1622564124748907,5.0,8.0,7.0,0.0,0.0,1.3353728182400583E-10