TraitMin,TraitMax,TraitAvg,TraitStdev,TraitTotal
33.75,2934.0,455.1806972789115,704.8554256499878,330.7450980392157
