SentiMin,SentiMax,SentiAvg,SentiStdev,Senti0-0.20,Senti0.21-0.40,Senti0.41-0.60,Senti0.61-0.80,Senti0.81-1.00,SentiTotal
0.002042229162383314,0.5264222819362445,0.3326996772939169,0.17239593500253403,4.0,9.0,11.0,0.0,0.0,1.0212901172453173E-12