TraitMin,TraitMax,TraitAvg,TraitStdev,TraitTotal
96.75,563.6666666666666,314.9864285714285,149.21961978069217,352.2
