TimeMin,TimeMax,TimeAvg,TimeStdev,TimeTotal
168.0,2565.0,1045.111111111111,750.0919120635883,9406.0
