TraitMin,TraitMax,TraitAvg,TraitStdev,TraitTotal
102.66666666666667,503.0,255.95281385281385,136.41006969358864,256.4516129032258
