TimeMin,TimeMax,TimeAvg,TimeStdev,TimeTotal
180.0,1444.0,750.4285714285714,397.60887355104467,5253.0
