TimeMin,TimeMax,TimeAvg,TimeStdev,TimeTotal
173.0,4038.0,1257.5294117647059,1046.481000510313,21378.0
