TimeMin,TimeMax,TimeAvg,TimeStdev,TimeTotal
129.0,3211.0,722.7272727272727,866.0275127803745,7950.0
