SentiMin,SentiMax,SentiAvg,SentiStdev,Senti0-0.20,Senti0.21-0.40,Senti0.41-0.60,Senti0.61-0.80,Senti0.81-1.00,SentiTotal
0.006779745255556801,0.49789225920557484,0.4080859381644086,0.16744302829431898,1.0,1.0,5.0,0.0,0.0,0.0038978066438589694