TraitMin,TraitMax,TraitAvg,TraitStdev,TraitTotal
45.25,563.6666666666666,271.76657329598504,141.02446684023235,243.69736842105263
