TimeMin,TimeMax,TimeAvg,TimeStdev,TimeTotal
593.0,3398.0,1645.5555555555557,865.0825408417024,14810.0
