TimeMin,TimeMax,TimeAvg,TimeStdev,TimeTotal
196.0,2111.0,1025.3333333333333,747.9258355983937,12304.0
