TimeMin,TimeMax,TimeAvg,TimeStdev,TimeTotal
130.0,2799.0,1089.4705882352941,820.1958960873174,18521.0
