SentiMin,SentiMax,SentiAvg,SentiStdev,Senti0-0.20,Senti0.21-0.40,Senti0.41-0.60,Senti0.61-0.80,Senti0.81-1.00,SentiTotal
0.12880673099247586,0.5388549571923937,0.3471239569955948,0.11778944679899074,1.0,10.0,6.0,0.0,0.0,4.0181005476570085E-7