TimeMin,TimeMax,TimeAvg,TimeStdev,TimeTotal
151.0,5801.0,1580.142857142857,1911.1728208145928,11061.0
