SentiMin,SentiMax,SentiAvg,SentiStdev,Senti0-0.20,Senti0.21-0.40,Senti0.41-0.60,Senti0.61-0.80,Senti0.81-1.00,SentiTotal
1.7477776850133246E-4,0.49789225920557484,0.3085532074779051,0.18797278195458675,3.0,5.0,4.0,0.0,0.0,1.422582684734372E-9