TimeMin,TimeMax,TimeAvg,TimeStdev,TimeTotal
162.0,2778.0,1018.2142857142857,693.6054022869434,14255.0
