TraitMin,TraitMax,TraitAvg,TraitStdev,TraitTotal
75.0,584.0,265.82994378306876,143.93692407830534,220.34146341463415
