TraitMin,TraitMax,TraitAvg,TraitStdev,TraitTotal
76.66666666666667,515.0,269.0883597883598,123.74639659535131,251.10204081632654
