TimeMin,TimeMax,TimeAvg,TimeStdev,TimeTotal
174.0,7935.0,1800.2857142857142,2018.8022059971045,25204.0
