TraitMin,TraitMax,TraitAvg,TraitStdev,TraitTotal
85.66666666666667,740.0,251.17857142857142,205.22683167081667,194.55555555555554
