SentiMin,SentiMax,SentiAvg,SentiStdev,Senti0-0.20,Senti0.21-0.40,Senti0.41-0.60,Senti0.61-0.80,Senti0.81-1.00,SentiTotal
0.08755214795135609,0.49789225920557484,0.29494076192556345,0.15500203610714397,5.0,2.0,4.0,0.0,0.0,1.4641140398902793E-5