TimeMin,TimeMax,TimeAvg,TimeStdev,TimeTotal
174.0,4474.0,1161.0714285714287,1134.384254895625,16255.0
