SentiMin,SentiMax,SentiAvg,SentiStdev,Senti0-0.20,Senti0.21-0.40,Senti0.41-0.60,Senti0.61-0.80,Senti0.81-1.00,SentiTotal
0.004584389062883891,0.49789225920557484,0.34389742186220074,0.18976061199654778,4.0,1.0,9.0,0.0,0.0,2.3422334229473707E-7