SentiMin,SentiMax,SentiAvg,SentiStdev,Senti0-0.20,Senti0.21-0.40,Senti0.41-0.60,Senti0.61-0.80,Senti0.81-1.00,SentiTotal
0.0043350569814564225,0.8794400731486101,0.2916436506070902,0.26864954365922517,4.0,2.0,3.0,0.0,1.0,7.396046491702582E-8