TraitMin,TraitMax,TraitAvg,TraitStdev,TraitTotal
124.4,641.25,275.337037037037,173.43693214170682,268.74285714285713
