TimeMin,TimeMax,TimeAvg,TimeStdev,TimeTotal
256.0,2206.0,978.1818181818181,545.416074400889,10760.0
