TraitMin,TraitMax,TraitAvg,TraitStdev,TraitTotal
426.6666666666667,701.5384615384615,567.9133510167993,103.90634374890354,587.1186440677966
