SentiMin,SentiMax,SentiAvg,SentiStdev,Senti0-0.20,Senti0.21-0.40,Senti0.41-0.60,Senti0.61-0.80,Senti0.81-1.00,SentiTotal
1.537570932289093E-4,0.35785643069366135,0.0883143711978697,0.13580349975765915,4.0,1.0,0.0,0.0,0.0,1.2213116744971363E-9