TraitMin,TraitMax,TraitAvg,TraitStdev,TraitTotal
283.6363636363636,740.0,473.94560994561,164.99096910335902,453.3333333333333
