TraitMin,TraitMax,TraitAvg,TraitStdev,TraitTotal
447.27272727272725,640.0,504.9963411201801,69.56464714462547,472.0987654320988
