SentiMin,SentiMax,SentiAvg,SentiStdev,Senti0-0.20,Senti0.21-0.40,Senti0.41-0.60,Senti0.61-0.80,Senti0.81-1.00,SentiTotal
4.2186921705754315E-7,0.2801035183159142,0.06320558572124504,0.10927567443114838,4.0,1.0,0.0,0.0,0.0,5.894872480366992E-17