TraitMin,TraitMax,TraitAvg,TraitStdev,TraitTotal
186.66666666666666,720.0,470.8876678876679,166.0811498164855,425.57377049180326
