SentiMin,SentiMax,SentiAvg,SentiStdev,Senti0-0.20,Senti0.21-0.40,Senti0.41-0.60,Senti0.61-0.80,Senti0.81-1.00,SentiTotal
9.006032742710622E-5,0.0779278885894373,0.03562125721525367,0.03424772668772202,4.0,0.0,0.0,0.0,0.0,1.925739435954579E-9