TraitMin,TraitMax,TraitAvg,TraitStdev,TraitTotal
246.66666666666666,504.0,371.00000000000006,92.17555713600723,374.6341463414634
