SentiMin,SentiMax,SentiAvg,SentiStdev,Senti0-0.20,Senti0.21-0.40,Senti0.41-0.60,Senti0.61-0.80,Senti0.81-1.00,SentiTotal
9.098000235222141E-7,0.49789225920557484,0.14395976283352033,0.14955467738600545,7.0,2.0,1.0,0.0,0.0,6.725004652482616E-16