TimeMin,TimeMax,TimeAvg,TimeStdev,TimeTotal
3280.0,10160.0,7186.666666666667,2885.242142736415,21560.0
