TraitMin,TraitMax,TraitAvg,TraitStdev,TraitTotal
426.6666666666667,740.0,536.8888888888889,143.79546516656612,487.05882352941177
