TraitMin,TraitMax,TraitAvg,TraitStdev,TraitTotal
280.0,1000.0,587.8787878787879,303.03999984485347,465.0
