SentiMin,SentiMax,SentiAvg,SentiStdev,Senti0-0.20,Senti0.21-0.40,Senti0.41-0.60,Senti0.61-0.80,Senti0.81-1.00,SentiTotal
3.382582584000079E-4,0.003653519877476929,0.001699442469681487,0.001416893705160586,3.0,0.0,0.0,0.0,0.0,1.3978838794787052E-9