TraitMin,TraitMax,TraitAvg,TraitStdev,TraitTotal
210.0,1000.0,437.5859649122807,201.32811401329778,392.63157894736844
