TraitMin,TraitMax,TraitAvg,TraitStdev,TraitTotal
410.0,597.6470588235294,486.25272331154684,80.53593132805024,501.3953488372093
