TimeMin,TimeMax,TimeAvg,TimeStdev,TimeTotal
1400.0,3840.0,2291.4285714285716,916.0696881075085,16040.0
