SentiMin,SentiMax,SentiAvg,SentiStdev,Senti0-0.20,Senti0.21-0.40,Senti0.41-0.60,Senti0.61-0.80,Senti0.81-1.00,SentiTotal
8.846073974445204E-6,0.29112132088878306,0.0982904381779482,0.12018471335815266,5.0,2.0,0.0,0.0,0.0,5.445440337458387E-16