SentiMin,SentiMax,SentiAvg,SentiStdev,Senti0-0.20,Senti0.21-0.40,Senti0.41-0.60,Senti0.61-0.80,Senti0.81-1.00,SentiTotal
1.7613526519871033E-4,0.39697510199130176,0.20034552448036771,0.16643457081937094,3.0,2.0,0.0,0.0,0.0,9.394961464049516E-7