SentiMin,SentiMax,SentiAvg,SentiStdev,Senti0-0.20,Senti0.21-0.40,Senti0.41-0.60,Senti0.61-0.80,Senti0.81-1.00,SentiTotal
1.0536826797055715E-12,0.49789225920557484,0.11701498659305412,0.19336874545075855,4.0,0.0,1.0,0.0,0.0,1.6662271132591194E-22