SentiMin,SentiMax,SentiAvg,SentiStdev,Senti0-0.20,Senti0.21-0.40,Senti0.41-0.60,Senti0.61-0.80,Senti0.81-1.00,SentiTotal
0.0013447180664268347,0.31820487300311295,0.14900691068916266,0.13025086430620453,2.0,1.0,0.0,0.0,0.0,9.336480143180083E-5