SentiMin,SentiMax,SentiAvg,SentiStdev,Senti0-0.20,Senti0.21-0.40,Senti0.41-0.60,Senti0.61-0.80,Senti0.81-1.00,SentiTotal
4.728004226807568E-5,0.5388896272369057,0.11573882866650388,0.16981826921853085,7.0,0.0,1.0,0.0,0.0,7.711236104486004E-14