SentiMin,SentiMax,SentiAvg,SentiStdev,Senti0-0.20,Senti0.21-0.40,Senti0.41-0.60,Senti0.61-0.80,Senti0.81-1.00,SentiTotal
0.003034945681907833,0.015221321021589011,0.009764826383809034,0.005055892274110871,3.0,0.0,0.0,0.0,0.0,5.341051743647794E-7