TraitMin,TraitMax,TraitAvg,TraitStdev,TraitTotal
310.0,584.0,453.8476190476191,93.04194748031505,474.7826086956522
