TraitMin,TraitMax,TraitAvg,TraitStdev,TraitTotal
254.54545454545453,912.0,503.5382395382395,233.26417831129112,414.375
