TimeMin,TimeMax,TimeAvg,TimeStdev,TimeTotal
2400.0,5640.0,3788.5714285714284,1116.6714387145469,26520.0
