TraitMin,TraitMax,TraitAvg,TraitStdev,TraitTotal
251.42857142857142,700.0,493.34693877551024,169.83545785053664,422.10526315789474
