SentiMin,SentiMax,SentiAvg,SentiStdev,Senti0-0.20,Senti0.21-0.40,Senti0.41-0.60,Senti0.61-0.80,Senti0.81-1.00,SentiTotal
9.189140529771687E-9,0.7527650798667361,0.1927018040591322,0.323436550017523,3.0,0.0,0.0,1.0,0.0,5.131524195189489E-16