TraitMin,TraitMax,TraitAvg,TraitStdev,TraitTotal
240.0,533.3333333333334,382.31292517006807,117.26486334095047,338.46153846153845
