TimeMin,TimeMax,TimeAvg,TimeStdev,TimeTotal
600.0,1900.0,1133.3333333333333,398.60869143671323,6800.0
