TraitMin,TraitMax,TraitAvg,TraitStdev,TraitTotal
72.72727272727273,1900.0,582.8855992492355,564.3363282858944,361.64383561643837
