SentiMin,SentiMax,SentiAvg,SentiStdev,Senti0-0.20,Senti0.21-0.40,Senti0.41-0.60,Senti0.61-0.80,Senti0.81-1.00,SentiTotal
0.12298032513782031,0.6824837810859113,0.5157785223629003,0.15478432222269464,1.0,0.0,6.0,3.0,0.0,0.5881729566367643