TimeMin,TimeMax,TimeAvg,TimeStdev,TimeTotal
1000.0,3200.0,1885.7142857142858,715.9979477795239,13200.0
