TraitMin,TraitMax,TraitAvg,TraitStdev,TraitTotal
260.0,633.3333333333334,448.8888888888889,128.90804455353936,425.0
