TraitMin,TraitMax,TraitAvg,TraitStdev,TraitTotal
133.33333333333334,753.8461538461538,362.52938034188037,190.30214249192863,394.7368421052632
