TraitMin,TraitMax,TraitAvg,TraitStdev,TraitTotal
60.0,600.0,347.1428571428571,193.3433025813442,345.45454545454544
