TraitMin,TraitMax,TraitAvg,TraitStdev,TraitTotal
233.33333333333334,350.0,272.22222222222223,54.997194092287025,294.7368421052632
