SentiMin,SentiMax,SentiAvg,SentiStdev,Senti0-0.20,Senti0.21-0.40,Senti0.41-0.60,Senti0.61-0.80,Senti0.81-1.00,SentiTotal
0.42308805087539464,0.6824837810859113,0.5135761611413115,0.0736282225338851,0.0,0.0,6.0,1.0,0.0,0.613851619887851