TraitMin,TraitMax,TraitAvg,TraitStdev,TraitTotal
240.0,666.6666666666666,371.30242407165485,121.33226827433906,350.3225806451613
