TraitMin,TraitMax,TraitAvg,TraitStdev,TraitTotal
200.0,1000.0,510.66666666666663,267.7843244935081,411.1111111111111
