TraitMin,TraitMax,TraitAvg,TraitStdev,TraitTotal
170.0,1000.0,431.40952380952376,292.06056837736077,300.0
