SentiMin,SentiMax,SentiAvg,SentiStdev,Senti0-0.20,Senti0.21-0.40,Senti0.41-0.60,Senti0.61-0.80,Senti0.81-1.00,SentiTotal
5.3026850248300245E-8,0.3453139069872114,0.043464693265005294,0.09649478119635002,14.0,2.0,0.0,0.0,0.0,1.3276688809308247E-51