SentiMin,SentiMax,SentiAvg,SentiStdev,Senti0-0.20,Senti0.21-0.40,Senti0.41-0.60,Senti0.61-0.80,Senti0.81-1.00,SentiTotal
0.09011395962586283,0.5570111613095409,0.2542346625114953,0.17051273446148316,3.0,1.0,1.0,0.0,0.0,0.0018686760186516216