SentiMin,SentiMax,SentiAvg,SentiStdev,Senti0-0.20,Senti0.21-0.40,Senti0.41-0.60,Senti0.61-0.80,Senti0.81-1.00,SentiTotal
3.447741455412821E-6,0.5628056929000496,0.15433921399139666,0.18211476738392368,10.0,4.0,2.0,0.0,0.0,1.4500354944742362E-32