TraitMin,TraitMax,TraitAvg,TraitStdev,TraitTotal
303.6363636363636,560.0,394.4415584415584,92.23006295690068,332.22222222222223
