SentiMin,SentiMax,SentiAvg,SentiStdev,Senti0-0.20,Senti0.21-0.40,Senti0.41-0.60,Senti0.61-0.80,Senti0.81-1.00,SentiTotal
0.0010462908864830745,0.5628056929000496,0.17530718018051608,0.16789048893588407,8.0,3.0,2.0,0.0,0.0,6.113196956157381E-14