SentiMin,SentiMax,SentiAvg,SentiStdev,Senti0-0.20,Senti0.21-0.40,Senti0.41-0.60,Senti0.61-0.80,Senti0.81-1.00,SentiTotal
2.7911555756161773E-8,0.12136200076544841,0.030158001658200363,0.037726805717891145,12.0,0.0,0.0,0.0,0.0,2.7690738120194503E-33