SentiMin,SentiMax,SentiAvg,SentiStdev,Senti0-0.20,Senti0.21-0.40,Senti0.41-0.60,Senti0.61-0.80,Senti0.81-1.00,SentiTotal
0.008074758623151953,0.8914468539380636,0.35454745464096116,0.33109609644473853,2.0,1.0,1.0,0.0,1.0,6.338304602855623E-4