TraitMin,TraitMax,TraitAvg,TraitStdev,TraitTotal
206.66666666666666,1120.0,475.0388500388501,292.2385483583733,363.2432432432432
