SentiMin,SentiMax,SentiAvg,SentiStdev,Senti0-0.20,Senti0.21-0.40,Senti0.41-0.60,Senti0.61-0.80,Senti0.81-1.00,SentiTotal
0.0015026115101475662,0.10933747847871457,0.05542004499443107,0.0539174334842835,2.0,0.0,0.0,0.0,0.0,1.8626716054064127E-4