TraitMin,TraitMax,TraitAvg,TraitStdev,TraitTotal
320.0,1000.0,529.3333333333333,247.35399733984494,426.6666666666667
