SentiMin,SentiMax,SentiAvg,SentiStdev,Senti0-0.20,Senti0.21-0.40,Senti0.41-0.60,Senti0.61-0.80,Senti0.81-1.00,SentiTotal
0.019458992377732,0.49789225920557484,0.28665564360287504,0.19534956318421381,3.0,2.0,3.0,0.0,0.0,5.59573710511822E-7