SentiMin,SentiMax,SentiAvg,SentiStdev,Senti0-0.20,Senti0.21-0.40,Senti0.41-0.60,Senti0.61-0.80,Senti0.81-1.00,SentiTotal
3.108775581221605E-5,0.39697510199130176,0.09899183753936591,0.13173864568003893,10.0,3.0,0.0,0.0,0.0,1.1687143041372155E-24