TraitMin,TraitMax,TraitAvg,TraitStdev,TraitTotal
320.0,1000.0,633.5,237.09860817811648,483.3333333333333
