TraitMin,TraitMax,TraitAvg,TraitStdev,TraitTotal
160.0,1520.0,510.21428571428567,364.8616197544744,392.28915662650604
