SentiMin,SentiMax,SentiAvg,SentiStdev,Senti0-0.20,Senti0.21-0.40,Senti0.41-0.60,Senti0.61-0.80,Senti0.81-1.00,SentiTotal
1.5610644144949915E-5,0.6397856775805494,0.19548808371476628,0.23431904302923456,4.0,0.0,0.0,1.0,0.0,4.2775209482657685E-9