TimeMin,TimeMax,TimeAvg,TimeStdev,TimeTotal
560.0,9400.0,2504.6153846153848,2621.6395791260547,32560.0
