SentiMin,SentiMax,SentiAvg,SentiStdev,Senti0-0.20,Senti0.21-0.40,Senti0.41-0.60,Senti0.61-0.80,Senti0.81-1.00,SentiTotal
7.128088205170091E-7,0.28592226657963765,0.04130637479738713,0.08090732795612389,12.0,1.0,0.0,0.0,0.0,5.964616736964549E-40