TimeMin,TimeMax,TimeAvg,TimeStdev,TimeTotal
760.0,7040.0,3381.5384615384614,1861.520661071919,43960.0
