SentiMin,SentiMax,SentiAvg,SentiStdev,Senti0-0.20,Senti0.21-0.40,Senti0.41-0.60,Senti0.61-0.80,Senti0.81-1.00,SentiTotal
1.8733921316158147E-7,0.8238691781404669,0.16124767313681493,0.2250497873516864,9.0,3.0,0.0,0.0,1.0,2.281105073739761E-21