TraitMin,TraitMax,TraitAvg,TraitStdev,TraitTotal
173.33333333333334,464.0,310.98185805422645,72.82382642418851,333.8095238095238
