TraitMin,TraitMax,TraitAvg,TraitStdev,TraitTotal
253.33333333333334,760.0,436.333007950655,168.49723119475996,403.1496062992126
