SentiMin,SentiMax,SentiAvg,SentiStdev,Senti0-0.20,Senti0.21-0.40,Senti0.41-0.60,Senti0.61-0.80,Senti0.81-1.00,SentiTotal
7.428445254304869E-6,0.5628056929000496,0.24279557226277643,0.18951455049070967,3.0,3.0,1.0,0.0,0.0,2.0449865909080582E-12