TimeMin,TimeMax,TimeAvg,TimeStdev,TimeTotal
1000.0,6000.0,2443.6363636363635,1658.6044118599596,26880.0
