TraitMin,TraitMax,TraitAvg,TraitStdev,TraitTotal
213.33333333333334,960.0,516.4007936507936,234.87358437961853,435.7894736842105
