SentiMin,SentiMax,SentiAvg,SentiStdev,Senti0-0.20,Senti0.21-0.40,Senti0.41-0.60,Senti0.61-0.80,Senti0.81-1.00,SentiTotal
5.682998426765607E-4,0.7745771543898179,0.26427474321521494,0.259042761810673,5.0,3.0,1.0,2.0,0.0,1.7635300721903287E-12