TraitMin,TraitMax,TraitAvg,TraitStdev,TraitTotal
180.0,572.0,308.03458000333,93.33899983416954,308.57142857142856
