TimeMin,TimeMax,TimeAvg,TimeStdev,TimeTotal
680.0,5720.0,2222.8571428571427,1698.6525272000938,15560.0
