SentiMin,SentiMax,SentiAvg,SentiStdev,Senti0-0.20,Senti0.21-0.40,Senti0.41-0.60,Senti0.61-0.80,Senti0.81-1.00,SentiTotal
8.48230931996957E-4,0.8411654277563531,0.37812590509949545,0.2524016419263372,3.0,1.0,3.0,0.0,1.0,9.48703063445277E-5