SentiMin,SentiMax,SentiAvg,SentiStdev,Senti0-0.20,Senti0.21-0.40,Senti0.41-0.60,Senti0.61-0.80,Senti0.81-1.00,SentiTotal
1.516889507597925E-10,0.9353259539719896,0.11539407946973224,0.23797998673072296,13.0,2.0,0.0,0.0,1.0,5.360262462545868E-52