TimeMin,TimeMax,TimeAvg,TimeStdev,TimeTotal
1240.0,6320.0,3341.5384615384614,1335.214452114751,43440.0
