SentiMin,SentiMax,SentiAvg,SentiStdev,Senti0-0.20,Senti0.21-0.40,Senti0.41-0.60,Senti0.61-0.80,Senti0.81-1.00,SentiTotal
0.013109983648191484,0.5957399490333923,0.26525686244726426,0.19234690255071168,2.0,2.0,1.0,0.0,0.0,6.708543546397795E-5