TraitMin,TraitMax,TraitAvg,TraitStdev,TraitTotal
337.14285714285717,1000.0,734.1269841269842,216.54726636212484,653.0232558139535
