TraitMin,TraitMax,TraitAvg,TraitStdev,TraitTotal
248.0,718.3333333333334,445.8952380952381,153.2567285720523,560.8888888888889
