SentiMin,SentiMax,SentiAvg,SentiStdev,Senti0-0.20,Senti0.21-0.40,Senti0.41-0.60,Senti0.61-0.80,Senti0.81-1.00,SentiTotal
0.012386299578531712,0.5755436691302463,0.24341507826098815,0.18471953423219734,3.0,1.0,1.0,0.0,0.0,3.1701842870217117E-4