TraitMin,TraitMax,TraitAvg,TraitStdev,TraitTotal
211.42857142857142,1000.0,520.5654761904761,291.9328155822423,409.3333333333333
