TraitMin,TraitMax,TraitAvg,TraitStdev,TraitTotal
324.44444444444446,530.9090909090909,427.67676767676767,103.23232323232321,438.0
