SentiMin,SentiMax,SentiAvg,SentiStdev,Senti0-0.20,Senti0.21-0.40,Senti0.41-0.60,Senti0.61-0.80,Senti0.81-1.00,SentiTotal
0.02107163057079784,0.310621335157665,0.13049388118881428,0.11452887395878024,3.0,1.0,0.0,0.0,0.0,7.651945399777841E-5