SentiMin,SentiMax,SentiAvg,SentiStdev,Senti0-0.20,Senti0.21-0.40,Senti0.41-0.60,Senti0.61-0.80,Senti0.81-1.00,SentiTotal
8.341072726861638E-9,0.43487273906652196,0.09552157973547121,0.13579648294452087,8.0,0.0,1.0,0.0,0.0,2.664643256874793E-23