TraitMin,TraitMax,TraitAvg,TraitStdev,TraitTotal
313.3333333333333,498.46153846153845,409.29230769230765,64.52948624978157,425.45454545454544
