TraitMin,TraitMax,TraitAvg,TraitStdev,TraitTotal
195.55555555555554,840.0,425.31746031746036,209.88029197962166,313.3333333333333
