TraitMin,TraitMax,TraitAvg,TraitStdev,TraitTotal
400.0,1062.2222222222222,851.4814814814816,243.7107395134318,801.7391304347826
