TraitMin,TraitMax,TraitAvg,TraitStdev,TraitTotal
220.0,1320.0,639.2559523809524,389.78589240079293,416.4102564102564
