TraitMin,TraitMax,TraitAvg,TraitStdev,TraitTotal
272.0,1000.0,512.0909090909091,286.5443441372117,374.7368421052632
