SentiMin,SentiMax,SentiAvg,SentiStdev,Senti0-0.20,Senti0.21-0.40,Senti0.41-0.60,Senti0.61-0.80,Senti0.81-1.00,SentiTotal
1.1804443955691115E-7,0.07768933920014327,0.04814903011384822,0.03433767464153932,3.0,0.0,0.0,0.0,0.0,7.2336810076814E-10