SentiMin,SentiMax,SentiAvg,SentiStdev,Senti0-0.20,Senti0.21-0.40,Senti0.41-0.60,Senti0.61-0.80,Senti0.81-1.00,SentiTotal
1.0291693720082789E-4,0.0019171732059482408,0.0010100450715745343,9.071281343737064E-4,2.0,0.0,0.0,0.0,0.0,1.9938283884074225E-7