TimeMin,TimeMax,TimeAvg,TimeStdev,TimeTotal
1120.0,9000.0,4573.333333333333,2983.748574453879,41160.0
