TraitMin,TraitMax,TraitAvg,TraitStdev,TraitTotal
208.88888888888889,642.8571428571429,420.60710894044223,114.24808668381407,447.39130434782606
