TraitMin,TraitMax,TraitAvg,TraitStdev,TraitTotal
246.66666666666666,1000.0,524.2161162710698,242.53812049894796,470.96774193548384
