SentiMin,SentiMax,SentiAvg,SentiStdev,Senti0-0.20,Senti0.21-0.40,Senti0.41-0.60,Senti0.61-0.80,Senti0.81-1.00,SentiTotal
0.0029052651022231867,0.5184705040344015,0.2851656279987999,0.16333571858854296,3.0,3.0,3.0,0.0,0.0,3.813745889460153E-6