SentiMin,SentiMax,SentiAvg,SentiStdev,Senti0-0.20,Senti0.21-0.40,Senti0.41-0.60,Senti0.61-0.80,Senti0.81-1.00,SentiTotal
0.0011650365492614709,0.3093405711600567,0.18723346466914012,0.11355299504069483,1.0,3.0,0.0,0.0,0.0,4.223361069562631E-5