SentiMin,SentiMax,SentiAvg,SentiStdev,Senti0-0.20,Senti0.21-0.40,Senti0.41-0.60,Senti0.61-0.80,Senti0.81-1.00,SentiTotal
0.02093429145920697,0.7459904232800622,0.34250499216194114,0.24232246454881032,1.0,2.0,1.0,1.0,0.0,0.005709842401850436