TraitMin,TraitMax,TraitAvg,TraitStdev,TraitTotal
177.14285714285714,315.0,263.44155844155847,61.407449028594826,278.9189189189189
