SentiMin,SentiMax,SentiAvg,SentiStdev,Senti0-0.20,Senti0.21-0.40,Senti0.41-0.60,Senti0.61-0.80,Senti0.81-1.00,SentiTotal
1.4689636901902734E-4,0.47996152908629514,0.18400316488569293,0.18917839151826701,4.0,2.0,1.0,0.0,0.0,6.193563531026148E-11