TraitMin,TraitMax,TraitAvg,TraitStdev,TraitTotal
266.6666666666667,1000.0,709.1666666666667,309.97647760219917,445.3333333333333
