SentiMin,SentiMax,SentiAvg,SentiStdev,Senti0-0.20,Senti0.21-0.40,Senti0.41-0.60,Senti0.61-0.80,Senti0.81-1.00,SentiTotal
9.424392297189637E-6,0.39697510199130176,0.27314154980898453,0.1593270583095546,1.0,3.0,0.0,0.0,0.0,1.8069274906415607E-6