TraitMin,TraitMax,TraitAvg,TraitStdev,TraitTotal
320.0,1680.0,658.0952380952381,515.4667215670512,520.0
