SentiMin,SentiMax,SentiAvg,SentiStdev,Senti0-0.20,Senti0.21-0.40,Senti0.41-0.60,Senti0.61-0.80,Senti0.81-1.00,SentiTotal
1.7739370903447702E-4,0.21921412548362115,0.10605463386014786,0.07715118017769604,4.0,1.0,0.0,0.0,0.0,2.412448709785256E-8