SentiMin,SentiMax,SentiAvg,SentiStdev,Senti0-0.20,Senti0.21-0.40,Senti0.41-0.60,Senti0.61-0.80,Senti0.81-1.00,SentiTotal
8.862512537834253E-7,0.37980207379770065,0.18907121401160765,0.13605688501916605,2.0,2.0,0.0,0.0,0.0,1.1634935740614334E-8