TraitMin,TraitMax,TraitAvg,TraitStdev,TraitTotal
264.0,1000.0,580.0761904761904,313.62366979949616,621.8181818181819
