TimeMin,TimeMax,TimeAvg,TimeStdev,TimeTotal
840.0,4120.0,2148.5714285714284,1158.8593970110508,15040.0
