TimeMin,TimeMax,TimeAvg,TimeStdev,TimeTotal
1520.0,11680.0,6346.666666666667,4163.246596374303,19040.0
