TraitMin,TraitMax,TraitAvg,TraitStdev,TraitTotal
280.0,1000.0,616.7111111111111,324.05304854545795,580.0
