TraitMin,TraitMax,TraitAvg,TraitStdev,TraitTotal
220.0,680.0,517.5,183.8987493160299,554.5454545454545
