TimeMin,TimeMax,TimeAvg,TimeStdev,TimeTotal
1000.0,6960.0,3093.3333333333335,2737.2654643315514,9280.0
