TimeMin,TimeMax,TimeAvg,TimeStdev,TimeTotal
1000.0,9560.0,3073.3333333333335,3076.137549301432,18440.0
