TraitMin,TraitMax,TraitAvg,TraitStdev,TraitTotal
330.0,1160.0,830.0,359.5367389665021,843.6363636363636
