SentiMin,SentiMax,SentiAvg,SentiStdev,Senti0-0.20,Senti0.21-0.40,Senti0.41-0.60,Senti0.61-0.80,Senti0.81-1.00,SentiTotal
6.012274155906758E-4,0.5495922250151081,0.19653926850523173,0.21431918112309262,7.0,1.0,3.0,0.0,0.0,1.9364238545966824E-14