TraitMin,TraitMax,TraitAvg,TraitStdev,TraitTotal
210.0,800.0,411.90909090909093,186.09783952789817,314.7169811320755
