TraitMin,TraitMax,TraitAvg,TraitStdev,TraitTotal
177.14285714285714,920.0,363.4013605442177,240.87149143320414,268.14814814814815
