SentiMin,SentiMax,SentiAvg,SentiStdev,Senti0-0.20,Senti0.21-0.40,Senti0.41-0.60,Senti0.61-0.80,Senti0.81-1.00,SentiTotal
0.00628142969330944,0.5159436667231726,0.20037500373810174,0.20691386604220746,7.0,0.0,4.0,0.0,0.0,2.1862699458657413E-11