TimeMin,TimeMax,TimeAvg,TimeStdev,TimeTotal
720.0,6880.0,3786.6666666666665,2382.9020588816115,22720.0
