SentiMin,SentiMax,SentiAvg,SentiStdev,Senti0-0.20,Senti0.21-0.40,Senti0.41-0.60,Senti0.61-0.80,Senti0.81-1.00,SentiTotal
0.021682324678884347,0.12135941842768344,0.07152087155328389,0.04983854687439954,2.0,0.0,0.0,0.0,0.0,0.003077592196664377