SentiMin,SentiMax,SentiAvg,SentiStdev,Senti0-0.20,Senti0.21-0.40,Senti0.41-0.60,Senti0.61-0.80,Senti0.81-1.00,SentiTotal
3.37057273527339E-5,0.5159436667231726,0.22713374646168955,0.16883811607349855,2.0,2.0,1.0,0.0,0.0,6.076422298671605E-7