SentiMin,SentiMax,SentiAvg,SentiStdev,Senti0-0.20,Senti0.21-0.40,Senti0.41-0.60,Senti0.61-0.80,Senti0.81-1.00,SentiTotal
2.164372893844288E-7,0.3033114087055337,0.11746441495684082,0.12285664963663945,3.0,2.0,0.0,0.0,0.0,1.9505532954933163E-11