SentiMin,SentiMax,SentiAvg,SentiStdev,Senti0-0.20,Senti0.21-0.40,Senti0.41-0.60,Senti0.61-0.80,Senti0.81-1.00,SentiTotal
2.0302152734807038E-4,0.5755436691302463,0.1104379383556913,0.17622267939751732,7.0,1.0,1.0,0.0,0.0,1.8155002540271093E-15