TraitMin,TraitMax,TraitAvg,TraitStdev,TraitTotal
290.0,528.8888888888889,396.00505050505046,91.72807915829705,384.24242424242425
