TimeMin,TimeMax,TimeAvg,TimeStdev,TimeTotal
560.0,4480.0,1978.1818181818182,1152.0560133306192,21760.0
