TraitMin,TraitMax,TraitAvg,TraitStdev,TraitTotal
173.33333333333334,1177.7777777777778,390.30013732912283,286.76347404466867,386.3157894736842
