TraitMin,TraitMax,TraitAvg,TraitStdev,TraitTotal
240.0,560.0,387.5757575757576,96.40079329371933,356.72131147540983
