TraitMin,TraitMax,TraitAvg,TraitStdev,TraitTotal
420.0,493.3333333333333,451.1111111111111,30.951973949298033,460.0
