SentiMin,SentiMax,SentiAvg,SentiStdev,Senti0-0.20,Senti0.21-0.40,Senti0.41-0.60,Senti0.61-0.80,Senti0.81-1.00,SentiTotal
8.507796201034863E-6,0.43796879524747484,0.21389917705629502,0.1612336904505059,4.0,2.0,1.0,0.0,0.0,9.746569008159995E-10