TimeMin,TimeMax,TimeAvg,TimeStdev,TimeTotal
640.0,2800.0,1516.3636363636363,694.8024274735521,16680.0
