TraitMin,TraitMax,TraitAvg,TraitStdev,TraitTotal
240.0,430.0,333.93162393162396,66.63521063718154,355.0
