TraitMin,TraitMax,TraitAvg,TraitStdev,TraitTotal
222.22222222222223,853.3333333333334,378.19096776239627,171.1725408055262,364.3636363636364
