TimeMin,TimeMax,TimeAvg,TimeStdev,TimeTotal
960.0,8440.0,3542.8571428571427,2385.6578265346693,49600.0
