SentiMin,SentiMax,SentiAvg,SentiStdev,Senti0-0.20,Senti0.21-0.40,Senti0.41-0.60,Senti0.61-0.80,Senti0.81-1.00,SentiTotal
2.3102310644891195E-7,0.39697510199130176,0.12716584578491533,0.1489246877102946,4.0,2.0,0.0,0.0,0.0,3.563979115864952E-14