TraitMin,TraitMax,TraitAvg,TraitStdev,TraitTotal
208.88888888888889,920.0,474.22486772486764,207.1952336865061,365.7142857142857
