SentiMin,SentiMax,SentiAvg,SentiStdev,Senti0-0.20,Senti0.21-0.40,Senti0.41-0.60,Senti0.61-0.80,Senti0.81-1.00,SentiTotal
4.522317809569659E-5,0.8406863927754225,0.21623227007149715,0.2770855958982266,7.0,2.0,2.0,0.0,1.0,1.2467848901842136E-15