SentiMin,SentiMax,SentiAvg,SentiStdev,Senti0-0.20,Senti0.21-0.40,Senti0.41-0.60,Senti0.61-0.80,Senti0.81-1.00,SentiTotal
5.070219216465187E-7,0.4245391216724624,0.13254620869797132,0.14850011969097535,8.0,4.0,1.0,0.0,0.0,2.2725445343834696E-25