SentiMin,SentiMax,SentiAvg,SentiStdev,Senti0-0.20,Senti0.21-0.40,Senti0.41-0.60,Senti0.61-0.80,Senti0.81-1.00,SentiTotal
7.947937071417213E-4,0.9844900912714999,0.340550426956813,0.4242823299096521,4.0,0.0,0.0,0.0,2.0,3.2524403514143723E-6