SentiMin,SentiMax,SentiAvg,SentiStdev,Senti0-0.20,Senti0.21-0.40,Senti0.41-0.60,Senti0.61-0.80,Senti0.81-1.00,SentiTotal
0.012240767199901357,0.31158970079841836,0.13378704280165354,0.11242772750796443,4.0,1.0,0.0,0.0,0.0,3.201491623435858E-6