SentiMin,SentiMax,SentiAvg,SentiStdev,Senti0-0.20,Senti0.21-0.40,Senti0.41-0.60,Senti0.61-0.80,Senti0.81-1.00,SentiTotal
3.2462166213694904E-4,0.3865428567889935,0.14357130974174326,0.1727231250840746,2.0,1.0,0.0,0.0,0.0,9.542401138537517E-6