TimeMin,TimeMax,TimeAvg,TimeStdev,TimeTotal
520.0,2440.0,1417.7777777777778,583.6623410800647,12760.0
