SentiMin,SentiMax,SentiAvg,SentiStdev,Senti0-0.20,Senti0.21-0.40,Senti0.41-0.60,Senti0.61-0.80,Senti0.81-1.00,SentiTotal
1.3424609070974088E-4,0.13969007458347246,0.07654312399251288,0.05552673016872705,7.0,0.0,0.0,0.0,0.0,7.022276895955228E-12