TraitMin,TraitMax,TraitAvg,TraitStdev,TraitTotal
226.66666666666666,720.0,415.625,140.54689188823937,350.5882352941176
