TimeMin,TimeMax,TimeAvg,TimeStdev,TimeTotal
880.0,8200.0,2843.076923076923,2352.9470379321356,36960.0
