SentiMin,SentiMax,SentiAvg,SentiStdev,Senti0-0.20,Senti0.21-0.40,Senti0.41-0.60,Senti0.61-0.80,Senti0.81-1.00,SentiTotal
1.6246053328033592E-10,0.22563165111382116,0.06455947537475235,0.07829220147132578,10.0,1.0,0.0,0.0,0.0,6.481666824830061E-28