TimeMin,TimeMax,TimeAvg,TimeStdev,TimeTotal
520.0,10600.0,3262.222222222222,2912.2949246934213,29360.0
