TraitMin,TraitMax,TraitAvg,TraitStdev,TraitTotal
251.42857142857142,1000.0,416.74891774891773,207.54527034394965,360.8510638297872
