SentiMin,SentiMax,SentiAvg,SentiStdev,Senti0-0.20,Senti0.21-0.40,Senti0.41-0.60,Senti0.61-0.80,Senti0.81-1.00,SentiTotal
4.902204636944418E-4,0.4898631585877994,0.1795798712316367,0.17549086044646772,8.0,4.0,2.0,0.0,0.0,6.7178888178257E-17