TraitMin,TraitMax,TraitAvg,TraitStdev,TraitTotal
217.77777777777777,1200.0,449.3333333333333,308.6009249244039,312.22222222222223
