TraitMin,TraitMax,TraitAvg,TraitStdev,TraitTotal
125.0,585.4545454545455,365.01606571482347,117.00676693189828,356.8345323741007
