SentiMin,SentiMax,SentiAvg,SentiStdev,Senti0-0.20,Senti0.21-0.40,Senti0.41-0.60,Senti0.61-0.80,Senti0.81-1.00,SentiTotal
0.016291114791380776,0.5159436667231726,0.3287987943485032,0.1664511309286094,3.0,3.0,4.0,0.0,0.0,6.136039170744664E-5