TimeMin,TimeMax,TimeAvg,TimeStdev,TimeTotal
1160.0,6560.0,4022.8571428571427,1943.2940685173444,28160.0
