TraitMin,TraitMax,TraitAvg,TraitStdev,TraitTotal
240.0,880.0,411.531746031746,215.02296967540988,331.42857142857144
