SentiMin,SentiMax,SentiAvg,SentiStdev,Senti0-0.20,Senti0.21-0.40,Senti0.41-0.60,Senti0.61-0.80,Senti0.81-1.00,SentiTotal
4.388889525927644E-7,0.9657180783149457,0.15508431347249088,0.331356328423167,6.0,0.0,0.0,0.0,1.0,2.8921530936264356E-14