TraitMin,TraitMax,TraitAvg,TraitStdev,TraitTotal
180.0,640.0,323.03703703703707,133.828381389356,278.22222222222223
