TraitMin,TraitMax,TraitAvg,TraitStdev,TraitTotal
248.88888888888889,600.0,372.40444247874586,98.30576317185684,377.14285714285717
