TraitMin,TraitMax,TraitAvg,TraitStdev,TraitTotal
315.55555555555554,480.0,421.3968253968254,57.57144388864616,400.0
