TraitMin,TraitMax,TraitAvg,TraitStdev,TraitTotal
297.5,563.6363636363636,422.50618429189853,73.13259293973499,414.11764705882354
