TraitMin,TraitMax,TraitAvg,TraitStdev,TraitTotal
226.66666666666666,431.30434782608694,316.10452151812177,64.81425556922187,331.0948905109489
