TraitMin,TraitMax,TraitAvg,TraitStdev,TraitTotal
266.6666666666667,760.0,454.5151515151516,155.02897919211114,509.2682926829268
