TimeMin,TimeMax,TimeAvg,TimeStdev,TimeTotal
800.0,4400.0,1933.3333333333333,902.7858119300627,23200.0
