SentiMin,SentiMax,SentiAvg,SentiStdev,Senti0-0.20,Senti0.21-0.40,Senti0.41-0.60,Senti0.61-0.80,Senti0.81-1.00,SentiTotal
0.006116635385121882,0.8840757314493582,0.2504023756220251,0.2471353396212669,5.0,4.0,1.0,0.0,1.0,1.056402083544093E-8