TraitMin,TraitMax,TraitAvg,TraitStdev,TraitTotal
235.0,880.0,481.8148148148148,229.5224839633773,344.86486486486484
