SentiMin,SentiMax,SentiAvg,SentiStdev,Senti0-0.20,Senti0.21-0.40,Senti0.41-0.60,Senti0.61-0.80,Senti0.81-1.00,SentiTotal
7.569178263962008E-4,0.3040993331987756,0.10647442160757073,0.1307498763943938,3.0,2.0,0.0,0.0,0.0,5.125706931963096E-10