TimeMin,TimeMax,TimeAvg,TimeStdev,TimeTotal
760.0,1360.0,1034.2857142857142,212.12241363737812,7240.0
