TraitMin,TraitMax,TraitAvg,TraitStdev,TraitTotal
240.0,564.0,408.3954248366013,107.07435848852731,424.390243902439
