TraitMin,TraitMax,TraitAvg,TraitStdev,TraitTotal
268.57142857142856,460.0,365.71428571428567,74.83838369092018,362.962962962963
