TraitMin,TraitMax,TraitAvg,TraitStdev,TraitTotal
356.9230769230769,488.0,422.46153846153845,65.53846153846155,393.3333333333333
