SentiMin,SentiMax,SentiAvg,SentiStdev,Senti0-0.20,Senti0.21-0.40,Senti0.41-0.60,Senti0.61-0.80,Senti0.81-1.00,SentiTotal
2.5513036254529463E-5,0.006672515411794677,0.001603802734929928,0.0025495233792755755,5.0,0.0,0.0,0.0,0.0,2.974764241384448E-18