TraitMin,TraitMax,TraitAvg,TraitStdev,TraitTotal
168.0,534.5454545454545,349.7901073285688,103.87725686394332,377.9047619047619
