TraitMin,TraitMax,TraitAvg,TraitStdev,TraitTotal
440.0,1000.0,609.2857142857143,226.84504285830835,492.17391304347825
