TimeMin,TimeMax,TimeAvg,TimeStdev,TimeTotal
1200.0,7480.0,4971.428571428572,2188.3550806904427,34800.0
