TraitMin,TraitMax,TraitAvg,TraitStdev,TraitTotal
194.28571428571428,840.0,366.2014652014652,160.82406415279203,297.14285714285717
