SentiMin,SentiMax,SentiAvg,SentiStdev,Senti0-0.20,Senti0.21-0.40,Senti0.41-0.60,Senti0.61-0.80,Senti0.81-1.00,SentiTotal
0.19924545451767137,0.9611958417475951,0.45864794217318244,0.2061753707673638,1.0,3.0,5.0,0.0,1.0,0.3641142887133667