TraitMin,TraitMax,TraitAvg,TraitStdev,TraitTotal
284.0,640.0,392.4704184704185,122.57816531498055,360.90909090909093
