TimeMin,TimeMax,TimeAvg,TimeStdev,TimeTotal
640.0,2760.0,1493.3333333333333,722.4649164876835,17920.0
