TraitMin,TraitMax,TraitAvg,TraitStdev,TraitTotal
180.0,640.0,371.6666666666667,146.1068862929541,389.09090909090907
