SentiMin,SentiMax,SentiAvg,SentiStdev,Senti0-0.20,Senti0.21-0.40,Senti0.41-0.60,Senti0.61-0.80,Senti0.81-1.00,SentiTotal
0.0025427025329428977,0.4461733275406525,0.21615724610961204,0.16900026771130702,3.0,4.0,1.0,0.0,0.0,1.6154262876512007E-9