TraitMin,TraitMax,TraitAvg,TraitStdev,TraitTotal
260.0,638.1818181818181,400.5380333951763,109.36323475514182,442.4096385542169
