SentiMin,SentiMax,SentiAvg,SentiStdev,Senti0-0.20,Senti0.21-0.40,Senti0.41-0.60,Senti0.61-0.80,Senti0.81-1.00,SentiTotal
2.436199527522615E-6,0.7255978374208041,0.18006843274702794,0.28844766926208715,7.0,0.0,0.0,2.0,0.0,5.215387658712877E-16