SentiMin,SentiMax,SentiAvg,SentiStdev,Senti0-0.20,Senti0.21-0.40,Senti0.41-0.60,Senti0.61-0.80,Senti0.81-1.00,SentiTotal
0.00985449148705304,0.9611958417475951,0.30872500437387246,0.26469127639956724,4.0,5.0,3.0,0.0,1.0,2.1687116372862164E-8