TimeMin,TimeMax,TimeAvg,TimeStdev,TimeTotal
760.0,8440.0,3052.3076923076924,2422.3769440719993,39680.0
