TimeMin,TimeMax,TimeAvg,TimeStdev,TimeTotal
640.0,6080.0,2862.8571428571427,1501.1397030800515,40080.0
