TimeMin,TimeMax,TimeAvg,TimeStdev,TimeTotal
1360.0,9920.0,4123.636363636364,2531.515078967795,45360.0
