SentiMin,SentiMax,SentiAvg,SentiStdev,Senti0-0.20,Senti0.21-0.40,Senti0.41-0.60,Senti0.61-0.80,Senti0.81-1.00,SentiTotal
8.282124584789803E-4,0.7052070324135433,0.2520103442316638,0.23840924882524722,6.0,0.0,3.0,1.0,0.0,6.718250228788781E-10