SentiMin,SentiMax,SentiAvg,SentiStdev,Senti0-0.20,Senti0.21-0.40,Senti0.41-0.60,Senti0.61-0.80,Senti0.81-1.00,SentiTotal
1.6977102367587608E-4,0.39751759361842637,0.1280874825077791,0.1403191426071016,4.0,2.0,0.0,0.0,0.0,1.4627760307491385E-9