SentiMin,SentiMax,SentiAvg,SentiStdev,Senti0-0.20,Senti0.21-0.40,Senti0.41-0.60,Senti0.61-0.80,Senti0.81-1.00,SentiTotal
4.201941282859117E-6,0.46364466503952073,0.17574417805555975,0.20776452755605998,4.0,0.0,2.0,0.0,0.0,7.360251665085706E-14