TimeMin,TimeMax,TimeAvg,TimeStdev,TimeTotal
1000.0,14360.0,4126.666666666667,4632.489131725573,24760.0
