TraitMin,TraitMax,TraitAvg,TraitStdev,TraitTotal
170.0,1000.0,551.9047619047618,301.14520646052074,382.60869565217394
