TimeMin,TimeMax,TimeAvg,TimeStdev,TimeTotal
880.0,14160.0,5137.777777777777,4878.983905550139,46240.0
