TimeMin,TimeMax,TimeAvg,TimeStdev,TimeTotal
1000.0,6360.0,3053.3333333333335,2360.8661310817456,9160.0
