TraitMin,TraitMax,TraitAvg,TraitStdev,TraitTotal
257.14285714285717,706.6666666666666,487.9365079365079,183.71546788947663,508.8888888888889
