TraitMin,TraitMax,TraitAvg,TraitStdev,TraitTotal
226.66666666666666,234.66666666666666,230.66666666666666,4.0,231.66666666666666
