TimeMin,TimeMax,TimeAvg,TimeStdev,TimeTotal
1480.0,4560.0,3266.6666666666665,1195.0267314536898,19600.0
