SentiMin,SentiMax,SentiAvg,SentiStdev,Senti0-0.20,Senti0.21-0.40,Senti0.41-0.60,Senti0.61-0.80,Senti0.81-1.00,SentiTotal
0.002263844221685851,0.37980207379770065,0.14664136264294378,0.16642439761407807,2.0,1.0,0.0,0.0,0.0,8.677440700997202E-5