TraitMin,TraitMax,TraitAvg,TraitStdev,TraitTotal
224.0,900.0,648.0,240.01333296298355,685.7142857142857
