SentiMin,SentiMax,SentiAvg,SentiStdev,Senti0-0.20,Senti0.21-0.40,Senti0.41-0.60,Senti0.61-0.80,Senti0.81-1.00,SentiTotal
0.0015026555415974519,0.01793196902907703,0.009717312285337242,0.008214656743739791,2.0,0.0,0.0,0.0,0.0,2.7710760009942676E-5