TraitMin,TraitMax,TraitAvg,TraitStdev,TraitTotal
297.77777777777777,708.0,450.15937149270485,118.95040701217805,476.70103092783506
