TimeMin,TimeMax,TimeAvg,TimeStdev,TimeTotal
1000.0,1960.0,1257.142857142857,341.9989258844572,8800.0
