SentiMin,SentiMax,SentiAvg,SentiStdev,Senti0-0.20,Senti0.21-0.40,Senti0.41-0.60,Senti0.61-0.80,Senti0.81-1.00,SentiTotal
5.230853148032838E-6,0.6155765545157244,0.20610265617888274,0.22757962115561464,8.0,1.0,3.0,1.0,0.0,5.927518797712445E-22