SentiMin,SentiMax,SentiAvg,SentiStdev,Senti0-0.20,Senti0.21-0.40,Senti0.41-0.60,Senti0.61-0.80,Senti0.81-1.00,SentiTotal
3.081885205815172E-5,0.9041098809645616,0.28942805667671734,0.29715854879576026,7.0,2.0,0.0,3.0,1.0,5.148554363777883E-16