SentiMin,SentiMax,SentiAvg,SentiStdev,Senti0-0.20,Senti0.21-0.40,Senti0.41-0.60,Senti0.61-0.80,Senti0.81-1.00,SentiTotal
0.06735062806612656,0.6738861571082432,0.33603977800665313,0.1744486043243351,2.0,5.0,2.0,1.0,0.0,3.3586094101622816E-4