SentiMin,SentiMax,SentiAvg,SentiStdev,Senti0-0.20,Senti0.21-0.40,Senti0.41-0.60,Senti0.61-0.80,Senti0.81-1.00,SentiTotal
0.10836867414185372,0.9958327709452655,0.3136615766326037,0.2701897173780119,3.0,4.0,0.0,0.0,1.0,0.017212169776676157