TimeMin,TimeMax,TimeAvg,TimeStdev,TimeTotal
560.0,5400.0,1487.2727272727273,1390.1281229969802,16360.0
