TraitMin,TraitMax,TraitAvg,TraitStdev,TraitTotal
300.0,520.0,373.73851294903926,70.67906229792463,340.0
