SentiMin,SentiMax,SentiAvg,SentiStdev,Senti0-0.20,Senti0.21-0.40,Senti0.41-0.60,Senti0.61-0.80,Senti0.81-1.00,SentiTotal
6.5460161062667615E-6,0.9041098809645616,0.2127178214219606,0.29274276650818154,10.0,0.0,1.0,1.0,1.0,7.754710830211072E-24