TraitMin,TraitMax,TraitAvg,TraitStdev,TraitTotal
210.0,520.0,335.29628676785865,100.13758139204653,316.44444444444446
