SentiMin,SentiMax,SentiAvg,SentiStdev,Senti0-0.20,Senti0.21-0.40,Senti0.41-0.60,Senti0.61-0.80,Senti0.81-1.00,SentiTotal
0.0058152217959680915,0.997152238775999,0.43292166272529375,0.34825422052773286,4.0,0.0,2.0,2.0,2.0,0.004895208486893001