TraitMin,TraitMax,TraitAvg,TraitStdev,TraitTotal
240.0,520.0,337.90052053209945,91.69656594718712,316.95238095238096
