TraitMin,TraitMax,TraitAvg,TraitStdev,TraitTotal
140.0,640.0,367.91666666666663,140.8499743620061,322.85714285714283
