SentiMin,SentiMax,SentiAvg,SentiStdev,Senti0-0.20,Senti0.21-0.40,Senti0.41-0.60,Senti0.61-0.80,Senti0.81-1.00,SentiTotal
6.361175705107103E-6,0.3577312427036041,0.07075793484675118,0.1165920944609418,10.0,2.0,0.0,0.0,0.0,8.050612803900435E-27