TimeMin,TimeMax,TimeAvg,TimeStdev,TimeTotal
520.0,6240.0,2434.285714285714,1892.3519541478925,34080.0
