TimeMin,TimeMax,TimeAvg,TimeStdev,TimeTotal
520.0,8000.0,2190.769230769231,2136.461710177193,28480.0
