TraitMin,TraitMax,TraitAvg,TraitStdev,TraitTotal
160.0,530.0,333.4316239316239,91.96631853219381,338.252427184466
