SentiMin,SentiMax,SentiAvg,SentiStdev,Senti0-0.20,Senti0.21-0.40,Senti0.41-0.60,Senti0.61-0.80,Senti0.81-1.00,SentiTotal
6.403934414676145E-5,0.5200279388953188,0.11869341681418599,0.1734510757096225,6.0,1.0,1.0,0.0,0.0,2.485594351619877E-15