SentiMin,SentiMax,SentiAvg,SentiStdev,Senti0-0.20,Senti0.21-0.40,Senti0.41-0.60,Senti0.61-0.80,Senti0.81-1.00,SentiTotal
3.227878854207591E-4,0.44302228264674043,0.15534324902684105,0.14119533449281482,7.0,3.0,1.0,0.0,0.0,1.5289562214998206E-14