SentiMin,SentiMax,SentiAvg,SentiStdev,Senti0-0.20,Senti0.21-0.40,Senti0.41-0.60,Senti0.61-0.80,Senti0.81-1.00,SentiTotal
7.786988132228749E-6,0.9997761187900859,0.25708931780669353,0.3214840503789509,5.0,2.0,2.0,0.0,1.0,4.380950278084551E-13