SentiMin,SentiMax,SentiAvg,SentiStdev,Senti0-0.20,Senti0.21-0.40,Senti0.41-0.60,Senti0.61-0.80,Senti0.81-1.00,SentiTotal
4.322416373571864E-4,0.9998652512850107,0.2999567944443199,0.3436595238534115,7.0,3.0,1.0,0.0,2.0,3.078420123490208E-6