TraitMin,TraitMax,TraitAvg,TraitStdev,TraitTotal
194.28571428571428,640.0,333.1407416113298,136.29926059488994,277.2881355932203
