TraitMin,TraitMax,TraitAvg,TraitStdev,TraitTotal
290.90909090909093,656.0,471.7854358805446,124.7210551109996,451.42857142857144
