TraitMin,TraitMax,TraitAvg,TraitStdev,TraitTotal
187.5,580.0,348.4923214040861,114.3102466104432,329.68152866242036
