TimeMin,TimeMax,TimeAvg,TimeStdev,TimeTotal
600.0,10640.0,3107.6923076923076,3292.074758114972,40400.0
