SentiMin,SentiMax,SentiAvg,SentiStdev,Senti0-0.20,Senti0.21-0.40,Senti0.41-0.60,Senti0.61-0.80,Senti0.81-1.00,SentiTotal
1.9731741518114714E-5,0.3580117722926305,0.187851420826374,0.15469475606814168,2.0,3.0,0.0,0.0,0.0,1.4356276084006145E-8