TimeMin,TimeMax,TimeAvg,TimeStdev,TimeTotal
440.0,2360.0,1025.4545454545455,511.759240914277,11280.0
