TimeMin,TimeMax,TimeAvg,TimeStdev,TimeTotal
760.0,9480.0,3513.3333333333335,3263.978485767876,21080.0
