TimeMin,TimeMax,TimeAvg,TimeStdev,TimeTotal
530.0,14960.0,5223.333333333333,5373.0769169588075,47010.0
