SentiMin,SentiMax,SentiAvg,SentiStdev,Senti0-0.20,Senti0.21-0.40,Senti0.41-0.60,Senti0.61-0.80,Senti0.81-1.00,SentiTotal
4.466283744331375E-11,0.2705530154576621,0.11907867523572513,0.09494051294028065,5.0,2.0,0.0,0.0,0.0,8.924772199864432E-17