TraitMin,TraitMax,TraitAvg,TraitStdev,TraitTotal
213.33333333333334,381.25,305.1938034188034,63.89170452482706,335.6666666666667
