TraitMin,TraitMax,TraitAvg,TraitStdev,TraitTotal
432.8205128205128,580.0,498.2051282051282,56.789517603732946,448.16326530612247
