TraitMin,TraitMax,TraitAvg,TraitStdev,TraitTotal
333.3333333333333,1000.0,533.3333333333333,239.50170493478052,461.1764705882353
