TraitMin,TraitMax,TraitAvg,TraitStdev,TraitTotal
350.0,520.0,425.74074074074076,65.26851786174029,389.375
