TraitMin,TraitMax,TraitAvg,TraitStdev,TraitTotal
174.54545454545453,386.6666666666667,319.72582972582967,62.729299270062306,314.76190476190476
