TimeMin,TimeMax,TimeAvg,TimeStdev,TimeTotal
640.0,12200.0,6713.333333333333,4025.2149701047715,40280.0
