SentiMin,SentiMax,SentiAvg,SentiStdev,Senti0-0.20,Senti0.21-0.40,Senti0.41-0.60,Senti0.61-0.80,Senti0.81-1.00,SentiTotal
1.6498796167005906E-5,0.9999818911888257,0.3050890796467469,0.3192967673105158,6.0,1.0,1.0,1.0,1.0,1.3611297053556241E-5