TraitMin,TraitMax,TraitAvg,TraitStdev,TraitTotal
589.6296296296297,589.6296296296297,589.6296296296297,0.0,589.6296296296297
