TraitMin,TraitMax,TraitAvg,TraitStdev,TraitTotal
211.11111111111111,500.0,322.3219954648526,104.61325319515059,296.8627450980392
