SentiMin,SentiMax,SentiAvg,SentiStdev,Senti0-0.20,Senti0.21-0.40,Senti0.41-0.60,Senti0.61-0.80,Senti0.81-1.00,SentiTotal
2.7579890495342427E-9,0.8182017244759443,0.17679726507893387,0.25790245609502854,6.0,2.0,0.0,0.0,1.0,8.237416067541424E-24