SentiMin,SentiMax,SentiAvg,SentiStdev,Senti0-0.20,Senti0.21-0.40,Senti0.41-0.60,Senti0.61-0.80,Senti0.81-1.00,SentiTotal
0.20931386455346448,0.20931386455346448,0.20931386455346448,0.0,0.0,1.0,0.0,0.0,0.0,0.20931386455346448