SentiMin,SentiMax,SentiAvg,SentiStdev,Senti0-0.20,Senti0.21-0.40,Senti0.41-0.60,Senti0.61-0.80,Senti0.81-1.00,SentiTotal
4.231995439288944E-6,0.38685675479803405,0.07864259290944448,0.1407259292366752,5.0,1.0,0.0,0.0,0.0,9.603784646840892E-17