SentiMin,SentiMax,SentiAvg,SentiStdev,Senti0-0.20,Senti0.21-0.40,Senti0.41-0.60,Senti0.61-0.80,Senti0.81-1.00,SentiTotal
0.06288033094790456,0.39697510199130176,0.21955060777503718,0.11697153589211283,2.0,3.0,0.0,0.0,0.0,7.745058799645826E-4