TimeMin,TimeMax,TimeAvg,TimeStdev,TimeTotal
1200.0,18920.0,9553.333333333334,5496.976946973268,57320.0
