TraitMin,TraitMax,TraitAvg,TraitStdev,TraitTotal
213.33333333333334,600.0,408.50598290598293,126.91217178395809,413.3333333333333
