TraitMin,TraitMax,TraitAvg,TraitStdev,TraitTotal
132.5,575.3846153846154,343.91381088047757,133.99034647715527,388.5123966942149
