SentiMin,SentiMax,SentiAvg,SentiStdev,Senti0-0.20,Senti0.21-0.40,Senti0.41-0.60,Senti0.61-0.80,Senti0.81-1.00,SentiTotal
5.771851387488373E-11,0.6188615808875176,0.193231200719211,0.2525858952360542,3.0,0.0,0.0,1.0,0.0,1.2331791828493697E-13