TraitMin,TraitMax,TraitAvg,TraitStdev,TraitTotal
171.42857142857142,527.0588235294117,410.08025178034603,123.99524410646112,444.3410852713178
