TimeMin,TimeMax,TimeAvg,TimeStdev,TimeTotal
1000.0,8960.0,3777.1428571428573,2619.213154941844,26440.0
