SentiMin,SentiMax,SentiAvg,SentiStdev,Senti0-0.20,Senti0.21-0.40,Senti0.41-0.60,Senti0.61-0.80,Senti0.81-1.00,SentiTotal
4.158087618967291E-4,0.5425813081463245,0.22371669714394496,0.205811706991494,2.0,1.0,1.0,0.0,0.0,1.827922792578316E-5