TraitMin,TraitMax,TraitAvg,TraitStdev,TraitTotal
205.71428571428572,1000.0,474.1792717086834,218.8611357761151,388.8
