TimeMin,TimeMax,TimeAvg,TimeStdev,TimeTotal
480.0,2400.0,1054.5454545454545,512.8948791173425,11600.0
