SentiMin,SentiMax,SentiAvg,SentiStdev,Senti0-0.20,Senti0.21-0.40,Senti0.41-0.60,Senti0.61-0.80,Senti0.81-1.00,SentiTotal
0.39697510199130176,0.49789225920557484,0.4474336805984383,0.05045857860713654,0.0,1.0,1.0,0.0,0.0,0.39697510199130176