TraitMin,TraitMax,TraitAvg,TraitStdev,TraitTotal
280.0,610.0,408.0,100.92122679146354,380.8695652173913
