TraitMin,TraitMax,TraitAvg,TraitStdev,TraitTotal
400.0,840.0,584.1666666666666,128.92450417890998,526.6666666666666
