SentiMin,SentiMax,SentiAvg,SentiStdev,Senti0-0.20,Senti0.21-0.40,Senti0.41-0.60,Senti0.61-0.80,Senti0.81-1.00,SentiTotal
5.392026201002629E-4,0.46364466503952073,0.24625798797736564,0.16872509620718026,5.0,5.0,4.0,0.0,0.0,5.490757554145261E-15