TraitMin,TraitMax,TraitAvg,TraitStdev,TraitTotal
312.0,960.0,547.3333333333334,202.20671491213034,460.0
