SentiMin,SentiMax,SentiAvg,SentiStdev,Senti0-0.20,Senti0.21-0.40,Senti0.41-0.60,Senti0.61-0.80,Senti0.81-1.00,SentiTotal
0.048278002877001056,0.3881155513839803,0.18437151562088563,0.14675338676929597,2.0,1.0,0.0,0.0,0.0,0.00430557384860057