SentiMin,SentiMax,SentiAvg,SentiStdev,Senti0-0.20,Senti0.21-0.40,Senti0.41-0.60,Senti0.61-0.80,Senti0.81-1.00,SentiTotal
1.757050255563287E-5,0.5318834537628724,0.15390442161826892,0.18011287630910153,12.0,1.0,3.0,0.0,0.0,1.180933086022574E-24