TimeMin,TimeMax,TimeAvg,TimeStdev,TimeTotal
1000.0,2120.0,1426.6666666666667,494.5929864264375,4280.0
