TimeMin,TimeMax,TimeAvg,TimeStdev,TimeTotal
720.0,4080.0,1495.5555555555557,983.1594322060907,26920.0
