TraitMin,TraitMax,TraitAvg,TraitStdev,TraitTotal
217.14285714285714,960.0,512.0105820105821,218.93049062835303,407.8787878787879
