SentiMin,SentiMax,SentiAvg,SentiStdev,Senti0-0.20,Senti0.21-0.40,Senti0.41-0.60,Senti0.61-0.80,Senti0.81-1.00,SentiTotal
0.03234965628759284,0.5334808955184694,0.29251507567026125,0.1683973778721765,3.0,3.0,2.0,0.0,0.0,1.1613424235589376E-4