SentiMin,SentiMax,SentiAvg,SentiStdev,Senti0-0.20,Senti0.21-0.40,Senti0.41-0.60,Senti0.61-0.80,Senti0.81-1.00,SentiTotal
0.010240358678317569,0.46364466503952073,0.24768229682457307,0.16621254949715425,2.0,3.0,1.0,0.0,0.0,5.20094564474369E-5