TraitMin,TraitMax,TraitAvg,TraitStdev,TraitTotal
195.0,760.0,413.1818181818182,188.05551316847334,290.0
