TraitMin,TraitMax,TraitAvg,TraitStdev,TraitTotal
386.6666666666667,500.0,436.8888888888889,47.15721015004812,428.0
