TimeMin,TimeMax,TimeAvg,TimeStdev,TimeTotal
720.0,2440.0,1347.6923076923076,522.3343144908963,17520.0
