TraitMin,TraitMax,TraitAvg,TraitStdev,TraitTotal
170.0,680.0,347.6686507936508,143.02793713045062,286.15384615384613
