SentiMin,SentiMax,SentiAvg,SentiStdev,Senti0-0.20,Senti0.21-0.40,Senti0.41-0.60,Senti0.61-0.80,Senti0.81-1.00,SentiTotal
0.00168758762473986,0.9893520028537277,0.36406859783882844,0.306724335028727,5.0,4.0,1.0,1.0,2.0,5.192141194950782E-8