SentiMin,SentiMax,SentiAvg,SentiStdev,Senti0-0.20,Senti0.21-0.40,Senti0.41-0.60,Senti0.61-0.80,Senti0.81-1.00,SentiTotal
4.7988139896154006E-4,0.4898631585877994,0.25325648950679563,0.17521957083715314,5.0,4.0,2.0,0.0,0.0,2.5993540471625305E-10