TraitMin,TraitMax,TraitAvg,TraitStdev,TraitTotal
270.0,840.0,486.66666666666663,176.30691133397744,413.3333333333333
