TraitMin,TraitMax,TraitAvg,TraitStdev,TraitTotal
483.5,732.4,587.4333333333334,105.67435303274343,561.45
