SentiMin,SentiMax,SentiAvg,SentiStdev,Senti0-0.20,Senti0.21-0.40,Senti0.41-0.60,Senti0.61-0.80,Senti0.81-1.00,SentiTotal
0.49789225920557484,0.7264240096332016,0.5296709724600335,0.07502423449187574,0.0,0.0,11.0,2.0,0.0,0.8519774368384309