TraitMin,TraitMax,TraitAvg,TraitStdev,TraitTotal
287.5,1545.3333333333333,849.9,396.99510678951043,674.1
