TimeMin,TimeMax,TimeAvg,TimeStdev,TimeTotal
2299.0,8474.0,4457.333333333333,2131.7524871960786,40116.0
