TraitMin,TraitMax,TraitAvg,TraitStdev,TraitTotal
426.1666666666667,2300.0,985.3189393939393,650.9651737980271,665.5438596491229
