SentiMin,SentiMax,SentiAvg,SentiStdev,Senti0-0.20,Senti0.21-0.40,Senti0.41-0.60,Senti0.61-0.80,Senti0.81-1.00,SentiTotal
0.39545375139710925,0.49789225920557484,0.4637460899360863,0.04828997568399808,0.0,1.0,2.0,0.0,0.0,0.39545375139710925