SentiMin,SentiMax,SentiAvg,SentiStdev,Senti0-0.20,Senti0.21-0.40,Senti0.41-0.60,Senti0.61-0.80,Senti0.81-1.00,SentiTotal
0.3397172522164106,0.6824837810859113,0.5031755621838093,0.10858526265964623,0.0,1.0,3.0,1.0,0.0,0.527244584969732