TraitMin,TraitMax,TraitAvg,TraitStdev,TraitTotal
485.8,3197.0,1134.1675925925927,903.779052180996,729.3818181818182
