SentiMin,SentiMax,SentiAvg,SentiStdev,Senti0-0.20,Senti0.21-0.40,Senti0.41-0.60,Senti0.61-0.80,Senti0.81-1.00,SentiTotal
0.34322267253793753,0.5538133281862514,0.469734692055064,0.06979087073798673,0.0,2.0,7.0,0.0,0.0,0.256359125346268