TimeMin,TimeMax,TimeAvg,TimeStdev,TimeTotal
2299.0,8537.0,3768.5384615384614,1649.5769907830038,48991.0
