TraitMin,TraitMax,TraitAvg,TraitStdev,TraitTotal
383.3333333333333,575.0,479.16666666666663,95.83333333333334,460.0
