TraitMin,TraitMax,TraitAvg,TraitStdev,TraitTotal
459.6,882.25,617.8483134920635,148.3472352258139,607.1206896551724
