TraitMin,TraitMax,TraitAvg,TraitStdev,TraitTotal
328.57142857142856,2299.0,692.5258730158731,589.1467985078194,465.0175438596491
