TraitMin,TraitMax,TraitAvg,TraitStdev,TraitTotal
255.33333333333334,1150.5,636.2785714285715,326.7876403881133,487.7659574468085
