TimeMin,TimeMax,TimeAvg,TimeStdev,TimeTotal
2220.0,5222.0,3161.3333333333335,1123.5270604465009,37936.0
