TraitMin,TraitMax,TraitAvg,TraitStdev,TraitTotal
534.0,4005.0,1342.5361416361416,1020.0312845866151,874.8392857142857
