SentiMin,SentiMax,SentiAvg,SentiStdev,Senti0-0.20,Senti0.21-0.40,Senti0.41-0.60,Senti0.61-0.80,Senti0.81-1.00,SentiTotal
0.1544534555527003,0.49789225920557484,0.39420610297643677,0.14782128855920892,1.0,1.0,4.0,0.0,0.0,0.04917655720144776