SentiMin,SentiMax,SentiAvg,SentiStdev,Senti0-0.20,Senti0.21-0.40,Senti0.41-0.60,Senti0.61-0.80,Senti0.81-1.00,SentiTotal
5.780039814457055E-5,0.5159436667231726,0.18730577714688723,0.19125129248441683,7.0,2.0,3.0,0.0,0.0,1.3382180642519878E-17