TimeMin,TimeMax,TimeAvg,TimeStdev,TimeTotal
400.0,1880.0,973.3333333333334,408.3571421630282,11680.0
