TimeMin,TimeMax,TimeAvg,TimeStdev,TimeTotal
280.0,6360.0,1470.5882352941176,1402.3529411764707,25000.0
