SentiMin,SentiMax,SentiAvg,SentiStdev,Senti0-0.20,Senti0.21-0.40,Senti0.41-0.60,Senti0.61-0.80,Senti0.81-1.00,SentiTotal
9.231331920988142E-6,0.63314278449721,0.17077382545684852,0.1936726187666749,10.0,4.0,1.0,1.0,0.0,1.2916559296769196E-26