SentiMin,SentiMax,SentiAvg,SentiStdev,Senti0-0.20,Senti0.21-0.40,Senti0.41-0.60,Senti0.61-0.80,Senti0.81-1.00,SentiTotal
5.632336273857786E-6,0.5984787633399626,0.1423433387645242,0.2028039824736248,8.0,2.0,1.0,0.0,0.0,3.0503210704741356E-20