TraitMin,TraitMax,TraitAvg,TraitStdev,TraitTotal
200.0,760.0,440.1960784313726,168.38514282587576,377.43589743589746
