TraitMin,TraitMax,TraitAvg,TraitStdev,TraitTotal
180.0,640.0,400.89635854341736,127.07943553509931,350.8196721311475
