SentiMin,SentiMax,SentiAvg,SentiStdev,Senti0-0.20,Senti0.21-0.40,Senti0.41-0.60,Senti0.61-0.80,Senti0.81-1.00,SentiTotal
1.908193499054361E-4,0.8170726711789509,0.284940056220285,0.2744037134310156,7.0,5.0,1.0,1.0,2.0,1.0901062166251358E-14