TraitMin,TraitMax,TraitAvg,TraitStdev,TraitTotal
193.33333333333334,600.0,317.6587301587302,116.95452959567375,306.9230769230769
