TimeMin,TimeMax,TimeAvg,TimeStdev,TimeTotal
560.0,3280.0,1651.4285714285713,1020.8599816041456,11560.0
