SentiMin,SentiMax,SentiAvg,SentiStdev,Senti0-0.20,Senti0.21-0.40,Senti0.41-0.60,Senti0.61-0.80,Senti0.81-1.00,SentiTotal
2.5035578496414393E-4,0.4737554465528978,0.11332479154223579,0.14415843281498764,12.0,4.0,1.0,0.0,0.0,3.089504900188992E-26