TimeMin,TimeMax,TimeAvg,TimeStdev,TimeTotal
400.0,4640.0,1538.8235294117646,1306.6431276273481,26160.0
