TimeMin,TimeMax,TimeAvg,TimeStdev,TimeTotal
480.0,1560.0,865.8823529411765,316.43341133045413,14720.0
