TimeMin,TimeMax,TimeAvg,TimeStdev,TimeTotal
480.0,3320.0,1654.5454545454545,756.6957312897081,18200.0
