SentiMin,SentiMax,SentiAvg,SentiStdev,Senti0-0.20,Senti0.21-0.40,Senti0.41-0.60,Senti0.61-0.80,Senti0.81-1.00,SentiTotal
1.482311991421219E-4,0.5517792519107959,0.2201536091165572,0.18814140814095273,6.0,2.0,3.0,0.0,0.0,1.69051481092012E-11