SentiMin,SentiMax,SentiAvg,SentiStdev,Senti0-0.20,Senti0.21-0.40,Senti0.41-0.60,Senti0.61-0.80,Senti0.81-1.00,SentiTotal
3.9133898140948897E-4,0.49789225920557484,0.23232925025848372,0.1753257237193442,6.0,8.0,4.0,0.0,0.0,1.4970380837379983E-18