TraitMin,TraitMax,TraitAvg,TraitStdev,TraitTotal
140.0,380.0,275.97222222222223,77.7736854082106,281.9047619047619
