SentiMin,SentiMax,SentiAvg,SentiStdev,Senti0-0.20,Senti0.21-0.40,Senti0.41-0.60,Senti0.61-0.80,Senti0.81-1.00,SentiTotal
7.976606808710243E-4,0.5755436691302463,0.20828078515804305,0.18755511135798808,8.0,7.0,2.0,0.0,0.0,7.720742639985412E-19