SentiMin,SentiMax,SentiAvg,SentiStdev,Senti0-0.20,Senti0.21-0.40,Senti0.41-0.60,Senti0.61-0.80,Senti0.81-1.00,SentiTotal
9.380035544458364E-4,0.5755436691302463,0.3046907908444802,0.21245610094446002,6.0,4.0,7.0,0.0,0.0,8.082858199618057E-14