TraitMin,TraitMax,TraitAvg,TraitStdev,TraitTotal
146.66666666666666,660.0,335.24037114845936,150.7357648363539,291.1764705882353
