TraitMin,TraitMax,TraitAvg,TraitStdev,TraitTotal
160.0,517.1428571428571,304.5045518207283,107.61531603673927,307.57575757575756
