TimeMin,TimeMax,TimeAvg,TimeStdev,TimeTotal
400.0,2920.0,1382.2222222222222,925.1279524449911,12440.0
