TraitMin,TraitMax,TraitAvg,TraitStdev,TraitTotal
180.0,504.0,338.43571428571425,94.88727173195937,319.2307692307692
