TimeMin,TimeMax,TimeAvg,TimeStdev,TimeTotal
480.0,2160.0,997.8947368421053,569.9083855033508,18960.0
