TimeMin,TimeMax,TimeAvg,TimeStdev,TimeTotal
400.0,5520.0,1587.6923076923076,1382.2954924336427,20640.0
