TraitMin,TraitMax,TraitAvg,TraitStdev,TraitTotal
136.0,640.0,310.2986111111111,140.62379063265985,283.1818181818182
