TimeMin,TimeMax,TimeAvg,TimeStdev,TimeTotal
440.0,6120.0,1969.2307692307693,1617.0745738879182,25600.0
