SentiMin,SentiMax,SentiAvg,SentiStdev,Senti0-0.20,Senti0.21-0.40,Senti0.41-0.60,Senti0.61-0.80,Senti0.81-1.00,SentiTotal
0.008603326500746822,0.5159436667231726,0.20623827921808194,0.19175970598124203,9.0,2.0,4.0,0.0,0.0,2.5623889439837172E-14