TraitMin,TraitMax,TraitAvg,TraitStdev,TraitTotal
200.0,500.0,260.46865634365633,69.93329126213443,247.69230769230768
