TraitMin,TraitMax,TraitAvg,TraitStdev,TraitTotal
128.0,640.0,333.93939393939394,148.95038955681733,271.0
