SentiMin,SentiMax,SentiAvg,SentiStdev,Senti0-0.20,Senti0.21-0.40,Senti0.41-0.60,Senti0.61-0.80,Senti0.81-1.00,SentiTotal
1.106179625705319E-12,0.6274708568440207,0.18240964477009122,0.21261360250264846,8.0,3.0,1.0,1.0,0.0,6.8915138911607845E-31