TimeMin,TimeMax,TimeAvg,TimeStdev,TimeTotal
560.0,2440.0,1181.1764705882354,487.9956889026206,20080.0
