TraitMin,TraitMax,TraitAvg,TraitStdev,TraitTotal
240.0,720.0,441.94444444444434,159.0740471262858,389.3333333333333
