SentiMin,SentiMax,SentiAvg,SentiStdev,Senti0-0.20,Senti0.21-0.40,Senti0.41-0.60,Senti0.61-0.80,Senti0.81-1.00,SentiTotal
1.5551059169857543E-9,0.46127768308170247,0.10908582806003495,0.1496757811962812,10.0,2.0,1.0,0.0,0.0,5.669433107374156E-34