SentiMin,SentiMax,SentiAvg,SentiStdev,Senti0-0.20,Senti0.21-0.40,Senti0.41-0.60,Senti0.61-0.80,Senti0.81-1.00,SentiTotal
9.861447758286835E-5,0.49789225920557484,0.03496198269168094,0.10317323625873447,21.0,0.0,1.0,0.0,0.0,1.2633636091099972E-50