TraitMin,TraitMax,TraitAvg,TraitStdev,TraitTotal
130.0,426.6666666666667,258.6539502164502,77.84016060695733,271.30434782608694
