SentiMin,SentiMax,SentiAvg,SentiStdev,Senti0-0.20,Senti0.21-0.40,Senti0.41-0.60,Senti0.61-0.80,Senti0.81-1.00,SentiTotal
5.045165669204156E-4,0.5755436691302463,0.2151871046068461,0.18908427241269823,8.0,5.0,3.0,0.0,0.0,2.3987148883602575E-17