SentiMin,SentiMax,SentiAvg,SentiStdev,Senti0-0.20,Senti0.21-0.40,Senti0.41-0.60,Senti0.61-0.80,Senti0.81-1.00,SentiTotal
1.2863293038159373E-5,0.5293700225891195,0.20326573220972083,0.1953313279802179,9.0,3.0,4.0,0.0,0.0,1.406155092955102E-21