SentiMin,SentiMax,SentiAvg,SentiStdev,Senti0-0.20,Senti0.21-0.40,Senti0.41-0.60,Senti0.61-0.80,Senti0.81-1.00,SentiTotal
0.005763297116638769,0.5935552403912988,0.2602698609468826,0.18547564022644192,8.0,5.0,6.0,0.0,0.0,3.860991246282586E-13