TraitMin,TraitMax,TraitAvg,TraitStdev,TraitTotal
156.0,506.6666666666667,304.9554655870445,91.49904035622784,269.2682926829268
