SentiMin,SentiMax,SentiAvg,SentiStdev,Senti0-0.20,Senti0.21-0.40,Senti0.41-0.60,Senti0.61-0.80,Senti0.81-1.00,SentiTotal
0.002217654772403456,0.5279029909823151,0.18999721133702813,0.18831947999948537,6.0,3.0,2.0,0.0,0.0,7.611589335649885E-13