TraitMin,TraitMax,TraitAvg,TraitStdev,TraitTotal
144.0,600.0,301.2456140350877,106.42801383980685,267.27272727272725
