SentiMin,SentiMax,SentiAvg,SentiStdev,Senti0-0.20,Senti0.21-0.40,Senti0.41-0.60,Senti0.61-0.80,Senti0.81-1.00,SentiTotal
2.3355907739890049E-4,0.49097408426477157,0.10496054600469233,0.14532913066831576,10.0,3.0,1.0,0.0,0.0,6.445639919797737E-24