TraitMin,TraitMax,TraitAvg,TraitStdev,TraitTotal
180.0,600.0,363.1228070175439,126.18491107948965,362.1917808219178
