TraitMin,TraitMax,TraitAvg,TraitStdev,TraitTotal
196.36363636363637,520.0,316.21645021645014,91.62916470693617,282.77777777777777
