TimeMin,TimeMax,TimeAvg,TimeStdev,TimeTotal
320.0,5080.0,1454.2857142857142,1338.6225024560258,20360.0
