TraitMin,TraitMax,TraitAvg,TraitStdev,TraitTotal
138.1818181818182,700.0,239.54834054834055,119.59022015219715,220.33519553072625
