TimeMin,TimeMax,TimeAvg,TimeStdev,TimeTotal
800.0,11720.0,3334.285714285714,2955.1159375025595,46680.0
