TraitMin,TraitMax,TraitAvg,TraitStdev,TraitTotal
173.33333333333334,760.0,365.6947496947497,199.03880301684688,275.23809523809524
