SentiMin,SentiMax,SentiAvg,SentiStdev,Senti0-0.20,Senti0.21-0.40,Senti0.41-0.60,Senti0.61-0.80,Senti0.81-1.00,SentiTotal
9.966158263721565E-5,0.927573679488838,0.20281822909008387,0.24010075457361735,11.0,5.0,2.0,0.0,1.0,2.984961186013141E-22