SentiMin,SentiMax,SentiAvg,SentiStdev,Senti0-0.20,Senti0.21-0.40,Senti0.41-0.60,Senti0.61-0.80,Senti0.81-1.00,SentiTotal
2.6072964962806203E-6,0.6758624204626056,0.11118030249846042,0.18186037482249004,11.0,4.0,0.0,1.0,0.0,2.290168368546453E-34