TraitMin,TraitMax,TraitAvg,TraitStdev,TraitTotal
150.0,454.54545454545456,264.4206349206349,87.7715790961573,259.3814432989691
