TimeMin,TimeMax,TimeAvg,TimeStdev,TimeTotal
480.0,3760.0,1145.7142857142858,818.7247425610346,16040.0
