TraitMin,TraitMax,TraitAvg,TraitStdev,TraitTotal
193.33333333333334,560.0,388.7179487179487,142.69690459147665,312.1951219512195
