TraitMin,TraitMax,TraitAvg,TraitStdev,TraitTotal
220.0,840.0,375.2609908609909,147.57214668760707,334.4
