TraitMin,TraitMax,TraitAvg,TraitStdev,TraitTotal
231.11111111111111,434.2857142857143,307.56105006105,64.10819151653428,307.6666666666667
