TimeMin,TimeMax,TimeAvg,TimeStdev,TimeTotal
400.0,3000.0,1018.9473684210526,613.1703183742509,19360.0
