TraitMin,TraitMax,TraitAvg,TraitStdev,TraitTotal
260.0,760.0,434.984126984127,149.7672267961927,379.62264150943395
