TimeMin,TimeMax,TimeAvg,TimeStdev,TimeTotal
640.0,2680.0,1162.1052631578948,527.2328851991851,22080.0
