TraitMin,TraitMax,TraitAvg,TraitStdev,TraitTotal
175.0,600.0,311.387847446671,112.49837604004419,275.36842105263156
