TraitMin,TraitMax,TraitAvg,TraitStdev,TraitTotal
160.0,760.0,323.1185807656396,165.48664135877087,254.1772151898734
