SentiMin,SentiMax,SentiAvg,SentiStdev,Senti0-0.20,Senti0.21-0.40,Senti0.41-0.60,Senti0.61-0.80,Senti0.81-1.00,SentiTotal
8.624035323225121E-6,0.5136446707795853,0.1888598696769238,0.1800213210507619,11.0,2.0,3.0,0.0,0.0,1.4607667786989945E-22