TraitMin,TraitMax,TraitAvg,TraitStdev,TraitTotal
204.7058823529412,660.0,341.222150398621,127.84939776248214,282.73972602739724
