TraitMin,TraitMax,TraitAvg,TraitStdev,TraitTotal
170.0,1000.0,393.65231259968107,202.15064439228777,312.258064516129
