SentiMin,SentiMax,SentiAvg,SentiStdev,Senti0-0.20,Senti0.21-0.40,Senti0.41-0.60,Senti0.61-0.80,Senti0.81-1.00,SentiTotal
2.4297087278869262E-4,0.3242229476227804,0.10954549850252371,0.11899670377348624,13.0,5.0,0.0,0.0,0.0,2.483067121623766E-25