TraitMin,TraitMax,TraitAvg,TraitStdev,TraitTotal
146.66666666666666,960.0,336.46938775510205,198.91163686403485,262.95081967213116
