TraitMin,TraitMax,TraitAvg,TraitStdev,TraitTotal
172.30769230769232,530.0,330.53879453879455,116.38591073805956,284.375
