TraitMin,TraitMax,TraitAvg,TraitStdev,TraitTotal
168.88888888888889,566.6666666666666,315.75091575091574,118.19620904812258,302.9268292682927
