TimeMin,TimeMax,TimeAvg,TimeStdev,TimeTotal
400.0,5360.0,1258.8235294117646,1171.5142657008,21400.0
