SentiMin,SentiMax,SentiAvg,SentiStdev,Senti0-0.20,Senti0.21-0.40,Senti0.41-0.60,Senti0.61-0.80,Senti0.81-1.00,SentiTotal
0.0020218614637921625,0.49789225920557484,0.15807260193130407,0.17677505875259286,8.0,4.0,1.0,0.0,0.0,4.4333888252733677E-17