TraitMin,TraitMax,TraitAvg,TraitStdev,TraitTotal
160.0,560.0,304.3015873015873,129.9395832242268,252.0
