TimeMin,TimeMax,TimeAvg,TimeStdev,TimeTotal
600.0,5560.0,2171.764705882353,1392.9411764705883,36920.0
