SentiMin,SentiMax,SentiAvg,SentiStdev,Senti0-0.20,Senti0.21-0.40,Senti0.41-0.60,Senti0.61-0.80,Senti0.81-1.00,SentiTotal
2.899002149318101E-5,0.39697510199130176,0.1558034615610992,0.1405304778046833,9.0,5.0,0.0,0.0,0.0,2.3213305988461E-22