TraitMin,TraitMax,TraitAvg,TraitStdev,TraitTotal
173.33333333333334,776.0,359.2135950469284,163.89767792407156,334.5762711864407
