TraitMin,TraitMax,TraitAvg,TraitStdev,TraitTotal
176.0,360.0,268.99357208448123,61.359786261216044,262.27848101265823
