SentiMin,SentiMax,SentiAvg,SentiStdev,Senti0-0.20,Senti0.21-0.40,Senti0.41-0.60,Senti0.61-0.80,Senti0.81-1.00,SentiTotal
0.0019032470316784871,0.5935552403912988,0.32250236767021845,0.19773390429948162,5.0,5.0,7.0,0.0,0.0,1.7076437027658786E-9