TimeMin,TimeMax,TimeAvg,TimeStdev,TimeTotal
520.0,5280.0,2193.3333333333335,1217.0090842352456,39480.0
