SentiMin,SentiMax,SentiAvg,SentiStdev,Senti0-0.20,Senti0.21-0.40,Senti0.41-0.60,Senti0.61-0.80,Senti0.81-1.00,SentiTotal
0.006116635385121882,0.49789225920557484,0.29647299174191766,0.19510776029714522,4.0,3.0,5.0,0.0,0.0,3.801000515394109E-8