TraitMin,TraitMax,TraitAvg,TraitStdev,TraitTotal
173.33333333333334,600.0,339.30194805194805,110.19710622981785,298.7096774193548
