SentiMin,SentiMax,SentiAvg,SentiStdev,Senti0-0.20,Senti0.21-0.40,Senti0.41-0.60,Senti0.61-0.80,Senti0.81-1.00,SentiTotal
1.4449703176901453E-4,0.4605141762638425,0.12829354950068203,0.13742897507303029,11.0,5.0,1.0,0.0,0.0,1.575118900050759E-25