TimeMin,TimeMax,TimeAvg,TimeStdev,TimeTotal
520.0,2160.0,985.4545454545455,465.3124783189667,10840.0
