TimeMin,TimeMax,TimeAvg,TimeStdev,TimeTotal
640.0,5000.0,1797.142857142857,1088.9013373345538,25160.0
