TraitMin,TraitMax,TraitAvg,TraitStdev,TraitTotal
137.14285714285714,530.0,257.062986616558,99.80465282813903,272.9824561403509
