TimeMin,TimeMax,TimeAvg,TimeStdev,TimeTotal
40.0,9120.0,1397.142857142857,2215.347211004659,19560.0
