SentiMin,SentiMax,SentiAvg,SentiStdev,Senti0-0.20,Senti0.21-0.40,Senti0.41-0.60,Senti0.61-0.80,Senti0.81-1.00,SentiTotal
0.2575963766895307,0.7264240096332016,0.507826604145824,0.12668206760465825,0.0,2.0,10.0,2.0,0.0,0.6270214260183057