TimeMin,TimeMax,TimeAvg,TimeStdev,TimeTotal
120.0,3480.0,2182.8571428571427,901.6447556028496,30560.0
