TimeMin,TimeMax,TimeAvg,TimeStdev,TimeTotal
240.0,7200.0,1877.142857142857,1712.9065881103493,26280.0
