TraitMin,TraitMax,TraitAvg,TraitStdev,TraitTotal
20.0,840.0,293.74935608918486,186.78469939804367,308.135593220339
