TraitMin,TraitMax,TraitAvg,TraitStdev,TraitTotal
283.6363636363636,1000.0,491.48148148148147,239.82973068404846,386.15384615384613
