SentiMin,SentiMax,SentiAvg,SentiStdev,Senti0-0.20,Senti0.21-0.40,Senti0.41-0.60,Senti0.61-0.80,Senti0.81-1.00,SentiTotal
0.34322267253793753,0.5505550505941735,0.43912854940353013,0.08482688050103648,0.0,3.0,4.0,0.0,0.0,0.1520399491974852