TraitMin,TraitMax,TraitAvg,TraitStdev,TraitTotal
36.0,450.0,265.6439909297052,125.27777705437876,270.92783505154637
