TraitMin,TraitMax,TraitAvg,TraitStdev,TraitTotal
15.384615384615385,880.0,309.30664573521716,240.15923419061318,248.53932584269663
