TimeMin,TimeMax,TimeAvg,TimeStdev,TimeTotal
80.0,5720.0,2474.285714285714,1462.511119790275,34640.0
