TraitMin,TraitMax,TraitAvg,TraitStdev,TraitTotal
250.0,1000.0,463.34163059163063,224.25669643954197,375.6756756756757
