SentiMin,SentiMax,SentiAvg,SentiStdev,Senti0-0.20,Senti0.21-0.40,Senti0.41-0.60,Senti0.61-0.80,Senti0.81-1.00,SentiTotal
0.30003009733959857,0.49789225920557484,0.43499043440836416,0.07765312505938117,0.0,7.0,10.0,0.0,0.0,0.01150083441910053