TimeMin,TimeMax,TimeAvg,TimeStdev,TimeTotal
80.0,5520.0,1251.4285714285713,1772.9026125169391,8760.0
