TimeMin,TimeMax,TimeAvg,TimeStdev,TimeTotal
1000.0,5680.0,3346.6666666666665,1770.9758766159284,20080.0
