TimeMin,TimeMax,TimeAvg,TimeStdev,TimeTotal
40.0,5000.0,1186.6666666666667,1743.5085953967139,7120.0
