TimeMin,TimeMax,TimeAvg,TimeStdev,TimeTotal
80.0,9800.0,2138.823529411765,2479.0175529192325,36360.0
