SentiMin,SentiMax,SentiAvg,SentiStdev,Senti0-0.20,Senti0.21-0.40,Senti0.41-0.60,Senti0.61-0.80,Senti0.81-1.00,SentiTotal
0.15631868287126874,0.6824837810859113,0.4847716693442449,0.1431690918306889,2.0,0.0,10.0,2.0,0.0,0.21054943879302004