TraitMin,TraitMax,TraitAvg,TraitStdev,TraitTotal
40.0,666.6666666666666,377.5555555555556,146.73233258230474,360.8333333333333
