TimeMin,TimeMax,TimeAvg,TimeStdev,TimeTotal
440.0,1320.0,822.8571428571429,314.8566243189922,5760.0
