SentiMin,SentiMax,SentiAvg,SentiStdev,Senti0-0.20,Senti0.21-0.40,Senti0.41-0.60,Senti0.61-0.80,Senti0.81-1.00,SentiTotal
7.029541174892938E-4,0.9611958417475951,0.2283561350546676,0.3169588225872442,6.0,0.0,1.0,0.0,1.0,6.890565566067062E-9