SentiMin,SentiMax,SentiAvg,SentiStdev,Senti0-0.20,Senti0.21-0.40,Senti0.41-0.60,Senti0.61-0.80,Senti0.81-1.00,SentiTotal
0.0010806785927599358,0.4323987421829692,0.22934909152023378,0.13068490769207952,5.0,9.0,1.0,0.0,0.0,3.0703668546468286E-12