TraitMin,TraitMax,TraitAvg,TraitStdev,TraitTotal
130.0,560.0,321.9047619047619,129.73547131377296,250.43478260869566
