TraitMin,TraitMax,TraitAvg,TraitStdev,TraitTotal
128.0,600.0,337.59999999999997,136.2302625867118,296.0
