TraitMin,TraitMax,TraitAvg,TraitStdev,TraitTotal
144.0,280.0,214.1333333333333,60.302054507104295,200.0
