TraitMin,TraitMax,TraitAvg,TraitStdev,TraitTotal
148.0,448.0,281.6392496392496,91.5410701029941,254.15384615384616
