TimeMin,TimeMax,TimeAvg,TimeStdev,TimeTotal
600.0,1960.0,1085.3333333333333,363.0586117358402,16280.0
