TraitMin,TraitMax,TraitAvg,TraitStdev,TraitTotal
182.85714285714286,880.0,352.280701754386,191.47098351382496,289.7560975609756
