SentiMin,SentiMax,SentiAvg,SentiStdev,Senti0-0.20,Senti0.21-0.40,Senti0.41-0.60,Senti0.61-0.80,Senti0.81-1.00,SentiTotal
0.017104088874161944,0.39697510199130176,0.18039617193447777,0.12459719299643914,4.0,3.0,0.0,0.0,0.0,7.075708497178384E-7