TraitMin,TraitMax,TraitAvg,TraitStdev,TraitTotal
148.57142857142858,680.0,291.85714285714283,199.32723581782673,196.8
