SentiMin,SentiMax,SentiAvg,SentiStdev,Senti0-0.20,Senti0.21-0.40,Senti0.41-0.60,Senti0.61-0.80,Senti0.81-1.00,SentiTotal
0.00644339148067406,0.37980207379770065,0.21482210428915444,0.13502484834426165,2.0,3.0,0.0,0.0,0.0,8.677440700997202E-5