TimeMin,TimeMax,TimeAvg,TimeStdev,TimeTotal
440.0,3160.0,1250.5263157894738,652.1016524261787,23760.0
