SentiMin,SentiMax,SentiAvg,SentiStdev,Senti0-0.20,Senti0.21-0.40,Senti0.41-0.60,Senti0.61-0.80,Senti0.81-1.00,SentiTotal
6.239043684451502E-6,0.7833225771326289,0.21932202075100804,0.25193410729080673,7.0,0.0,2.0,1.0,0.0,3.8281769950813146E-14