TraitMin,TraitMax,TraitAvg,TraitStdev,TraitTotal
191.11111111111111,640.0,321.9444444444444,141.4276305795937,269.1666666666667
