SentiMin,SentiMax,SentiAvg,SentiStdev,Senti0-0.20,Senti0.21-0.40,Senti0.41-0.60,Senti0.61-0.80,Senti0.81-1.00,SentiTotal
4.038461750780467E-6,6.525237373860365E-4,3.2828109956840846E-4,3.24242637817628E-4,2.0,0.0,0.0,0.0,0.0,2.6592493641789764E-9