TraitMin,TraitMax,TraitAvg,TraitStdev,TraitTotal
210.9090909090909,280.0,245.45454545454544,34.54545454545455,235.2941176470588
