SentiMin,SentiMax,SentiAvg,SentiStdev,Senti0-0.20,Senti0.21-0.40,Senti0.41-0.60,Senti0.61-0.80,Senti0.81-1.00,SentiTotal
0.0013361063696560578,0.39697510199130176,0.16977969627306702,0.11580483972407682,11.0,8.0,0.0,0.0,0.0,7.716840497291962E-18