SentiMin,SentiMax,SentiAvg,SentiStdev,Senti0-0.20,Senti0.21-0.40,Senti0.41-0.60,Senti0.61-0.80,Senti0.81-1.00,SentiTotal
0.02283338840985942,0.49789225920557484,0.2005778658667551,0.20383813987717647,3.0,1.0,1.0,0.0,0.0,2.7710760009942676E-5