SentiMin,SentiMax,SentiAvg,SentiStdev,Senti0-0.20,Senti0.21-0.40,Senti0.41-0.60,Senti0.61-0.80,Senti0.81-1.00,SentiTotal
1.7010944568578045E-10,0.27724218289731023,0.08665622065293031,0.1114439177400517,4.0,1.0,0.0,0.0,0.0,4.496357014833123E-20