TraitMin,TraitMax,TraitAvg,TraitStdev,TraitTotal
406.92857142857144,1066.0,651.6428571428572,294.5932916462851,452.8125
