TraitMin,TraitMax,TraitAvg,TraitStdev,TraitTotal
147.73684210526315,462.22222222222223,341.3537176274018,120.13991607407621,387.8510638297872
