SentiMin,SentiMax,SentiAvg,SentiStdev,Senti0-0.20,Senti0.21-0.40,Senti0.41-0.60,Senti0.61-0.80,Senti0.81-1.00,SentiTotal
0.0015791059622235516,0.8851154199723337,0.29798490932015265,0.41517044380763213,2.0,0.0,0.0,0.0,1.0,9.062181955098598E-5