TraitMin,TraitMax,TraitAvg,TraitStdev,TraitTotal
110.0,519.3125,338.9028846153846,137.60872269638352,410.0
