TimeMin,TimeMax,TimeAvg,TimeStdev,TimeTotal
540.0,24553.0,7901.714285714285,7890.457033916452,55312.0
