TraitMin,TraitMax,TraitAvg,TraitStdev,TraitTotal
246.33333333333334,789.5,405.95833333333337,222.40373619838314,392.0
