SentiMin,SentiMax,SentiAvg,SentiStdev,Senti0-0.20,Senti0.21-0.40,Senti0.41-0.60,Senti0.61-0.80,Senti0.81-1.00,SentiTotal
1.9119279259006597E-9,0.6590894793018206,0.19288698837536875,0.2766054374798488,4.0,0.0,1.0,1.0,0.0,1.2862759495396862E-25