TraitMin,TraitMax,TraitAvg,TraitStdev,TraitTotal
212.45454545454547,318.0,257.62770562770567,44.408865512073305,232.65384615384616
