TraitMin,TraitMax,TraitAvg,TraitStdev,TraitTotal
261.3809523809524,371.3103448275862,311.7413428206532,43.25965286978369,322.2538860103627
