TraitMin,TraitMax,TraitAvg,TraitStdev,TraitTotal
272.57142857142856,540.0,449.5459576138147,81.37905300077837,442.496
