SentiMin,SentiMax,SentiAvg,SentiStdev,Senti0-0.20,Senti0.21-0.40,Senti0.41-0.60,Senti0.61-0.80,Senti0.81-1.00,SentiTotal
6.149534910783188E-15,3.3368653672031904E-5,8.342342453997198E-6,1.444894752138405E-5,4.0,0.0,0.0,0.0,0.0,1.5747690920939212E-39