SentiMin,SentiMax,SentiAvg,SentiStdev,Senti0-0.20,Senti0.21-0.40,Senti0.41-0.60,Senti0.61-0.80,Senti0.81-1.00,SentiTotal
4.672746592024962E-11,0.021540532037687948,0.007180177394493063,0.010154304148446827,3.0,0.0,0.0,0.0,0.0,1.0363913435780441E-22