TraitMin,TraitMax,TraitAvg,TraitStdev,TraitTotal
268.9166666666667,337.2340425531915,305.44739952718675,28.091466714688103,317.50943396226415
