TraitMin,TraitMax,TraitAvg,TraitStdev,TraitTotal
523.3333333333334,675.0,599.1666666666667,75.83333333333331,545.0
