SentiMin,SentiMax,SentiAvg,SentiStdev,Senti0-0.20,Senti0.21-0.40,Senti0.41-0.60,Senti0.61-0.80,Senti0.81-1.00,SentiTotal
7.176967270512258E-4,0.30894559350784656,0.18694535004650203,0.11360834745713276,1.0,3.0,0.0,0.0,0.0,2.5910854769474793E-5