SentiMin,SentiMax,SentiAvg,SentiStdev,Senti0-0.20,Senti0.21-0.40,Senti0.41-0.60,Senti0.61-0.80,Senti0.81-1.00,SentiTotal
2.2516301863086535E-10,0.43796879524747484,0.1436699468797566,0.15143185892831357,5.0,1.0,1.0,0.0,0.0,5.496562736569028E-22