TimeMin,TimeMax,TimeAvg,TimeStdev,TimeTotal
1000.0,16695.0,7257.833333333333,6703.528707993193,43547.0
