TraitMin,TraitMax,TraitAvg,TraitStdev,TraitTotal
268.14,1000.0,454.6778100775194,247.46859978566755,336.7878787878788
