TimeMin,TimeMax,TimeAvg,TimeStdev,TimeTotal
318.0,3394.0,2016.3333333333333,1276.0784545717486,6049.0
