SentiMin,SentiMax,SentiAvg,SentiStdev,Senti0-0.20,Senti0.21-0.40,Senti0.41-0.60,Senti0.61-0.80,Senti0.81-1.00,SentiTotal
1.873409588537383E-13,0.053979006113723596,0.0108058868804248,0.021586565935042233,5.0,0.0,0.0,0.0,0.0,6.730779013828447E-32