TraitMin,TraitMax,TraitAvg,TraitStdev,TraitTotal
253.57142857142858,1000.0,612.5772029742129,257.9876931677666,399.8932038834951
