TraitMin,TraitMax,TraitAvg,TraitStdev,TraitTotal
267.8,294.9047619047619,281.35238095238094,13.552380952380958,283.6111111111111
