SentiMin,SentiMax,SentiAvg,SentiStdev,Senti0-0.20,Senti0.21-0.40,Senti0.41-0.60,Senti0.61-0.80,Senti0.81-1.00,SentiTotal
7.335849693722051E-14,0.24556890134905,0.10781804760602721,0.10912907752806711,4.0,2.0,0.0,0.0,0.0,2.829585311856791E-35