SentiMin,SentiMax,SentiAvg,SentiStdev,Senti0-0.20,Senti0.21-0.40,Senti0.41-0.60,Senti0.61-0.80,Senti0.81-1.00,SentiTotal
3.7994874413616914E-6,0.5136446707795853,0.22666898167748795,0.1881090924909576,6.0,4.0,3.0,0.0,0.0,3.664467925627484E-15