TraitMin,TraitMax,TraitAvg,TraitStdev,TraitTotal
257.14285714285717,592.0,372.9301809301809,104.66549072753912,371.864406779661
