SentiMin,SentiMax,SentiAvg,SentiStdev,Senti0-0.20,Senti0.21-0.40,Senti0.41-0.60,Senti0.61-0.80,Senti0.81-1.00,SentiTotal
6.812429709859172E-6,0.04002281861258345,0.020014815521146655,0.020008003091436796,2.0,0.0,0.0,0.0,0.0,2.8642648381376303E-7