TraitMin,TraitMax,TraitAvg,TraitStdev,TraitTotal
405.7142857142857,430.0,417.8571428571429,12.142857142857139,409.6
