SentiMin,SentiMax,SentiAvg,SentiStdev,Senti0-0.20,Senti0.21-0.40,Senti0.41-0.60,Senti0.61-0.80,Senti0.81-1.00,SentiTotal
5.925647055009699E-4,0.9990893539890437,0.24254048574408876,0.3351893847116563,8.0,3.0,0.0,0.0,2.0,4.1152991185652374E-10