TraitMin,TraitMax,TraitAvg,TraitStdev,TraitTotal
217.14285714285714,1000.0,541.6857142857143,300.9627124507524,362.3529411764706
