SentiMin,SentiMax,SentiAvg,SentiStdev,Senti0-0.20,Senti0.21-0.40,Senti0.41-0.60,Senti0.61-0.80,Senti0.81-1.00,SentiTotal
1.3818260790746285E-4,0.8714800535349174,0.2884047785458696,0.21677624597982725,6.0,6.0,3.0,0.0,1.0,4.034578854929436E-11