TimeMin,TimeMax,TimeAvg,TimeStdev,TimeTotal
1240.0,7200.0,3375.3846153846152,1695.1360979380224,43880.0
