SentiMin,SentiMax,SentiAvg,SentiStdev,Senti0-0.20,Senti0.21-0.40,Senti0.41-0.60,Senti0.61-0.80,Senti0.81-1.00,SentiTotal
2.1407782746428228E-5,0.41901263796461236,0.1582229701446566,0.14632573057729026,4.0,1.0,1.0,0.0,0.0,3.221866602567405E-9