SentiMin,SentiMax,SentiAvg,SentiStdev,Senti0-0.20,Senti0.21-0.40,Senti0.41-0.60,Senti0.61-0.80,Senti0.81-1.00,SentiTotal
1.2313435262247997E-4,0.23446276839761673,0.11729295137511961,0.11716981702249712,1.0,1.0,0.0,0.0,0.0,3.803516514612903E-5