SentiMin,SentiMax,SentiAvg,SentiStdev,Senti0-0.20,Senti0.21-0.40,Senti0.41-0.60,Senti0.61-0.80,Senti0.81-1.00,SentiTotal
4.664422989812086E-7,0.8945808700703616,0.2986016142938865,0.2686596945744906,4.0,4.0,1.0,1.0,1.0,6.817694339943597E-13