TraitMin,TraitMax,TraitAvg,TraitStdev,TraitTotal
221.33333333333334,520.0,365.0,98.52824374165418,312.43243243243245
