TraitMin,TraitMax,TraitAvg,TraitStdev,TraitTotal
304.0,1200.0,628.1904761904761,320.43813543249775,465.45454545454544
