TimeMin,TimeMax,TimeAvg,TimeStdev,TimeTotal
1200.0,6680.0,2250.909090909091,1641.8252290194068,24760.0
