TimeMin,TimeMax,TimeAvg,TimeStdev,TimeTotal
1040.0,3320.0,1926.6666666666667,891.8644640427278,11560.0
