TraitMin,TraitMax,TraitAvg,TraitStdev,TraitTotal
222.85714285714286,1200.0,422.8253968253968,268.2536721396625,339.17808219178085
