TimeMin,TimeMax,TimeAvg,TimeStdev,TimeTotal
960.0,2280.0,1462.857142857143,378.78430672403545,10240.0
