TraitMin,TraitMax,TraitAvg,TraitStdev,TraitTotal
184.0,840.0,501.3333333333333,268.23538585023084,320.0
