TraitMin,TraitMax,TraitAvg,TraitStdev,TraitTotal
120.0,480.0,282.7390791027155,107.66158378426711,256.49484536082474
