TraitMin,TraitMax,TraitAvg,TraitStdev,TraitTotal
110.0,440.0,254.8263888888889,83.60917166216845,274.43037974683546
