TraitMin,TraitMax,TraitAvg,TraitStdev,TraitTotal
106.66666666666667,680.0,241.99281113411553,146.66866384678292,206.45962732919256
