SentiMin,SentiMax,SentiAvg,SentiStdev,Senti0-0.20,Senti0.21-0.40,Senti0.41-0.60,Senti0.61-0.80,Senti0.81-1.00,SentiTotal
0.22489014274922023,0.39697510199130176,0.30828736615266394,0.07035292195167364,0.0,3.0,0.0,0.0,0.0,0.07786729295747907