SentiMin,SentiMax,SentiAvg,SentiStdev,Senti0-0.20,Senti0.21-0.40,Senti0.41-0.60,Senti0.61-0.80,Senti0.81-1.00,SentiTotal
0.013919303780393646,0.49789225920557484,0.2984644405099558,0.17246588939490928,3.0,6.0,5.0,0.0,0.0,2.5120672804000244E-8