TraitMin,TraitMax,TraitAvg,TraitStdev,TraitTotal
293.3333333333333,600.0,411.1111111111111,134.91652654809369,355.0
