TimeMin,TimeMax,TimeAvg,TimeStdev,TimeTotal
480.0,920.0,746.6666666666666,191.36933459209766,2240.0
