SentiMin,SentiMax,SentiAvg,SentiStdev,Senti0-0.20,Senti0.21-0.40,Senti0.41-0.60,Senti0.61-0.80,Senti0.81-1.00,SentiTotal
7.308599489686901E-4,0.5388994659433609,0.3141212364093878,0.19061756677766445,3.0,3.0,5.0,0.0,0.0,6.575081495372971E-8