TraitMin,TraitMax,TraitAvg,TraitStdev,TraitTotal
160.0,720.0,319.4859584859585,162.37718526984065,299.73333333333335
