TimeMin,TimeMax,TimeAvg,TimeStdev,TimeTotal
960.0,9360.0,3010.6666666666665,2362.9796632406487,45160.0
