SentiMin,SentiMax,SentiAvg,SentiStdev,Senti0-0.20,Senti0.21-0.40,Senti0.41-0.60,Senti0.61-0.80,Senti0.81-1.00,SentiTotal
3.132187810016783E-4,0.9047710481509686,0.28813360434589963,0.2933692065181947,4.0,2.0,2.0,0.0,1.0,2.0610895812061075E-10