TraitMin,TraitMax,TraitAvg,TraitStdev,TraitTotal
80.0,613.3333333333334,362.7020202020202,142.927135740583,359.2156862745098
