TraitMin,TraitMax,TraitAvg,TraitStdev,TraitTotal
120.0,328.8888888888889,218.02494331065762,61.27225675049185,225.78947368421052
