TraitMin,TraitMax,TraitAvg,TraitStdev,TraitTotal
125.0,328.0,232.031328320802,61.17282133133341,226.32911392405063
