SentiMin,SentiMax,SentiAvg,SentiStdev,Senti0-0.20,Senti0.21-0.40,Senti0.41-0.60,Senti0.61-0.80,Senti0.81-1.00,SentiTotal
6.720733381174439E-4,0.49789225920557484,0.1890625859618017,0.17716574623307813,9.0,3.0,3.0,0.0,0.0,5.021818002997548E-17