SentiMin,SentiMax,SentiAvg,SentiStdev,Senti0-0.20,Senti0.21-0.40,Senti0.41-0.60,Senti0.61-0.80,Senti0.81-1.00,SentiTotal
2.0267622578718194E-4,0.5136446707795853,0.3794735059485365,0.15133604233559333,1.0,5.0,6.0,0.0,0.0,3.7599290074655404E-6