SentiMin,SentiMax,SentiAvg,SentiStdev,Senti0-0.20,Senti0.21-0.40,Senti0.41-0.60,Senti0.61-0.80,Senti0.81-1.00,SentiTotal
0.0051352194097333825,0.5136446707795853,0.21616538769630406,0.19036906207401535,8.0,4.0,4.0,0.0,0.0,3.5883811833330225E-15