TimeMin,TimeMax,TimeAvg,TimeStdev,TimeTotal
400.0,5600.0,1873.3333333333333,1660.4283249277044,22480.0
