TimeMin,TimeMax,TimeAvg,TimeStdev,TimeTotal
440.0,3880.0,1986.6666666666667,1228.8386567993557,17880.0
