TimeMin,TimeMax,TimeAvg,TimeStdev,TimeTotal
360.0,6760.0,2261.818181818182,1910.3822472422928,24880.0
