SentiMin,SentiMax,SentiAvg,SentiStdev,Senti0-0.20,Senti0.21-0.40,Senti0.41-0.60,Senti0.61-0.80,Senti0.81-1.00,SentiTotal
4.995221740522581E-5,0.49789225920557484,0.21615897728033334,0.1956998632088778,4.0,1.0,2.0,0.0,0.0,1.3822699090641757E-9