SentiMin,SentiMax,SentiAvg,SentiStdev,Senti0-0.20,Senti0.21-0.40,Senti0.41-0.60,Senti0.61-0.80,Senti0.81-1.00,SentiTotal
0.005181399566134374,0.9800113366008606,0.3691688859680799,0.29231720085422414,4.0,2.0,2.0,1.0,1.0,9.203477982470632E-5