TraitMin,TraitMax,TraitAvg,TraitStdev,TraitTotal
93.33333333333333,920.0,422.2857142857143,243.09181938736901,299.5348837209302
