TraitMin,TraitMax,TraitAvg,TraitStdev,TraitTotal
172.30769230769232,523.3333333333334,273.4003804624495,95.01292480055318,280.4968944099379
