TimeMin,TimeMax,TimeAvg,TimeStdev,TimeTotal
600.0,1360.0,946.6666666666666,313.82939455839517,2840.0
