TraitMin,TraitMax,TraitAvg,TraitStdev,TraitTotal
280.0,960.0,552.1904761904763,250.44187303888904,395.13513513513516
