SentiMin,SentiMax,SentiAvg,SentiStdev,Senti0-0.20,Senti0.21-0.40,Senti0.41-0.60,Senti0.61-0.80,Senti0.81-1.00,SentiTotal
0.1969518226365263,0.31820487300311295,0.25757834781981964,0.060626525183293326,1.0,1.0,0.0,0.0,0.0,0.10348778475245174