SentiMin,SentiMax,SentiAvg,SentiStdev,Senti0-0.20,Senti0.21-0.40,Senti0.41-0.60,Senti0.61-0.80,Senti0.81-1.00,SentiTotal
3.4882348449371087E-9,0.30279592534286665,0.08951090449889504,0.10392500162786754,10.0,3.0,0.0,0.0,0.0,1.8709697721031694E-28