TimeMin,TimeMax,TimeAvg,TimeStdev,TimeTotal
600.0,7560.0,2477.1428571428573,1992.1253136552737,34680.0
