TimeMin,TimeMax,TimeAvg,TimeStdev,TimeTotal
560.0,8320.0,2054.5454545454545,2233.9055226883524,22600.0
