TimeMin,TimeMax,TimeAvg,TimeStdev,TimeTotal
760.0,10760.0,2310.5882352941176,2323.9936989593516,39280.0
