TraitMin,TraitMax,TraitAvg,TraitStdev,TraitTotal
140.0,1040.0,496.40949592506695,281.2828325220594,316.7741935483871
