TraitMin,TraitMax,TraitAvg,TraitStdev,TraitTotal
205.33333333333334,1360.0,379.5850233100233,258.3069165571256,314.25531914893617
