SentiMin,SentiMax,SentiAvg,SentiStdev,Senti0-0.20,Senti0.21-0.40,Senti0.41-0.60,Senti0.61-0.80,Senti0.81-1.00,SentiTotal
0.006428479310549314,0.5946721035799487,0.212762361205788,0.18331291745011447,6.0,2.0,2.0,0.0,0.0,1.614389877447036E-8