SentiMin,SentiMax,SentiAvg,SentiStdev,Senti0-0.20,Senti0.21-0.40,Senti0.41-0.60,Senti0.61-0.80,Senti0.81-1.00,SentiTotal
6.217429647142788E-4,0.5311422675267464,0.22767377971548639,0.19150131561934233,3.0,0.0,1.0,0.0,0.0,3.9429142754031264E-5