SentiMin,SentiMax,SentiAvg,SentiStdev,Senti0-0.20,Senti0.21-0.40,Senti0.41-0.60,Senti0.61-0.80,Senti0.81-1.00,SentiTotal
4.744281993022093E-5,0.9520476008328821,0.2789800775975439,0.2874843392910987,7.0,1.0,5.0,0.0,1.0,7.302124081130281E-16