SentiMin,SentiMax,SentiAvg,SentiStdev,Senti0-0.20,Senti0.21-0.40,Senti0.41-0.60,Senti0.61-0.80,Senti0.81-1.00,SentiTotal
6.707356759132545E-6,0.7046883652600201,0.25936009228075335,0.24251960165765857,6.0,1.0,3.0,1.0,0.0,1.5554017933368304E-15