TraitMin,TraitMax,TraitAvg,TraitStdev,TraitTotal
180.0,800.0,360.0571674702109,156.06016598985372,301.6216216216216
