TraitMin,TraitMax,TraitAvg,TraitStdev,TraitTotal
232.0,920.0,458.3666666666667,215.78129102300682,345.1162790697674
