SentiMin,SentiMax,SentiAvg,SentiStdev,Senti0-0.20,Senti0.21-0.40,Senti0.41-0.60,Senti0.61-0.80,Senti0.81-1.00,SentiTotal
0.06241031632595327,0.43796879524747484,0.29723416854946877,0.1588281616354054,2.0,1.0,2.0,0.0,0.0,0.004865400786750819