TraitMin,TraitMax,TraitAvg,TraitStdev,TraitTotal
215.0,1080.0,503.32096474953624,306.0494814275759,313.5632183908046
