TimeMin,TimeMax,TimeAvg,TimeStdev,TimeTotal
720.0,7080.0,1624.4444444444443,1430.3465866791487,29240.0
