SentiMin,SentiMax,SentiAvg,SentiStdev,Senti0-0.20,Senti0.21-0.40,Senti0.41-0.60,Senti0.61-0.80,Senti0.81-1.00,SentiTotal
2.3599041964712095E-4,0.39697510199130176,0.166116510531534,0.15998622158626472,8.0,6.0,0.0,0.0,0.0,2.1953589443963647E-18