TraitMin,TraitMax,TraitAvg,TraitStdev,TraitTotal
193.33333333333334,920.0,543.1030303030303,219.37674133162318,370.4918032786885
