SentiMin,SentiMax,SentiAvg,SentiStdev,Senti0-0.20,Senti0.21-0.40,Senti0.41-0.60,Senti0.61-0.80,Senti0.81-1.00,SentiTotal
1.308152248842436E-7,0.5628056929000496,0.17920874576080664,0.2018370871946398,11.0,3.0,3.0,0.0,0.0,2.070172540409199E-32