TraitMin,TraitMax,TraitAvg,TraitStdev,TraitTotal
200.0,1320.0,472.95205038537154,275.95480380790076,353.8775510204082
