SentiMin,SentiMax,SentiAvg,SentiStdev,Senti0-0.20,Senti0.21-0.40,Senti0.41-0.60,Senti0.61-0.80,Senti0.81-1.00,SentiTotal
0.03416948850403767,0.5318834537628724,0.2877539485532731,0.21018495532440953,2.0,1.0,2.0,0.0,0.0,8.365584655100127E-4