TraitMin,TraitMax,TraitAvg,TraitStdev,TraitTotal
210.0,610.0,373.26530612244903,106.87310822424604,340.3076923076923
