SentiMin,SentiMax,SentiAvg,SentiStdev,Senti0-0.20,Senti0.21-0.40,Senti0.41-0.60,Senti0.61-0.80,Senti0.81-1.00,SentiTotal
0.0037073439329362444,0.5017543432377519,0.2604393954222003,0.18130074817073674,10.0,7.0,6.0,0.0,0.0,1.203133143979746E-16