TraitMin,TraitMax,TraitAvg,TraitStdev,TraitTotal
200.0,620.0,392.8,146.73840669708798,374.2857142857143
