TraitMin,TraitMax,TraitAvg,TraitStdev,TraitTotal
170.9090909090909,1000.0,433.06827740161066,282.6736109906749,298.5263157894737
