SentiMin,SentiMax,SentiAvg,SentiStdev,Senti0-0.20,Senti0.21-0.40,Senti0.41-0.60,Senti0.61-0.80,Senti0.81-1.00,SentiTotal
9.362608705691792E-7,0.4985928500860049,0.143196917584867,0.16701521303531347,5.0,3.0,1.0,0.0,0.0,3.553321685066694E-19