TimeMin,TimeMax,TimeAvg,TimeStdev,TimeTotal
1000.0,3440.0,1786.6666666666667,825.0306391616954,26800.0
