SentiMin,SentiMax,SentiAvg,SentiStdev,Senti0-0.20,Senti0.21-0.40,Senti0.41-0.60,Senti0.61-0.80,Senti0.81-1.00,SentiTotal
0.0023410821009469318,0.5318834537628724,0.2660694497235908,0.18348877741995467,9.0,4.0,5.0,0.0,0.0,2.6291138482500357E-12