SentiMin,SentiMax,SentiAvg,SentiStdev,Senti0-0.20,Senti0.21-0.40,Senti0.41-0.60,Senti0.61-0.80,Senti0.81-1.00,SentiTotal
0.00810272606002129,0.5311422675267464,0.265645625949014,0.1912139297771281,6.0,3.0,4.0,0.0,0.0,2.1356593975601E-9