SentiMin,SentiMax,SentiAvg,SentiStdev,Senti0-0.20,Senti0.21-0.40,Senti0.41-0.60,Senti0.61-0.80,Senti0.81-1.00,SentiTotal
0.01928921703782625,0.6265076294183111,0.31372805118254765,0.21052659811359664,2.0,1.0,1.0,1.0,0.0,0.0024760707712378227