SentiMin,SentiMax,SentiAvg,SentiStdev,Senti0-0.20,Senti0.21-0.40,Senti0.41-0.60,Senti0.61-0.80,Senti0.81-1.00,SentiTotal
0.0051776661631683756,0.6624055896622104,0.2746819990891395,0.1957177520635142,9.0,6.0,2.0,2.0,0.0,2.7401714669746096E-13