TimeMin,TimeMax,TimeAvg,TimeStdev,TimeTotal
680.0,3360.0,1460.8695652173913,631.2300830674787,33600.0
