TraitMin,TraitMax,TraitAvg,TraitStdev,TraitTotal
268.57142857142856,1240.0,488.1587301587301,247.11283523599573,426.04651162790697
