SentiMin,SentiMax,SentiAvg,SentiStdev,Senti0-0.20,Senti0.21-0.40,Senti0.41-0.60,Senti0.61-0.80,Senti0.81-1.00,SentiTotal
0.07061898609556741,0.3923544102141354,0.21143074889999366,0.1124371652103036,4.0,4.0,0.0,0.0,0.0,2.628705392895881E-6