TimeMin,TimeMax,TimeAvg,TimeStdev,TimeTotal
783.0,2160.0,1488.4117647058824,414.31773241197806,25303.0
