SentiMin,SentiMax,SentiAvg,SentiStdev,Senti0-0.20,Senti0.21-0.40,Senti0.41-0.60,Senti0.61-0.80,Senti0.81-1.00,SentiTotal
0.0014926142250399619,0.36462815282503935,0.17482389223736844,0.08238915330046652,11.0,5.0,0.0,0.0,0.0,1.4803230038020805E-13