SentiMin,SentiMax,SentiAvg,SentiStdev,Senti0-0.20,Senti0.21-0.40,Senti0.41-0.60,Senti0.61-0.80,Senti0.81-1.00,SentiTotal
0.00925044352745808,0.5327348873895167,0.19813431999780842,0.15415704370748456,7.0,4.0,1.0,0.0,0.0,1.349628235443884E-10