TimeMin,TimeMax,TimeAvg,TimeStdev,TimeTotal
520.0,1960.0,1062.857142857143,554.6096255337568,7440.0
