SentiMin,SentiMax,SentiAvg,SentiStdev,Senti0-0.20,Senti0.21-0.40,Senti0.41-0.60,Senti0.61-0.80,Senti0.81-1.00,SentiTotal
2.4791557562818855E-5,0.49789225920557484,0.18891099197773453,0.1836056946677408,10.0,5.0,3.0,0.0,0.0,5.110727166863986E-28