TimeMin,TimeMax,TimeAvg,TimeStdev,TimeTotal
920.0,3440.0,1397.8947368421052,579.1425508308171,26560.0
