TimeMin,TimeMax,TimeAvg,TimeStdev,TimeTotal
520.0,3080.0,1575.5555555555557,682.2366990863559,28360.0
