SentiMin,SentiMax,SentiAvg,SentiStdev,Senti0-0.20,Senti0.21-0.40,Senti0.41-0.60,Senti0.61-0.80,Senti0.81-1.00,SentiTotal
5.691814505021452E-4,0.5017543432377519,0.08329598212075393,0.15271068479518374,8.0,1.0,1.0,0.0,0.0,1.893707522512638E-18