SentiMin,SentiMax,SentiAvg,SentiStdev,Senti0-0.20,Senti0.21-0.40,Senti0.41-0.60,Senti0.61-0.80,Senti0.81-1.00,SentiTotal
0.016306494242937068,0.43796879524747484,0.20646499572597188,0.14704949196264566,4.0,3.0,1.0,0.0,0.0,3.421664652115405E-7