TraitMin,TraitMax,TraitAvg,TraitStdev,TraitTotal
450.0,1040.0,683.3333333333334,220.36765815769056,620.0
