TraitMin,TraitMax,TraitAvg,TraitStdev,TraitTotal
286.6666666666667,1000.0,569.304347826087,237.77718456152311,473.23943661971833
