SentiMin,SentiMax,SentiAvg,SentiStdev,Senti0-0.20,Senti0.21-0.40,Senti0.41-0.60,Senti0.61-0.80,Senti0.81-1.00,SentiTotal
0.006270910754492551,0.43796879524747484,0.24773785190902933,0.17669983679149076,2.0,2.0,1.0,0.0,0.0,1.1908927193385598E-4