TimeMin,TimeMax,TimeAvg,TimeStdev,TimeTotal
280.0,4600.0,1552.7272727272727,1091.963127158779,17080.0
