TimeMin,TimeMax,TimeAvg,TimeStdev,TimeTotal
480.0,2960.0,1306.6666666666667,699.8412518405712,23520.0
