TraitMin,TraitMax,TraitAvg,TraitStdev,TraitTotal
142.85714285714286,1120.0,504.7202380952382,219.76178344099728,422.7692307692308
