TimeMin,TimeMax,TimeAvg,TimeStdev,TimeTotal
1000.0,2880.0,1485.3333333333333,584.7605397843538,22280.0
