TraitMin,TraitMax,TraitAvg,TraitStdev,TraitTotal
226.66666666666666,1000.0,393.6757020757021,229.39875831298028,314.19354838709677
