SentiMin,SentiMax,SentiAvg,SentiStdev,Senti0-0.20,Senti0.21-0.40,Senti0.41-0.60,Senti0.61-0.80,Senti0.81-1.00,SentiTotal
3.8330922738420757E-4,0.4801180056153849,0.24414284661757144,0.15752584629515204,4.0,6.0,1.0,0.0,0.0,1.8416014688868344E-9