TimeMin,TimeMax,TimeAvg,TimeStdev,TimeTotal
680.0,3080.0,1526.6666666666667,567.2937706534615,18320.0
