TraitMin,TraitMax,TraitAvg,TraitStdev,TraitTotal
148.57142857142858,1160.0,565.6277056277056,321.98940097588724,378.94736842105266
