SentiMin,SentiMax,SentiAvg,SentiStdev,Senti0-0.20,Senti0.21-0.40,Senti0.41-0.60,Senti0.61-0.80,Senti0.81-1.00,SentiTotal
4.004189483062387E-5,0.39344651035684397,0.1049379829693025,0.1179202210918349,11.0,3.0,0.0,0.0,0.0,3.385918190131143E-24