SentiMin,SentiMax,SentiAvg,SentiStdev,Senti0-0.20,Senti0.21-0.40,Senti0.41-0.60,Senti0.61-0.80,Senti0.81-1.00,SentiTotal
0.008113984712769565,0.48164547114327055,0.24963232730524385,0.147078655654148,5.0,6.0,4.0,0.0,0.0,3.0896225782246867E-10