TraitMin,TraitMax,TraitAvg,TraitStdev,TraitTotal
180.0,1000.0,578.6666666666667,294.9470762319535,418.8235294117647
