TraitMin,TraitMax,TraitAvg,TraitStdev,TraitTotal
325.0,1000.0,578.125,259.8763561505954,434.7826086956522
