SentiMin,SentiMax,SentiAvg,SentiStdev,Senti0-0.20,Senti0.21-0.40,Senti0.41-0.60,Senti0.61-0.80,Senti0.81-1.00,SentiTotal
0.005247063484224351,0.49789225920557484,0.24688103018949542,0.1741324611110565,5.0,5.0,4.0,0.0,0.0,2.6652258956136543E-11