TimeMin,TimeMax,TimeAvg,TimeStdev,TimeTotal
338.0,2840.0,1075.2307692307693,732.7854291722105,13978.0
