SentiMin,SentiMax,SentiAvg,SentiStdev,Senti0-0.20,Senti0.21-0.40,Senti0.41-0.60,Senti0.61-0.80,Senti0.81-1.00,SentiTotal
0.014379283739535191,0.929160122851861,0.3531679885118934,0.2468029489020216,5.0,2.0,5.0,0.0,1.0,4.340798224661118E-6