SentiMin,SentiMax,SentiAvg,SentiStdev,Senti0-0.20,Senti0.21-0.40,Senti0.41-0.60,Senti0.61-0.80,Senti0.81-1.00,SentiTotal
0.09407762240526409,0.49789225920557484,0.30086373892283463,0.16500095603107517,1.0,1.0,1.0,0.0,0.0,0.045061508945817334