TimeMin,TimeMax,TimeAvg,TimeStdev,TimeTotal
760.0,4360.0,1866.6666666666667,1254.7509713086495,16800.0
