TimeMin,TimeMax,TimeAvg,TimeStdev,TimeTotal
880.0,2760.0,1546.6666666666667,859.3537623638409,4640.0
