TraitMin,TraitMax,TraitAvg,TraitStdev,TraitTotal
293.3333333333333,1000.0,661.1111111111111,289.21776152277874,580.0
