SentiMin,SentiMax,SentiAvg,SentiStdev,Senti0-0.20,Senti0.21-0.40,Senti0.41-0.60,Senti0.61-0.80,Senti0.81-1.00,SentiTotal
0.02637013415733093,0.37679209754895876,0.20345178122413818,0.12429574736693973,2.0,2.0,0.0,0.0,0.0,1.6420971180408766E-4