SentiMin,SentiMax,SentiAvg,SentiStdev,Senti0-0.20,Senti0.21-0.40,Senti0.41-0.60,Senti0.61-0.80,Senti0.81-1.00,SentiTotal
4.292036507828624E-4,0.5628056929000496,0.26467181458092226,0.19111037623487412,3.0,5.0,1.0,0.0,0.0,1.970887401736148E-8