SentiMin,SentiMax,SentiAvg,SentiStdev,Senti0-0.20,Senti0.21-0.40,Senti0.41-0.60,Senti0.61-0.80,Senti0.81-1.00,SentiTotal
2.9034771427571104E-6,0.9611958417475951,0.37898726237327035,0.3102727250772392,3.0,1.0,3.0,0.0,1.0,5.433517285840982E-9