TraitMin,TraitMax,TraitAvg,TraitStdev,TraitTotal
251.42857142857142,1200.0,533.0573593073593,291.00467722157,355.7894736842105
