TraitMin,TraitMax,TraitAvg,TraitStdev,TraitTotal
130.0,1040.0,523.0,301.3028121597683,411.11764705882354
