TimeMin,TimeMax,TimeAvg,TimeStdev,TimeTotal
560.0,1800.0,1031.111111111111,334.01411960988327,9280.0
