TraitMin,TraitMax,TraitAvg,TraitStdev,TraitTotal
188.57142857142858,1000.0,441.6386554621849,222.649461136537,330.1587301587302
