TraitMin,TraitMax,TraitAvg,TraitStdev,TraitTotal
193.33333333333334,1040.0,540.0,258.21801488253396,386.6666666666667
