SentiMin,SentiMax,SentiAvg,SentiStdev,Senti0-0.20,Senti0.21-0.40,Senti0.41-0.60,Senti0.61-0.80,Senti0.81-1.00,SentiTotal
0.17197258530808468,0.5628056929000496,0.31789408755854115,0.17423530044163635,1.0,1.0,1.0,0.0,0.0,0.070807083657367