SentiMin,SentiMax,SentiAvg,SentiStdev,Senti0-0.20,Senti0.21-0.40,Senti0.41-0.60,Senti0.61-0.80,Senti0.81-1.00,SentiTotal
4.208179852315907E-6,0.49789225920557484,0.20412417002885472,0.1686133863089306,9.0,4.0,3.0,0.0,0.0,4.1369867215697416E-19