SentiMin,SentiMax,SentiAvg,SentiStdev,Senti0-0.20,Senti0.21-0.40,Senti0.41-0.60,Senti0.61-0.80,Senti0.81-1.00,SentiTotal
0.005033152825149384,0.9410648101332474,0.4200542019857319,0.3358203813482346,1.0,2.0,0.0,0.0,1.0,0.026989949795257175