SentiMin,SentiMax,SentiAvg,SentiStdev,Senti0-0.20,Senti0.21-0.40,Senti0.41-0.60,Senti0.61-0.80,Senti0.81-1.00,SentiTotal
7.566708079260099E-4,0.9979644888090287,0.46146240051946097,0.4235331776587941,3.0,2.0,0.0,0.0,3.0,0.7360088952826166