TraitMin,TraitMax,TraitAvg,TraitStdev,TraitTotal
217.14285714285714,477.3333333333333,303.1474983755686,75.0816211845925,306.9879518072289
