SentiMin,SentiMax,SentiAvg,SentiStdev,Senti0-0.20,Senti0.21-0.40,Senti0.41-0.60,Senti0.61-0.80,Senti0.81-1.00,SentiTotal
0.14892437955753904,0.9923427751687317,0.45349376006996395,0.38210282900485676,1.0,1.0,0.0,0.0,1.0,0.8662228336404268