TraitMin,TraitMax,TraitAvg,TraitStdev,TraitTotal
182.85714285714286,665.8823529411765,458.2471988795518,139.4713775390122,499.44444444444446
