SentiMin,SentiMax,SentiAvg,SentiStdev,Senti0-0.20,Senti0.21-0.40,Senti0.41-0.60,Senti0.61-0.80,Senti0.81-1.00,SentiTotal
0.0019158500310172445,0.4368347878126289,0.21807335179801812,0.14542163532935215,6.0,5.0,2.0,0.0,0.0,3.235294986152992E-11