SentiMin,SentiMax,SentiAvg,SentiStdev,Senti0-0.20,Senti0.21-0.40,Senti0.41-0.60,Senti0.61-0.80,Senti0.81-1.00,SentiTotal
7.268035164931064E-5,0.4461733275406525,0.1402954459101257,0.16880529027222244,4.0,1.0,1.0,0.0,0.0,7.507192334169786E-10