TraitMin,TraitMax,TraitAvg,TraitStdev,TraitTotal
240.0,424.0,321.0655270655271,56.280885637708906,310.5
