TimeMin,TimeMax,TimeAvg,TimeStdev,TimeTotal
320.0,3320.0,1566.6666666666667,947.6755187768064,18800.0
