TraitMin,TraitMax,TraitAvg,TraitStdev,TraitTotal
272.0,780.0,419.7420634920635,165.7109426451545,410.19607843137254
