TimeMin,TimeMax,TimeAvg,TimeStdev,TimeTotal
640.0,5800.0,2532.3076923076924,1672.8334040283678,32920.0
