TraitMin,TraitMax,TraitAvg,TraitStdev,TraitTotal
200.0,880.0,372.14285714285717,176.4898250671403,313.3333333333333
