TimeMin,TimeMax,TimeAvg,TimeStdev,TimeTotal
1040.0,7160.0,2831.1111111111113,1826.6937008002217,25480.0
