TraitMin,TraitMax,TraitAvg,TraitStdev,TraitTotal
328.8888888888889,960.0,509.72222222222223,260.86439289692544,389.3333333333333
