TimeMin,TimeMax,TimeAvg,TimeStdev,TimeTotal
800.0,6360.0,2853.3333333333335,2491.657190617432,8560.0
