SentiMin,SentiMax,SentiAvg,SentiStdev,Senti0-0.20,Senti0.21-0.40,Senti0.41-0.60,Senti0.61-0.80,Senti0.81-1.00,SentiTotal
0.023928591335900605,0.9990851959058931,0.3300233064919012,0.33788170971559395,4.0,2.0,0.0,1.0,1.0,0.0425307369704947