TraitMin,TraitMax,TraitAvg,TraitStdev,TraitTotal
352.0,1200.0,538.5986394557823,283.2768626708061,440.0
