SentiMin,SentiMax,SentiAvg,SentiStdev,Senti0-0.20,Senti0.21-0.40,Senti0.41-0.60,Senti0.61-0.80,Senti0.81-1.00,SentiTotal
8.924464317721346E-7,0.7527650798667361,0.0935632713858803,0.22238341112535887,9.0,0.0,0.0,1.0,0.0,1.826490769305605E-26