SentiMin,SentiMax,SentiAvg,SentiStdev,Senti0-0.20,Senti0.21-0.40,Senti0.41-0.60,Senti0.61-0.80,Senti0.81-1.00,SentiTotal
0.013845646513214533,0.999593385083157,0.5438320251199482,0.42106357749874573,4.0,0.0,0.0,2.0,4.0,0.9999258241460326