TraitMin,TraitMax,TraitAvg,TraitStdev,TraitTotal
196.36363636363637,500.0,348.9788061214149,95.74861084887475,360.30075187969925
