SentiMin,SentiMax,SentiAvg,SentiStdev,Senti0-0.20,Senti0.21-0.40,Senti0.41-0.60,Senti0.61-0.80,Senti0.81-1.00,SentiTotal
0.0029315840343734517,0.9251349368777986,0.44548552078190135,0.35023662497604324,3.0,0.0,1.0,1.0,2.0,0.004128252301126653