TraitMin,TraitMax,TraitAvg,TraitStdev,TraitTotal
268.57142857142856,552.0,355.6016997622261,87.23416580254286,350.4347826086956
