TraitMin,TraitMax,TraitAvg,TraitStdev,TraitTotal
265.0,466.6666666666667,377.22222222222223,83.8907284566516,295.17241379310343
