SentiMin,SentiMax,SentiAvg,SentiStdev,Senti0-0.20,Senti0.21-0.40,Senti0.41-0.60,Senti0.61-0.80,Senti0.81-1.00,SentiTotal
0.19924545451767137,0.9745658376496873,0.5280735493584219,0.25036012831037924,1.0,3.0,5.0,0.0,3.0,0.9840787731378244