TraitMin,TraitMax,TraitAvg,TraitStdev,TraitTotal
297.14285714285717,1400.0,1073.8775510204082,366.645588984375,612.7272727272727
