TimeMin,TimeMax,TimeAvg,TimeStdev,TimeTotal
1120.0,3880.0,2221.818181818182,908.5234592640179,24440.0
