TraitMin,TraitMax,TraitAvg,TraitStdev,TraitTotal
180.0,552.7272727272727,368.2444444444444,107.302635960697,367.6923076923077
