TimeMin,TimeMax,TimeAvg,TimeStdev,TimeTotal
600.0,8120.0,2684.4444444444443,2220.5060039505065,24160.0
