TraitMin,TraitMax,TraitAvg,TraitStdev,TraitTotal
286.6666666666667,1160.0,607.8055555555555,236.53996836856658,509.8412698412698
