SentiMin,SentiMax,SentiAvg,SentiStdev,Senti0-0.20,Senti0.21-0.40,Senti0.41-0.60,Senti0.61-0.80,Senti0.81-1.00,SentiTotal
0.21921412548362115,0.5388994659433609,0.4544444933607022,0.08835214694547933,0.0,3.0,8.0,0.0,0.0,0.1104921854718565