SentiMin,SentiMax,SentiAvg,SentiStdev,Senti0-0.20,Senti0.21-0.40,Senti0.41-0.60,Senti0.61-0.80,Senti0.81-1.00,SentiTotal
0.06259792797551639,0.4987649897682233,0.3399240987971788,0.1525611221619052,2.0,5.0,3.0,0.0,0.0,2.8267373389864595E-4