SentiMin,SentiMax,SentiAvg,SentiStdev,Senti0-0.20,Senti0.21-0.40,Senti0.41-0.60,Senti0.61-0.80,Senti0.81-1.00,SentiTotal
0.009021401652694437,0.49789225920557484,0.3114180750341141,0.1630569469818708,1.0,4.0,2.0,0.0,0.0,8.340838826543308E-5