TimeMin,TimeMax,TimeAvg,TimeStdev,TimeTotal
800.0,4880.0,2091.4285714285716,1204.5085372576364,29280.0
