TraitMin,TraitMax,TraitAvg,TraitStdev,TraitTotal
373.3333333333333,474.2857142857143,412.13818860877683,34.74880958401498,408.8888888888889
