SentiMin,SentiMax,SentiAvg,SentiStdev,Senti0-0.20,Senti0.21-0.40,Senti0.41-0.60,Senti0.61-0.80,Senti0.81-1.00,SentiTotal
0.02201234051531052,0.49789225920557484,0.23174000506865514,0.16971020406186493,5.0,7.0,2.0,0.0,0.0,1.3358715129183358E-10