TraitMin,TraitMax,TraitAvg,TraitStdev,TraitTotal
288.8888888888889,1400.0,767.5888888888888,370.35131819515493,527.8275862068965
