TraitMin,TraitMax,TraitAvg,TraitStdev,TraitTotal
318.4,800.0,508.4666666666667,178.37467433591698,388.71794871794873
