SentiMin,SentiMax,SentiAvg,SentiStdev,Senti0-0.20,Senti0.21-0.40,Senti0.41-0.60,Senti0.61-0.80,Senti0.81-1.00,SentiTotal
0.003416949262773616,0.3100151692649115,0.10648767844474938,0.11497680449132588,4.0,2.0,0.0,0.0,0.0,1.2151658779399193E-8