TimeMin,TimeMax,TimeAvg,TimeStdev,TimeTotal
800.0,3880.0,1916.923076923077,873.3259556729497,24920.0
