TraitMin,TraitMax,TraitAvg,TraitStdev,TraitTotal
340.0,1200.0,598.7878787878789,260.8582289494659,526.829268292683
