TimeMin,TimeMax,TimeAvg,TimeStdev,TimeTotal
720.0,6480.0,2676.6666666666665,1435.126784952775,32120.0
