SentiMin,SentiMax,SentiAvg,SentiStdev,Senti0-0.20,Senti0.21-0.40,Senti0.41-0.60,Senti0.61-0.80,Senti0.81-1.00,SentiTotal
0.0013429592833202398,0.9886827409841884,0.3982306881355509,0.2698353602958831,2.0,3.0,4.0,0.0,1.0,3.282261705828698E-5