SentiMin,SentiMax,SentiAvg,SentiStdev,Senti0-0.20,Senti0.21-0.40,Senti0.41-0.60,Senti0.61-0.80,Senti0.81-1.00,SentiTotal
0.006573838701266217,0.6740395262655547,0.3164549261514147,0.23212750617523434,4.0,1.0,3.0,1.0,0.0,4.3389463053388045E-6