TraitMin,TraitMax,TraitAvg,TraitStdev,TraitTotal
283.0769230769231,1200.0,473.43223443223445,281.8549061629249,370.7042253521127
