SentiMin,SentiMax,SentiAvg,SentiStdev,Senti0-0.20,Senti0.21-0.40,Senti0.41-0.60,Senti0.61-0.80,Senti0.81-1.00,SentiTotal
0.004918574690569266,0.3996580091506196,0.2177316093919178,0.11349877700531702,4.0,9.0,0.0,0.0,0.0,4.0438536922028843E-10