TraitMin,TraitMax,TraitAvg,TraitStdev,TraitTotal
240.0,800.0,419.84175824175827,161.3441182980824,348.20512820512823
