SentiMin,SentiMax,SentiAvg,SentiStdev,Senti0-0.20,Senti0.21-0.40,Senti0.41-0.60,Senti0.61-0.80,Senti0.81-1.00,SentiTotal
0.0017414000902648988,0.49789225920557484,0.2543082257503073,0.17948695828634806,3.0,3.0,2.0,0.0,0.0,3.261859416748061E-7