TraitMin,TraitMax,TraitAvg,TraitStdev,TraitTotal
280.0,920.0,550.2164502164502,181.48807964275935,509.1666666666667
