SentiMin,SentiMax,SentiAvg,SentiStdev,Senti0-0.20,Senti0.21-0.40,Senti0.41-0.60,Senti0.61-0.80,Senti0.81-1.00,SentiTotal
0.003311382434028132,0.49789225920557484,0.2947817596564174,0.19706609062873204,4.0,4.0,4.0,0.0,0.0,1.1745101977454107E-8