SentiMin,SentiMax,SentiAvg,SentiStdev,Senti0-0.20,Senti0.21-0.40,Senti0.41-0.60,Senti0.61-0.80,Senti0.81-1.00,SentiTotal
0.007054561305471234,0.4898631585877994,0.2591222215020402,0.1392929927268659,2.0,4.0,2.0,0.0,0.0,1.172040719512955E-5