SentiMin,SentiMax,SentiAvg,SentiStdev,Senti0-0.20,Senti0.21-0.40,Senti0.41-0.60,Senti0.61-0.80,Senti0.81-1.00,SentiTotal
0.003654604679737473,0.3709751913346899,0.16727539467503474,0.13383027521005203,6.0,4.0,0.0,0.0,0.0,7.295773399711951E-11