TimeMin,TimeMax,TimeAvg,TimeStdev,TimeTotal
760.0,3360.0,1963.6363636363637,790.3885434308729,21600.0
