SentiMin,SentiMax,SentiAvg,SentiStdev,Senti0-0.20,Senti0.21-0.40,Senti0.41-0.60,Senti0.61-0.80,Senti0.81-1.00,SentiTotal
0.10738941902271,0.5734576952979002,0.30381220100021306,0.17936373171490166,3.0,2.0,2.0,0.0,0.0,9.31546126190881E-4