SentiMin,SentiMax,SentiAvg,SentiStdev,Senti0-0.20,Senti0.21-0.40,Senti0.41-0.60,Senti0.61-0.80,Senti0.81-1.00,SentiTotal
3.9836192829241645E-5,0.6959033095314103,0.3006292686371878,0.21106740677348693,4.0,4.0,2.0,1.0,0.0,3.405676442466834E-10