TraitMin,TraitMax,TraitAvg,TraitStdev,TraitTotal
280.0,1400.0,668.8500590318772,338.9836890912726,486.4516129032258
