TimeMin,TimeMax,TimeAvg,TimeStdev,TimeTotal
1000.0,5560.0,2428.5714285714284,1425.5969032697303,17000.0
