SentiMin,SentiMax,SentiAvg,SentiStdev,Senti0-0.20,Senti0.21-0.40,Senti0.41-0.60,Senti0.61-0.80,Senti0.81-1.00,SentiTotal
6.682909065302038E-4,0.573868779607921,0.2145840045322735,0.19290898686481814,4.0,4.0,2.0,0.0,0.0,6.506263473740113E-11