TraitMin,TraitMax,TraitAvg,TraitStdev,TraitTotal
240.0,1320.0,529.8764568764568,279.99386123845585,437.1929824561403
