TraitMin,TraitMax,TraitAvg,TraitStdev,TraitTotal
280.0,1360.0,514.4516594516595,324.50912661427077,355.29411764705884
