TraitMin,TraitMax,TraitAvg,TraitStdev,TraitTotal
315.55555555555554,1520.0,714.394586894587,309.920869506326,507.5
