TraitMin,TraitMax,TraitAvg,TraitStdev,TraitTotal
185.0,800.0,415.8333333333333,152.88592853123254,375.38461538461536
