TraitMin,TraitMax,TraitAvg,TraitStdev,TraitTotal
193.0,1140.6,466.4529100529101,306.7134958448287,422.64285714285717
