SentiMin,SentiMax,SentiAvg,SentiStdev,Senti0-0.20,Senti0.21-0.40,Senti0.41-0.60,Senti0.61-0.80,Senti0.81-1.00,SentiTotal
6.962217516116714E-5,0.34322267253793753,0.1886138005428597,0.11141720623454862,2.0,3.0,0.0,0.0,0.0,5.707395981153397E-7