TraitMin,TraitMax,TraitAvg,TraitStdev,TraitTotal
36.0,970.2857142857143,440.9057513914657,265.2687613979644,488.1951219512195
