SentiMin,SentiMax,SentiAvg,SentiStdev,Senti0-0.20,Senti0.21-0.40,Senti0.41-0.60,Senti0.61-0.80,Senti0.81-1.00,SentiTotal
0.3029968537174699,0.5136446707795853,0.40832076224852765,0.10532390853105769,0.0,1.0,1.0,0.0,0.0,0.316469533656467