SentiMin,SentiMax,SentiAvg,SentiStdev,Senti0-0.20,Senti0.21-0.40,Senti0.41-0.60,Senti0.61-0.80,Senti0.81-1.00,SentiTotal
0.14902308746955298,0.3570485336631665,0.2724452132009521,0.0764730209037601,1.0,3.0,0.0,0.0,0.0,0.01663966252031666