SentiMin,SentiMax,SentiAvg,SentiStdev,Senti0-0.20,Senti0.21-0.40,Senti0.41-0.60,Senti0.61-0.80,Senti0.81-1.00,SentiTotal
0.17792362737433542,0.3090012659253362,0.24346244664983582,0.0655388192755004,1.0,1.0,0.0,0.0,0.0,0.0889243028728854