TimeMin,TimeMax,TimeAvg,TimeStdev,TimeTotal
144.0,6792.0,2859.4285714285716,2327.1270366909407,20016.0
