SentiMin,SentiMax,SentiAvg,SentiStdev,Senti0-0.20,Senti0.21-0.40,Senti0.41-0.60,Senti0.61-0.80,Senti0.81-1.00,SentiTotal
8.834860749686118E-5,0.39697510199130176,0.18160646013478304,0.1448458827002841,2.0,2.0,0.0,0.0,0.0,2.1531640450839193E-6