SentiMin,SentiMax,SentiAvg,SentiStdev,Senti0-0.20,Senti0.21-0.40,Senti0.41-0.60,Senti0.61-0.80,Senti0.81-1.00,SentiTotal
0.0350420265961818,0.5755436691302463,0.2938892831453704,0.1975963764393503,4.0,2.0,3.0,0.0,0.0,2.401067593656199E-5