TraitMin,TraitMax,TraitAvg,TraitStdev,TraitTotal
219.875,1015.8,487.25965909090905,311.73046158118933,426.34615384615387
