SentiMin,SentiMax,SentiAvg,SentiStdev,Senti0-0.20,Senti0.21-0.40,Senti0.41-0.60,Senti0.61-0.80,Senti0.81-1.00,SentiTotal
0.010444798388776875,0.554734492229014,0.3174691925999896,0.2041447980703722,3.0,2.0,4.0,0.0,0.0,1.2655238018934816E-5