TraitMin,TraitMax,TraitAvg,TraitStdev,TraitTotal
211.42857142857142,492.1212121212121,364.92496392496395,113.02651050539741,431.7808219178082
