SentiMin,SentiMax,SentiAvg,SentiStdev,Senti0-0.20,Senti0.21-0.40,Senti0.41-0.60,Senti0.61-0.80,Senti0.81-1.00,SentiTotal
0.00834827584455529,0.5136446707795853,0.1977766859535265,0.18661164719188555,4.0,3.0,1.0,0.0,0.0,3.85055234384549E-8