TraitMin,TraitMax,TraitAvg,TraitStdev,TraitTotal
36.52173913043478,1426.6666666666667,469.4679633867278,407.3639248842568,351.35135135135135
