TraitMin,TraitMax,TraitAvg,TraitStdev,TraitTotal
220.0,1173.3333333333333,453.7717171717172,261.52050668112736,393.73493975903614
