TimeMin,TimeMax,TimeAvg,TimeStdev,TimeTotal
1080.0,7480.0,2373.3333333333335,1928.4997047215513,21360.0
