SentiMin,SentiMax,SentiAvg,SentiStdev,Senti0-0.20,Senti0.21-0.40,Senti0.41-0.60,Senti0.61-0.80,Senti0.81-1.00,SentiTotal
1.4599847667613841E-4,0.8126528815193271,0.35688850246216647,0.25726445362650685,2.0,2.0,2.0,0.0,1.0,4.1307755353400605E-7