SentiMin,SentiMax,SentiAvg,SentiStdev,Senti0-0.20,Senti0.21-0.40,Senti0.41-0.60,Senti0.61-0.80,Senti0.81-1.00,SentiTotal
0.0013180384794861026,0.9426756541917749,0.3145148792591734,0.27685553549027425,4.0,2.0,3.0,0.0,1.0,1.826070976434096E-7