SentiMin,SentiMax,SentiAvg,SentiStdev,Senti0-0.20,Senti0.21-0.40,Senti0.41-0.60,Senti0.61-0.80,Senti0.81-1.00,SentiTotal
3.3644958334036232E-6,0.8627802566284182,0.1756502353628878,0.3435916816212043,4.0,0.0,0.0,0.0,1.0,1.658595950200193E-13