TimeMin,TimeMax,TimeAvg,TimeStdev,TimeTotal
840.0,12880.0,4276.363636363636,3329.1420481648875,47040.0
