TraitMin,TraitMax,TraitAvg,TraitStdev,TraitTotal
216.0,720.0,484.925925925926,165.7315826147645,485.45454545454544
