TimeMin,TimeMax,TimeAvg,TimeStdev,TimeTotal
720.0,2960.0,1651.4285714285713,778.1925683719858,11560.0
