TraitMin,TraitMax,TraitAvg,TraitStdev,TraitTotal
288.0,565.0,447.4205128205128,101.04961787580798,459.6078431372549
