TraitMin,TraitMax,TraitAvg,TraitStdev,TraitTotal
337.14285714285717,800.0,547.6190476190476,166.65578195749447,433.3333333333333
