TraitMin,TraitMax,TraitAvg,TraitStdev,TraitTotal
190.0,1000.0,478.0,278.9153595228807,382.85714285714283
