SentiMin,SentiMax,SentiAvg,SentiStdev,Senti0-0.20,Senti0.21-0.40,Senti0.41-0.60,Senti0.61-0.80,Senti0.81-1.00,SentiTotal
0.041257837553418115,0.9937974977482743,0.26463771287076,0.28047971950322764,6.0,2.0,0.0,0.0,1.0,0.002963782938914694