SentiMin,SentiMax,SentiAvg,SentiStdev,Senti0-0.20,Senti0.21-0.40,Senti0.41-0.60,Senti0.61-0.80,Senti0.81-1.00,SentiTotal
0.39751759361842637,0.41651140427143407,0.40701449894493025,0.009496905326503852,0.0,1.0,1.0,0.0,0.0,0.3220210505839426