TraitMin,TraitMax,TraitAvg,TraitStdev,TraitTotal
275.55555555555554,1400.0,664.6984126984127,369.8745185681445,456.9230769230769
