TraitMin,TraitMax,TraitAvg,TraitStdev,TraitTotal
228.57142857142858,420.0,303.57142857142856,60.246263327263364,297.02127659574467
