TimeMin,TimeMax,TimeAvg,TimeStdev,TimeTotal
1200.0,16240.0,5253.333333333333,5420.832244427254,31520.0
