TraitMin,TraitMax,TraitAvg,TraitStdev,TraitTotal
160.0,670.0,389.29545454545456,165.68513994674825,374.05405405405406
