TraitMin,TraitMax,TraitAvg,TraitStdev,TraitTotal
333.3333333333333,620.0,452.92517006802717,109.44612109245902,412.85714285714283
