TraitMin,TraitMax,TraitAvg,TraitStdev,TraitTotal
310.0,752.0,489.05,142.48130579132123,505.82278481012656
