TraitMin,TraitMax,TraitAvg,TraitStdev,TraitTotal
274.2857142857143,608.0,370.45714285714286,122.6410857680547,360.0
