SentiMin,SentiMax,SentiAvg,SentiStdev,Senti0-0.20,Senti0.21-0.40,Senti0.41-0.60,Senti0.61-0.80,Senti0.81-1.00,SentiTotal
0.009768215529848901,0.3617551833914744,0.21652812010951492,0.12012150047003789,2.0,3.0,0.0,0.0,0.0,1.638809891291663E-4