SentiMin,SentiMax,SentiAvg,SentiStdev,Senti0-0.20,Senti0.21-0.40,Senti0.41-0.60,Senti0.61-0.80,Senti0.81-1.00,SentiTotal
1.4168703931481275E-5,0.3046030924236382,0.06379074209790644,0.11504146454803874,8.0,2.0,0.0,0.0,0.0,1.5215382908093408E-24