SentiMin,SentiMax,SentiAvg,SentiStdev,Senti0-0.20,Senti0.21-0.40,Senti0.41-0.60,Senti0.61-0.80,Senti0.81-1.00,SentiTotal
0.0012301640802727816,0.5086424219174396,0.2404141174776871,0.20339959345109904,4.0,1.0,2.0,0.0,0.0,7.083616450148583E-7