SentiMin,SentiMax,SentiAvg,SentiStdev,Senti0-0.20,Senti0.21-0.40,Senti0.41-0.60,Senti0.61-0.80,Senti0.81-1.00,SentiTotal
0.001178257154914521,0.5988879228477064,0.20739875648231418,0.2225982040469608,7.0,0.0,3.0,0.0,0.0,6.070850485527222E-12