TimeMin,TimeMax,TimeAvg,TimeStdev,TimeTotal
1000.0,2480.0,1697.142857142857,517.5136792040046,11880.0
