TraitMin,TraitMax,TraitAvg,TraitStdev,TraitTotal
119.66666666666667,586.0,304.6513675718221,158.56614179669907,240.3953488372093
