SentiMin,SentiMax,SentiAvg,SentiStdev,Senti0-0.20,Senti0.21-0.40,Senti0.41-0.60,Senti0.61-0.80,Senti0.81-1.00,SentiTotal
0.0020250166731840273,0.2768832050407784,0.15944500117429625,0.08762556118099474,3.0,3.0,0.0,0.0,0.0,1.2431399089990567E-6