TimeMin,TimeMax,TimeAvg,TimeStdev,TimeTotal
328.0,4743.0,1619.3333333333333,1532.7263291272843,14574.0
