TimeMin,TimeMax,TimeAvg,TimeStdev,TimeTotal
264.0,5584.0,2125.3636363636365,1680.126200494111,23379.0
