TraitMin,TraitMax,TraitAvg,TraitStdev,TraitTotal
112.0,1191.3333333333333,434.5708333333333,346.17059917422057,595.1071428571429
