TraitMin,TraitMax,TraitAvg,TraitStdev,TraitTotal
161.06666666666666,702.6666666666666,355.26666666666665,190.23399360585458,365.296875
