TraitMin,TraitMax,TraitAvg,TraitStdev,TraitTotal
247.5,496.3333333333333,351.9712522045855,76.01719052054618,338.93023255813955
