TimeMin,TimeMax,TimeAvg,TimeStdev,TimeTotal
199.0,2849.0,991.3076923076923,758.8330499083023,12887.0
