TraitMin,TraitMax,TraitAvg,TraitStdev,TraitTotal
209.6,719.6666666666666,359.3622710622711,192.44960685384393,279.0
