TraitMin,TraitMax,TraitAvg,TraitStdev,TraitTotal
131.5,328.0,216.77884615384616,67.76431698281384,204.55555555555554
