SentiMin,SentiMax,SentiAvg,SentiStdev,Senti0-0.20,Senti0.21-0.40,Senti0.41-0.60,Senti0.61-0.80,Senti0.81-1.00,SentiTotal
0.021533204290766217,0.8439925691239514,0.40797613938951083,0.24520701185734964,3.0,4.0,4.0,0.0,2.0,7.633377726792242E-4