TimeMin,TimeMax,TimeAvg,TimeStdev,TimeTotal
224.0,2449.0,939.7272727272727,700.9409378450565,10337.0
