TimeMin,TimeMax,TimeAvg,TimeStdev,TimeTotal
199.0,4104.0,1129.6363636363637,1023.5372065651255,12426.0
