TraitMin,TraitMax,TraitAvg,TraitStdev,TraitTotal
119.0,532.0,303.3276515151515,129.80547906210282,320.3265306122449
