SentiMin,SentiMax,SentiAvg,SentiStdev,Senti0-0.20,Senti0.21-0.40,Senti0.41-0.60,Senti0.61-0.80,Senti0.81-1.00,SentiTotal
0.011162822154281314,0.49789225920557484,0.3346302765694578,0.16109966624265973,2.0,2.0,4.0,0.0,0.0,3.020426185359502E-4