SentiMin,SentiMax,SentiAvg,SentiStdev,Senti0-0.20,Senti0.21-0.40,Senti0.41-0.60,Senti0.61-0.80,Senti0.81-1.00,SentiTotal
1.587819800767229E-5,0.5496678701602578,0.35200084216823807,0.15707890651841813,3.0,3.0,5.0,0.0,0.0,1.1986559889594753E-7