SentiMin,SentiMax,SentiAvg,SentiStdev,Senti0-0.20,Senti0.21-0.40,Senti0.41-0.60,Senti0.61-0.80,Senti0.81-1.00,SentiTotal
4.683497393279586E-6,0.4898631585877994,0.26537397835678767,0.1962567636647897,2.0,2.0,3.0,0.0,0.0,1.912494323696218E-9