TimeMin,TimeMax,TimeAvg,TimeStdev,TimeTotal
217.0,1933.0,712.6666666666666,587.8153527162156,4276.0
