TraitMin,TraitMax,TraitAvg,TraitStdev,TraitTotal
157.5,427.75,297.9589285714286,87.86254749999442,293.4918032786885
