TraitMin,TraitMax,TraitAvg,TraitStdev,TraitTotal
176.0,277.3333333333333,219.3708333333333,39.285335076633025,216.5625
