TraitMin,TraitMax,TraitAvg,TraitStdev,TraitTotal
198.0,1277.1666666666667,421.6897435897436,296.3065626004683,448.1777777777778
