TimeMin,TimeMax,TimeAvg,TimeStdev,TimeTotal
198.0,7663.0,1551.3846153846155,1899.578801024526,20168.0
