SentiMin,SentiMax,SentiAvg,SentiStdev,Senti0-0.20,Senti0.21-0.40,Senti0.41-0.60,Senti0.61-0.80,Senti0.81-1.00,SentiTotal
0.008590938141786011,0.49864883712023866,0.2538544858631885,0.14678637807474482,3.0,6.0,2.0,0.0,0.0,2.115020427131739E-7