SentiMin,SentiMax,SentiAvg,SentiStdev,Senti0-0.20,Senti0.21-0.40,Senti0.41-0.60,Senti0.61-0.80,Senti0.81-1.00,SentiTotal
0.05688800892205066,0.49789225920557484,0.2978937628537316,0.1445518807372544,2.0,4.0,2.0,0.0,0.0,3.4770844151560225E-4