TraitMin,TraitMax,TraitAvg,TraitStdev,TraitTotal
245.66666666666666,337.0,305.88888888888886,42.591368742481436,281.8
