SentiMin,SentiMax,SentiAvg,SentiStdev,Senti0-0.20,Senti0.21-0.40,Senti0.41-0.60,Senti0.61-0.80,Senti0.81-1.00,SentiTotal
1.446313868607827E-4,0.5318834537628724,0.24309521400192033,0.20263381433118993,3.0,1.0,2.0,0.0,0.0,6.485405430529547E-7