TimeMin,TimeMax,TimeAvg,TimeStdev,TimeTotal
246.0,3144.0,1514.5714285714287,1126.1907802274834,10602.0
