TraitMin,TraitMax,TraitAvg,TraitStdev,TraitTotal
120.0,304.2,199.9662037037037,67.99620031475665,199.3469387755102
