TraitMin,TraitMax,TraitAvg,TraitStdev,TraitTotal
75.0,288.0,184.67780748663102,76.40291229354227,177.3235294117647
