SentiMin,SentiMax,SentiAvg,SentiStdev,Senti0-0.20,Senti0.21-0.40,Senti0.41-0.60,Senti0.61-0.80,Senti0.81-1.00,SentiTotal
5.516566086021893E-5,0.49789225920557484,0.3184401499648222,0.17130719460411156,3.0,2.0,3.0,0.0,0.0,7.415522747415339E-7