TraitMin,TraitMax,TraitAvg,TraitStdev,TraitTotal
129.0,1071.0,382.7142857142857,289.4920251976921,311.45454545454544
