TraitMin,TraitMax,TraitAvg,TraitStdev,TraitTotal
120.33333333333333,407.0,209.22321428571428,90.87413654586408,172.14285714285714
