SentiMin,SentiMax,SentiAvg,SentiStdev,Senti0-0.20,Senti0.21-0.40,Senti0.41-0.60,Senti0.61-0.80,Senti0.81-1.00,SentiTotal
8.734277182044789E-4,0.49789225920557484,0.2650196495669095,0.16246011569709434,3.0,4.0,2.0,0.0,0.0,3.6757601019217694E-7