SentiMin,SentiMax,SentiAvg,SentiStdev,Senti0-0.20,Senti0.21-0.40,Senti0.41-0.60,Senti0.61-0.80,Senti0.81-1.00,SentiTotal
0.17126240598465908,0.48439634580644964,0.32749914429041826,0.15052274741505778,2.0,0.0,2.0,0.0,0.0,0.03823844117333375