TraitMin,TraitMax,TraitAvg,TraitStdev,TraitTotal
163.75,1137.0,389.63715277777777,314.86694540414305,378.05882352941177
