TraitMin,TraitMax,TraitAvg,TraitStdev,TraitTotal
175.5,1115.5,394.6984126984127,333.42056955603954,373.10526315789474
