TraitMin,TraitMax,TraitAvg,TraitStdev,TraitTotal
217.14285714285714,1000.0,488.37606837606836,257.46916357394934,365.7142857142857
