TimeMin,TimeMax,TimeAvg,TimeStdev,TimeTotal
480.0,1960.0,1282.6666666666667,411.4278659605945,19240.0
