TraitMin,TraitMax,TraitAvg,TraitStdev,TraitTotal
160.0,1120.0,483.1929824561403,258.5779897687724,384.8
