TimeMin,TimeMax,TimeAvg,TimeStdev,TimeTotal
520.0,2920.0,1166.6666666666667,576.8496819411064,28000.0
