TimeMin,TimeMax,TimeAvg,TimeStdev,TimeTotal
560.0,2840.0,1362.857142857143,603.8853790417584,19080.0
