TraitMin,TraitMax,TraitAvg,TraitStdev,TraitTotal
217.14285714285714,1360.0,541.6867724867725,345.84843275408025,356.2962962962963
