TraitMin,TraitMax,TraitAvg,TraitStdev,TraitTotal
240.0,1000.0,411.10317460317464,180.18961608545573,363.6363636363636
