TraitMin,TraitMax,TraitAvg,TraitStdev,TraitTotal
200.0,640.0,358.7482993197279,136.1866982832786,302.85714285714283
