SentiMin,SentiMax,SentiAvg,SentiStdev,Senti0-0.20,Senti0.21-0.40,Senti0.41-0.60,Senti0.61-0.80,Senti0.81-1.00,SentiTotal
5.133617259982127E-4,0.6624055896622104,0.2581267437706203,0.19909946538266718,8.0,8.0,2.0,2.0,0.0,1.5538721847963726E-16