TraitMin,TraitMax,TraitAvg,TraitStdev,TraitTotal
204.44444444444446,373.3333333333333,263.9555555555556,57.994192983031375,248.75
