TraitMin,TraitMax,TraitAvg,TraitStdev,TraitTotal
180.0,840.0,366.3137254901961,146.5423925631995,325.0
