TimeMin,TimeMax,TimeAvg,TimeStdev,TimeTotal
680.0,2120.0,1378.4615384615386,421.7517708475185,17920.0
