TraitMin,TraitMax,TraitAvg,TraitStdev,TraitTotal
200.0,1160.0,514.9019607843137,287.24319055293745,405.38461538461536
