TraitMin,TraitMax,TraitAvg,TraitStdev,TraitTotal
260.0,1240.0,631.031746031746,289.55196013242266,510.5882352941176
