SentiMin,SentiMax,SentiAvg,SentiStdev,Senti0-0.20,Senti0.21-0.40,Senti0.41-0.60,Senti0.61-0.80,Senti0.81-1.00,SentiTotal
0.3016785644038731,0.9986882155363688,0.5164358897719286,0.24821209267301925,0.0,3.0,1.0,0.0,1.0,0.9968631788529149