SentiMin,SentiMax,SentiAvg,SentiStdev,Senti0-0.20,Senti0.21-0.40,Senti0.41-0.60,Senti0.61-0.80,Senti0.81-1.00,SentiTotal
0.0022933226291415977,0.6380541197465078,0.23219783997449153,0.19052999660163047,12.0,7.0,4.0,1.0,0.0,2.1894252114764544E-19