SentiMin,SentiMax,SentiAvg,SentiStdev,Senti0-0.20,Senti0.21-0.40,Senti0.41-0.60,Senti0.61-0.80,Senti0.81-1.00,SentiTotal
0.030813489000154133,0.49789225920557484,0.33381710627015143,0.14511880723076936,4.0,9.0,8.0,0.0,0.0,4.131239793531112E-9