TimeMin,TimeMax,TimeAvg,TimeStdev,TimeTotal
480.0,4320.0,1376.4705882352941,838.4926333568899,23400.0
