TimeMin,TimeMax,TimeAvg,TimeStdev,TimeTotal
400.0,1680.0,1012.6315789473684,381.0351842472674,19240.0
