SentiMin,SentiMax,SentiAvg,SentiStdev,Senti0-0.20,Senti0.21-0.40,Senti0.41-0.60,Senti0.61-0.80,Senti0.81-1.00,SentiTotal
0.0011103319839694198,0.49789225920557484,0.22919544415287835,0.17720174302069464,8.0,5.0,4.0,0.0,0.0,1.6282256722310543E-15