SentiMin,SentiMax,SentiAvg,SentiStdev,Senti0-0.20,Senti0.21-0.40,Senti0.41-0.60,Senti0.61-0.80,Senti0.81-1.00,SentiTotal
0.006485733971014082,0.5100903489061384,0.11970757990098646,0.19565613867442294,4.0,0.0,1.0,0.0,0.0,9.823859476348477E-8