TraitMin,TraitMax,TraitAvg,TraitStdev,TraitTotal
240.0,1000.0,556.0,257.4956310308973,388.2352941176471
