SentiMin,SentiMax,SentiAvg,SentiStdev,Senti0-0.20,Senti0.21-0.40,Senti0.41-0.60,Senti0.61-0.80,Senti0.81-1.00,SentiTotal
1.4637054581487923E-5,0.6763517683108127,0.22179045243903991,0.20738295311623337,9.0,6.0,0.0,2.0,0.0,1.1637333800132791E-18