TimeMin,TimeMax,TimeAvg,TimeStdev,TimeTotal
280.0,10520.0,2021.1666666666667,2666.737389687173,24254.0
