TimeMin,TimeMax,TimeAvg,TimeStdev,TimeTotal
760.0,4680.0,2463.3333333333335,1324.0803936653126,29560.0
