SentiMin,SentiMax,SentiAvg,SentiStdev,Senti0-0.20,Senti0.21-0.40,Senti0.41-0.60,Senti0.61-0.80,Senti0.81-1.00,SentiTotal
0.0011888025239333874,0.9747834498511201,0.36129587991094086,0.3342346744649506,2.0,2.0,0.0,1.0,1.0,6.979571262612427E-4