SentiMin,SentiMax,SentiAvg,SentiStdev,Senti0-0.20,Senti0.21-0.40,Senti0.41-0.60,Senti0.61-0.80,Senti0.81-1.00,SentiTotal
2.6481068874881384E-5,0.7540288977830801,0.3212074964217,0.2638724902479288,4.0,2.0,1.0,2.0,0.0,1.7761669003737848E-8