SentiMin,SentiMax,SentiAvg,SentiStdev,Senti0-0.20,Senti0.21-0.40,Senti0.41-0.60,Senti0.61-0.80,Senti0.81-1.00,SentiTotal
1.0041191484191669E-8,0.9007231819497886,0.34957490473838176,0.3096064928409551,7.0,2.0,1.0,4.0,1.0,1.5773200717860098E-21