SentiMin,SentiMax,SentiAvg,SentiStdev,Senti0-0.20,Senti0.21-0.40,Senti0.41-0.60,Senti0.61-0.80,Senti0.81-1.00,SentiTotal
0.0043681870631567315,0.39697510199130176,0.20314431937480087,0.1938623236514224,2.0,2.0,0.0,0.0,0.0,2.8206787761223567E-5