TraitMin,TraitMax,TraitAvg,TraitStdev,TraitTotal
206.66666666666666,520.0,325.23484848484844,99.76011104590981,298.8235294117647
