TraitMin,TraitMax,TraitAvg,TraitStdev,TraitTotal
60.0,420.0,266.0901960784314,83.09813626268082,277.4468085106383
