TimeMin,TimeMax,TimeAvg,TimeStdev,TimeTotal
880.0,8600.0,3573.3333333333335,3557.4272851161536,10720.0
