TimeMin,TimeMax,TimeAvg,TimeStdev,TimeTotal
440.0,3960.0,1693.3333333333333,1001.909288419976,20320.0
