TimeMin,TimeMax,TimeAvg,TimeStdev,TimeTotal
1680.0,12080.0,5297.777777777777,3061.160919135011,47680.0
