TraitMin,TraitMax,TraitAvg,TraitStdev,TraitTotal
171.42857142857142,1000.0,305.46272246272247,218.2563067841542,230.9375
