TimeMin,TimeMax,TimeAvg,TimeStdev,TimeTotal
400.0,10000.0,2786.6666666666665,2717.3581941944194,41800.0
