SentiMin,SentiMax,SentiAvg,SentiStdev,Senti0-0.20,Senti0.21-0.40,Senti0.41-0.60,Senti0.61-0.80,Senti0.81-1.00,SentiTotal
3.073810770511899E-6,0.7992414288113404,0.17742704885388594,0.22983782277599327,13.0,5.0,0.0,2.0,0.0,5.5609633151562134E-31