TraitMin,TraitMax,TraitAvg,TraitStdev,TraitTotal
180.0,494.0,301.79797979797985,86.92151900486076,310.94871794871796
