TraitMin,TraitMax,TraitAvg,TraitStdev,TraitTotal
40.0,640.0,310.9603976270643,185.5543698658328,242.42424242424244
