SentiMin,SentiMax,SentiAvg,SentiStdev,Senti0-0.20,Senti0.21-0.40,Senti0.41-0.60,Senti0.61-0.80,Senti0.81-1.00,SentiTotal
0.0022451172583000346,0.3836742796139354,0.1580665551190998,0.14818258252661193,5.0,3.0,0.0,0.0,0.0,6.044784016293074E-10