TraitMin,TraitMax,TraitAvg,TraitStdev,TraitTotal
260.0,576.0,340.0651923087424,101.62044847365455,348.02919708029196
