SentiMin,SentiMax,SentiAvg,SentiStdev,Senti0-0.20,Senti0.21-0.40,Senti0.41-0.60,Senti0.61-0.80,Senti0.81-1.00,SentiTotal
1.5440449746794294E-7,0.9999600658694054,0.28673168503711843,0.405469539931294,6.0,0.0,1.0,0.0,2.0,1.5235525499194417E-12