TraitMin,TraitMax,TraitAvg,TraitStdev,TraitTotal
200.0,760.0,452.7586206896552,234.87062241726403,271.7647058823529
