SentiMin,SentiMax,SentiAvg,SentiStdev,Senti0-0.20,Senti0.21-0.40,Senti0.41-0.60,Senti0.61-0.80,Senti0.81-1.00,SentiTotal
7.140536588183708E-4,0.38685675479803405,0.11246819135173204,0.12955222865868135,9.0,3.0,0.0,0.0,0.0,1.1441343797560941E-17