TimeMin,TimeMax,TimeAvg,TimeStdev,TimeTotal
680.0,13120.0,5773.333333333333,4032.975190710809,34640.0
