TraitMin,TraitMax,TraitAvg,TraitStdev,TraitTotal
293.3333333333333,1433.3333333333333,678.8888888888888,533.5161723629749,824.6153846153846
