TraitMin,TraitMax,TraitAvg,TraitStdev,TraitTotal
260.0,760.0,579.0,192.77707332564214,544.6153846153846
