SentiMin,SentiMax,SentiAvg,SentiStdev,Senti0-0.20,Senti0.21-0.40,Senti0.41-0.60,Senti0.61-0.80,Senti0.81-1.00,SentiTotal
0.1740105501457912,0.6824837810859113,0.4776512563842133,0.14875906237789252,1.0,3.0,9.0,3.0,0.0,0.15490267526716328