TraitMin,TraitMax,TraitAvg,TraitStdev,TraitTotal
256.0,671.1111111111111,415.1338217338218,114.61077982797981,423.5897435897436
