TraitMin,TraitMax,TraitAvg,TraitStdev,TraitTotal
293.3333333333333,614.5454545454545,487.5484212756939,104.32430884506068,485.3781512605042
