TraitMin,TraitMax,TraitAvg,TraitStdev,TraitTotal
168.0,720.0,381.3017146252441,155.74737003008738,349.7345132743363
