TraitMin,TraitMax,TraitAvg,TraitStdev,TraitTotal
213.33333333333334,840.0,411.53809523809525,178.58204165286895,364.54545454545456
