TraitMin,TraitMax,TraitAvg,TraitStdev,TraitTotal
250.0,1440.0,471.28285570638513,309.61678256186997,366.40506329113924
