TraitMin,TraitMax,TraitAvg,TraitStdev,TraitTotal
308.0,1260.0,775.7460317460318,330.8277348921147,600.0
