TimeMin,TimeMax,TimeAvg,TimeStdev,TimeTotal
880.0,8720.0,5250.909090909091,2026.4498941631196,57760.0
