TimeMin,TimeMax,TimeAvg,TimeStdev,TimeTotal
720.0,8440.0,2226.6153846153848,2019.4855985721306,28946.0
