TimeMin,TimeMax,TimeAvg,TimeStdev,TimeTotal
720.0,2760.0,1805.7142857142858,721.0876139130221,12640.0
