TraitMin,TraitMax,TraitAvg,TraitStdev,TraitTotal
268.0,596.3636363636364,386.1892350074168,95.51706008035751,368.6792452830189
