TraitMin,TraitMax,TraitAvg,TraitStdev,TraitTotal
250.0,1400.0,642.5170068027211,365.8406380976386,486.15384615384613
