SentiMin,SentiMax,SentiAvg,SentiStdev,Senti0-0.20,Senti0.21-0.40,Senti0.41-0.60,Senti0.61-0.80,Senti0.81-1.00,SentiTotal
0.1857163076674642,0.9052982803983111,0.5238628335804796,0.16635028100561378,2.0,0.0,10.0,3.0,1.0,0.8760084284121863