TraitMin,TraitMax,TraitAvg,TraitStdev,TraitTotal
240.0,1040.0,447.5327380952381,177.81267230961367,409.2307692307692
