SentiMin,SentiMax,SentiAvg,SentiStdev,Senti0-0.20,Senti0.21-0.40,Senti0.41-0.60,Senti0.61-0.80,Senti0.81-1.00,SentiTotal
0.14698682814903868,0.9099063185805033,0.47879132380986644,0.18986828799914873,2.0,0.0,8.0,0.0,1.0,0.3153553488954002