TimeMin,TimeMax,TimeAvg,TimeStdev,TimeTotal
720.0,6560.0,3552.7272727272725,1667.731670749175,39080.0
