SentiMin,SentiMax,SentiAvg,SentiStdev,Senti0-0.20,Senti0.21-0.40,Senti0.41-0.60,Senti0.61-0.80,Senti0.81-1.00,SentiTotal
7.593374938540402E-6,0.4205420486254162,0.12535484310171813,0.13693759206957895,10.0,3.0,1.0,0.0,0.0,2.7847331494721095E-26