SentiMin,SentiMax,SentiAvg,SentiStdev,Senti0-0.20,Senti0.21-0.40,Senti0.41-0.60,Senti0.61-0.80,Senti0.81-1.00,SentiTotal
0.0012301640802727816,0.9288473056233999,0.2865067964660857,0.262730519197509,5.0,3.0,1.0,0.0,1.0,3.79356855054223E-7