TraitMin,TraitMax,TraitAvg,TraitStdev,TraitTotal
440.0,573.3333333333334,506.6666666666667,66.66666666666669,520.0
