TraitMin,TraitMax,TraitAvg,TraitStdev,TraitTotal
160.0,1000.0,432.0,225.01753018129253,366.4864864864865
