TimeMin,TimeMax,TimeAvg,TimeStdev,TimeTotal
960.0,9040.0,3826.6666666666665,2959.6996844650002,22960.0
