SentiMin,SentiMax,SentiAvg,SentiStdev,Senti0-0.20,Senti0.21-0.40,Senti0.41-0.60,Senti0.61-0.80,Senti0.81-1.00,SentiTotal
0.031036006043217528,0.5318834537628724,0.3195668559732505,0.18822690520020757,1.0,1.0,2.0,0.0,0.0,0.011117210468005675