SentiMin,SentiMax,SentiAvg,SentiStdev,Senti0-0.20,Senti0.21-0.40,Senti0.41-0.60,Senti0.61-0.80,Senti0.81-1.00,SentiTotal
0.044242481192653345,0.5318834537628724,0.27915006018455757,0.19451197534753895,2.0,1.0,1.0,0.0,0.0,0.005914423044003409