TraitMin,TraitMax,TraitAvg,TraitStdev,TraitTotal
208.0,680.0,441.05882352941177,145.69967478550817,434.90909090909093
