SentiMin,SentiMax,SentiAvg,SentiStdev,Senti0-0.20,Senti0.21-0.40,Senti0.41-0.60,Senti0.61-0.80,Senti0.81-1.00,SentiTotal
5.124719087574516E-4,0.3248947984778318,0.11391742156104959,0.11169700676617467,13.0,4.0,0.0,0.0,0.0,6.926788594216987E-22