TraitMin,TraitMax,TraitAvg,TraitStdev,TraitTotal
304.0,1000.0,531.8181818181819,184.34707952671107,475.23809523809524
