TraitMin,TraitMax,TraitAvg,TraitStdev,TraitTotal
260.0,1000.0,492.0,265.5443047360982,402.85714285714283
