TimeMin,TimeMax,TimeAvg,TimeStdev,TimeTotal
760.0,3040.0,1853.3333333333333,772.067930229516,11120.0
