TraitMin,TraitMax,TraitAvg,TraitStdev,TraitTotal
190.0,608.0,355.93650793650795,135.11084631194962,358.7096774193548
