TraitMin,TraitMax,TraitAvg,TraitStdev,TraitTotal
211.42857142857142,748.5714285714286,397.2559523809524,161.29428049133574,371.94805194805195
