SentiMin,SentiMax,SentiAvg,SentiStdev,Senti0-0.20,Senti0.21-0.40,Senti0.41-0.60,Senti0.61-0.80,Senti0.81-1.00,SentiTotal
0.009942886899314713,0.49341762213564205,0.26270548234211377,0.15052540120651817,2.0,3.0,1.0,0.0,0.0,1.638809891291663E-4