SentiMin,SentiMax,SentiAvg,SentiStdev,Senti0-0.20,Senti0.21-0.40,Senti0.41-0.60,Senti0.61-0.80,Senti0.81-1.00,SentiTotal
4.992652410464435E-5,0.6921459309296395,0.2333460649422937,0.2114470937505558,13.0,1.0,6.0,1.0,0.0,1.359421191039227E-21