TimeMin,TimeMax,TimeAvg,TimeStdev,TimeTotal
480.0,3840.0,1407.0588235294117,771.8866474682616,23920.0
