TraitMin,TraitMax,TraitAvg,TraitStdev,TraitTotal
290.0,600.0,404.33333333333337,92.68884626653966,378.6666666666667
