TimeMin,TimeMax,TimeAvg,TimeStdev,TimeTotal
600.0,4640.0,1878.095238095238,997.7862117022056,39440.0
