TimeMin,TimeMax,TimeAvg,TimeStdev,TimeTotal
720.0,3480.0,1814.5454545454545,858.4591231478074,19960.0
