TraitMin,TraitMax,TraitAvg,TraitStdev,TraitTotal
275.55555555555554,1400.0,640.8888888888889,377.44403558673434,441.53846153846155
