SentiMin,SentiMax,SentiAvg,SentiStdev,Senti0-0.20,Senti0.21-0.40,Senti0.41-0.60,Senti0.61-0.80,Senti0.81-1.00,SentiTotal
0.00834827584455529,0.5318834537628724,0.23656422285225326,0.18813534158948025,5.0,3.0,2.0,0.0,0.0,3.85055234384549E-8