SentiMin,SentiMax,SentiAvg,SentiStdev,Senti0-0.20,Senti0.21-0.40,Senti0.41-0.60,Senti0.61-0.80,Senti0.81-1.00,SentiTotal
0.0018209832684794073,0.5755436691302463,0.23973221389020533,0.22413882048912231,5.0,2.0,3.0,0.0,0.0,1.196569280579775E-10