SentiMin,SentiMax,SentiAvg,SentiStdev,Senti0-0.20,Senti0.21-0.40,Senti0.41-0.60,Senti0.61-0.80,Senti0.81-1.00,SentiTotal
0.0017082352128650969,0.5468333679496732,0.13809154990730466,0.1646505591080268,12.0,2.0,2.0,0.0,0.0,8.697438191472507E-21