TraitMin,TraitMax,TraitAvg,TraitStdev,TraitTotal
208.0,1173.3333333333333,415.7142857142857,244.567349023979,362.22222222222223
