SentiMin,SentiMax,SentiAvg,SentiStdev,Senti0-0.20,Senti0.21-0.40,Senti0.41-0.60,Senti0.61-0.80,Senti0.81-1.00,SentiTotal
0.004832601434843641,0.9426756541917749,0.30554091047914905,0.26523839757629775,4.0,3.0,3.0,0.0,1.0,1.826070976434096E-7