TraitMin,TraitMax,TraitAvg,TraitStdev,TraitTotal
68.0,1120.0,436.71895424836606,325.71935498230704,327.4074074074074
