TraitMin,TraitMax,TraitAvg,TraitStdev,TraitTotal
320.0,580.0,422.34013605442175,90.00793770046427,401.2903225806452
