TimeMin,TimeMax,TimeAvg,TimeStdev,TimeTotal
640.0,3880.0,1381.8181818181818,955.9556682552917,15200.0
