SentiMin,SentiMax,SentiAvg,SentiStdev,Senti0-0.20,Senti0.21-0.40,Senti0.41-0.60,Senti0.61-0.80,Senti0.81-1.00,SentiTotal
0.02659137400772895,0.49789225920557484,0.19211023397819835,0.17655016862280404,4.0,2.0,1.0,0.0,0.0,5.144702620916499E-8