TimeMin,TimeMax,TimeAvg,TimeStdev,TimeTotal
720.0,3000.0,1178.8235294117646,602.1323125354659,20040.0
