SentiMin,SentiMax,SentiAvg,SentiStdev,Senti0-0.20,Senti0.21-0.40,Senti0.41-0.60,Senti0.61-0.80,Senti0.81-1.00,SentiTotal
0.05846083110520542,0.48439634580644964,0.30377618889891805,0.13786306024896056,3.0,5.0,3.0,0.0,0.0,3.456517193019147E-5