SentiMin,SentiMax,SentiAvg,SentiStdev,Senti0-0.20,Senti0.21-0.40,Senti0.41-0.60,Senti0.61-0.80,Senti0.81-1.00,SentiTotal
7.330327543922894E-4,0.5318834537628724,0.23453077661565505,0.20018341661665662,8.0,2.0,5.0,0.0,0.0,5.857562812019048E-15