TraitMin,TraitMax,TraitAvg,TraitStdev,TraitTotal
204.0,960.0,494.4888888888889,206.42357985702031,415.8490566037736
