TraitMin,TraitMax,TraitAvg,TraitStdev,TraitTotal
304.0,960.0,590.6923076923077,199.2321354274512,524.1025641025641
