TraitMin,TraitMax,TraitAvg,TraitStdev,TraitTotal
203.63636363636363,800.0,355.4070575888758,163.16743925026879,290.3225806451613
