TraitMin,TraitMax,TraitAvg,TraitStdev,TraitTotal
250.0,800.0,426.8298368298369,155.75901998159705,361.9047619047619
