TraitMin,TraitMax,TraitAvg,TraitStdev,TraitTotal
246.66666666666666,640.0,382.6984126984127,153.8131275479998,345.45454545454544
