TraitMin,TraitMax,TraitAvg,TraitStdev,TraitTotal
300.0,600.0,431.66666666666674,110.59184217452729,396.5217391304348
