TraitMin,TraitMax,TraitAvg,TraitStdev,TraitTotal
173.33333333333334,1080.0,504.84737484737485,259.2161149040724,369.77777777777777
