TimeMin,TimeMax,TimeAvg,TimeStdev,TimeTotal
560.0,3640.0,1301.3333333333333,752.151285018882,19520.0
