TimeMin,TimeMax,TimeAvg,TimeStdev,TimeTotal
760.0,2240.0,1636.3636363636363,470.034287478008,18000.0
