TraitMin,TraitMax,TraitAvg,TraitStdev,TraitTotal
176.0,920.0,492.06349206349205,202.15157371475988,393.3333333333333
