SentiMin,SentiMax,SentiAvg,SentiStdev,Senti0-0.20,Senti0.21-0.40,Senti0.41-0.60,Senti0.61-0.80,Senti0.81-1.00,SentiTotal
0.013063946950709624,0.5318834537628724,0.21837332083464606,0.18044112798181602,9.0,2.0,3.0,0.0,0.0,2.2281576386745524E-11