SentiMin,SentiMax,SentiAvg,SentiStdev,Senti0-0.20,Senti0.21-0.40,Senti0.41-0.60,Senti0.61-0.80,Senti0.81-1.00,SentiTotal
6.603615728975905E-5,0.49789225920557484,0.15368160940274309,0.1888465975072975,6.0,0.0,2.0,0.0,0.0,7.275455303004718E-13