SentiMin,SentiMax,SentiAvg,SentiStdev,Senti0-0.20,Senti0.21-0.40,Senti0.41-0.60,Senti0.61-0.80,Senti0.81-1.00,SentiTotal
0.004192575029929993,0.5973117777346446,0.3050580534158519,0.16530444557782753,4.0,8.0,3.0,0.0,0.0,1.7112435278173972E-8