TraitMin,TraitMax,TraitAvg,TraitStdev,TraitTotal
225.0,880.0,394.8268398268399,190.89467262061527,317.55102040816325
