TimeMin,TimeMax,TimeAvg,TimeStdev,TimeTotal
520.0,2600.0,1348.5714285714287,611.2149159415104,18880.0
