TraitMin,TraitMax,TraitAvg,TraitStdev,TraitTotal
200.0,960.0,574.9333333333333,228.48950701249896,453.95348837209303
