TimeMin,TimeMax,TimeAvg,TimeStdev,TimeTotal
720.0,2880.0,1341.5384615384614,499.505080498474,17440.0
