TraitMin,TraitMax,TraitAvg,TraitStdev,TraitTotal
256.0,760.0,449.61111111111114,146.02472097491736,418.2608695652174
