SentiMin,SentiMax,SentiAvg,SentiStdev,Senti0-0.20,Senti0.21-0.40,Senti0.41-0.60,Senti0.61-0.80,Senti0.81-1.00,SentiTotal
0.004779318474735134,0.49789225920557484,0.2762267792265159,0.13524851962789974,4.0,11.0,2.0,0.0,0.0,1.187456298799998E-10