TraitMin,TraitMax,TraitAvg,TraitStdev,TraitTotal
220.0,340.0,269.8690476190476,38.67704345572694,264.1666666666667
