SentiMin,SentiMax,SentiAvg,SentiStdev,Senti0-0.20,Senti0.21-0.40,Senti0.41-0.60,Senti0.61-0.80,Senti0.81-1.00,SentiTotal
0.010170130727151328,0.39697510199130176,0.16423545522321928,0.12154385237997424,8.0,4.0,0.0,0.0,0.0,3.055295540879788E-11