SentiMin,SentiMax,SentiAvg,SentiStdev,Senti0-0.20,Senti0.21-0.40,Senti0.41-0.60,Senti0.61-0.80,Senti0.81-1.00,SentiTotal
0.0046730175711197025,0.43796879524747484,0.18027173693089976,0.13385569636080055,6.0,6.0,1.0,0.0,0.0,1.3097042716285172E-14