TimeMin,TimeMax,TimeAvg,TimeStdev,TimeTotal
760.0,3880.0,1469.3333333333333,850.0938510279648,22040.0
