SentiMin,SentiMax,SentiAvg,SentiStdev,Senti0-0.20,Senti0.21-0.40,Senti0.41-0.60,Senti0.61-0.80,Senti0.81-1.00,SentiTotal
0.03567994060994316,0.7691326200444669,0.2836825174463329,0.2045281795564837,7.0,4.0,2.0,2.0,0.0,1.3318256966848266E-9