TraitMin,TraitMax,TraitAvg,TraitStdev,TraitTotal
300.0,880.0,470.7179487179487,161.91808872272827,400.8695652173913
