TraitMin,TraitMax,TraitAvg,TraitStdev,TraitTotal
256.0,800.0,468.3873015873016,191.25105396765522,370.0
