TraitMin,TraitMax,TraitAvg,TraitStdev,TraitTotal
216.0,600.0,382.8095238095238,105.87569188212785,372.85714285714283
