TraitMin,TraitMax,TraitAvg,TraitStdev,TraitTotal
262.22222222222223,1080.0,505.82222222222225,265.74109371508365,376.4102564102564
