SentiMin,SentiMax,SentiAvg,SentiStdev,Senti0-0.20,Senti0.21-0.40,Senti0.41-0.60,Senti0.61-0.80,Senti0.81-1.00,SentiTotal
0.0079117286295943,0.2489358904268846,0.07762511664588183,0.0842872630382181,5.0,1.0,0.0,0.0,0.0,1.6186647219244977E-9