SentiMin,SentiMax,SentiAvg,SentiStdev,Senti0-0.20,Senti0.21-0.40,Senti0.41-0.60,Senti0.61-0.80,Senti0.81-1.00,SentiTotal
6.953097429499116E-4,0.43796879524747484,0.16717100195540305,0.15819408336546967,6.0,3.0,1.0,0.0,0.0,2.2860382484157464E-12