TraitMin,TraitMax,TraitAvg,TraitStdev,TraitTotal
185.0,920.0,538.3285714285714,196.02332274814773,490.0
