TimeMin,TimeMax,TimeAvg,TimeStdev,TimeTotal
480.0,4200.0,1572.3076923076924,1022.1406936587234,20440.0
