SentiMin,SentiMax,SentiAvg,SentiStdev,Senti0-0.20,Senti0.21-0.40,Senti0.41-0.60,Senti0.61-0.80,Senti0.81-1.00,SentiTotal
5.046907986175387E-4,0.43796879524747484,0.13526089471287658,0.13255505437374598,8.0,2.0,1.0,0.0,0.0,5.3065034755571306E-17