SentiMin,SentiMax,SentiAvg,SentiStdev,Senti0-0.20,Senti0.21-0.40,Senti0.41-0.60,Senti0.61-0.80,Senti0.81-1.00,SentiTotal
0.051463042214099294,0.6265076294183111,0.30849654869263876,0.1846644334714926,5.0,5.0,3.0,2.0,0.0,2.1685688152843128E-7