TraitMin,TraitMax,TraitAvg,TraitStdev,TraitTotal
258.1818181818182,960.0,450.2840909090909,231.17814245415528,319.09090909090907
