SentiMin,SentiMax,SentiAvg,SentiStdev,Senti0-0.20,Senti0.21-0.40,Senti0.41-0.60,Senti0.61-0.80,Senti0.81-1.00,SentiTotal
0.006528161193785637,0.43796879524747484,0.21078312755456866,0.18072567984748697,7.0,4.0,2.0,0.0,0.0,3.2498814079565783E-12