SentiMin,SentiMax,SentiAvg,SentiStdev,Senti0-0.20,Senti0.21-0.40,Senti0.41-0.60,Senti0.61-0.80,Senti0.81-1.00,SentiTotal
8.814553307083359E-4,0.43796879524747484,0.23981595750622664,0.1658594126502769,5.0,7.0,2.0,0.0,0.0,2.6743355451943088E-12