TimeMin,TimeMax,TimeAvg,TimeStdev,TimeTotal
640.0,2800.0,1418.4615384615386,673.6564538037763,18440.0
