TimeMin,TimeMax,TimeAvg,TimeStdev,TimeTotal
760.0,2880.0,1603.3333333333333,684.1945792113689,19240.0
