SentiMin,SentiMax,SentiAvg,SentiStdev,Senti0-0.20,Senti0.21-0.40,Senti0.41-0.60,Senti0.61-0.80,Senti0.81-1.00,SentiTotal
0.002431053059996631,0.4801180056153849,0.16415604334918707,0.15617565847698314,7.0,3.0,1.0,0.0,0.0,1.0043741407169396E-12