SentiMin,SentiMax,SentiAvg,SentiStdev,Senti0-0.20,Senti0.21-0.40,Senti0.41-0.60,Senti0.61-0.80,Senti0.81-1.00,SentiTotal
0.005532883690833039,0.9109358056759665,0.2881607796184418,0.26940891928536065,7.0,4.0,1.0,1.0,1.0,4.27659567983787E-9