TimeMin,TimeMax,TimeAvg,TimeStdev,TimeTotal
400.0,3360.0,1225.7142857142858,792.7683347946368,17160.0
