TraitMin,TraitMax,TraitAvg,TraitStdev,TraitTotal
260.0,960.0,576.0,227.94151296622854,440.8695652173913
