TimeMin,TimeMax,TimeAvg,TimeStdev,TimeTotal
680.0,3080.0,1491.4285714285713,692.3960173903076,20880.0
