TraitMin,TraitMax,TraitAvg,TraitStdev,TraitTotal
288.0,720.0,503.6923076923077,149.92023300947315,471.35135135135135
