TraitMin,TraitMax,TraitAvg,TraitStdev,TraitTotal
206.66666666666666,760.0,482.8571428571429,206.30921468391097,331.7647058823529
