TimeMin,TimeMax,TimeAvg,TimeStdev,TimeTotal
1040.0,3120.0,1777.142857142857,683.8068709326442,12440.0
