SentiMin,SentiMax,SentiAvg,SentiStdev,Senti0-0.20,Senti0.21-0.40,Senti0.41-0.60,Senti0.61-0.80,Senti0.81-1.00,SentiTotal
6.458899717153853E-6,0.4670939614169457,0.1666455903534511,0.1482548651269032,4.0,3.0,1.0,0.0,0.0,3.8320882006757443E-13