TimeMin,TimeMax,TimeAvg,TimeStdev,TimeTotal
520.0,2240.0,1183.3333333333333,435.57114484573265,14200.0
