TraitMin,TraitMax,TraitAvg,TraitStdev,TraitTotal
138.1818181818182,800.0,341.4040404040404,199.89350232275362,254.54545454545453
