SentiMin,SentiMax,SentiAvg,SentiStdev,Senti0-0.20,Senti0.21-0.40,Senti0.41-0.60,Senti0.61-0.80,Senti0.81-1.00,SentiTotal
0.04247962217217981,0.43796879524747484,0.1687697898660867,0.10581558978071236,6.0,4.0,1.0,0.0,0.0,1.5074483021231725E-9