SentiMin,SentiMax,SentiAvg,SentiStdev,Senti0-0.20,Senti0.21-0.40,Senti0.41-0.60,Senti0.61-0.80,Senti0.81-1.00,SentiTotal
7.464609521771379E-5,0.9980006263287116,0.22394577746967484,0.2871049286370839,7.0,2.0,1.0,0.0,1.0,7.391362994845407E-14