TraitMin,TraitMax,TraitAvg,TraitStdev,TraitTotal
306.6666666666667,1186.6666666666667,617.1428571428571,330.211229037283,522.0
