SentiMin,SentiMax,SentiAvg,SentiStdev,Senti0-0.20,Senti0.21-0.40,Senti0.41-0.60,Senti0.61-0.80,Senti0.81-1.00,SentiTotal
0.1162427065670856,0.310621335157665,0.21087286893794494,0.05177481151034664,2.0,6.0,0.0,0.0,0.0,2.152291184415382E-5