TraitMin,TraitMax,TraitAvg,TraitStdev,TraitTotal
253.33333333333334,1360.0,561.1666666666666,360.33175300301,402.6666666666667
