SentiMin,SentiMax,SentiAvg,SentiStdev,Senti0-0.20,Senti0.21-0.40,Senti0.41-0.60,Senti0.61-0.80,Senti0.81-1.00,SentiTotal
1.9290313302161572E-10,0.481889648633903,0.1298008260915834,0.14035402411274278,8.0,3.0,1.0,0.0,0.0,1.7712835286998162E-23