TraitMin,TraitMax,TraitAvg,TraitStdev,TraitTotal
206.66666666666666,800.0,473.6666666666667,238.859093749153,352.0
