TraitMin,TraitMax,TraitAvg,TraitStdev,TraitTotal
225.71428571428572,1000.0,464.2063492063492,209.96207620471012,365.5
