TimeMin,TimeMax,TimeAvg,TimeStdev,TimeTotal
920.0,3480.0,1709.090909090909,934.9910504720406,18800.0
