TraitMin,TraitMax,TraitAvg,TraitStdev,TraitTotal
210.0,800.0,471.97530864197535,179.43653445684194,365.0
