SentiMin,SentiMax,SentiAvg,SentiStdev,Senti0-0.20,Senti0.21-0.40,Senti0.41-0.60,Senti0.61-0.80,Senti0.81-1.00,SentiTotal
2.7179108484167692E-6,0.49789225920557484,0.0953605848580047,0.1551063974784461,10.0,1.0,1.0,0.0,0.0,6.238478531239845E-24