TraitMin,TraitMax,TraitAvg,TraitStdev,TraitTotal
384.0,960.0,640.6666666666666,199.47152400502907,540.0
