TimeMin,TimeMax,TimeAvg,TimeStdev,TimeTotal
177.0,3800.0,1961.5454545454545,1204.3505502692663,21577.0
