TimeMin,TimeMax,TimeAvg,TimeStdev,TimeTotal
680.0,3160.0,1622.2222222222222,836.311714584112,14600.0
