TraitMin,TraitMax,TraitAvg,TraitStdev,TraitTotal
213.33333333333334,1000.0,444.6780626780627,237.3969653925763,371.7073170731707
