SentiMin,SentiMax,SentiAvg,SentiStdev,Senti0-0.20,Senti0.21-0.40,Senti0.41-0.60,Senti0.61-0.80,Senti0.81-1.00,SentiTotal
0.007416390447677839,0.6271938355540718,0.3039958960249951,0.19430700060083372,3.0,3.0,2.0,1.0,0.0,1.5136636973873751E-5