TimeMin,TimeMax,TimeAvg,TimeStdev,TimeTotal
600.0,2520.0,1333.3333333333333,570.691588240872,16000.0
