TraitMin,TraitMax,TraitAvg,TraitStdev,TraitTotal
280.0,1440.0,728.3333333333334,354.5223703958766,473.3333333333333
