TraitMin,TraitMax,TraitAvg,TraitStdev,TraitTotal
185.0,640.0,317.06060606060606,137.09900707534985,264.76190476190476
