TraitMin,TraitMax,TraitAvg,TraitStdev,TraitTotal
177.0,860.0,490.1385281385282,197.34697429676496,490.3863636363636
