TraitMin,TraitMax,TraitAvg,TraitStdev,TraitTotal
210.0,1120.0,522.6060606060606,317.9515819242256,361.53846153846155
