TraitMin,TraitMax,TraitAvg,TraitStdev,TraitTotal
177.14285714285714,920.0,509.12651451112987,232.75137940839454,372.258064516129
