SentiMin,SentiMax,SentiAvg,SentiStdev,Senti0-0.20,Senti0.21-0.40,Senti0.41-0.60,Senti0.61-0.80,Senti0.81-1.00,SentiTotal
0.00131783246066786,0.4652008130304708,0.1882912997683819,0.18250852774523446,6.0,2.0,3.0,0.0,0.0,1.0528767784687825E-14