SentiMin,SentiMax,SentiAvg,SentiStdev,Senti0-0.20,Senti0.21-0.40,Senti0.41-0.60,Senti0.61-0.80,Senti0.81-1.00,SentiTotal
0.003304452928594788,0.49789225920557484,0.19494218594985882,0.16128487155385765,9.0,5.0,3.0,0.0,0.0,2.4288463978428423E-16