TraitMin,TraitMax,TraitAvg,TraitStdev,TraitTotal
170.0,1680.0,529.8522588522588,416.62522643464416,309.09090909090907
