TraitMin,TraitMax,TraitAvg,TraitStdev,TraitTotal
173.33333333333334,706.6666666666666,378.49588256355173,160.84347126723344,334.11764705882354
