SentiMin,SentiMax,SentiAvg,SentiStdev,Senti0-0.20,Senti0.21-0.40,Senti0.41-0.60,Senti0.61-0.80,Senti0.81-1.00,SentiTotal
3.4163762574087425E-5,0.49789225920557484,0.1898469184603822,0.1748496125552827,7.0,4.0,3.0,0.0,0.0,3.919761588621088E-19