TimeMin,TimeMax,TimeAvg,TimeStdev,TimeTotal
720.0,3760.0,1775.3846153846155,884.9564559875716,23080.0
