SentiMin,SentiMax,SentiAvg,SentiStdev,Senti0-0.20,Senti0.21-0.40,Senti0.41-0.60,Senti0.61-0.80,Senti0.81-1.00,SentiTotal
6.390903810898168E-5,0.37874993579954885,0.11755572343719217,0.10974005934654726,9.0,3.0,0.0,0.0,0.0,5.938660842701388E-16