SentiMin,SentiMax,SentiAvg,SentiStdev,Senti0-0.20,Senti0.21-0.40,Senti0.41-0.60,Senti0.61-0.80,Senti0.81-1.00,SentiTotal
0.004406676188944811,0.49789225920557484,0.2507214898552062,0.14049718283189874,5.0,3.0,2.0,0.0,0.0,4.5584573272967333E-7