SentiMin,SentiMax,SentiAvg,SentiStdev,Senti0-0.20,Senti0.21-0.40,Senti0.41-0.60,Senti0.61-0.80,Senti0.81-1.00,SentiTotal
0.028560794310058514,0.22946348594270183,0.15544784857381547,0.08109571407378736,3.0,4.0,0.0,0.0,0.0,1.321517266035325E-6