TraitMin,TraitMax,TraitAvg,TraitStdev,TraitTotal
312.94117647058823,800.0,473.2352941176471,192.43544731697185,355.38461538461536
