SentiMin,SentiMax,SentiAvg,SentiStdev,Senti0-0.20,Senti0.21-0.40,Senti0.41-0.60,Senti0.61-0.80,Senti0.81-1.00,SentiTotal
0.008343022892491364,0.49789225920557484,0.20618987401135758,0.15629840480075743,4.0,4.0,1.0,0.0,0.0,2.9318935123849235E-8