SentiMin,SentiMax,SentiAvg,SentiStdev,Senti0-0.20,Senti0.21-0.40,Senti0.41-0.60,Senti0.61-0.80,Senti0.81-1.00,SentiTotal
1.2514820566211684E-6,0.49789225920557484,0.17433019958353885,0.2098081748283174,5.0,0.0,2.0,0.0,0.0,2.9238239016812897E-15