TimeMin,TimeMax,TimeAvg,TimeStdev,TimeTotal
800.0,4680.0,2107.6923076923076,1018.8844113965931,27400.0
