TraitMin,TraitMax,TraitAvg,TraitStdev,TraitTotal
221.53846153846155,1100.0,563.2943969610637,275.0691405289743,392.1388888888889
