SentiMin,SentiMax,SentiAvg,SentiStdev,Senti0-0.20,Senti0.21-0.40,Senti0.41-0.60,Senti0.61-0.80,Senti0.81-1.00,SentiTotal
0.006231096736890604,0.3951691123600869,0.12033700235112588,0.1194976075878583,8.0,2.0,0.0,0.0,0.0,2.1518968181462908E-12