SentiMin,SentiMax,SentiAvg,SentiStdev,Senti0-0.20,Senti0.21-0.40,Senti0.41-0.60,Senti0.61-0.80,Senti0.81-1.00,SentiTotal
9.567052796292722E-6,0.5318834537628724,0.17940015404932136,0.22209767827560736,8.0,2.0,4.0,0.0,0.0,3.8483846978239696E-29