TraitMin,TraitMax,TraitAvg,TraitStdev,TraitTotal
280.0,800.0,507.30158730158735,197.98531748855288,397.6
