SentiMin,SentiMax,SentiAvg,SentiStdev,Senti0-0.20,Senti0.21-0.40,Senti0.41-0.60,Senti0.61-0.80,Senti0.81-1.00,SentiTotal
1.7033694301760987E-4,0.5719840859047526,0.19209176820548074,0.2097478793149159,8.0,2.0,3.0,0.0,0.0,2.506928608729814E-17