SentiMin,SentiMax,SentiAvg,SentiStdev,Senti0-0.20,Senti0.21-0.40,Senti0.41-0.60,Senti0.61-0.80,Senti0.81-1.00,SentiTotal
0.0014504846351864826,0.49789225920557484,0.13935434433505806,0.15258944186663997,7.0,2.0,1.0,0.0,0.0,1.5712287359199748E-12