TimeMin,TimeMax,TimeAvg,TimeStdev,TimeTotal
720.0,1840.0,1316.3636363636363,339.60599435957937,14480.0
