TimeMin,TimeMax,TimeAvg,TimeStdev,TimeTotal
477.0,2880.0,1568.5555555555557,773.2923999383862,14117.0
