TraitMin,TraitMax,TraitAvg,TraitStdev,TraitTotal
296.0,880.0,523.6,184.64433077917363,433.3333333333333
