SentiMin,SentiMax,SentiAvg,SentiStdev,Senti0-0.20,Senti0.21-0.40,Senti0.41-0.60,Senti0.61-0.80,Senti0.81-1.00,SentiTotal
0.07070121600671422,0.6850712561038326,0.4130968719745541,0.18533520859210714,1.0,3.0,1.0,1.0,0.0,0.052991141699450156