SentiMin,SentiMax,SentiAvg,SentiStdev,Senti0-0.20,Senti0.21-0.40,Senti0.41-0.60,Senti0.61-0.80,Senti0.81-1.00,SentiTotal
0.03828308733565082,0.9611958417475951,0.30980951608571616,0.28412249048486216,5.0,2.0,1.0,1.0,1.0,3.085528897271781E-5