TraitMin,TraitMax,TraitAvg,TraitStdev,TraitTotal
320.0,680.0,455.33333333333337,105.24257693538296,440.0
