SentiMin,SentiMax,SentiAvg,SentiStdev,Senti0-0.20,Senti0.21-0.40,Senti0.41-0.60,Senti0.61-0.80,Senti0.81-1.00,SentiTotal
5.699820339641572E-4,0.8532548306308402,0.3357926570605868,0.28698398541528386,2.0,2.0,0.0,0.0,1.0,1.6152928321938836E-4