TraitMin,TraitMax,TraitAvg,TraitStdev,TraitTotal
262.85714285714283,620.0,472.5274725274726,133.40592959867678,431.25
