SentiMin,SentiMax,SentiAvg,SentiStdev,Senti0-0.20,Senti0.21-0.40,Senti0.41-0.60,Senti0.61-0.80,Senti0.81-1.00,SentiTotal
0.012846899882592576,0.017015059754393217,0.014930979818492895,0.0020840799359003207,2.0,0.0,0.0,0.0,0.0,2.27124159256298E-4