TraitMin,TraitMax,TraitAvg,TraitStdev,TraitTotal
210.0,640.0,372.0,148.78171930717832,288.2758620689655
