SentiMin,SentiMax,SentiAvg,SentiStdev,Senti0-0.20,Senti0.21-0.40,Senti0.41-0.60,Senti0.61-0.80,Senti0.81-1.00,SentiTotal
1.2465414575546502E-4,0.5588887483645075,0.28516940982374434,0.21908970675653622,2.0,2.0,2.0,0.0,0.0,8.386023435182286E-7