TraitMin,TraitMax,TraitAvg,TraitStdev,TraitTotal
266.6666666666667,800.0,506.8027210884353,196.5052151913276,398.9189189189189
