SentiMin,SentiMax,SentiAvg,SentiStdev,Senti0-0.20,Senti0.21-0.40,Senti0.41-0.60,Senti0.61-0.80,Senti0.81-1.00,SentiTotal
0.11149827324881365,0.5318834537628724,0.3105760536403788,0.13499609325328008,3.0,6.0,1.0,0.0,0.0,1.286165998359286E-4