SentiMin,SentiMax,SentiAvg,SentiStdev,Senti0-0.20,Senti0.21-0.40,Senti0.41-0.60,Senti0.61-0.80,Senti0.81-1.00,SentiTotal
0.041445613266600456,0.43796879524747484,0.23999111083661126,0.1361545435125185,6.0,6.0,2.0,0.0,0.0,2.5266451513601583E-10