SentiMin,SentiMax,SentiAvg,SentiStdev,Senti0-0.20,Senti0.21-0.40,Senti0.41-0.60,Senti0.61-0.80,Senti0.81-1.00,SentiTotal
0.0015060968800920433,0.49789225920557484,0.16314446103273267,0.1538315309941131,5.0,2.0,1.0,0.0,0.0,5.632327834225146E-9