TimeMin,TimeMax,TimeAvg,TimeStdev,TimeTotal
640.0,1880.0,1054.2857142857142,365.23405970329077,14760.0
