TraitMin,TraitMax,TraitAvg,TraitStdev,TraitTotal
214.54545454545453,720.0,356.8181818181818,160.9549754814414,275.6521739130435
