TraitMin,TraitMax,TraitAvg,TraitStdev,TraitTotal
257.0,1103.0,580.0555555555555,281.40942669373885,572.0833333333334
