SentiMin,SentiMax,SentiAvg,SentiStdev,Senti0-0.20,Senti0.21-0.40,Senti0.41-0.60,Senti0.61-0.80,Senti0.81-1.00,SentiTotal
0.008719826502333263,0.39697510199130176,0.18291602450442465,0.14037087353581984,3.0,3.0,0.0,0.0,0.0,6.494173080219567E-6