TraitMin,TraitMax,TraitAvg,TraitStdev,TraitTotal
168.54545454545453,528.0,365.3723484848485,123.15933128491346,315.8333333333333
