TimeMin,TimeMax,TimeAvg,TimeStdev,TimeTotal
514.0,7032.0,2288.3333333333335,2292.6769409481913,13730.0
