TraitMin,TraitMax,TraitAvg,TraitStdev,TraitTotal
257.14285714285717,1160.0,557.1825396825396,272.5095751875685,440.0
