SentiMin,SentiMax,SentiAvg,SentiStdev,Senti0-0.20,Senti0.21-0.40,Senti0.41-0.60,Senti0.61-0.80,Senti0.81-1.00,SentiTotal
1.5042390672005915E-6,0.3172621131471742,0.09647895747610002,0.1181604556944743,8.0,2.0,0.0,0.0,0.0,1.0845403463039038E-19