TraitMin,TraitMax,TraitAvg,TraitStdev,TraitTotal
223.33333333333334,1200.0,763.3730158730159,307.5182557820004,501.3953488372093
