SentiMin,SentiMax,SentiAvg,SentiStdev,Senti0-0.20,Senti0.21-0.40,Senti0.41-0.60,Senti0.61-0.80,Senti0.81-1.00,SentiTotal
0.011622467852703138,0.790711748183795,0.40234688846978656,0.22065037259921225,3.0,4.0,4.0,2.0,0.0,2.5811659401494587E-4