TraitMin,TraitMax,TraitAvg,TraitStdev,TraitTotal
416.0,1293.3333333333333,650.6476190476191,256.77930490709605,574.7368421052631
