TraitMin,TraitMax,TraitAvg,TraitStdev,TraitTotal
243.63636363636363,1500.0,605.7192807192806,387.7737968152174,444.6666666666667
