TraitMin,TraitMax,TraitAvg,TraitStdev,TraitTotal
440.0,1200.0,792.2222222222222,299.83740449750843,650.9090909090909
