TraitMin,TraitMax,TraitAvg,TraitStdev,TraitTotal
286.6666666666667,1200.0,585.8027210884354,304.2300385850078,431.8840579710145
