TimeMin,TimeMax,TimeAvg,TimeStdev,TimeTotal
1000.0,1360.0,1193.3333333333333,133.49989596333856,7160.0
