SentiMin,SentiMax,SentiAvg,SentiStdev,Senti0-0.20,Senti0.21-0.40,Senti0.41-0.60,Senti0.61-0.80,Senti0.81-1.00,SentiTotal
7.368058177695063E-5,0.4898631585877994,0.18829964042919198,0.16544046168421958,4.0,4.0,1.0,0.0,0.0,6.005528464620244E-14