SentiMin,SentiMax,SentiAvg,SentiStdev,Senti0-0.20,Senti0.21-0.40,Senti0.41-0.60,Senti0.61-0.80,Senti0.81-1.00,SentiTotal
0.0016600690437034054,0.5159436667231726,0.2700003583446217,0.18107581303107342,5.0,6.0,4.0,0.0,0.0,5.148817728323611E-12