SentiMin,SentiMax,SentiAvg,SentiStdev,Senti0-0.20,Senti0.21-0.40,Senti0.41-0.60,Senti0.61-0.80,Senti0.81-1.00,SentiTotal
7.962385158077818E-6,0.49789225920557484,0.21369305108226383,0.21636405031402256,8.0,2.0,4.0,0.0,0.0,3.652992326862304E-21