TraitMin,TraitMax,TraitAvg,TraitStdev,TraitTotal
217.77777777777777,1040.0,540.2716049382716,283.55473852929583,392.0
