SentiMin,SentiMax,SentiAvg,SentiStdev,Senti0-0.20,Senti0.21-0.40,Senti0.41-0.60,Senti0.61-0.80,Senti0.81-1.00,SentiTotal
6.444369470506438E-6,6.444369470506438E-6,6.444369470506438E-6,0.0,1.0,0.0,0.0,0.0,0.0,6.444369470506438E-6