SentiMin,SentiMax,SentiAvg,SentiStdev,Senti0-0.20,Senti0.21-0.40,Senti0.41-0.60,Senti0.61-0.80,Senti0.81-1.00,SentiTotal
0.001999859700399891,0.5734576952979002,0.2933878879754222,0.20814897625500375,4.0,4.0,4.0,0.0,0.0,2.5985302064964476E-9