TimeMin,TimeMax,TimeAvg,TimeStdev,TimeTotal
960.0,3760.0,2052.3076923076924,961.7144454338892,26680.0
