TraitMin,TraitMax,TraitAvg,TraitStdev,TraitTotal
176.0,1280.0,696.8888888888889,379.68772093932506,490.4347826086956
