SentiMin,SentiMax,SentiAvg,SentiStdev,Senti0-0.20,Senti0.21-0.40,Senti0.41-0.60,Senti0.61-0.80,Senti0.81-1.00,SentiTotal
0.21921412548362115,0.5755436691302463,0.3890976463797006,0.11889541021537002,0.0,4.0,2.0,0.0,0.0,0.05538525563481716