SentiMin,SentiMax,SentiAvg,SentiStdev,Senti0-0.20,Senti0.21-0.40,Senti0.41-0.60,Senti0.61-0.80,Senti0.81-1.00,SentiTotal
0.22489014274922023,0.5346180209913838,0.379754081870302,0.1548639391210818,0.0,1.0,1.0,0.0,0.0,0.25156786359216005