SentiMin,SentiMax,SentiAvg,SentiStdev,Senti0-0.20,Senti0.21-0.40,Senti0.41-0.60,Senti0.61-0.80,Senti0.81-1.00,SentiTotal
0.023911683628656467,0.6435196669254426,0.34031541921573977,0.16613979815777657,2.0,5.0,1.0,1.0,0.0,3.8575034768814463E-4