SentiMin,SentiMax,SentiAvg,SentiStdev,Senti0-0.20,Senti0.21-0.40,Senti0.41-0.60,Senti0.61-0.80,Senti0.81-1.00,SentiTotal
0.0020833069375428156,0.49789225920557484,0.19091939249390177,0.18622605130447142,5.0,2.0,2.0,0.0,0.0,2.7636975221294036E-11