TimeMin,TimeMax,TimeAvg,TimeStdev,TimeTotal
800.0,2560.0,1253.3333333333333,550.3937984146745,11280.0
