TimeMin,TimeMax,TimeAvg,TimeStdev,TimeTotal
840.0,3120.0,1796.6666666666667,751.6130801298112,21560.0
