TimeMin,TimeMax,TimeAvg,TimeStdev,TimeTotal
1000.0,2880.0,1733.3333333333333,642.2737388026662,26000.0
