TraitMin,TraitMax,TraitAvg,TraitStdev,TraitTotal
228.57142857142858,580.0,403.36507936507934,121.11842953610744,351.42857142857144
