TraitMin,TraitMax,TraitAvg,TraitStdev,TraitTotal
346.6666666666667,1000.0,609.2063492063492,212.83790734908268,564.7058823529412
