TraitMin,TraitMax,TraitAvg,TraitStdev,TraitTotal
310.0,1120.0,619.5238095238095,300.2878437693512,478.4
