TimeMin,TimeMax,TimeAvg,TimeStdev,TimeTotal
1120.0,2160.0,1411.4285714285713,345.22988495984487,9880.0
