SentiMin,SentiMax,SentiAvg,SentiStdev,Senti0-0.20,Senti0.21-0.40,Senti0.41-0.60,Senti0.61-0.80,Senti0.81-1.00,SentiTotal
0.0010024984333189169,0.4462032762483822,0.24191868904878508,0.14319549413046112,2.0,4.0,1.0,0.0,0.0,2.4058907986788634E-6