TraitMin,TraitMax,TraitAvg,TraitStdev,TraitTotal
283.6363636363636,283.6363636363636,283.6363636363636,0.0,283.6363636363636
