TraitMin,TraitMax,TraitAvg,TraitStdev,TraitTotal
240.0,600.0,366.19797979797977,97.27004327613308,351.5151515151515
