SentiMin,SentiMax,SentiAvg,SentiStdev,Senti0-0.20,Senti0.21-0.40,Senti0.41-0.60,Senti0.61-0.80,Senti0.81-1.00,SentiTotal
4.908514270548398E-5,0.6101154540313793,0.2757161491238601,0.20497243520496794,4.0,2.0,2.0,1.0,0.0,7.282726251901039E-9