TraitMin,TraitMax,TraitAvg,TraitStdev,TraitTotal
211.42857142857142,500.0,358.67857142857144,80.18689107329202,337.6
