TraitMin,TraitMax,TraitAvg,TraitStdev,TraitTotal
171.42857142857142,760.0,440.6487586487587,213.65523730409242,386.6666666666667
