SentiMin,SentiMax,SentiAvg,SentiStdev,Senti0-0.20,Senti0.21-0.40,Senti0.41-0.60,Senti0.61-0.80,Senti0.81-1.00,SentiTotal
0.025424969497655645,0.7503019824092818,0.26889626702835334,0.20663907101512277,3.0,5.0,1.0,1.0,0.0,1.3683556396294994E-6