SentiMin,SentiMax,SentiAvg,SentiStdev,Senti0-0.20,Senti0.21-0.40,Senti0.41-0.60,Senti0.61-0.80,Senti0.81-1.00,SentiTotal
0.0015133480208478908,0.5628056929000496,0.1904900337546724,0.1878901457277623,5.0,1.0,2.0,0.0,0.0,3.1994507511914366E-9