TimeMin,TimeMax,TimeAvg,TimeStdev,TimeTotal
1120.0,4280.0,3313.3333333333335,1063.181807385527,19880.0
