TraitMin,TraitMax,TraitAvg,TraitStdev,TraitTotal
247.27272727272728,346.6666666666667,291.8181818181818,38.228686962633866,264.70588235294116
