TraitMin,TraitMax,TraitAvg,TraitStdev,TraitTotal
222.85714285714286,600.0,323.42857142857144,140.37442641676844,277.5
