SentiMin,SentiMax,SentiAvg,SentiStdev,Senti0-0.20,Senti0.21-0.40,Senti0.41-0.60,Senti0.61-0.80,Senti0.81-1.00,SentiTotal
0.1041574312735555,0.7951349490016864,0.34867980055378006,0.24629149159594363,3.0,1.0,1.0,1.0,0.0,0.009266278280111092