SentiMin,SentiMax,SentiAvg,SentiStdev,Senti0-0.20,Senti0.21-0.40,Senti0.41-0.60,Senti0.61-0.80,Senti0.81-1.00,SentiTotal
5.704708542036425E-6,0.39697510199130176,0.10075954184845314,0.13185754806518274,6.0,2.0,0.0,0.0,0.0,2.748432985220616E-15