TraitMin,TraitMax,TraitAvg,TraitStdev,TraitTotal
150.0,680.0,375.85317460317464,159.06556700802275,350.5263157894737
