TraitMin,TraitMax,TraitAvg,TraitStdev,TraitTotal
240.0,1146.6666666666667,451.0769230769231,313.52301671081705,380.5405405405405
