TraitMin,TraitMax,TraitAvg,TraitStdev,TraitTotal
280.0,720.0,466.6285103785104,134.14484102768444,425.531914893617
