SentiMin,SentiMax,SentiAvg,SentiStdev,Senti0-0.20,Senti0.21-0.40,Senti0.41-0.60,Senti0.61-0.80,Senti0.81-1.00,SentiTotal
0.1259010726433275,0.17008272246123105,0.14799189755227926,0.02209082490895177,2.0,0.0,0.0,0.0,0.0,0.028907877738502223