TimeMin,TimeMax,TimeAvg,TimeStdev,TimeTotal
800.0,4080.0,2062.8571428571427,1099.164803524077,14440.0
