SentiMin,SentiMax,SentiAvg,SentiStdev,Senti0-0.20,Senti0.21-0.40,Senti0.41-0.60,Senti0.61-0.80,Senti0.81-1.00,SentiTotal
1.1214985916698127E-6,0.4742140508862045,0.2938284171784648,0.18001297291950905,1.0,2.0,1.0,0.0,0.0,2.984659393343664E-7