TraitMin,TraitMax,TraitAvg,TraitStdev,TraitTotal
208.88888888888889,600.0,429.037037037037,139.40063745517125,383.7837837837838
