SentiMin,SentiMax,SentiAvg,SentiStdev,Senti0-0.20,Senti0.21-0.40,Senti0.41-0.60,Senti0.61-0.80,Senti0.81-1.00,SentiTotal
3.645672459233906E-4,0.37679209754895876,0.11903844214689208,0.13759684432791022,4.0,2.0,0.0,0.0,0.0,5.522931884436443E-11