TraitMin,TraitMax,TraitAvg,TraitStdev,TraitTotal
212.30769230769232,416.0,291.4180322601375,65.79926920164097,280.0
