TraitMin,TraitMax,TraitAvg,TraitStdev,TraitTotal
182.22222222222223,595.0,334.0360873694207,126.43983151885935,320.0
