TraitMin,TraitMax,TraitAvg,TraitStdev,TraitTotal
300.0,504.0,377.40909090909093,74.9641558056074,366.0
