TraitMin,TraitMax,TraitAvg,TraitStdev,TraitTotal
120.0,600.0,332.10317460317464,118.06970703497477,307.6363636363636
