SentiMin,SentiMax,SentiAvg,SentiStdev,Senti0-0.20,Senti0.21-0.40,Senti0.41-0.60,Senti0.61-0.80,Senti0.81-1.00,SentiTotal
2.1816595565390374E-6,0.4898631585877994,0.1532241621259779,0.1922138501134771,6.0,1.0,2.0,0.0,0.0,4.108292263192978E-17