TraitMin,TraitMax,TraitAvg,TraitStdev,TraitTotal
148.57142857142858,600.0,411.89065255731924,171.81851079545044,391.6981132075472
