TraitMin,TraitMax,TraitAvg,TraitStdev,TraitTotal
220.0,600.0,395.625,102.26917607470982,390.6666666666667
