SentiMin,SentiMax,SentiAvg,SentiStdev,Senti0-0.20,Senti0.21-0.40,Senti0.41-0.60,Senti0.61-0.80,Senti0.81-1.00,SentiTotal
7.054203778903338E-5,0.7440786448968312,0.25413657838189885,0.2936970525556626,3.0,0.0,1.0,1.0,0.0,1.8338463524138972E-7