SentiMin,SentiMax,SentiAvg,SentiStdev,Senti0-0.20,Senti0.21-0.40,Senti0.41-0.60,Senti0.61-0.80,Senti0.81-1.00,SentiTotal
0.00501862257277248,0.39697510199130176,0.1406574846786891,0.18134679835096848,2.0,1.0,0.0,0.0,0.0,6.883719434597423E-5