TimeMin,TimeMax,TimeAvg,TimeStdev,TimeTotal
1200.0,5200.0,2406.6666666666665,1297.2620740963982,14440.0
