TraitMin,TraitMax,TraitAvg,TraitStdev,TraitTotal
280.0,560.0,405.6277056277056,97.11661412159062,405.7142857142857
