TraitMin,TraitMax,TraitAvg,TraitStdev,TraitTotal
200.0,720.0,395.9248159248159,170.12906222340112,382.2950819672131
