TimeMin,TimeMax,TimeAvg,TimeStdev,TimeTotal
1400.0,6040.0,3333.3333333333335,2012.582641505409,20000.0
