TraitMin,TraitMax,TraitAvg,TraitStdev,TraitTotal
120.0,660.0,367.84535412605584,143.35245602618696,326.93333333333334
