SentiMin,SentiMax,SentiAvg,SentiStdev,Senti0-0.20,Senti0.21-0.40,Senti0.41-0.60,Senti0.61-0.80,Senti0.81-1.00,SentiTotal
1.6800824549779114E-5,0.11694844103224705,0.036623015206956995,0.0492770930180892,7.0,0.0,0.0,0.0,0.0,1.2984779247157695E-16