TimeMin,TimeMax,TimeAvg,TimeStdev,TimeTotal
920.0,5560.0,1925.7142857142858,1509.6532917277696,13480.0
