TraitMin,TraitMax,TraitAvg,TraitStdev,TraitTotal
211.42857142857142,493.3333333333333,325.3220779220779,99.24262348405837,329.45454545454544
