SentiMin,SentiMax,SentiAvg,SentiStdev,Senti0-0.20,Senti0.21-0.40,Senti0.41-0.60,Senti0.61-0.80,Senti0.81-1.00,SentiTotal
0.0014537500861216608,0.8162255525156152,0.22235795581232787,0.2876202880235906,3.0,2.0,0.0,0.0,1.0,8.84672861372956E-9