TraitMin,TraitMax,TraitAvg,TraitStdev,TraitTotal
320.0,700.0,461.6666666666667,169.5254815326855,394.6666666666667
