TraitMin,TraitMax,TraitAvg,TraitStdev,TraitTotal
213.33333333333334,1853.3333333333333,642.3809523809524,556.2942254833519,532.1739130434783
