SentiMin,SentiMax,SentiAvg,SentiStdev,Senti0-0.20,Senti0.21-0.40,Senti0.41-0.60,Senti0.61-0.80,Senti0.81-1.00,SentiTotal
0.21921412548362115,0.39751759361842637,0.34112874411415517,0.07289613034056704,0.0,4.0,0.0,0.0,0.0,0.06330746318592172