TraitMin,TraitMax,TraitAvg,TraitStdev,TraitTotal
194.28571428571428,940.0,437.95672229005567,228.72813161821168,385.9259259259259
