TimeMin,TimeMax,TimeAvg,TimeStdev,TimeTotal
1200.0,3320.0,2366.6666666666665,745.6242723755414,14200.0
