SentiMin,SentiMax,SentiAvg,SentiStdev,Senti0-0.20,Senti0.21-0.40,Senti0.41-0.60,Senti0.61-0.80,Senti0.81-1.00,SentiTotal
1.4620601176268264E-4,0.39697510199130176,0.1689257908860381,0.15519364190473986,6.0,3.0,0.0,0.0,0.0,8.366818516879725E-14