SentiMin,SentiMax,SentiAvg,SentiStdev,Senti0-0.20,Senti0.21-0.40,Senti0.41-0.60,Senti0.61-0.80,Senti0.81-1.00,SentiTotal
0.007678894934792211,0.4145389318612279,0.1987159825311728,0.16866476245176254,4.0,3.0,1.0,0.0,0.0,3.201553629603971E-8