TimeMin,TimeMax,TimeAvg,TimeStdev,TimeTotal
560.0,5720.0,2724.4444444444443,1530.425584318232,24520.0
