TraitMin,TraitMax,TraitAvg,TraitStdev,TraitTotal
200.0,592.0,370.61904761904765,125.13921499374888,380.8695652173913
