SentiMin,SentiMax,SentiAvg,SentiStdev,Senti0-0.20,Senti0.21-0.40,Senti0.41-0.60,Senti0.61-0.80,Senti0.81-1.00,SentiTotal
3.819436526683202E-5,0.5845035069777074,0.2592624835149276,0.22708264082559532,4.0,2.0,3.0,0.0,0.0,2.0862413573359482E-11