TraitMin,TraitMax,TraitAvg,TraitStdev,TraitTotal
220.0,580.0,333.2416666666667,101.84829711389385,321.6578947368421
