SentiMin,SentiMax,SentiAvg,SentiStdev,Senti0-0.20,Senti0.21-0.40,Senti0.41-0.60,Senti0.61-0.80,Senti0.81-1.00,SentiTotal
0.0010449981526261289,0.39697510199130176,0.17663505173997895,0.13918428649815215,3.0,3.0,0.0,0.0,0.0,3.386065084022959E-8