TimeMin,TimeMax,TimeAvg,TimeStdev,TimeTotal
840.0,4760.0,2133.3333333333335,1178.322725081904,19200.0
