SentiMin,SentiMax,SentiAvg,SentiStdev,Senti0-0.20,Senti0.21-0.40,Senti0.41-0.60,Senti0.61-0.80,Senti0.81-1.00,SentiTotal
1.071391408167672E-10,0.37648450708884945,0.145545695917699,0.15132081072297865,3.0,1.0,0.0,0.0,0.0,3.211270467987866E-13