TraitMin,TraitMax,TraitAvg,TraitStdev,TraitTotal
340.0,1160.0,537.3333333333334,249.64330108732696,487.5
