TraitMin,TraitMax,TraitAvg,TraitStdev,TraitTotal
211.42857142857142,371.42857142857144,318.6666666666667,56.184018999442415,322.85714285714283
