SentiMin,SentiMax,SentiAvg,SentiStdev,Senti0-0.20,Senti0.21-0.40,Senti0.41-0.60,Senti0.61-0.80,Senti0.81-1.00,SentiTotal
3.678122576920833E-5,0.9991129490965928,0.2935319568286774,0.34877758396633207,5.0,1.0,0.0,1.0,1.0,6.056838979046001E-9