TimeMin,TimeMax,TimeAvg,TimeStdev,TimeTotal
1360.0,5920.0,2502.8571428571427,1489.2923946407213,17520.0
