TimeMin,TimeMax,TimeAvg,TimeStdev,TimeTotal
680.0,4440.0,1733.3333333333333,1078.2702196883056,15600.0
