TimeMin,TimeMax,TimeAvg,TimeStdev,TimeTotal
560.0,5080.0,2315.5555555555557,1301.9567419944071,20840.0
