SentiMin,SentiMax,SentiAvg,SentiStdev,Senti0-0.20,Senti0.21-0.40,Senti0.41-0.60,Senti0.61-0.80,Senti0.81-1.00,SentiTotal
0.10925995259377756,0.44846293211155425,0.274751098312475,0.13912605027054323,2.0,2.0,1.0,0.0,0.0,0.003953088533312369