SentiMin,SentiMax,SentiAvg,SentiStdev,Senti0-0.20,Senti0.21-0.40,Senti0.41-0.60,Senti0.61-0.80,Senti0.81-1.00,SentiTotal
3.274681327972186E-7,0.08063657076020234,0.028649884697759805,0.03546452550759352,6.0,0.0,0.0,0.0,0.0,6.85740388170568E-18