TraitMin,TraitMax,TraitAvg,TraitStdev,TraitTotal
346.6666666666667,500.0,437.7777777777778,65.84681062235134,420.0
