SentiMin,SentiMax,SentiAvg,SentiStdev,Senti0-0.20,Senti0.21-0.40,Senti0.41-0.60,Senti0.61-0.80,Senti0.81-1.00,SentiTotal
1.0398682728452E-5,0.3473101901087073,0.1670525805894843,0.16602684964654552,2.0,2.0,0.0,0.0,0.0,7.130507137445518E-9