TraitMin,TraitMax,TraitAvg,TraitStdev,TraitTotal
234.28571428571428,493.3333333333333,381.2185592185592,99.4863524457278,332.1212121212121
