SentiMin,SentiMax,SentiAvg,SentiStdev,Senti0-0.20,Senti0.21-0.40,Senti0.41-0.60,Senti0.61-0.80,Senti0.81-1.00,SentiTotal
5.971554805625264E-4,0.9611958417475951,0.35400222129390385,0.2622850760624458,3.0,4.0,2.0,0.0,1.0,1.8866108491950058E-6