TimeMin,TimeMax,TimeAvg,TimeStdev,TimeTotal
1000.0,6800.0,2448.8888888888887,1683.2537568282874,22040.0
