TraitMin,TraitMax,TraitAvg,TraitStdev,TraitTotal
308.57142857142856,853.3333333333334,521.047619047619,206.9873307766464,533.9130434782609
