SentiMin,SentiMax,SentiAvg,SentiStdev,Senti0-0.20,Senti0.21-0.40,Senti0.41-0.60,Senti0.61-0.80,Senti0.81-1.00,SentiTotal
6.932363102307933E-4,0.5136446707795853,0.10153070599592867,0.1856481415459085,5.0,0.0,1.0,0.0,0.0,2.7701571912486768E-11