TimeMin,TimeMax,TimeAvg,TimeStdev,TimeTotal
640.0,7400.0,2591.1111111111113,2302.9085206149607,23320.0
