SentiMin,SentiMax,SentiAvg,SentiStdev,Senti0-0.20,Senti0.21-0.40,Senti0.41-0.60,Senti0.61-0.80,Senti0.81-1.00,SentiTotal
0.014616867753178938,0.43796879524747484,0.1965078003176678,0.14449580426240824,4.0,3.0,1.0,0.0,0.0,6.165647804065406E-7