TraitMin,TraitMax,TraitAvg,TraitStdev,TraitTotal
272.72727272727275,640.0,445.7943722943723,124.28111911948662,392.28915662650604
