SentiMin,SentiMax,SentiAvg,SentiStdev,Senti0-0.20,Senti0.21-0.40,Senti0.41-0.60,Senti0.61-0.80,Senti0.81-1.00,SentiTotal
1.819865874403476E-4,0.13372542831769055,0.05211463751422146,0.05032765822325506,6.0,0.0,0.0,0.0,0.0,6.446407173030391E-12