SentiMin,SentiMax,SentiAvg,SentiStdev,Senti0-0.20,Senti0.21-0.40,Senti0.41-0.60,Senti0.61-0.80,Senti0.81-1.00,SentiTotal
0.027750563457326172,0.6656083175711449,0.27930096575845714,0.2180647736619305,3.0,2.0,1.0,1.0,0.0,1.0739930533886111E-4