TimeMin,TimeMax,TimeAvg,TimeStdev,TimeTotal
440.0,5320.0,2306.6666666666665,1692.755807026584,20760.0
