TraitMin,TraitMax,TraitAvg,TraitStdev,TraitTotal
260.0,920.0,502.2943722943723,195.6337262901396,465.0
