TraitMin,TraitMax,TraitAvg,TraitStdev,TraitTotal
211.42857142857142,1680.0,584.0368520368521,396.60786591824706,412.97297297297297
