SentiMin,SentiMax,SentiAvg,SentiStdev,Senti0-0.20,Senti0.21-0.40,Senti0.41-0.60,Senti0.61-0.80,Senti0.81-1.00,SentiTotal
1.6148436322980402E-4,0.39697510199130176,0.16797747560015527,0.12579982209533125,6.0,4.0,0.0,0.0,0.0,3.723595992097358E-12