SentiMin,SentiMax,SentiAvg,SentiStdev,Senti0-0.20,Senti0.21-0.40,Senti0.41-0.60,Senti0.61-0.80,Senti0.81-1.00,SentiTotal
6.560318837039837E-5,0.551077815994506,0.20432930773495486,0.1795272661367038,7.0,6.0,1.0,0.0,0.0,2.944917873497124E-17