TimeMin,TimeMax,TimeAvg,TimeStdev,TimeTotal
960.0,7040.0,3088.8888888888887,1808.0096143085354,27800.0
