TraitMin,TraitMax,TraitAvg,TraitStdev,TraitTotal
295.0,1000.0,547.75,229.73939039703225,454.7368421052632
