SentiMin,SentiMax,SentiAvg,SentiStdev,Senti0-0.20,Senti0.21-0.40,Senti0.41-0.60,Senti0.61-0.80,Senti0.81-1.00,SentiTotal
2.532430826608931E-8,0.7834278441253953,0.2393606580166171,0.2508494000726437,8.0,2.0,5.0,1.0,0.0,1.2774296614018544E-28