SentiMin,SentiMax,SentiAvg,SentiStdev,Senti0-0.20,Senti0.21-0.40,Senti0.41-0.60,Senti0.61-0.80,Senti0.81-1.00,SentiTotal
2.8112531412239684E-4,0.5666140499822833,0.14717310783484608,0.17714406080893247,7.0,1.0,1.0,0.0,0.0,2.866144283825844E-13