TimeMin,TimeMax,TimeAvg,TimeStdev,TimeTotal
840.0,4720.0,1815.3846153846155,1056.384366125362,23600.0
