TraitMin,TraitMax,TraitAvg,TraitStdev,TraitTotal
262.22222222222223,1400.0,660.4592592592593,350.9106456948873,462.60869565217394
