TraitMin,TraitMax,TraitAvg,TraitStdev,TraitTotal
127.27272727272727,1240.0,458.44919786096256,270.06611925716527,343.3333333333333
