SentiMin,SentiMax,SentiAvg,SentiStdev,Senti0-0.20,Senti0.21-0.40,Senti0.41-0.60,Senti0.61-0.80,Senti0.81-1.00,SentiTotal
0.006949113251257108,0.5628056929000496,0.27494604866951117,0.1804271035548389,3.0,6.0,2.0,0.0,0.0,1.2367945475527068E-7