SentiMin,SentiMax,SentiAvg,SentiStdev,Senti0-0.20,Senti0.21-0.40,Senti0.41-0.60,Senti0.61-0.80,Senti0.81-1.00,SentiTotal
0.003988554771676793,0.8880282345373025,0.37045379415622887,0.24789242399234224,6.0,0.0,8.0,0.0,1.0,9.374649770291479E-7