TraitMin,TraitMax,TraitAvg,TraitStdev,TraitTotal
133.33333333333334,1120.0,449.3684550743374,234.40496838670927,383.716814159292
