TraitMin,TraitMax,TraitAvg,TraitStdev,TraitTotal
333.3333333333333,378.46153846153845,355.8974358974359,22.56410256410257,364.2105263157895
