TraitMin,TraitMax,TraitAvg,TraitStdev,TraitTotal
250.0,1160.0,700.0,281.85890875479606,488.42105263157896
