SentiMin,SentiMax,SentiAvg,SentiStdev,Senti0-0.20,Senti0.21-0.40,Senti0.41-0.60,Senti0.61-0.80,Senti0.81-1.00,SentiTotal
1.0373703171743389E-6,0.6829613337579558,0.10956891950540497,0.21373580174445944,7.0,1.0,0.0,1.0,0.0,9.965172942079079E-22