TraitMin,TraitMax,TraitAvg,TraitStdev,TraitTotal
204.0,1320.0,659.6444444444445,343.1953437193128,501.7647058823529
