TraitMin,TraitMax,TraitAvg,TraitStdev,TraitTotal
240.0,586.6666666666666,347.88888888888886,108.664621657649,339.5744680851064
