SentiMin,SentiMax,SentiAvg,SentiStdev,Senti0-0.20,Senti0.21-0.40,Senti0.41-0.60,Senti0.61-0.80,Senti0.81-1.00,SentiTotal
5.3576147118595575E-5,0.49789225920557484,0.1357601169406207,0.1691366932992322,10.0,1.0,2.0,0.0,0.0,4.7798632809047563E-20