TraitMin,TraitMax,TraitAvg,TraitStdev,TraitTotal
373.3333333333333,373.3333333333333,373.3333333333333,0.0,373.3333333333333
