TraitMin,TraitMax,TraitAvg,TraitStdev,TraitTotal
228.57142857142858,1000.0,587.3129251700681,262.34795940218345,469.01960784313724
