TimeMin,TimeMax,TimeAvg,TimeStdev,TimeTotal
520.0,4240.0,1708.5714285714287,1063.7323585433721,23920.0
