SentiMin,SentiMax,SentiAvg,SentiStdev,Senti0-0.20,Senti0.21-0.40,Senti0.41-0.60,Senti0.61-0.80,Senti0.81-1.00,SentiTotal
1.1796607161312162E-5,0.5755436691302463,0.2460645849610831,0.19667220413469608,8.0,4.0,5.0,0.0,0.0,9.354352175578541E-20