TraitMin,TraitMax,TraitAvg,TraitStdev,TraitTotal
216.0,840.0,457.1794871794872,192.6627013780849,405.5813953488372
