SentiMin,SentiMax,SentiAvg,SentiStdev,Senti0-0.20,Senti0.21-0.40,Senti0.41-0.60,Senti0.61-0.80,Senti0.81-1.00,SentiTotal
1.3624305841101778E-5,0.0036103988943863964,0.0018120116001137491,0.0017983872942726473,2.0,0.0,0.0,0.0,0.0,4.978606745735484E-8