TraitMin,TraitMax,TraitAvg,TraitStdev,TraitTotal
180.0,1000.0,438.5593434343434,182.3604979849567,358.41584158415844
