SentiMin,SentiMax,SentiAvg,SentiStdev,Senti0-0.20,Senti0.21-0.40,Senti0.41-0.60,Senti0.61-0.80,Senti0.81-1.00,SentiTotal
1.624057011712891E-4,0.49789225920557484,0.1250837997632525,0.16017288653103068,6.0,1.0,1.0,0.0,0.0,1.7113451200361416E-12