SentiMin,SentiMax,SentiAvg,SentiStdev,Senti0-0.20,Senti0.21-0.40,Senti0.41-0.60,Senti0.61-0.80,Senti0.81-1.00,SentiTotal
9.384051059390819E-5,0.4328878709516308,0.18817917651648272,0.18033350518924116,6.0,4.0,1.0,0.0,0.0,1.0455024270173182E-18