TraitMin,TraitMax,TraitAvg,TraitStdev,TraitTotal
256.0,1860.0,658.8042328042328,500.09303868290374,408.8235294117647
