TimeMin,TimeMax,TimeAvg,TimeStdev,TimeTotal
960.0,3200.0,1773.3333333333333,721.479960451663,15960.0
