TimeMin,TimeMax,TimeAvg,TimeStdev,TimeTotal
480.0,3600.0,1690.909090909091,912.1548367908772,18600.0
