TraitMin,TraitMax,TraitAvg,TraitStdev,TraitTotal
232.72727272727272,808.0,423.1566458233125,178.11135146584886,398.8888888888889
