TraitMin,TraitMax,TraitAvg,TraitStdev,TraitTotal
184.0,1000.0,497.769696969697,231.3844860522739,392.0
