TimeMin,TimeMax,TimeAvg,TimeStdev,TimeTotal
1120.0,6800.0,3191.1111111111113,1742.5169818681154,28720.0
