TraitMin,TraitMax,TraitAvg,TraitStdev,TraitTotal
230.0,1180.0,547.7069597069598,268.97649421317766,434.3859649122807
