TraitMin,TraitMax,TraitAvg,TraitStdev,TraitTotal
280.0,960.0,469.4557823129252,210.51565311270784,412.85714285714283
