TraitMin,TraitMax,TraitAvg,TraitStdev,TraitTotal
200.0,880.0,344.06060606060606,197.47474644139606,263.25581395348837
