TimeMin,TimeMax,TimeAvg,TimeStdev,TimeTotal
520.0,3800.0,1676.6666666666667,1111.8103355438923,20120.0
