TraitMin,TraitMax,TraitAvg,TraitStdev,TraitTotal
160.0,520.0,292.54545454545456,110.97584702989322,275.66265060240966
