SentiMin,SentiMax,SentiAvg,SentiStdev,Senti0-0.20,Senti0.21-0.40,Senti0.41-0.60,Senti0.61-0.80,Senti0.81-1.00,SentiTotal
2.1360965478645977E-4,0.34322267253793753,0.13659414267970668,0.13451538680815442,9.0,4.0,0.0,0.0,0.0,2.3698538759959647E-19