TraitMin,TraitMax,TraitAvg,TraitStdev,TraitTotal
224.0,960.0,482.82142857142856,213.4378673391526,355.86206896551727
