TimeMin,TimeMax,TimeAvg,TimeStdev,TimeTotal
600.0,2240.0,1346.6666666666667,677.5117875153334,4040.0
