TraitMin,TraitMax,TraitAvg,TraitStdev,TraitTotal
336.0,600.0,482.81904761904764,94.30940731650274,444.70588235294116
