SentiMin,SentiMax,SentiAvg,SentiStdev,Senti0-0.20,Senti0.21-0.40,Senti0.41-0.60,Senti0.61-0.80,Senti0.81-1.00,SentiTotal
0.006424283200360406,0.21921412548362115,0.1279523336488092,0.09154380919944899,3.0,2.0,0.0,0.0,0.0,1.7090382110365203E-6