SentiMin,SentiMax,SentiAvg,SentiStdev,Senti0-0.20,Senti0.21-0.40,Senti0.41-0.60,Senti0.61-0.80,Senti0.81-1.00,SentiTotal
0.028742211744513562,0.8949299224703043,0.4135518189523122,0.24239218850871364,4.0,0.0,6.0,0.0,1.0,0.0033130313499447617