SentiMin,SentiMax,SentiAvg,SentiStdev,Senti0-0.20,Senti0.21-0.40,Senti0.41-0.60,Senti0.61-0.80,Senti0.81-1.00,SentiTotal
6.626423373254722E-7,0.5628056929000496,0.2611451411994316,0.19580663998544237,6.0,3.0,3.0,0.0,0.0,6.324411304878366E-16