TraitMin,TraitMax,TraitAvg,TraitStdev,TraitTotal
190.0,720.0,447.14285714285717,191.28992847166282,375.23809523809524
