SentiMin,SentiMax,SentiAvg,SentiStdev,Senti0-0.20,Senti0.21-0.40,Senti0.41-0.60,Senti0.61-0.80,Senti0.81-1.00,SentiTotal
0.00501862257277248,0.5159436667231726,0.22352562649063096,0.19290153209294367,4.0,1.0,2.0,0.0,0.0,1.4125395526834844E-6