TraitMin,TraitMax,TraitAvg,TraitStdev,TraitTotal
155.0,1013.3333333333334,446.4436026936027,237.52329755251796,352.9824561403509
