TraitMin,TraitMax,TraitAvg,TraitStdev,TraitTotal
120.0,640.0,309.1657301032301,123.38292766440831,269.3069306930693
