SentiMin,SentiMax,SentiAvg,SentiStdev,Senti0-0.20,Senti0.21-0.40,Senti0.41-0.60,Senti0.61-0.80,Senti0.81-1.00,SentiTotal
0.008942380386141938,0.9206164741861712,0.3278740050548401,0.2532416845572312,5.0,1.0,4.0,0.0,1.0,7.458069069057297E-6