SentiMin,SentiMax,SentiAvg,SentiStdev,Senti0-0.20,Senti0.21-0.40,Senti0.41-0.60,Senti0.61-0.80,Senti0.81-1.00,SentiTotal
0.011353923142753635,0.8250875026567746,0.36559432837638534,0.27178177447891183,2.0,2.0,1.0,0.0,1.0,7.232374414689703E-4