SentiMin,SentiMax,SentiAvg,SentiStdev,Senti0-0.20,Senti0.21-0.40,Senti0.41-0.60,Senti0.61-0.80,Senti0.81-1.00,SentiTotal
0.003647161011686711,0.49760318120955666,0.16247887216764717,0.16749321365836606,4.0,2.0,1.0,0.0,0.0,3.484390450269928E-8