TimeMin,TimeMax,TimeAvg,TimeStdev,TimeTotal
720.0,8080.0,2266.6666666666665,1979.247893070048,27200.0
