TimeMin,TimeMax,TimeAvg,TimeStdev,TimeTotal
720.0,1600.0,1125.7142857142858,307.1926869877854,7880.0
