SentiMin,SentiMax,SentiAvg,SentiStdev,Senti0-0.20,Senti0.21-0.40,Senti0.41-0.60,Senti0.61-0.80,Senti0.81-1.00,SentiTotal
1.2878276170865586E-5,0.7631315814932393,0.22954411376178133,0.23658616530947382,6.0,2.0,3.0,1.0,0.0,4.8291423542391637E-17