TimeMin,TimeMax,TimeAvg,TimeStdev,TimeTotal
680.0,3600.0,1792.7272727272727,900.0716224944738,19720.0
