TraitMin,TraitMax,TraitAvg,TraitStdev,TraitTotal
226.66666666666666,800.0,456.0808080808081,176.5530356305672,371.7073170731707
