SentiMin,SentiMax,SentiAvg,SentiStdev,Senti0-0.20,Senti0.21-0.40,Senti0.41-0.60,Senti0.61-0.80,Senti0.81-1.00,SentiTotal
1.2870292211011888E-4,0.8161441099349349,0.1837511220225933,0.2572416322502419,11.0,3.0,0.0,1.0,1.0,1.8193465703332907E-26