TraitMin,TraitMax,TraitAvg,TraitStdev,TraitTotal
240.0,600.0,466.6666666666667,161.10727964792764,404.0
