SentiMin,SentiMax,SentiAvg,SentiStdev,Senti0-0.20,Senti0.21-0.40,Senti0.41-0.60,Senti0.61-0.80,Senti0.81-1.00,SentiTotal
9.592883555483803E-6,0.5425813081463245,0.13048378761217713,0.1848607066113391,8.0,2.0,1.0,0.0,0.0,1.1110265094317605E-20