TimeMin,TimeMax,TimeAvg,TimeStdev,TimeTotal
920.0,3440.0,1651.4285714285713,905.529498950414,11560.0
