TimeMin,TimeMax,TimeAvg,TimeStdev,TimeTotal
560.0,3680.0,1385.4545454545455,980.2816259196653,15240.0
