SentiMin,SentiMax,SentiAvg,SentiStdev,Senti0-0.20,Senti0.21-0.40,Senti0.41-0.60,Senti0.61-0.80,Senti0.81-1.00,SentiTotal
2.1834891038021136E-5,0.39697510199130176,0.19105018729652515,0.12903481423081886,5.0,5.0,0.0,0.0,0.0,1.1268278715557124E-12