TraitMin,TraitMax,TraitAvg,TraitStdev,TraitTotal
260.0,920.0,437.6772486772486,191.13000743004443,388.57142857142856
