TraitMin,TraitMax,TraitAvg,TraitStdev,TraitTotal
240.0,760.0,487.05555555555554,177.36221395289246,385.55555555555554
