SentiMin,SentiMax,SentiAvg,SentiStdev,Senti0-0.20,Senti0.21-0.40,Senti0.41-0.60,Senti0.61-0.80,Senti0.81-1.00,SentiTotal
0.0076483474528710555,0.49789225920557484,0.3008385695499159,0.211370839844791,1.0,1.0,1.0,0.0,0.0,0.0050906716081815144