TraitMin,TraitMax,TraitAvg,TraitStdev,TraitTotal
290.0,920.0,504.66666666666663,210.4450310915207,426.6666666666667
