SentiMin,SentiMax,SentiAvg,SentiStdev,Senti0-0.20,Senti0.21-0.40,Senti0.41-0.60,Senti0.61-0.80,Senti0.81-1.00,SentiTotal
0.0010101185607476978,0.49789225920557484,0.1894867310482539,0.15103514446226673,4.0,3.0,1.0,0.0,0.0,1.9767176678061237E-8