SentiMin,SentiMax,SentiAvg,SentiStdev,Senti0-0.20,Senti0.21-0.40,Senti0.41-0.60,Senti0.61-0.80,Senti0.81-1.00,SentiTotal
7.130050460677897E-5,0.39697510199130176,0.20073279274302486,0.1652322229148067,4.0,4.0,0.0,0.0,0.0,1.0784315382710696E-10