TraitMin,TraitMax,TraitAvg,TraitStdev,TraitTotal
220.0,800.0,448.8888888888889,173.9873700538967,350.0
