TimeMin,TimeMax,TimeAvg,TimeStdev,TimeTotal
720.0,7440.0,1964.7058823529412,1599.1104793789314,33400.0
