SentiMin,SentiMax,SentiAvg,SentiStdev,Senti0-0.20,Senti0.21-0.40,Senti0.41-0.60,Senti0.61-0.80,Senti0.81-1.00,SentiTotal
1.7509336884993912E-7,0.013919303780393646,0.005928248609478391,0.005866711505465269,3.0,0.0,0.0,0.0,0.0,9.753473906943213E-12