TimeMin,TimeMax,TimeAvg,TimeStdev,TimeTotal
680.0,2360.0,1186.6666666666667,552.1674464226309,7120.0
