TimeMin,TimeMax,TimeAvg,TimeStdev,TimeTotal
600.0,1760.0,1244.4444444444443,441.9932405493981,11200.0
