TraitMin,TraitMax,TraitAvg,TraitStdev,TraitTotal
233.33333333333334,920.0,438.1818181818181,197.0918036432791,360.8
