SentiMin,SentiMax,SentiAvg,SentiStdev,Senti0-0.20,Senti0.21-0.40,Senti0.41-0.60,Senti0.61-0.80,Senti0.81-1.00,SentiTotal
0.029207695021002317,0.5653291195595797,0.31746441509141443,0.2207263489113877,1.0,1.0,1.0,0.0,0.0,0.021696278551507332