TraitMin,TraitMax,TraitAvg,TraitStdev,TraitTotal
257.14285714285717,1160.0,629.4285714285713,306.89438454508434,420.0
