TraitMin,TraitMax,TraitAvg,TraitStdev,TraitTotal
300.0,1000.0,543.3333333333334,323.1442746239243,391.1111111111111
