SentiMin,SentiMax,SentiAvg,SentiStdev,Senti0-0.20,Senti0.21-0.40,Senti0.41-0.60,Senti0.61-0.80,Senti0.81-1.00,SentiTotal
3.633941224854956E-4,0.49789225920557484,0.20838516231905557,0.1715902387834423,9.0,7.0,3.0,0.0,0.0,6.732215399692689E-19