SentiMin,SentiMax,SentiAvg,SentiStdev,Senti0-0.20,Senti0.21-0.40,Senti0.41-0.60,Senti0.61-0.80,Senti0.81-1.00,SentiTotal
1.6083302495645115E-5,0.6841407498194702,0.2811705571662769,0.2204240681023151,4.0,5.0,2.0,1.0,0.0,7.166641000210068E-16