TimeMin,TimeMax,TimeAvg,TimeStdev,TimeTotal
720.0,3960.0,1423.3333333333333,935.729068100852,17080.0
