TimeMin,TimeMax,TimeAvg,TimeStdev,TimeTotal
640.0,3480.0,1417.7777777777778,805.1194221670579,12760.0
