SentiMin,SentiMax,SentiAvg,SentiStdev,Senti0-0.20,Senti0.21-0.40,Senti0.41-0.60,Senti0.61-0.80,Senti0.81-1.00,SentiTotal
8.163398940486988E-6,0.9611958417475951,0.2505241789930863,0.29244980562841777,6.0,1.0,1.0,0.0,1.0,1.813412117476698E-10