TraitMin,TraitMax,TraitAvg,TraitStdev,TraitTotal
152.0,840.0,515.3650793650794,224.91364710051147,341.6
