TraitMin,TraitMax,TraitAvg,TraitStdev,TraitTotal
306.6666666666667,1200.0,789.4444444444445,306.92269907889926,647.2727272727273
