SentiMin,SentiMax,SentiAvg,SentiStdev,Senti0-0.20,Senti0.21-0.40,Senti0.41-0.60,Senti0.61-0.80,Senti0.81-1.00,SentiTotal
3.1138475967633474E-6,0.19917990539435654,0.03147977873802361,0.0602665860706322,11.0,0.0,0.0,0.0,0.0,4.276751418340534E-29