TraitMin,TraitMax,TraitAvg,TraitStdev,TraitTotal
190.0,1000.0,650.4888888888888,271.1518876438803,465.88235294117646
