TraitMin,TraitMax,TraitAvg,TraitStdev,TraitTotal
175.0,531.4285714285714,293.48705542823194,109.4335818115094,273.7704918032787
