SentiMin,SentiMax,SentiAvg,SentiStdev,Senti0-0.20,Senti0.21-0.40,Senti0.41-0.60,Senti0.61-0.80,Senti0.81-1.00,SentiTotal
2.0221709786837723E-4,0.43796879524747484,0.166492745401519,0.17042904498724584,7.0,2.0,2.0,0.0,0.0,8.176031178518292E-16