TimeMin,TimeMax,TimeAvg,TimeStdev,TimeTotal
680.0,2320.0,1297.7777777777778,541.9671531206743,11680.0
