SentiMin,SentiMax,SentiAvg,SentiStdev,Senti0-0.20,Senti0.21-0.40,Senti0.41-0.60,Senti0.61-0.80,Senti0.81-1.00,SentiTotal
4.9802928355906004E-6,0.4898631585877994,0.11227642671114582,0.15946439951123073,14.0,1.0,2.0,0.0,0.0,9.389239687869365E-30