TraitMin,TraitMax,TraitAvg,TraitStdev,TraitTotal
266.6666666666667,1040.0,602.8333333333333,251.52109476366215,484.61538461538464
