TraitMin,TraitMax,TraitAvg,TraitStdev,TraitTotal
160.0,960.0,497.11779448621553,247.93090414532614,372.43243243243245
