SentiMin,SentiMax,SentiAvg,SentiStdev,Senti0-0.20,Senti0.21-0.40,Senti0.41-0.60,Senti0.61-0.80,Senti0.81-1.00,SentiTotal
0.004666514190419609,0.49789225920557484,0.3148630602528122,0.1926196114022318,2.0,2.0,4.0,0.0,0.0,8.102293404615236E-6