TraitMin,TraitMax,TraitAvg,TraitStdev,TraitTotal
220.0,1400.0,502.9166666666667,386.16144256285116,352.0
