SentiMin,SentiMax,SentiAvg,SentiStdev,Senti0-0.20,Senti0.21-0.40,Senti0.41-0.60,Senti0.61-0.80,Senti0.81-1.00,SentiTotal
0.03146244075134542,0.43796879524747484,0.23105262040945634,0.16099091247817224,4.0,2.0,2.0,0.0,0.0,4.598738177393036E-6