SentiMin,SentiMax,SentiAvg,SentiStdev,Senti0-0.20,Senti0.21-0.40,Senti0.41-0.60,Senti0.61-0.80,Senti0.81-1.00,SentiTotal
1.8406605076076124E-4,0.39751759361842637,0.187929180035456,0.1082894309046371,4.0,5.0,0.0,0.0,0.0,2.80776798766272E-10