TraitMin,TraitMax,TraitAvg,TraitStdev,TraitTotal
257.14285714285717,1240.0,792.3809523809523,406.004814376692,435.55555555555554
