SentiMin,SentiMax,SentiAvg,SentiStdev,Senti0-0.20,Senti0.21-0.40,Senti0.41-0.60,Senti0.61-0.80,Senti0.81-1.00,SentiTotal
0.002352480154215183,0.6274708568440207,0.3148211128142365,0.17502669155909212,2.0,7.0,5.0,1.0,0.0,9.476340033731079E-11