TraitMin,TraitMax,TraitAvg,TraitStdev,TraitTotal
220.0,920.0,509.11764705882354,278.22892045927,313.84615384615387
