TimeMin,TimeMax,TimeAvg,TimeStdev,TimeTotal
520.0,3600.0,1450.5263157894738,827.2050193539213,27560.0
