TraitMin,TraitMax,TraitAvg,TraitStdev,TraitTotal
210.0,800.0,415.08641975308643,185.20341967839047,333.7142857142857
