TraitMin,TraitMax,TraitAvg,TraitStdev,TraitTotal
236.36363636363637,1840.0,695.7459207459208,405.24695148949024,476.57142857142856
