SentiMin,SentiMax,SentiAvg,SentiStdev,Senti0-0.20,Senti0.21-0.40,Senti0.41-0.60,Senti0.61-0.80,Senti0.81-1.00,SentiTotal
4.5789262517116916E-5,0.779866853126716,0.2909308711874701,0.24195137591588617,7.0,4.0,2.0,2.0,0.0,5.055472761249204E-16