TraitMin,TraitMax,TraitAvg,TraitStdev,TraitTotal
280.0,1640.0,788.9285714285714,428.2199451550236,515.8620689655172
