TimeMin,TimeMax,TimeAvg,TimeStdev,TimeTotal
360.0,1760.0,991.4285714285714,401.19210116952246,13880.0
