TraitMin,TraitMax,TraitAvg,TraitStdev,TraitTotal
213.33333333333334,840.0,428.33333333333337,244.9659840331578,336.0
