TraitMin,TraitMax,TraitAvg,TraitStdev,TraitTotal
288.0,960.0,522.8571428571429,274.1624723124771,400.0
