SentiMin,SentiMax,SentiAvg,SentiStdev,Senti0-0.20,Senti0.21-0.40,Senti0.41-0.60,Senti0.61-0.80,Senti0.81-1.00,SentiTotal
6.594869938435018E-5,0.6323720940364075,0.22572256739597402,0.24604884629007429,2.0,1.0,0.0,1.0,0.0,2.119819157546136E-6