SentiMin,SentiMax,SentiAvg,SentiStdev,Senti0-0.20,Senti0.21-0.40,Senti0.41-0.60,Senti0.61-0.80,Senti0.81-1.00,SentiTotal
0.056931627206680484,0.49789225920557484,0.27727309816488405,0.15516981471925756,2.0,4.0,2.0,0.0,0.0,8.330252447785982E-5