SentiMin,SentiMax,SentiAvg,SentiStdev,Senti0-0.20,Senti0.21-0.40,Senti0.41-0.60,Senti0.61-0.80,Senti0.81-1.00,SentiTotal
0.002584908775520492,0.7440786448968312,0.3039038116930946,0.22939531844244665,3.0,3.0,2.0,1.0,0.0,5.951736452420107E-7