TraitMin,TraitMax,TraitAvg,TraitStdev,TraitTotal
240.0,720.0,561.6666666666667,191.6231834733064,420.0
