TraitMin,TraitMax,TraitAvg,TraitStdev,TraitTotal
138.1818181818182,1520.0,577.3306397306399,380.47801243527175,345.2054794520548
