TimeMin,TimeMax,TimeAvg,TimeStdev,TimeTotal
760.0,3200.0,1868.5714285714287,791.2996284852004,13080.0
