TimeMin,TimeMax,TimeAvg,TimeStdev,TimeTotal
480.0,3640.0,1283.076923076923,910.7172542341357,16680.0
