TraitMin,TraitMax,TraitAvg,TraitStdev,TraitTotal
440.0,760.0,564.4444444444445,139.9823622046544,520.0
