TraitMin,TraitMax,TraitAvg,TraitStdev,TraitTotal
349.09090909090907,1720.0,855.5844155844155,434.6577664378913,557.6470588235294
