TraitMin,TraitMax,TraitAvg,TraitStdev,TraitTotal
156.66666666666666,1280.0,589.1666666666666,327.59667784233307,354.11764705882354
