SentiMin,SentiMax,SentiAvg,SentiStdev,Senti0-0.20,Senti0.21-0.40,Senti0.41-0.60,Senti0.61-0.80,Senti0.81-1.00,SentiTotal
9.87005929837092E-6,0.551077815994506,0.25177735565082815,0.199005323428826,4.0,3.0,3.0,0.0,0.0,3.622523025899657E-13