TraitMin,TraitMax,TraitAvg,TraitStdev,TraitTotal
470.0,1266.6666666666667,716.5777777777778,298.645885520413,630.9090909090909
