SentiMin,SentiMax,SentiAvg,SentiStdev,Senti0-0.20,Senti0.21-0.40,Senti0.41-0.60,Senti0.61-0.80,Senti0.81-1.00,SentiTotal
0.00101335950714293,0.39697510199130176,0.13499538498199684,0.1539774539828346,3.0,1.0,0.0,0.0,0.0,3.976294285545369E-6