TimeMin,TimeMax,TimeAvg,TimeStdev,TimeTotal
520.0,4440.0,1471.111111111111,1122.3432277996133,13240.0
