TraitMin,TraitMax,TraitAvg,TraitStdev,TraitTotal
595.0,880.0,725.4166666666666,118.55246728769504,651.4285714285714
