TraitMin,TraitMax,TraitAvg,TraitStdev,TraitTotal
220.0,960.0,515.3333333333334,233.3342857123421,396.0
