TraitMin,TraitMax,TraitAvg,TraitStdev,TraitTotal
186.66666666666666,1400.0,500.9583333333333,373.73711191082486,333.6842105263158
