SentiMin,SentiMax,SentiAvg,SentiStdev,Senti0-0.20,Senti0.21-0.40,Senti0.41-0.60,Senti0.61-0.80,Senti0.81-1.00,SentiTotal
0.0120552232097558,0.49789225920557484,0.260555434859664,0.18030692894415842,3.0,2.0,2.0,0.0,0.0,1.1077334105253738E-5