SentiMin,SentiMax,SentiAvg,SentiStdev,Senti0-0.20,Senti0.21-0.40,Senti0.41-0.60,Senti0.61-0.80,Senti0.81-1.00,SentiTotal
0.21700786916551124,0.9631593567773552,0.46339145529877696,0.2957367823248555,0.0,3.0,0.0,0.0,1.0,0.6514375426734477