SentiMin,SentiMax,SentiAvg,SentiStdev,Senti0-0.20,Senti0.21-0.40,Senti0.41-0.60,Senti0.61-0.80,Senti0.81-1.00,SentiTotal
0.14295286862442622,0.551077815994506,0.41834091055078265,0.14586647846715442,1.0,0.0,4.0,0.0,0.0,0.1227450295173964