TimeMin,TimeMax,TimeAvg,TimeStdev,TimeTotal
680.0,3400.0,1593.3333333333333,861.1362003513472,19120.0
