TraitMin,TraitMax,TraitAvg,TraitStdev,TraitTotal
220.0,1960.0,617.1111111111111,499.2019309870852,456.55172413793105
