TraitMin,TraitMax,TraitAvg,TraitStdev,TraitTotal
80.0,453.3333333333333,227.1111111111111,162.35428414503545,180.0
