TraitMin,TraitMax,TraitAvg,TraitStdev,TraitTotal
240.0,490.0,391.97802197802196,76.47532875840861,369.14285714285717
