TraitMin,TraitMax,TraitAvg,TraitStdev,TraitTotal
275.7894736842105,1200.0,520.3508771929825,293.4507685444646,358.0
