SentiMin,SentiMax,SentiAvg,SentiStdev,Senti0-0.20,Senti0.21-0.40,Senti0.41-0.60,Senti0.61-0.80,Senti0.81-1.00,SentiTotal
1.1003557043391841E-5,0.39697510199130176,0.1738369746544737,0.1726232805501438,5.0,5.0,0.0,0.0,0.0,2.0155734695952587E-20