TraitMin,TraitMax,TraitAvg,TraitStdev,TraitTotal
167.27272727272728,1080.0,425.3939393939394,276.7353560719618,292.41379310344826
