TraitMin,TraitMax,TraitAvg,TraitStdev,TraitTotal
166.66666666666666,600.0,373.2850180122907,153.3147959574209,348.13186813186815
