SentiMin,SentiMax,SentiAvg,SentiStdev,Senti0-0.20,Senti0.21-0.40,Senti0.41-0.60,Senti0.61-0.80,Senti0.81-1.00,SentiTotal
2.9925213097807303E-5,0.22042155680814218,0.04723631863774042,0.06808144271774969,7.0,1.0,0.0,0.0,0.0,9.218401748244563E-16