TraitMin,TraitMax,TraitAvg,TraitStdev,TraitTotal
216.66666666666666,720.0,476.7878787878787,193.51313003717874,314.2857142857143
