SentiMin,SentiMax,SentiAvg,SentiStdev,Senti0-0.20,Senti0.21-0.40,Senti0.41-0.60,Senti0.61-0.80,Senti0.81-1.00,SentiTotal
0.022292157632189013,0.2322678804229497,0.09509921481717526,0.09705415505190475,2.0,1.0,0.0,0.0,0.0,2.2242193394031643E-4