TimeMin,TimeMax,TimeAvg,TimeStdev,TimeTotal
720.0,2520.0,1514.6666666666667,504.8810641021199,22720.0
