SentiMin,SentiMax,SentiAvg,SentiStdev,Senti0-0.20,Senti0.21-0.40,Senti0.41-0.60,Senti0.61-0.80,Senti0.81-1.00,SentiTotal
0.0010042797509792452,0.9714700312635554,0.4739740780089388,0.31474259408209154,1.0,1.0,2.0,0.0,1.0,0.022530048243690596