SentiMin,SentiMax,SentiAvg,SentiStdev,Senti0-0.20,Senti0.21-0.40,Senti0.41-0.60,Senti0.61-0.80,Senti0.81-1.00,SentiTotal
4.37569812490642E-6,0.5160603505939728,0.13389123562398292,0.19569983424996953,8.0,0.0,2.0,0.0,0.0,5.671694549082209E-24