SentiMin,SentiMax,SentiAvg,SentiStdev,Senti0-0.20,Senti0.21-0.40,Senti0.41-0.60,Senti0.61-0.80,Senti0.81-1.00,SentiTotal
7.5313907730049855E-6,0.43796879524747484,0.09394141412141072,0.14555847377407366,8.0,1.0,1.0,0.0,0.0,1.8065179813195025E-20