SentiMin,SentiMax,SentiAvg,SentiStdev,Senti0-0.20,Senti0.21-0.40,Senti0.41-0.60,Senti0.61-0.80,Senti0.81-1.00,SentiTotal
4.159281120945716E-5,0.675364096057228,0.12897781290183552,0.2046272612363299,11.0,2.0,1.0,1.0,0.0,8.193999315807016E-28