TraitMin,TraitMax,TraitAvg,TraitStdev,TraitTotal
144.0,1200.0,375.09417989417983,250.04756235003333,295.06493506493507
