TraitMin,TraitMax,TraitAvg,TraitStdev,TraitTotal
136.0,569.0,307.1222222222222,135.8083385319724,276.2741935483871
