SentiMin,SentiMax,SentiAvg,SentiStdev,Senti0-0.20,Senti0.21-0.40,Senti0.41-0.60,Senti0.61-0.80,Senti0.81-1.00,SentiTotal
1.836429564261624E-5,0.49789225920557484,0.23279078503489467,0.1918727303749264,3.0,2.0,2.0,0.0,0.0,6.793968316981591E-9