TraitMin,TraitMax,TraitAvg,TraitStdev,TraitTotal
203.33333333333334,1160.0,522.7745098039215,337.94921704115734,318.2352941176471
