TimeMin,TimeMax,TimeAvg,TimeStdev,TimeTotal
1000.0,8000.0,2533.3333333333335,2217.105219775452,38000.0
