TraitMin,TraitMax,TraitAvg,TraitStdev,TraitTotal
195.1219512195122,600.0,338.9735772357723,131.6102719954843,286.88524590163934
