TraitMin,TraitMax,TraitAvg,TraitStdev,TraitTotal
250.0,2000.0,520.5759417476494,441.29019310715563,419.04761904761904
