SentiMin,SentiMax,SentiAvg,SentiStdev,Senti0-0.20,Senti0.21-0.40,Senti0.41-0.60,Senti0.61-0.80,Senti0.81-1.00,SentiTotal
0.08432516615320915,0.6778959619247596,0.45321962246810665,0.15809979361276555,1.0,1.0,7.0,1.0,0.0,0.06962368898449334