TraitMin,TraitMax,TraitAvg,TraitStdev,TraitTotal
250.0,1000.0,557.8571428571429,296.2196624725883,400.0
