SentiMin,SentiMax,SentiAvg,SentiStdev,Senti0-0.20,Senti0.21-0.40,Senti0.41-0.60,Senti0.61-0.80,Senti0.81-1.00,SentiTotal
0.004206650325066966,0.8835141679679824,0.38511222264511696,0.2816911879862389,3.0,3.0,3.0,1.0,1.0,4.954415165118583E-6