TraitMin,TraitMax,TraitAvg,TraitStdev,TraitTotal
142.85714285714286,1000.0,404.8764960529666,239.65774109130814,311.8279569892473
