TraitMin,TraitMax,TraitAvg,TraitStdev,TraitTotal
200.0,1000.0,600.0,326.59863237109045,421.05263157894734
