SentiMin,SentiMax,SentiAvg,SentiStdev,Senti0-0.20,Senti0.21-0.40,Senti0.41-0.60,Senti0.61-0.80,Senti0.81-1.00,SentiTotal
0.0712979596632403,0.565581293404478,0.3492943870270476,0.19798373568992358,3.0,1.0,4.0,0.0,0.0,0.0014769094126586325