SentiMin,SentiMax,SentiAvg,SentiStdev,Senti0-0.20,Senti0.21-0.40,Senti0.41-0.60,Senti0.61-0.80,Senti0.81-1.00,SentiTotal
0.04334502338700965,0.5734576952979002,0.2771233042689946,0.1644582495212877,6.0,5.0,4.0,0.0,0.0,2.86012528338212E-8