TimeMin,TimeMax,TimeAvg,TimeStdev,TimeTotal
1000.0,7000.0,2333.3333333333335,1849.9249234015476,35000.0
