SentiMin,SentiMax,SentiAvg,SentiStdev,Senti0-0.20,Senti0.21-0.40,Senti0.41-0.60,Senti0.61-0.80,Senti0.81-1.00,SentiTotal
0.007280133968400443,0.49789225920557484,0.2876224289223523,0.15236529385128203,5.0,6.0,3.0,0.0,0.0,3.039891400999543E-8