TraitMin,TraitMax,TraitAvg,TraitStdev,TraitTotal
125.0,750.0,376.4529043940809,165.95811042755696,360.82474226804123
