TraitMin,TraitMax,TraitAvg,TraitStdev,TraitTotal
250.0,1000.0,516.0791589363017,270.51634021614154,346.15384615384613
