TimeMin,TimeMax,TimeAvg,TimeStdev,TimeTotal
1000.0,8000.0,3384.6153846153848,2788.3952246756703,44000.0
