SentiMin,SentiMax,SentiAvg,SentiStdev,Senti0-0.20,Senti0.21-0.40,Senti0.41-0.60,Senti0.61-0.80,Senti0.81-1.00,SentiTotal
5.709866350398545E-4,0.663983265767527,0.31378614988376535,0.2122349228765406,3.0,4.0,3.0,1.0,0.0,6.14629585300889E-8