SentiMin,SentiMax,SentiAvg,SentiStdev,Senti0-0.20,Senti0.21-0.40,Senti0.41-0.60,Senti0.61-0.80,Senti0.81-1.00,SentiTotal
0.035233475028924245,0.49789225920557484,0.28039162473302554,0.18552397737792603,4.0,4.0,3.0,0.0,0.0,8.061211828653655E-7