TimeMin,TimeMax,TimeAvg,TimeStdev,TimeTotal
1000.0,8000.0,2636.3636363636365,2384.523099746182,29000.0
