TraitMin,TraitMax,TraitAvg,TraitStdev,TraitTotal
125.0,1000.0,390.521978021978,231.1050887576298,309.5238095238095
