SentiMin,SentiMax,SentiAvg,SentiStdev,Senti0-0.20,Senti0.21-0.40,Senti0.41-0.60,Senti0.61-0.80,Senti0.81-1.00,SentiTotal
0.018225847769961504,0.5733117673180198,0.35861969759659923,0.1901652570236305,4.0,2.0,7.0,0.0,0.0,8.836385598832805E-6