TraitMin,TraitMax,TraitAvg,TraitStdev,TraitTotal
142.85714285714286,1000.0,453.8961038961039,277.9802301907538,328.57142857142856
