SentiMin,SentiMax,SentiAvg,SentiStdev,Senti0-0.20,Senti0.21-0.40,Senti0.41-0.60,Senti0.61-0.80,Senti0.81-1.00,SentiTotal
0.013028785441946841,0.8918977085424314,0.35029527692057305,0.2850400422112541,6.0,2.0,3.0,0.0,2.0,3.53302332006051E-6