SentiMin,SentiMax,SentiAvg,SentiStdev,Senti0-0.20,Senti0.21-0.40,Senti0.41-0.60,Senti0.61-0.80,Senti0.81-1.00,SentiTotal
9.685047352245474E-4,0.8043811023960176,0.2562147415451441,0.2671390658581711,5.0,1.0,1.0,0.0,1.0,2.793215724816509E-9