TraitMin,TraitMax,TraitAvg,TraitStdev,TraitTotal
200.0,1000.0,531.9217601570543,316.57430325302755,376.23762376237624
