SentiMin,SentiMax,SentiAvg,SentiStdev,Senti0-0.20,Senti0.21-0.40,Senti0.41-0.60,Senti0.61-0.80,Senti0.81-1.00,SentiTotal
0.027113868269854433,0.6523052398775372,0.39928866380942185,0.1476901751628998,1.0,7.0,6.0,1.0,0.0,3.628230124932064E-4