SentiMin,SentiMax,SentiAvg,SentiStdev,Senti0-0.20,Senti0.21-0.40,Senti0.41-0.60,Senti0.61-0.80,Senti0.81-1.00,SentiTotal
2.679763494789642E-6,0.31820487300311295,0.08198883021460637,0.12261605251824405,5.0,2.0,0.0,0.0,0.0,7.094891055510564E-20