TimeMin,TimeMax,TimeAvg,TimeStdev,TimeTotal
560.0,11920.0,4577.142857142857,4716.844327319194,32040.0
