TraitMin,TraitMax,TraitAvg,TraitStdev,TraitTotal
200.0,600.0,357.5411255411256,110.69787109659052,327.71084337349396
