TraitMin,TraitMax,TraitAvg,TraitStdev,TraitTotal
207.27272727272728,480.0,329.960557960558,86.44798809972441,320.0
