TraitMin,TraitMax,TraitAvg,TraitStdev,TraitTotal
200.0,453.3333333333333,329.11564625850343,90.99935695064592,385.08474576271186
