TraitMin,TraitMax,TraitAvg,TraitStdev,TraitTotal
168.0,651.1111111111111,358.44444444444446,152.65037689484285,410.6666666666667
