TimeMin,TimeMax,TimeAvg,TimeStdev,TimeTotal
520.0,9080.0,3382.222222222222,2686.4672290648746,30440.0
