SentiMin,SentiMax,SentiAvg,SentiStdev,Senti0-0.20,Senti0.21-0.40,Senti0.41-0.60,Senti0.61-0.80,Senti0.81-1.00,SentiTotal
2.3379047594810341E-7,0.9677525920760924,0.2783531399047295,0.26898421795973515,4.0,4.0,1.0,0.0,1.0,9.794129387206928E-14