SentiMin,SentiMax,SentiAvg,SentiStdev,Senti0-0.20,Senti0.21-0.40,Senti0.41-0.60,Senti0.61-0.80,Senti0.81-1.00,SentiTotal
8.952560716614946E-6,0.5628056929000496,0.10553620217611309,0.17270066364920988,8.0,0.0,1.0,0.0,0.0,2.173169318143895E-17