TimeMin,TimeMax,TimeAvg,TimeStdev,TimeTotal
680.0,10040.0,2483.3333333333335,2687.9215431671773,29800.0
