TimeMin,TimeMax,TimeAvg,TimeStdev,TimeTotal
2320.0,11880.0,6346.666666666667,3637.190613035775,38080.0
