TraitMin,TraitMax,TraitAvg,TraitStdev,TraitTotal
230.0,768.0,418.0833333333333,171.87293886622314,446.9230769230769
