SentiMin,SentiMax,SentiAvg,SentiStdev,Senti0-0.20,Senti0.21-0.40,Senti0.41-0.60,Senti0.61-0.80,Senti0.81-1.00,SentiTotal
9.40638610296713E-5,0.697900609846419,0.24679782970562025,0.2330199890700802,7.0,2.0,2.0,1.0,0.0,1.6982609564763435E-13