TraitMin,TraitMax,TraitAvg,TraitStdev,TraitTotal
216.0,386.6666666666667,295.70757575757574,51.90909495568631,291.25
