TraitMin,TraitMax,TraitAvg,TraitStdev,TraitTotal
188.57142857142858,1220.0,439.24743230625586,310.2975822580834,466.42857142857144
