TraitMin,TraitMax,TraitAvg,TraitStdev,TraitTotal
250.0,640.0,444.6784974859508,141.20429635635466,478.2089552238806
