TimeMin,TimeMax,TimeAvg,TimeStdev,TimeTotal
600.0,8760.0,3245.714285714286,3333.393196741367,22720.0
