TimeMin,TimeMax,TimeAvg,TimeStdev,TimeTotal
640.0,2520.0,1368.888888888889,647.3955418863502,12320.0
