SentiMin,SentiMax,SentiAvg,SentiStdev,Senti0-0.20,Senti0.21-0.40,Senti0.41-0.60,Senti0.61-0.80,Senti0.81-1.00,SentiTotal
1.412337947342996E-9,0.23676568423950037,0.10070313670286742,0.09599329886051901,5.0,2.0,0.0,0.0,0.0,3.081142079493159E-17