TraitMin,TraitMax,TraitAvg,TraitStdev,TraitTotal
226.66666666666666,960.0,394.6944444444444,193.671469549038,377.2151898734177
