SentiMin,SentiMax,SentiAvg,SentiStdev,Senti0-0.20,Senti0.21-0.40,Senti0.41-0.60,Senti0.61-0.80,Senti0.81-1.00,SentiTotal
5.133996436601945E-7,0.6643198277036411,0.12957489831535457,0.23056450731699885,5.0,1.0,0.0,1.0,0.0,3.711515836937798E-18