TimeMin,TimeMax,TimeAvg,TimeStdev,TimeTotal
520.0,8200.0,2786.6666666666665,2601.4013317611893,25080.0
