SentiMin,SentiMax,SentiAvg,SentiStdev,Senti0-0.20,Senti0.21-0.40,Senti0.41-0.60,Senti0.61-0.80,Senti0.81-1.00,SentiTotal
0.012993357132946642,0.709424483817564,0.30553134936024035,0.23511015704812724,3.0,3.0,2.0,1.0,0.0,3.3932184701514536E-6