TimeMin,TimeMax,TimeAvg,TimeStdev,TimeTotal
320.0,11240.0,4771.428571428572,3712.140039582207,33400.0
