TimeMin,TimeMax,TimeAvg,TimeStdev,TimeTotal
840.0,10040.0,5546.666666666667,3758.912372245757,16640.0
