SentiMin,SentiMax,SentiAvg,SentiStdev,Senti0-0.20,Senti0.21-0.40,Senti0.41-0.60,Senti0.61-0.80,Senti0.81-1.00,SentiTotal
2.6548665106215124E-9,0.5097112008198836,0.11290975625187077,0.18049302904729428,6.0,1.0,1.0,0.0,0.0,8.127924805107237E-20