TraitMin,TraitMax,TraitAvg,TraitStdev,TraitTotal
280.0,773.3333333333334,573.9169000933707,176.02456373939336,501.05263157894734
