TraitMin,TraitMax,TraitAvg,TraitStdev,TraitTotal
182.22222222222223,640.0,377.37979797979796,147.73795359471393,297.14285714285717
