TraitMin,TraitMax,TraitAvg,TraitStdev,TraitTotal
166.66666666666666,605.3333333333334,337.1697678539784,134.40310683482454,345.90909090909093
