TimeMin,TimeMax,TimeAvg,TimeStdev,TimeTotal
480.0,5680.0,2472.7272727272725,1685.6889118215188,27200.0
