SentiMin,SentiMax,SentiAvg,SentiStdev,Senti0-0.20,Senti0.21-0.40,Senti0.41-0.60,Senti0.61-0.80,Senti0.81-1.00,SentiTotal
1.2096800236028274E-5,0.2407711185702174,0.09542949943953301,0.1102446086037882,3.0,2.0,0.0,0.0,0.0,9.281141247452643E-12