SentiMin,SentiMax,SentiAvg,SentiStdev,Senti0-0.20,Senti0.21-0.40,Senti0.41-0.60,Senti0.61-0.80,Senti0.81-1.00,SentiTotal
9.6609946742334E-6,0.6496367682472363,0.18971057975495312,0.22480424075622016,7.0,1.0,2.0,1.0,0.0,8.198870813483528E-17