SentiMin,SentiMax,SentiAvg,SentiStdev,Senti0-0.20,Senti0.21-0.40,Senti0.41-0.60,Senti0.61-0.80,Senti0.81-1.00,SentiTotal
8.797043568882887E-6,0.43796879524747484,0.1711674158573764,0.1519754916244298,4.0,2.0,1.0,0.0,0.0,1.4247700080931777E-11