TraitMin,TraitMax,TraitAvg,TraitStdev,TraitTotal
213.33333333333334,593.3333333333334,344.82758620689657,122.37768611093945,358.5542168674699
