TraitMin,TraitMax,TraitAvg,TraitStdev,TraitTotal
213.33333333333334,596.0,402.1758241758242,122.17235924195253,422.3529411764706
