SentiMin,SentiMax,SentiAvg,SentiStdev,Senti0-0.20,Senti0.21-0.40,Senti0.41-0.60,Senti0.61-0.80,Senti0.81-1.00,SentiTotal
1.4481518838078672E-7,0.9677525920760924,0.3379866902837026,0.2722448590551048,4.0,4.0,2.0,1.0,1.0,1.86399780210366E-12