SentiMin,SentiMax,SentiAvg,SentiStdev,Senti0-0.20,Senti0.21-0.40,Senti0.41-0.60,Senti0.61-0.80,Senti0.81-1.00,SentiTotal
5.522543741346958E-9,0.4889126135423726,0.1703353817612968,0.19887781456138778,5.0,2.0,1.0,0.0,0.0,2.8601952588424742E-24