SentiMin,SentiMax,SentiAvg,SentiStdev,Senti0-0.20,Senti0.21-0.40,Senti0.41-0.60,Senti0.61-0.80,Senti0.81-1.00,SentiTotal
3.298449834651795E-13,0.9001070189871099,0.23041540215561282,0.32582340184451913,6.0,0.0,2.0,0.0,1.0,4.676271488785249E-37