SentiMin,SentiMax,SentiAvg,SentiStdev,Senti0-0.20,Senti0.21-0.40,Senti0.41-0.60,Senti0.61-0.80,Senti0.81-1.00,SentiTotal
3.312401667095373E-7,0.39697510199130176,0.06278491949034702,0.1247968774287581,8.0,1.0,0.0,0.0,0.0,7.210901999427536E-36