SentiMin,SentiMax,SentiAvg,SentiStdev,Senti0-0.20,Senti0.21-0.40,Senti0.41-0.60,Senti0.61-0.80,Senti0.81-1.00,SentiTotal
3.5629819693129894E-10,0.5677226788509855,0.12169420339117658,0.19433306025701835,5.0,1.0,1.0,0.0,0.0,2.6360087176816472E-20