TimeMin,TimeMax,TimeAvg,TimeStdev,TimeTotal
520.0,9400.0,2902.222222222222,3004.2406242501715,26120.0
