TraitMin,TraitMax,TraitAvg,TraitStdev,TraitTotal
213.33333333333334,680.0,346.1481481481482,142.9093739515967,308.0
