TimeMin,TimeMax,TimeAvg,TimeStdev,TimeTotal
720.0,11000.0,3826.6666666666665,3305.8063396931707,34440.0
