TraitMin,TraitMax,TraitAvg,TraitStdev,TraitTotal
224.0,771.4285714285714,390.18751848565506,180.60318599563374,442.962962962963
