TimeMin,TimeMax,TimeAvg,TimeStdev,TimeTotal
480.0,10160.0,3817.1428571428573,3426.6089621653414,26720.0
