TimeMin,TimeMax,TimeAvg,TimeStdev,TimeTotal
520.0,10800.0,3417.1428571428573,3969.6481106577926,23920.0
