SentiMin,SentiMax,SentiAvg,SentiStdev,Senti0-0.20,Senti0.21-0.40,Senti0.41-0.60,Senti0.61-0.80,Senti0.81-1.00,SentiTotal
1.423273807605309E-4,0.42876638146057827,0.12512806493804035,0.1920529207737187,5.0,0.0,2.0,0.0,0.0,4.147511741341555E-15