SentiMin,SentiMax,SentiAvg,SentiStdev,Senti0-0.20,Senti0.21-0.40,Senti0.41-0.60,Senti0.61-0.80,Senti0.81-1.00,SentiTotal
3.4214322909896604E-5,0.5159436667231726,0.1484727762923261,0.19801230002518505,5.0,2.0,1.0,0.0,0.0,5.932608302744144E-16