SentiMin,SentiMax,SentiAvg,SentiStdev,Senti0-0.20,Senti0.21-0.40,Senti0.41-0.60,Senti0.61-0.80,Senti0.81-1.00,SentiTotal
9.9535494571151E-7,0.07703558737100268,0.0265160950311064,0.035737377651754554,3.0,0.0,0.0,0.0,0.0,2.127493803123725E-10