TraitMin,TraitMax,TraitAvg,TraitStdev,TraitTotal
210.0,640.0,421.69538461538457,140.20772092964077,403.6363636363636
