SentiMin,SentiMax,SentiAvg,SentiStdev,Senti0-0.20,Senti0.21-0.40,Senti0.41-0.60,Senti0.61-0.80,Senti0.81-1.00,SentiTotal
4.908514270548398E-5,0.9584011989719532,0.26373282274265236,0.3358035136165715,5.0,2.0,0.0,1.0,1.0,3.319869273023228E-14