TraitMin,TraitMax,TraitAvg,TraitStdev,TraitTotal
180.0,635.0,367.6456400742115,163.585668843496,338.2278481012658
