TimeMin,TimeMax,TimeAvg,TimeStdev,TimeTotal
640.0,9080.0,4102.857142857143,2866.7040022881147,28720.0
