TraitMin,TraitMax,TraitAvg,TraitStdev,TraitTotal
193.33333333333334,542.5,357.84693877551024,112.52916971087278,402.4096385542169
