TraitMin,TraitMax,TraitAvg,TraitStdev,TraitTotal
200.0,720.0,375.1393916890993,162.56095148798715,304.7787610619469
