TraitMin,TraitMax,TraitAvg,TraitStdev,TraitTotal
170.0,840.0,470.6490299823633,180.20964379281784,456.0
