SentiMin,SentiMax,SentiAvg,SentiStdev,Senti0-0.20,Senti0.21-0.40,Senti0.41-0.60,Senti0.61-0.80,Senti0.81-1.00,SentiTotal
0.018622262896557114,0.43796879524747484,0.2656949488786565,0.15622877443213265,4.0,2.0,2.0,0.0,0.0,2.5563622134911983E-5