TraitMin,TraitMax,TraitAvg,TraitStdev,TraitTotal
325.7142857142857,340.0,332.8571428571429,7.142857142857139,330.90909090909093
