TraitMin,TraitMax,TraitAvg,TraitStdev,TraitTotal
188.57142857142858,1000.0,527.870670995671,247.53148425333322,466.3157894736842
