TimeMin,TimeMax,TimeAvg,TimeStdev,TimeTotal
640.0,2600.0,1308.5714285714287,639.5406514819516,9160.0
