SentiMin,SentiMax,SentiAvg,SentiStdev,Senti0-0.20,Senti0.21-0.40,Senti0.41-0.60,Senti0.61-0.80,Senti0.81-1.00,SentiTotal
0.017775956903611115,0.39697510199130176,0.2053988900620952,0.14513759676687932,4.0,4.0,0.0,0.0,0.0,6.003033868693558E-7