TraitMin,TraitMax,TraitAvg,TraitStdev,TraitTotal
371.42857142857144,475.55555555555554,423.4920634920635,52.06349206349205,430.0
