TraitMin,TraitMax,TraitAvg,TraitStdev,TraitTotal
300.0,1000.0,524.8888888888889,251.07925068284075,480.0
