TraitMin,TraitMax,TraitAvg,TraitStdev,TraitTotal
292.0,1020.0,484.9098039215686,194.9262404887166,420.82191780821915
