TraitMin,TraitMax,TraitAvg,TraitStdev,TraitTotal
222.22222222222223,1000.0,470.4861111111111,222.7745631348837,393.3333333333333
