SentiMin,SentiMax,SentiAvg,SentiStdev,Senti0-0.20,Senti0.21-0.40,Senti0.41-0.60,Senti0.61-0.80,Senti0.81-1.00,SentiTotal
2.425099331409251E-5,0.8309267260622788,0.2420369858522034,0.2626272366153457,6.0,2.0,1.0,0.0,1.0,1.3308316371351103E-15