SentiMin,SentiMax,SentiAvg,SentiStdev,Senti0-0.20,Senti0.21-0.40,Senti0.41-0.60,Senti0.61-0.80,Senti0.81-1.00,SentiTotal
8.681087463232899E-4,0.05950862301395426,0.030188365880138773,0.029320257133815485,2.0,0.0,0.0,0.0,0.0,5.543880476863193E-5