TraitMin,TraitMax,TraitAvg,TraitStdev,TraitTotal
200.0,1880.0,593.3333333333334,567.7776224644897,381.6666666666667
