SentiMin,SentiMax,SentiAvg,SentiStdev,Senti0-0.20,Senti0.21-0.40,Senti0.41-0.60,Senti0.61-0.80,Senti0.81-1.00,SentiTotal
5.13589399500079E-6,0.5609270707528825,0.09993078783051951,0.1671773183414701,8.0,2.0,1.0,0.0,0.0,4.035052801075857E-25