SentiMin,SentiMax,SentiAvg,SentiStdev,Senti0-0.20,Senti0.21-0.40,Senti0.41-0.60,Senti0.61-0.80,Senti0.81-1.00,SentiTotal
6.75236009050693E-4,0.4783125016489763,0.1832826446224737,0.16735302155474505,5.0,3.0,1.0,0.0,0.0,4.599978610429254E-12