TraitMin,TraitMax,TraitAvg,TraitStdev,TraitTotal
205.71428571428572,517.3333333333334,394.3201058201059,105.15828997279009,428.47457627118644
