TimeMin,TimeMax,TimeAvg,TimeStdev,TimeTotal
400.0,7440.0,2156.6666666666665,2080.7984578575174,25880.0
