SentiMin,SentiMax,SentiAvg,SentiStdev,Senti0-0.20,Senti0.21-0.40,Senti0.41-0.60,Senti0.61-0.80,Senti0.81-1.00,SentiTotal
4.6169642869621215E-4,0.9298136073350887,0.2865275732897145,0.3362386329086524,4.0,0.0,2.0,0.0,1.0,1.8236981266190667E-9