TraitMin,TraitMax,TraitAvg,TraitStdev,TraitTotal
173.33333333333334,640.0,356.3701668701669,152.68702920710754,349.72972972972974
