TimeMin,TimeMax,TimeAvg,TimeStdev,TimeTotal
640.0,3920.0,1654.2857142857142,1082.6007989078514,23160.0
