SentiMin,SentiMax,SentiAvg,SentiStdev,Senti0-0.20,Senti0.21-0.40,Senti0.41-0.60,Senti0.61-0.80,Senti0.81-1.00,SentiTotal
2.536903746539571E-6,0.43974454113232964,0.13498383562331379,0.179450949084667,7.0,2.0,2.0,0.0,0.0,1.5166216332472668E-26