TimeMin,TimeMax,TimeAvg,TimeStdev,TimeTotal
440.0,7760.0,2808.8888888888887,2660.9123099019353,25280.0
