TraitMin,TraitMax,TraitAvg,TraitStdev,TraitTotal
133.33333333333334,720.0,418.1515151515152,189.91663387837164,352.72727272727275
