SentiMin,SentiMax,SentiAvg,SentiStdev,Senti0-0.20,Senti0.21-0.40,Senti0.41-0.60,Senti0.61-0.80,Senti0.81-1.00,SentiTotal
0.0042317986989650015,0.5136446707795853,0.2780998343228745,0.2154943953542556,4.0,2.0,3.0,0.0,0.0,6.706482199744548E-8