SentiMin,SentiMax,SentiAvg,SentiStdev,Senti0-0.20,Senti0.21-0.40,Senti0.41-0.60,Senti0.61-0.80,Senti0.81-1.00,SentiTotal
8.110314905134355E-5,0.6141984688261694,0.2467061280096983,0.21532042102656743,5.0,3.0,3.0,1.0,0.0,7.978467822234373E-16