TraitMin,TraitMax,TraitAvg,TraitStdev,TraitTotal
173.33333333333334,760.0,348.1746031746031,188.95113686866426,261.93548387096774
