TraitMin,TraitMax,TraitAvg,TraitStdev,TraitTotal
200.0,880.0,400.8110119047619,173.07420093652044,386.23655913978496
