SentiMin,SentiMax,SentiAvg,SentiStdev,Senti0-0.20,Senti0.21-0.40,Senti0.41-0.60,Senti0.61-0.80,Senti0.81-1.00,SentiTotal
6.098299969968173E-7,0.46127768308170247,0.180616901353234,0.17472649501145437,6.0,2.0,1.0,0.0,0.0,6.408858660094852E-14