TraitMin,TraitMax,TraitAvg,TraitStdev,TraitTotal
146.66666666666666,545.8823529411765,332.40095376993776,124.60152664888122,352.0
