SentiMin,SentiMax,SentiAvg,SentiStdev,Senti0-0.20,Senti0.21-0.40,Senti0.41-0.60,Senti0.61-0.80,Senti0.81-1.00,SentiTotal
1.605068982497881E-5,0.31820487300311295,0.12268363320124373,0.10890747427449089,11.0,3.0,0.0,0.0,0.0,1.5904141498489558E-18