TraitMin,TraitMax,TraitAvg,TraitStdev,TraitTotal
120.0,840.0,426.66666666666663,249.3448204919702,299.3103448275862
