SentiMin,SentiMax,SentiAvg,SentiStdev,Senti0-0.20,Senti0.21-0.40,Senti0.41-0.60,Senti0.61-0.80,Senti0.81-1.00,SentiTotal
4.83539290060886E-6,0.4985928500860049,0.10064810022875612,0.15963834226012782,8.0,0.0,1.0,0.0,0.0,2.139368424338326E-24