TimeMin,TimeMax,TimeAvg,TimeStdev,TimeTotal
280.0,9440.0,3146.6666666666665,2877.90046928505,28320.0
