TraitMin,TraitMax,TraitAvg,TraitStdev,TraitTotal
220.0,680.0,438.3910533910534,121.96652134354814,375.6862745098039
