TimeMin,TimeMax,TimeAvg,TimeStdev,TimeTotal
240.0,2640.0,964.4444444444445,672.8894760015053,8680.0
