TraitMin,TraitMax,TraitAvg,TraitStdev,TraitTotal
140.0,393.3333333333333,291.7166058342529,80.9978602370302,329.30232558139534
