TraitMin,TraitMax,TraitAvg,TraitStdev,TraitTotal
146.66666666666666,720.0,291.17460317460313,192.50201021158227,211.1627906976744
