SentiMin,SentiMax,SentiAvg,SentiStdev,Senti0-0.20,Senti0.21-0.40,Senti0.41-0.60,Senti0.61-0.80,Senti0.81-1.00,SentiTotal
1.2558309652288825E-4,0.5756601075558555,0.22926493534544737,0.22140484080054645,9.0,2.0,5.0,0.0,0.0,1.2424289679869803E-21