TimeMin,TimeMax,TimeAvg,TimeStdev,TimeTotal
480.0,6480.0,2128.8888888888887,1876.1452469503317,19160.0
