SentiMin,SentiMax,SentiAvg,SentiStdev,Senti0-0.20,Senti0.21-0.40,Senti0.41-0.60,Senti0.61-0.80,Senti0.81-1.00,SentiTotal
0.0031471345091114013,0.49789225920557484,0.22500996187149366,0.18060875412905775,5.0,3.0,2.0,0.0,0.0,7.255358850706955E-9