SentiMin,SentiMax,SentiAvg,SentiStdev,Senti0-0.20,Senti0.21-0.40,Senti0.41-0.60,Senti0.61-0.80,Senti0.81-1.00,SentiTotal
0.014284126773674672,0.43796879524747484,0.27323123603988553,0.16570164305865398,3.0,2.0,2.0,0.0,0.0,1.0012014378868961E-4