SentiMin,SentiMax,SentiAvg,SentiStdev,Senti0-0.20,Senti0.21-0.40,Senti0.41-0.60,Senti0.61-0.80,Senti0.81-1.00,SentiTotal
0.009570995280862851,0.5718520716398685,0.21226892549396953,0.1695078733630185,3.0,3.0,1.0,0.0,0.0,4.149702217824519E-6