TimeMin,TimeMax,TimeAvg,TimeStdev,TimeTotal
1083.0,2329.0,1548.3333333333333,531.1301368047403,9290.0
