TimeMin,TimeMax,TimeAvg,TimeStdev,TimeTotal
1011.0,8948.0,3662.777777777778,2511.3444286887798,32965.0
