SentiMin,SentiMax,SentiAvg,SentiStdev,Senti0-0.20,Senti0.21-0.40,Senti0.41-0.60,Senti0.61-0.80,Senti0.81-1.00,SentiTotal
9.837439818531593E-6,0.49789225920557484,0.264109483040375,0.16937528957128448,2.0,3.0,2.0,0.0,0.0,4.3040016075179096E-8