TraitMin,TraitMax,TraitAvg,TraitStdev,TraitTotal
261.4,721.0,409.87619047619046,177.59198568258876,324.21794871794873
