SentiMin,SentiMax,SentiAvg,SentiStdev,Senti0-0.20,Senti0.21-0.40,Senti0.41-0.60,Senti0.61-0.80,Senti0.81-1.00,SentiTotal
7.208970959866031E-7,0.002723107641631716,0.0013619142693638512,0.0013611933722678647,2.0,0.0,0.0,0.0,0.0,1.9851082002944434E-9