TraitMin,TraitMax,TraitAvg,TraitStdev,TraitTotal
145.5,588.0,302.7581216931217,141.3712589570196,280.7
