SentiMin,SentiMax,SentiAvg,SentiStdev,Senti0-0.20,Senti0.21-0.40,Senti0.41-0.60,Senti0.61-0.80,Senti0.81-1.00,SentiTotal
3.9688149366533753E-4,0.5652402905617844,0.17068607535914967,0.2004359045194968,3.0,2.0,1.0,0.0,0.0,1.144598239295364E-9