TimeMin,TimeMax,TimeAvg,TimeStdev,TimeTotal
410.0,2162.0,1471.3333333333333,679.6988712331039,8828.0
