TraitMin,TraitMax,TraitAvg,TraitStdev,TraitTotal
228.0,1386.0,653.7357142857143,396.6255221186836,468.1578947368421
