SentiMin,SentiMax,SentiAvg,SentiStdev,Senti0-0.20,Senti0.21-0.40,Senti0.41-0.60,Senti0.61-0.80,Senti0.81-1.00,SentiTotal
3.7036161633096125E-8,0.9451684350860426,0.21709640884968204,0.33541244227810224,5.0,0.0,0.0,0.0,1.0,3.3488299217448313E-19