SentiMin,SentiMax,SentiAvg,SentiStdev,Senti0-0.20,Senti0.21-0.40,Senti0.41-0.60,Senti0.61-0.80,Senti0.81-1.00,SentiTotal
2.4743200050949778E-5,0.49789225920557484,0.06549826531112408,0.1634780320936556,7.0,0.0,1.0,0.0,0.0,3.9288925818888684E-21