TraitMin,TraitMax,TraitAvg,TraitStdev,TraitTotal
229.36363636363637,977.0,475.25193001443,228.7913485881009,428.8181818181818
