TraitMin,TraitMax,TraitAvg,TraitStdev,TraitTotal
249.28571428571428,1064.0,459.8820861678004,258.629307982201,377.2413793103448
