TimeMin,TimeMax,TimeAvg,TimeStdev,TimeTotal
1141.0,3361.0,1574.142857142857,736.9652886905147,11019.0
