SentiMin,SentiMax,SentiAvg,SentiStdev,Senti0-0.20,Senti0.21-0.40,Senti0.41-0.60,Senti0.61-0.80,Senti0.81-1.00,SentiTotal
4.2723173175575807E-4,0.49789225920557484,0.1845349102409533,0.20403144100642692,5.0,1.0,2.0,0.0,0.0,4.348474621995345E-11