TimeMin,TimeMax,TimeAvg,TimeStdev,TimeTotal
912.0,1962.0,1270.7142857142858,320.1319880860367,8895.0
