SentiMin,SentiMax,SentiAvg,SentiStdev,Senti0-0.20,Senti0.21-0.40,Senti0.41-0.60,Senti0.61-0.80,Senti0.81-1.00,SentiTotal
1.0721951763133763E-4,0.5279667585633928,0.15018905932714813,0.1954867155691728,4.0,0.0,1.0,0.0,0.0,2.6106500734269427E-9