TimeMin,TimeMax,TimeAvg,TimeStdev,TimeTotal
1041.0,4569.0,2059.1428571428573,1245.8928443457073,14414.0
