TraitMin,TraitMax,TraitAvg,TraitStdev,TraitTotal
95.0,402.0,216.3704761904762,88.44318234323231,237.3943661971831
