TraitMin,TraitMax,TraitAvg,TraitStdev,TraitTotal
225.57142857142858,1084.0,590.7779761904762,306.75970618859895,396.4651162790698
