SentiMin,SentiMax,SentiAvg,SentiStdev,Senti0-0.20,Senti0.21-0.40,Senti0.41-0.60,Senti0.61-0.80,Senti0.81-1.00,SentiTotal
4.875711210535619E-6,0.7467548457649053,0.10515827073938676,0.22829746832175196,8.0,0.0,0.0,1.0,0.0,8.266165336395509E-20