TraitMin,TraitMax,TraitAvg,TraitStdev,TraitTotal
339.0,347.94117647058823,343.47058823529414,4.470588235294116,345.08
