TraitMin,TraitMax,TraitAvg,TraitStdev,TraitTotal
341.6666666666667,1189.0,632.8452380952382,325.3808940157307,469.4634146341463
