TraitMin,TraitMax,TraitAvg,TraitStdev,TraitTotal
141.6,1008.0,348.4447786131997,270.85275003300194,253.66176470588235
