TraitMin,TraitMax,TraitAvg,TraitStdev,TraitTotal
159.5,431.0,251.15,98.15059857178662,225.2608695652174
