TimeMin,TimeMax,TimeAvg,TimeStdev,TimeTotal
448.0,2859.0,1745.5833333333333,766.2943797189752,20947.0
