SentiMin,SentiMax,SentiAvg,SentiStdev,Senti0-0.20,Senti0.21-0.40,Senti0.41-0.60,Senti0.61-0.80,Senti0.81-1.00,SentiTotal
0.0012628159582056921,0.39697510199130176,0.08998163594529902,0.1353370267978438,6.0,2.0,0.0,0.0,0.0,1.9385095679171244E-14