TimeMin,TimeMax,TimeAvg,TimeStdev,TimeTotal
502.0,11954.0,2751.5833333333335,3144.93424569135,33019.0
