SentiMin,SentiMax,SentiAvg,SentiStdev,Senti0-0.20,Senti0.21-0.40,Senti0.41-0.60,Senti0.61-0.80,Senti0.81-1.00,SentiTotal
3.600548637000908E-5,0.48357347728475064,0.13225201367358122,0.17930360303037554,9.0,1.0,2.0,0.0,0.0,2.5981419033985266E-24