TraitMin,TraitMax,TraitAvg,TraitStdev,TraitTotal
306.4,1176.0,583.2496031746032,344.9965194225055,436.7878787878788
