TraitMin,TraitMax,TraitAvg,TraitStdev,TraitTotal
204.36363636363637,894.8,452.7200096200097,177.9430459109162,451.5753424657534
