TraitMin,TraitMax,TraitAvg,TraitStdev,TraitTotal
260.8,617.3333333333334,479.82666666666665,119.72314433261802,423.0357142857143
