TimeMin,TimeMax,TimeAvg,TimeStdev,TimeTotal
271.0,2335.0,966.7142857142857,615.7134570760086,6767.0
