SentiMin,SentiMax,SentiAvg,SentiStdev,Senti0-0.20,Senti0.21-0.40,Senti0.41-0.60,Senti0.61-0.80,Senti0.81-1.00,SentiTotal
1.3590767817807424E-4,0.49789225920557484,0.16131521260252843,0.18511618255268,6.0,0.0,2.0,0.0,0.0,8.866793314245813E-13