TimeMin,TimeMax,TimeAvg,TimeStdev,TimeTotal
264.0,6579.0,1726.6153846153845,1724.4238519870266,22446.0
