SentiMin,SentiMax,SentiAvg,SentiStdev,Senti0-0.20,Senti0.21-0.40,Senti0.41-0.60,Senti0.61-0.80,Senti0.81-1.00,SentiTotal
2.1989218377041836E-4,0.6289256943990708,0.29058331904983653,0.25682488431966743,4.0,0.0,1.0,2.0,0.0,1.9368170278410584E-7