SentiMin,SentiMax,SentiAvg,SentiStdev,Senti0-0.20,Senti0.21-0.40,Senti0.41-0.60,Senti0.61-0.80,Senti0.81-1.00,SentiTotal
4.506272747884282E-9,0.49789225920557484,0.10953574096743757,0.16586768642614053,8.0,1.0,1.0,0.0,0.0,1.188104526378432E-28