TraitMin,TraitMax,TraitAvg,TraitStdev,TraitTotal
354.2857142857143,461.6,390.8137566137566,50.0620097772082,380.8095238095238
