SentiMin,SentiMax,SentiAvg,SentiStdev,Senti0-0.20,Senti0.21-0.40,Senti0.41-0.60,Senti0.61-0.80,Senti0.81-1.00,SentiTotal
1.012995724033795E-9,0.49789225920557484,0.0616195144823004,0.12987890849304085,12.0,0.0,1.0,0.0,0.0,3.0544298377103537E-33