SentiMin,SentiMax,SentiAvg,SentiStdev,Senti0-0.20,Senti0.21-0.40,Senti0.41-0.60,Senti0.61-0.80,Senti0.81-1.00,SentiTotal
0.005231624509694753,0.37700743133562487,0.12444642420822884,0.1587374183747963,5.0,2.0,0.0,0.0,0.0,2.6349820729526297E-10