TraitMin,TraitMax,TraitAvg,TraitStdev,TraitTotal
79.75,389.1666666666667,170.90907029478458,95.4952453299154,165.0487804878049
