SentiMin,SentiMax,SentiAvg,SentiStdev,Senti0-0.20,Senti0.21-0.40,Senti0.41-0.60,Senti0.61-0.80,Senti0.81-1.00,SentiTotal
0.003383033814346614,0.4737554465528978,0.28374343631155036,0.2023770007581313,1.0,1.0,1.0,0.0,0.0,0.0018540839051544066