TimeMin,TimeMax,TimeAvg,TimeStdev,TimeTotal
544.0,5007.0,1864.7142857142858,1412.1344244274555,13053.0
