SentiMin,SentiMax,SentiAvg,SentiStdev,Senti0-0.20,Senti0.21-0.40,Senti0.41-0.60,Senti0.61-0.80,Senti0.81-1.00,SentiTotal
2.605145263690727E-7,0.5755436691302463,0.27320963238793283,0.21930993393599263,4.0,1.0,5.0,0.0,0.0,7.063135979767874E-15