TraitMin,TraitMax,TraitAvg,TraitStdev,TraitTotal
313.6,1097.0,612.0261904761904,308.03646092387083,470.88461538461536
