TimeMin,TimeMax,TimeAvg,TimeStdev,TimeTotal
330.0,5408.0,1916.5555555555557,1421.202003869425,17249.0
