TimeMin,TimeMax,TimeAvg,TimeStdev,TimeTotal
2308.0,3209.0,2665.6666666666665,390.55885884488936,7997.0
