TimeMin,TimeMax,TimeAvg,TimeStdev,TimeTotal
2162.0,7236.0,4214.833333333333,1761.8916365341229,25289.0
