SentiMin,SentiMax,SentiAvg,SentiStdev,Senti0-0.20,Senti0.21-0.40,Senti0.41-0.60,Senti0.61-0.80,Senti0.81-1.00,SentiTotal
2.9448935759741124E-5,0.78291140448387,0.12644942237672743,0.23701214441308735,8.0,1.0,0.0,1.0,0.0,4.368538515415771E-18