TraitMin,TraitMax,TraitAvg,TraitStdev,TraitTotal
117.66666666666667,289.3125,204.13884320175438,58.46771903380872,252.15384615384616
