SentiMin,SentiMax,SentiAvg,SentiStdev,Senti0-0.20,Senti0.21-0.40,Senti0.41-0.60,Senti0.61-0.80,Senti0.81-1.00,SentiTotal
0.0019857317677970023,0.505334075764389,0.21221596063672363,0.2136862031380892,2.0,0.0,1.0,0.0,0.0,3.069576407809649E-4