SentiMin,SentiMax,SentiAvg,SentiStdev,Senti0-0.20,Senti0.21-0.40,Senti0.41-0.60,Senti0.61-0.80,Senti0.81-1.00,SentiTotal
0.023975294174340703,0.49789225920557484,0.22954750592402914,0.16303695942305546,2.0,3.0,1.0,0.0,0.0,5.424259586479705E-5