TraitMin,TraitMax,TraitAvg,TraitStdev,TraitTotal
148.375,352.6,264.3644586894587,54.65480884427409,274.8655462184874
