TraitMin,TraitMax,TraitAvg,TraitStdev,TraitTotal
88.25,415.0,224.6700555000555,93.01400756119583,241.3548387096774
