TraitMin,TraitMax,TraitAvg,TraitStdev,TraitTotal
114.6,660.3333333333334,423.17303030303026,176.24070764346794,405.9736842105263
