TraitMin,TraitMax,TraitAvg,TraitStdev,TraitTotal
153.94117647058823,1499.0,777.5088612368024,435.8663829214089,407.3061224489796
