TraitMin,TraitMax,TraitAvg,TraitStdev,TraitTotal
245.8,1440.0,920.5607142857143,443.04763607498535,579.9473684210526
