SentiMin,SentiMax,SentiAvg,SentiStdev,Senti0-0.20,Senti0.21-0.40,Senti0.41-0.60,Senti0.61-0.80,Senti0.81-1.00,SentiTotal
7.868922995111829E-4,0.6861889115973557,0.26956173742946743,0.24420841154585216,5.0,1.0,2.0,1.0,0.0,1.7880891535461762E-8