SentiMin,SentiMax,SentiAvg,SentiStdev,Senti0-0.20,Senti0.21-0.40,Senti0.41-0.60,Senti0.61-0.80,Senti0.81-1.00,SentiTotal
0.01823847332680699,0.43796879524747484,0.2572285766461087,0.14883996995276996,2.0,3.0,2.0,0.0,0.0,6.243272537922059E-5