TraitMin,TraitMax,TraitAvg,TraitStdev,TraitTotal
166.4,854.0,361.51599306389227,213.3484495961932,290.06666666666666
