TimeMin,TimeMax,TimeAvg,TimeStdev,TimeTotal
880.0,1920.0,1188.5714285714287,325.4635626491004,8320.0
