SentiMin,SentiMax,SentiAvg,SentiStdev,Senti0-0.20,Senti0.21-0.40,Senti0.41-0.60,Senti0.61-0.80,Senti0.81-1.00,SentiTotal
0.008874865588228038,0.8554499811481738,0.2633695175736566,0.25488758475013684,5.0,3.0,2.0,0.0,1.0,3.351892280290403E-8