SentiMin,SentiMax,SentiAvg,SentiStdev,Senti0-0.20,Senti0.21-0.40,Senti0.41-0.60,Senti0.61-0.80,Senti0.81-1.00,SentiTotal
0.007298586742174468,0.39697510199130176,0.2532063417488656,0.10270845034332345,1.0,10.0,0.0,0.0,0.0,7.847230419156972E-9