SentiMin,SentiMax,SentiAvg,SentiStdev,Senti0-0.20,Senti0.21-0.40,Senti0.41-0.60,Senti0.61-0.80,Senti0.81-1.00,SentiTotal
0.012613922188811086,0.49789225920557484,0.2117135729281147,0.14441569397665677,5.0,6.0,2.0,0.0,0.0,7.054035406818587E-10