TraitMin,TraitMax,TraitAvg,TraitStdev,TraitTotal
210.0,1000.0,681.8888888888889,328.8820907705824,424.0
