TraitMin,TraitMax,TraitAvg,TraitStdev,TraitTotal
206.66666666666666,1200.0,447.7007575757576,249.73960127090825,348.26666666666665
