SentiMin,SentiMax,SentiAvg,SentiStdev,Senti0-0.20,Senti0.21-0.40,Senti0.41-0.60,Senti0.61-0.80,Senti0.81-1.00,SentiTotal
5.7365398930887175E-5,0.39697510199130176,0.16129010581820705,0.12304023524773001,5.0,3.0,0.0,0.0,0.0,3.958087506471284E-10