SentiMin,SentiMax,SentiAvg,SentiStdev,Senti0-0.20,Senti0.21-0.40,Senti0.41-0.60,Senti0.61-0.80,Senti0.81-1.00,SentiTotal
0.11023398506774879,0.49789225920557484,0.38299026509761364,0.1394157706589858,1.0,2.0,3.0,0.0,0.0,0.034358419620963386