TraitMin,TraitMax,TraitAvg,TraitStdev,TraitTotal
360.0,1080.0,909.0909090909091,209.13043104742707,816.0
