TraitMin,TraitMax,TraitAvg,TraitStdev,TraitTotal
288.0,1000.0,462.4,214.71639175640246,418.8235294117647
