SentiMin,SentiMax,SentiAvg,SentiStdev,Senti0-0.20,Senti0.21-0.40,Senti0.41-0.60,Senti0.61-0.80,Senti0.81-1.00,SentiTotal
0.09412430913023882,0.49789225920557484,0.3845462339730875,0.14045112144265548,1.0,2.0,4.0,0.0,0.0,0.019856835454986437