SentiMin,SentiMax,SentiAvg,SentiStdev,Senti0-0.20,Senti0.21-0.40,Senti0.41-0.60,Senti0.61-0.80,Senti0.81-1.00,SentiTotal
0.21921412548362115,0.39697510199130176,0.2926467635831874,0.07578763934137615,0.0,3.0,0.0,0.0,0.0,0.06248173215845531