TimeMin,TimeMax,TimeAvg,TimeStdev,TimeTotal
1000.0,1800.0,1112.7272727272727,228.07857135369778,12240.0
