TraitMin,TraitMax,TraitAvg,TraitStdev,TraitTotal
293.3333333333333,1920.0,904.7619047619047,514.349202430427,693.3333333333334
