TraitMin,TraitMax,TraitAvg,TraitStdev,TraitTotal
232.0,2560.0,1296.4444444444446,835.7357961626715,790.0
