TraitMin,TraitMax,TraitAvg,TraitStdev,TraitTotal
310.0,1000.0,670.8333333333333,329.9273910019193,484.44444444444446
