TimeMin,TimeMax,TimeAvg,TimeStdev,TimeTotal
600.0,3160.0,1614.5454545454545,698.3143813545669,17760.0
