SentiMin,SentiMax,SentiAvg,SentiStdev,Senti0-0.20,Senti0.21-0.40,Senti0.41-0.60,Senti0.61-0.80,Senti0.81-1.00,SentiTotal
0.022932133521746476,0.42183759300164175,0.21358355437192952,0.14693836067844032,2.0,1.0,1.0,0.0,0.0,0.0010789362524966897