TraitMin,TraitMax,TraitAvg,TraitStdev,TraitTotal
230.0,1000.0,743.3333333333334,362.98148100909435,486.6666666666667
