TraitMin,TraitMax,TraitAvg,TraitStdev,TraitTotal
251.42857142857142,1360.0,651.1721611721612,387.78356056468107,446.6666666666667
