SentiMin,SentiMax,SentiAvg,SentiStdev,Senti0-0.20,Senti0.21-0.40,Senti0.41-0.60,Senti0.61-0.80,Senti0.81-1.00,SentiTotal
0.0736401149528525,0.21921412548362115,0.17106142483532444,0.05943383302176802,2.0,2.0,0.0,0.0,0.0,0.0013349071335525258