TimeMin,TimeMax,TimeAvg,TimeStdev,TimeTotal
360.0,1800.0,1236.923076923077,380.91760900760545,16080.0
