SentiMin,SentiMax,SentiAvg,SentiStdev,Senti0-0.20,Senti0.21-0.40,Senti0.41-0.60,Senti0.61-0.80,Senti0.81-1.00,SentiTotal
0.021455498576008203,0.49789225920557484,0.3192173495137315,0.15238198253736465,2.0,5.0,6.0,0.0,0.0,5.260371044323899E-6