TraitMin,TraitMax,TraitAvg,TraitStdev,TraitTotal
245.71428571428572,1160.0,608.2770562770563,278.3664260806359,507.42857142857144
