SentiMin,SentiMax,SentiAvg,SentiStdev,Senti0-0.20,Senti0.21-0.40,Senti0.41-0.60,Senti0.61-0.80,Senti0.81-1.00,SentiTotal
0.02744568078709343,0.41919625641824254,0.2793505505122903,0.12178986814140827,1.0,5.0,1.0,0.0,0.0,2.973978091521519E-4