TraitMin,TraitMax,TraitAvg,TraitStdev,TraitTotal
185.45454545454547,1000.0,479.72727272727275,327.8054124473116,279.0
