TraitMin,TraitMax,TraitAvg,TraitStdev,TraitTotal
200.0,580.0,340.9105180533752,152.22398557751777,271.25
