SentiMin,SentiMax,SentiAvg,SentiStdev,Senti0-0.20,Senti0.21-0.40,Senti0.41-0.60,Senti0.61-0.80,Senti0.81-1.00,SentiTotal
2.0395292348224754E-5,0.40220708876493577,0.07147884875411016,0.137709178103389,6.0,0.0,1.0,0.0,0.0,5.351613527257569E-17