SentiMin,SentiMax,SentiAvg,SentiStdev,Senti0-0.20,Senti0.21-0.40,Senti0.41-0.60,Senti0.61-0.80,Senti0.81-1.00,SentiTotal
0.0038493880603145464,0.5628056929000496,0.2750081773490564,0.20655525074173847,4.0,3.0,4.0,0.0,0.0,1.0083348768693957E-8