TimeMin,TimeMax,TimeAvg,TimeStdev,TimeTotal
1000.0,2440.0,1581.8181818181818,516.3124174341483,17400.0
