TimeMin,TimeMax,TimeAvg,TimeStdev,TimeTotal
920.0,1000.0,973.3333333333334,37.71236166328253,2920.0
