TraitMin,TraitMax,TraitAvg,TraitStdev,TraitTotal
346.6666666666667,1680.0,696.6153846153845,378.7040846029226,547.0967741935484
