TraitMin,TraitMax,TraitAvg,TraitStdev,TraitTotal
208.0,1000.0,424.3636363636364,232.46072567364203,316.3636363636364
