TraitMin,TraitMax,TraitAvg,TraitStdev,TraitTotal
173.33333333333334,1280.0,721.4814814814815,392.8845874296681,413.3333333333333
