TimeMin,TimeMax,TimeAvg,TimeStdev,TimeTotal
1000.0,2080.0,1304.6153846153845,308.4605793194373,16960.0
