TimeMin,TimeMax,TimeAvg,TimeStdev,TimeTotal
960.0,3640.0,1786.6666666666667,947.042179044254,10720.0
