TimeMin,TimeMax,TimeAvg,TimeStdev,TimeTotal
3280.0,10040.0,6346.666666666667,2795.106835565006,19040.0
