TraitMin,TraitMax,TraitAvg,TraitStdev,TraitTotal
222.22222222222223,1240.0,562.0461760461761,360.3124361235714,386.1333333333333
