SentiMin,SentiMax,SentiAvg,SentiStdev,Senti0-0.20,Senti0.21-0.40,Senti0.41-0.60,Senti0.61-0.80,Senti0.81-1.00,SentiTotal
3.162335461434189E-5,0.0029077583046543723,9.957450664673025E-4,0.001352013762746136,3.0,0.0,0.0,0.0,0.0,4.93424760619668E-12