SentiMin,SentiMax,SentiAvg,SentiStdev,Senti0-0.20,Senti0.21-0.40,Senti0.41-0.60,Senti0.61-0.80,Senti0.81-1.00,SentiTotal
1.3939136538292529E-8,0.3884721649999508,0.08312827571413978,0.14180575222497493,6.0,2.0,0.0,0.0,0.0,3.926881549537652E-30