TraitMin,TraitMax,TraitAvg,TraitStdev,TraitTotal
108.57142857142857,460.0,306.0190476190476,138.12167103344174,308.2352941176471
