TraitMin,TraitMax,TraitAvg,TraitStdev,TraitTotal
250.0,1000.0,464.0,225.77176282451464,349.09090909090907
