TraitMin,TraitMax,TraitAvg,TraitStdev,TraitTotal
355.2,521.5384615384615,442.52626373626373,64.68807243363591,452.8301886792453
