TraitMin,TraitMax,TraitAvg,TraitStdev,TraitTotal
204.44444444444446,488.0,350.6920634920635,94.52740831624698,353.76146788990826
