SentiMin,SentiMax,SentiAvg,SentiStdev,Senti0-0.20,Senti0.21-0.40,Senti0.41-0.60,Senti0.61-0.80,Senti0.81-1.00,SentiTotal
0.008047977146998049,0.39697510199130176,0.20203152035337799,0.14933572723276262,3.0,3.0,0.0,0.0,0.0,7.715981932936193E-6