TimeMin,TimeMax,TimeAvg,TimeStdev,TimeTotal
760.0,4880.0,2577.777777777778,1697.067914425595,23200.0
