SentiMin,SentiMax,SentiAvg,SentiStdev,Senti0-0.20,Senti0.21-0.40,Senti0.41-0.60,Senti0.61-0.80,Senti0.81-1.00,SentiTotal
0.084361863070807,0.755894220917811,0.3019785615326049,0.21039617901915095,3.0,4.0,0.0,1.0,0.0,2.6974464522415556E-4