TraitMin,TraitMax,TraitAvg,TraitStdev,TraitTotal
213.33333333333334,1240.0,518.5802469135803,277.4606364047492,446.54545454545456
