SentiMin,SentiMax,SentiAvg,SentiStdev,Senti0-0.20,Senti0.21-0.40,Senti0.41-0.60,Senti0.61-0.80,Senti0.81-1.00,SentiTotal
2.0871258673165488E-4,0.6090082618522408,0.23159774666934524,0.24168650079240536,5.0,2.0,2.0,1.0,0.0,9.95902581838634E-14