SentiMin,SentiMax,SentiAvg,SentiStdev,Senti0-0.20,Senti0.21-0.40,Senti0.41-0.60,Senti0.61-0.80,Senti0.81-1.00,SentiTotal
8.377545137727555E-4,0.43796879524747484,0.1943695695529153,0.15419082873177123,3.0,5.0,1.0,0.0,0.0,9.834102125683669E-11