SentiMin,SentiMax,SentiAvg,SentiStdev,Senti0-0.20,Senti0.21-0.40,Senti0.41-0.60,Senti0.61-0.80,Senti0.81-1.00,SentiTotal
4.342080879642109E-8,0.12901463989824968,0.026035246643218914,0.0514904779154884,5.0,0.0,0.0,0.0,0.0,9.914680983188927E-21