SentiMin,SentiMax,SentiAvg,SentiStdev,Senti0-0.20,Senti0.21-0.40,Senti0.41-0.60,Senti0.61-0.80,Senti0.81-1.00,SentiTotal
0.14072787025312952,0.5590270704407421,0.2990546017997727,0.18527897366131563,2.0,0.0,1.0,0.0,0.0,0.04937151986802822