TraitMin,TraitMax,TraitAvg,TraitStdev,TraitTotal
360.0,1220.0,651.6116722783389,286.34739657913263,527.2727272727273
