TraitMin,TraitMax,TraitAvg,TraitStdev,TraitTotal
180.0,302.22222222222223,267.06349206349205,50.490850920805244,267.8787878787879
