SentiMin,SentiMax,SentiAvg,SentiStdev,Senti0-0.20,Senti0.21-0.40,Senti0.41-0.60,Senti0.61-0.80,Senti0.81-1.00,SentiTotal
3.75093680526137E-4,0.49789225920557484,0.20274502532628594,0.2018605705138033,5.0,2.0,2.0,0.0,0.0,2.7621102265606842E-14