TimeMin,TimeMax,TimeAvg,TimeStdev,TimeTotal
1240.0,4920.0,2728.8888888888887,1239.1793381503605,24560.0
