SentiMin,SentiMax,SentiAvg,SentiStdev,Senti0-0.20,Senti0.21-0.40,Senti0.41-0.60,Senti0.61-0.80,Senti0.81-1.00,SentiTotal
1.4205060046691663E-7,0.006179143042802618,0.0014435533193390751,0.002176928032244705,6.0,0.0,0.0,0.0,0.0,2.0237984174244933E-24