SentiMin,SentiMax,SentiAvg,SentiStdev,Senti0-0.20,Senti0.21-0.40,Senti0.41-0.60,Senti0.61-0.80,Senti0.81-1.00,SentiTotal
3.805109099546006E-5,0.21921412548362115,0.11726812649490802,0.1023850996167381,4.0,4.0,0.0,0.0,0.0,1.0470941004290262E-14