TimeMin,TimeMax,TimeAvg,TimeStdev,TimeTotal
1840.0,8880.0,6426.666666666667,2436.7920624369153,38560.0
