TraitMin,TraitMax,TraitAvg,TraitStdev,TraitTotal
290.0,800.0,438.2480264833206,147.87901719118392,380.2739726027397
