SentiMin,SentiMax,SentiAvg,SentiStdev,Senti0-0.20,Senti0.21-0.40,Senti0.41-0.60,Senti0.61-0.80,Senti0.81-1.00,SentiTotal
1.4407263888620843E-6,0.49789225920557484,0.20458241697083762,0.1641590516326644,5.0,3.0,2.0,0.0,0.0,2.8526153867078948E-12