TimeMin,TimeMax,TimeAvg,TimeStdev,TimeTotal
840.0,7000.0,3986.6666666666665,2516.576157312859,11960.0
