TraitMin,TraitMax,TraitAvg,TraitStdev,TraitTotal
265.45454545454544,1320.0,744.0984848484849,347.7438207424463,584.3137254901961
