SentiMin,SentiMax,SentiAvg,SentiStdev,Senti0-0.20,Senti0.21-0.40,Senti0.41-0.60,Senti0.61-0.80,Senti0.81-1.00,SentiTotal
1.0684234475251506E-5,0.5628056929000496,0.14532466959957066,0.2065700160275812,8.0,1.0,2.0,0.0,0.0,3.762731300201932E-24