TraitMin,TraitMax,TraitAvg,TraitStdev,TraitTotal
286.6666666666667,1440.0,541.9999999999999,407.20092410576945,386.0869565217391
