TraitMin,TraitMax,TraitAvg,TraitStdev,TraitTotal
349.5652173913044,560.0,407.2743452834986,88.4863778686581,360.7692307692308
