TimeMin,TimeMax,TimeAvg,TimeStdev,TimeTotal
1040.0,5240.0,2632.7272727272725,1475.7992651693455,28960.0
