SentiMin,SentiMax,SentiAvg,SentiStdev,Senti0-0.20,Senti0.21-0.40,Senti0.41-0.60,Senti0.61-0.80,Senti0.81-1.00,SentiTotal
0.0736401149528525,0.3318261835577289,0.22086223470556798,0.09435467953785286,1.0,3.0,0.0,0.0,0.0,0.003947119598663385