SentiMin,SentiMax,SentiAvg,SentiStdev,Senti0-0.20,Senti0.21-0.40,Senti0.41-0.60,Senti0.61-0.80,Senti0.81-1.00,SentiTotal
0.0015249653818238712,0.3486878383203825,0.200516807249142,0.12142607492413476,2.0,4.0,0.0,0.0,0.0,3.3144708156913304E-6