SentiMin,SentiMax,SentiAvg,SentiStdev,Senti0-0.20,Senti0.21-0.40,Senti0.41-0.60,Senti0.61-0.80,Senti0.81-1.00,SentiTotal
2.1271931198700548E-4,0.9790972817294968,0.345162311696812,0.39990365215504114,2.0,1.0,0.0,0.0,1.0,2.9493122369678E-5