TraitMin,TraitMax,TraitAvg,TraitStdev,TraitTotal
175.0,1193.3333333333333,737.3703703703703,316.58207230479917,689.7297297297297
