TraitMin,TraitMax,TraitAvg,TraitStdev,TraitTotal
320.0,1180.0,739.1666666666666,330.9634504829129,564.2105263157895
