TraitMin,TraitMax,TraitAvg,TraitStdev,TraitTotal
301.05263157894734,386.15384615384613,350.55030739241266,36.10484237002218,352.5925925925926
