TraitMin,TraitMax,TraitAvg,TraitStdev,TraitTotal
320.0,1920.0,915.0,649.4035725186611,615.3846153846154
