TimeMin,TimeMax,TimeAvg,TimeStdev,TimeTotal
1160.0,6200.0,2724.4444444444443,1623.4333378581134,24520.0
