SentiMin,SentiMax,SentiAvg,SentiStdev,Senti0-0.20,Senti0.21-0.40,Senti0.41-0.60,Senti0.61-0.80,Senti0.81-1.00,SentiTotal
0.0313786326868754,0.5318834537628724,0.24864104958534808,0.15580648507188583,4.0,4.0,2.0,0.0,0.0,1.216510031950937E-6