TraitMin,TraitMax,TraitAvg,TraitStdev,TraitTotal
360.0,664.0,451.0578754578754,94.70385907059035,440.0
