TraitMin,TraitMax,TraitAvg,TraitStdev,TraitTotal
272.0,773.3333333333334,531.3189033189033,141.2170889661272,500.40816326530614
