SentiMin,SentiMax,SentiAvg,SentiStdev,Senti0-0.20,Senti0.21-0.40,Senti0.41-0.60,Senti0.61-0.80,Senti0.81-1.00,SentiTotal
0.035457480258462216,0.6256370019830304,0.36324921854886605,0.20713530836526342,2.0,0.0,3.0,1.0,0.0,0.006390455175033063