TraitMin,TraitMax,TraitAvg,TraitStdev,TraitTotal
256.0,2000.0,655.8148148148148,612.5298066709543,413.3333333333333
