SentiMin,SentiMax,SentiAvg,SentiStdev,Senti0-0.20,Senti0.21-0.40,Senti0.41-0.60,Senti0.61-0.80,Senti0.81-1.00,SentiTotal
0.009954616509205691,0.6040107436970424,0.3713686764737681,0.19994960643259221,1.0,2.0,2.0,1.0,0.0,0.0029373005194780885