SentiMin,SentiMax,SentiAvg,SentiStdev,Senti0-0.20,Senti0.21-0.40,Senti0.41-0.60,Senti0.61-0.80,Senti0.81-1.00,SentiTotal
0.03461967764943939,0.5099237532230654,0.2484329446397436,0.17423557103576567,3.0,3.0,2.0,0.0,0.0,1.0467986990746234E-5