TraitMin,TraitMax,TraitAvg,TraitStdev,TraitTotal
180.0,640.0,330.4537037037037,110.96459282477531,313.4065934065934
