TraitMin,TraitMax,TraitAvg,TraitStdev,TraitTotal
472.0,1320.0,756.6666666666666,330.67405905715276,616.4705882352941
