TimeMin,TimeMax,TimeAvg,TimeStdev,TimeTotal
360.0,4200.0,2376.6666666666665,1097.081988225533,28520.0
