TimeMin,TimeMax,TimeAvg,TimeStdev,TimeTotal
960.0,2880.0,1706.6666666666667,641.1101482758031,10240.0
