SentiMin,SentiMax,SentiAvg,SentiStdev,Senti0-0.20,Senti0.21-0.40,Senti0.41-0.60,Senti0.61-0.80,Senti0.81-1.00,SentiTotal
0.0014090748447136148,0.3041233943377613,0.0838356030929887,0.1136268428107601,5.0,1.0,0.0,0.0,0.0,9.265837593533005E-11