TraitMin,TraitMax,TraitAvg,TraitStdev,TraitTotal
293.3333333333333,720.0,516.9194677871149,138.39558223238632,525.8666666666667
