TraitMin,TraitMax,TraitAvg,TraitStdev,TraitTotal
367.27272727272725,792.0,560.7727272727274,163.85251179916537,527.2727272727273
