SentiMin,SentiMax,SentiAvg,SentiStdev,Senti0-0.20,Senti0.21-0.40,Senti0.41-0.60,Senti0.61-0.80,Senti0.81-1.00,SentiTotal
0.11404577041775898,0.5318834537628724,0.3055201966022076,0.16752158651501928,7.0,1.0,5.0,0.0,0.0,4.362840272559508E-6