TraitMin,TraitMax,TraitAvg,TraitStdev,TraitTotal
304.0,1140.0,722.0,295.5852950785385,583.3333333333334
