SentiMin,SentiMax,SentiAvg,SentiStdev,Senti0-0.20,Senti0.21-0.40,Senti0.41-0.60,Senti0.61-0.80,Senti0.81-1.00,SentiTotal
0.04543912246556327,0.49789225920557484,0.26226388095794917,0.17338045331386126,5.0,3.0,4.0,0.0,0.0,1.3368475556949382E-7