TimeMin,TimeMax,TimeAvg,TimeStdev,TimeTotal
800.0,1920.0,1333.3333333333333,384.823191724315,8000.0
