SentiMin,SentiMax,SentiAvg,SentiStdev,Senti0-0.20,Senti0.21-0.40,Senti0.41-0.60,Senti0.61-0.80,Senti0.81-1.00,SentiTotal
0.16712442815174372,0.6959033095314103,0.4732008626629003,0.19191956333690816,1.0,0.0,2.0,1.0,0.0,0.34666944268393535