TimeMin,TimeMax,TimeAvg,TimeStdev,TimeTotal
240.0,9840.0,3578.4615384615386,2571.1112418080006,46520.0
