TimeMin,TimeMax,TimeAvg,TimeStdev,TimeTotal
1600.0,5360.0,3342.8571428571427,1139.5953452960432,23400.0
