TraitMin,TraitMax,TraitAvg,TraitStdev,TraitTotal
111.11111111111111,560.0,272.5764790764791,102.46645293633138,250.3370786516854
