SentiMin,SentiMax,SentiAvg,SentiStdev,Senti0-0.20,Senti0.21-0.40,Senti0.41-0.60,Senti0.61-0.80,Senti0.81-1.00,SentiTotal
2.799488468282802E-5,0.9300565311579468,0.36417423707025737,0.29590718423025386,5.0,4.0,2.0,1.0,2.0,2.3291815998505038E-11