SentiMin,SentiMax,SentiAvg,SentiStdev,Senti0-0.20,Senti0.21-0.40,Senti0.41-0.60,Senti0.61-0.80,Senti0.81-1.00,SentiTotal
0.0018497201334310516,0.986977434430939,0.39136505095728485,0.2757064500366726,7.0,3.0,6.0,1.0,2.0,2.733804030903468E-5