TimeMin,TimeMax,TimeAvg,TimeStdev,TimeTotal
640.0,2680.0,1681.4814814814815,561.8468468245542,45400.0
