TraitMin,TraitMax,TraitAvg,TraitStdev,TraitTotal
200.0,600.0,365.10526315789474,105.17109716980947,346.5394736842105
