TraitMin,TraitMax,TraitAvg,TraitStdev,TraitTotal
136.0,1000.0,463.7113997113997,245.61086374333757,364.44444444444446
