SentiMin,SentiMax,SentiAvg,SentiStdev,Senti0-0.20,Senti0.21-0.40,Senti0.41-0.60,Senti0.61-0.80,Senti0.81-1.00,SentiTotal
0.09449314495932869,0.8629295924777124,0.4287677981171908,0.23598228888770073,1.0,5.0,1.0,1.0,1.0,0.05720774925460409