TimeMin,TimeMax,TimeAvg,TimeStdev,TimeTotal
520.0,3080.0,1591.4285714285713,665.9349726175237,22280.0
