TraitMin,TraitMax,TraitAvg,TraitStdev,TraitTotal
173.33333333333334,1440.0,429.34761904761916,287.96053249819494,309.4736842105263
