SentiMin,SentiMax,SentiAvg,SentiStdev,Senti0-0.20,Senti0.21-0.40,Senti0.41-0.60,Senti0.61-0.80,Senti0.81-1.00,SentiTotal
0.020557374564399548,0.4344527704046153,0.22267063819612407,0.1711663806063576,2.0,1.0,1.0,0.0,0.0,8.795440983709838E-4