TimeMin,TimeMax,TimeAvg,TimeStdev,TimeTotal
360.0,1800.0,968.8888888888889,443.33194096133343,8720.0
