SentiMin,SentiMax,SentiAvg,SentiStdev,Senti0-0.20,Senti0.21-0.40,Senti0.41-0.60,Senti0.61-0.80,Senti0.81-1.00,SentiTotal
0.0029665050785556844,0.8840757314493582,0.3771353902923341,0.2717237767254235,6.0,5.0,4.0,2.0,2.0,5.474566836102787E-10