TraitMin,TraitMax,TraitAvg,TraitStdev,TraitTotal
125.71428571428571,600.0,326.78306878306876,134.37884704516466,272.5
