SentiMin,SentiMax,SentiAvg,SentiStdev,Senti0-0.20,Senti0.21-0.40,Senti0.41-0.60,Senti0.61-0.80,Senti0.81-1.00,SentiTotal
2.492511883116925E-4,0.9967101065330426,0.2809698328072613,0.2842638162216412,12.0,6.0,3.0,1.0,2.0,1.6069244101329616E-16