TraitMin,TraitMax,TraitAvg,TraitStdev,TraitTotal
125.0,1080.0,468.2028018278018,244.1423888331755,374.0625
