TraitMin,TraitMax,TraitAvg,TraitStdev,TraitTotal
113.33333333333333,1000.0,449.01754385964904,233.88259847122356,375.90361445783134
