TimeMin,TimeMax,TimeAvg,TimeStdev,TimeTotal
480.0,2720.0,1341.8181818181818,630.4661793512679,29520.0
