TimeMin,TimeMax,TimeAvg,TimeStdev,TimeTotal
360.0,3800.0,1642.1052631578948,989.8409172949189,31200.0
