TraitMin,TraitMax,TraitAvg,TraitStdev,TraitTotal
213.33333333333334,1640.0,497.82074715408055,333.28071548052264,372.1311475409836
