SentiMin,SentiMax,SentiAvg,SentiStdev,Senti0-0.20,Senti0.21-0.40,Senti0.41-0.60,Senti0.61-0.80,Senti0.81-1.00,SentiTotal
5.234854002949993E-4,0.9994833948349962,0.33096516808619597,0.2804637368172636,10.0,8.0,5.0,1.0,3.0,6.6677100569031455E-15