TraitMin,TraitMax,TraitAvg,TraitStdev,TraitTotal
85.0,540.0,302.9166666666667,202.46527480039632,208.88888888888889
