SentiMin,SentiMax,SentiAvg,SentiStdev,Senti0-0.20,Senti0.21-0.40,Senti0.41-0.60,Senti0.61-0.80,Senti0.81-1.00,SentiTotal
0.013008059054183839,0.9996373341916763,0.4489436104415828,0.3335848611003518,7.0,8.0,1.0,0.0,6.0,0.9999653670659331