SentiMin,SentiMax,SentiAvg,SentiStdev,Senti0-0.20,Senti0.21-0.40,Senti0.41-0.60,Senti0.61-0.80,Senti0.81-1.00,SentiTotal
0.0025269236718402175,0.9926745167789639,0.36614560952959224,0.29615544321849974,7.0,4.0,5.0,0.0,3.0,2.3957830769918814E-7