TimeMin,TimeMax,TimeAvg,TimeStdev,TimeTotal
280.0,3440.0,1726.3157894736842,927.1814137272266,32800.0
