SentiMin,SentiMax,SentiAvg,SentiStdev,Senti0-0.20,Senti0.21-0.40,Senti0.41-0.60,Senti0.61-0.80,Senti0.81-1.00,SentiTotal
0.002491948299399365,0.9998928919675271,0.46957929763729556,0.3166042643677616,4.0,7.0,4.0,0.0,5.0,0.9999744541281844