SentiMin,SentiMax,SentiAvg,SentiStdev,Senti0-0.20,Senti0.21-0.40,Senti0.41-0.60,Senti0.61-0.80,Senti0.81-1.00,SentiTotal
1.0799062458443765E-4,0.49789225920557484,0.12269214277482941,0.1669568983557103,13.0,4.0,1.0,0.0,0.0,6.90307136727542E-34