TimeMin,TimeMax,TimeAvg,TimeStdev,TimeTotal
600.0,5040.0,2474.285714285714,1499.0173652177916,17320.0
