SentiMin,SentiMax,SentiAvg,SentiStdev,Senti0-0.20,Senti0.21-0.40,Senti0.41-0.60,Senti0.61-0.80,Senti0.81-1.00,SentiTotal
4.524289147294372E-4,0.49789225920557484,0.20403311426357323,0.1431446870416769,9.0,7.0,2.0,0.0,0.0,1.2014479489471886E-15