TimeMin,TimeMax,TimeAvg,TimeStdev,TimeTotal
400.0,7080.0,1888.5714285714287,1671.8290118603513,26440.0
