SentiMin,SentiMax,SentiAvg,SentiStdev,Senti0-0.20,Senti0.21-0.40,Senti0.41-0.60,Senti0.61-0.80,Senti0.81-1.00,SentiTotal
3.811890698226155E-5,0.49789225920557484,0.14834371842979716,0.17524019857450618,5.0,1.0,1.0,0.0,0.0,3.8041572446804595E-11