TimeMin,TimeMax,TimeAvg,TimeStdev,TimeTotal
360.0,5960.0,1946.6666666666667,1505.8404814440191,35040.0
