TraitMin,TraitMax,TraitAvg,TraitStdev,TraitTotal
146.66666666666666,560.0,308.74250440917103,101.04801308178888,295.90909090909093
