TraitMin,TraitMax,TraitAvg,TraitStdev,TraitTotal
200.0,800.0,342.6622087019965,185.00649927332094,271.8421052631579
