TimeMin,TimeMax,TimeAvg,TimeStdev,TimeTotal
2120.0,6480.0,3986.6666666666665,1834.290659143807,11960.0
