TraitMin,TraitMax,TraitAvg,TraitStdev,TraitTotal
260.0,680.0,434.09523809523813,151.77570275106035,346.4
