SentiMin,SentiMax,SentiAvg,SentiStdev,Senti0-0.20,Senti0.21-0.40,Senti0.41-0.60,Senti0.61-0.80,Senti0.81-1.00,SentiTotal
1.1339103561598874E-4,0.9999903546308863,0.22177610249834953,0.25657635550550806,8.0,4.0,1.0,0.0,1.0,8.184322293648861E-11