TraitMin,TraitMax,TraitAvg,TraitStdev,TraitTotal
281.7391304347826,1060.0,559.2463768115941,354.77852607293875,341.7142857142857
