TraitMin,TraitMax,TraitAvg,TraitStdev,TraitTotal
153.33333333333334,480.0,280.13920719803076,103.5955457177179,271.52542372881356
