SentiMin,SentiMax,SentiAvg,SentiStdev,Senti0-0.20,Senti0.21-0.40,Senti0.41-0.60,Senti0.61-0.80,Senti0.81-1.00,SentiTotal
3.0329363543065447E-5,0.34322267253793753,0.13417630319458457,0.14978383989226687,2.0,1.0,0.0,0.0,0.0,1.0157173609192905E-6