SentiMin,SentiMax,SentiAvg,SentiStdev,Senti0-0.20,Senti0.21-0.40,Senti0.41-0.60,Senti0.61-0.80,Senti0.81-1.00,SentiTotal
8.669897473366369E-5,0.9480179662861589,0.2041225958412727,0.27449334417767507,11.0,3.0,1.0,1.0,1.0,1.3244400830916792E-21