TraitMin,TraitMax,TraitAvg,TraitStdev,TraitTotal
146.66666666666666,680.0,315.9821545975392,146.85121142269682,267.42857142857144
