TraitMin,TraitMax,TraitAvg,TraitStdev,TraitTotal
194.66666666666666,520.0,349.3333333333333,133.29777303577242,233.68421052631578
