TraitMin,TraitMax,TraitAvg,TraitStdev,TraitTotal
208.0,520.0,317.7796414112204,102.45229679672687,278.0952380952381
