TraitMin,TraitMax,TraitAvg,TraitStdev,TraitTotal
160.0,840.0,354.71428571428567,152.35033505239485,304.69565217391306
