TimeMin,TimeMax,TimeAvg,TimeStdev,TimeTotal
640.0,7240.0,1862.857142857143,1666.868015048533,26080.0
