SentiMin,SentiMax,SentiAvg,SentiStdev,Senti0-0.20,Senti0.21-0.40,Senti0.41-0.60,Senti0.61-0.80,Senti0.81-1.00,SentiTotal
4.6677394577119757E-7,0.4737554465528978,0.12926727714597466,0.16365548708013739,10.0,1.0,2.0,0.0,0.0,2.413744854844798E-22