TimeMin,TimeMax,TimeAvg,TimeStdev,TimeTotal
360.0,4320.0,1536.842105263158,1056.493966563483,29200.0
