SentiMin,SentiMax,SentiAvg,SentiStdev,Senti0-0.20,Senti0.21-0.40,Senti0.41-0.60,Senti0.61-0.80,Senti0.81-1.00,SentiTotal
4.553048460941371E-6,0.8207142888723086,0.1899717349060508,0.2140933774624525,11.0,6.0,1.0,0.0,1.0,1.524559624570497E-28