TraitMin,TraitMax,TraitAvg,TraitStdev,TraitTotal
168.0,480.0,274.7001649144506,82.37905489358816,268.8659793814433
