TimeMin,TimeMax,TimeAvg,TimeStdev,TimeTotal
720.0,7520.0,3178.4615384615386,2446.101595958655,41320.0
