SentiMin,SentiMax,SentiAvg,SentiStdev,Senti0-0.20,Senti0.21-0.40,Senti0.41-0.60,Senti0.61-0.80,Senti0.81-1.00,SentiTotal
1.3251885503452033E-8,0.5425813081463245,0.1284385230458846,0.15914266221364645,10.0,3.0,1.0,0.0,0.0,2.0385456426423722E-30