TimeMin,TimeMax,TimeAvg,TimeStdev,TimeTotal
440.0,5920.0,1446.6666666666667,1223.2742946698422,26040.0
