TraitMin,TraitMax,TraitAvg,TraitStdev,TraitTotal
166.66666666666666,1000.0,556.9949494949494,304.9135995800388,396.57142857142856
