SentiMin,SentiMax,SentiAvg,SentiStdev,Senti0-0.20,Senti0.21-0.40,Senti0.41-0.60,Senti0.61-0.80,Senti0.81-1.00,SentiTotal
4.7402169204150406E-6,0.49789225920557484,0.15198643931364858,0.19769033179991236,6.0,0.0,2.0,0.0,0.0,6.770595226394433E-18