TraitMin,TraitMax,TraitAvg,TraitStdev,TraitTotal
192.5,1000.0,405.60762154512156,243.8423581429832,288.8888888888889
