TraitMin,TraitMax,TraitAvg,TraitStdev,TraitTotal
140.0,660.0,347.8412698412698,161.42278711679555,289.2307692307692
