TimeMin,TimeMax,TimeAvg,TimeStdev,TimeTotal
600.0,3560.0,1671.111111111111,847.4333070375175,15040.0
