TraitMin,TraitMax,TraitAvg,TraitStdev,TraitTotal
229.47368421052633,657.1428571428571,403.10214161293476,133.85533610194517,375.04
