TraitMin,TraitMax,TraitAvg,TraitStdev,TraitTotal
217.14285714285714,1320.0,530.4489795918367,354.98373821064325,351.35135135135135
