SentiMin,SentiMax,SentiAvg,SentiStdev,Senti0-0.20,Senti0.21-0.40,Senti0.41-0.60,Senti0.61-0.80,Senti0.81-1.00,SentiTotal
3.127404239715783E-8,0.43939331059263514,0.1270673260842707,0.18942969390758824,5.0,0.0,2.0,0.0,0.0,8.554691242799014E-25