TimeMin,TimeMax,TimeAvg,TimeStdev,TimeTotal
2520.0,12240.0,6697.142857142857,3376.074281028249,46880.0
