TimeMin,TimeMax,TimeAvg,TimeStdev,TimeTotal
680.0,4680.0,1857.142857142857,1308.234516828083,13000.0
