TraitMin,TraitMax,TraitAvg,TraitStdev,TraitTotal
186.66666666666666,1240.0,411.8027210884353,293.80564604390537,303.3707865168539
