SentiMin,SentiMax,SentiAvg,SentiStdev,Senti0-0.20,Senti0.21-0.40,Senti0.41-0.60,Senti0.61-0.80,Senti0.81-1.00,SentiTotal
2.3733011076686942E-4,0.6843555431102939,0.33665850769364886,0.22200538148640397,5.0,2.0,7.0,1.0,0.0,3.322024358069733E-11