SentiMin,SentiMax,SentiAvg,SentiStdev,Senti0-0.20,Senti0.21-0.40,Senti0.41-0.60,Senti0.61-0.80,Senti0.81-1.00,SentiTotal
0.027794450988654008,0.49789225920557484,0.3565538639759662,0.16174961232904164,3.0,4.0,7.0,0.0,0.0,2.5690598471783296E-5