TimeMin,TimeMax,TimeAvg,TimeStdev,TimeTotal
680.0,5280.0,1928.5714285714287,1457.3697302374046,27000.0
