TraitMin,TraitMax,TraitAvg,TraitStdev,TraitTotal
197.33333333333334,760.0,363.01960784313724,159.37805529668577,294.2857142857143
