TimeMin,TimeMax,TimeAvg,TimeStdev,TimeTotal
840.0,3040.0,1528.5714285714287,635.9116868476218,21400.0
