SentiMin,SentiMax,SentiAvg,SentiStdev,Senti0-0.20,Senti0.21-0.40,Senti0.41-0.60,Senti0.61-0.80,Senti0.81-1.00,SentiTotal
0.0017430276544239528,0.5864198452044899,0.30567495441010634,0.18811066083595174,4.0,7.0,5.0,0.0,0.0,1.2490106089755683E-9