TraitMin,TraitMax,TraitAvg,TraitStdev,TraitTotal
206.66666666666666,880.0,367.52899184149186,182.03570446261548,308.3018867924528
