SentiMin,SentiMax,SentiAvg,SentiStdev,Senti0-0.20,Senti0.21-0.40,Senti0.41-0.60,Senti0.61-0.80,Senti0.81-1.00,SentiTotal
0.05947944358034432,0.49789225920557484,0.30022556564131386,0.18509862002308855,4.0,2.0,4.0,0.0,0.0,2.0026998256080856E-5