SentiMin,SentiMax,SentiAvg,SentiStdev,Senti0-0.20,Senti0.21-0.40,Senti0.41-0.60,Senti0.61-0.80,Senti0.81-1.00,SentiTotal
0.03729420088743227,0.5318834537628724,0.3687740572852184,0.15433623120543544,3.0,5.0,9.0,0.0,0.0,8.867016630940425E-6