TraitMin,TraitMax,TraitAvg,TraitStdev,TraitTotal
173.33333333333334,600.0,278.1843711843712,114.13261788573165,255.2212389380531
