TraitMin,TraitMax,TraitAvg,TraitStdev,TraitTotal
156.66666666666666,620.0,263.88888888888886,109.68891397185274,238.9189189189189
