TraitMin,TraitMax,TraitAvg,TraitStdev,TraitTotal
240.0,840.0,430.0666666666667,172.0858829512494,394.0425531914894
