SentiMin,SentiMax,SentiAvg,SentiStdev,Senti0-0.20,Senti0.21-0.40,Senti0.41-0.60,Senti0.61-0.80,Senti0.81-1.00,SentiTotal
3.1028460112571404E-5,0.5734576952979002,0.2186514137182396,0.22752245400517954,7.0,1.0,4.0,0.0,0.0,3.2696220818878625E-17