SentiMin,SentiMax,SentiAvg,SentiStdev,Senti0-0.20,Senti0.21-0.40,Senti0.41-0.60,Senti0.61-0.80,Senti0.81-1.00,SentiTotal
6.867444981022411E-4,0.5136446707795853,0.35454154572902274,0.1908076172653641,2.0,3.0,6.0,0.0,0.0,3.5958246566283583E-7