TraitMin,TraitMax,TraitAvg,TraitStdev,TraitTotal
168.88888888888889,760.0,366.9774212715388,161.48990997166754,290.0
