TimeMin,TimeMax,TimeAvg,TimeStdev,TimeTotal
600.0,4560.0,2403.3333333333335,1381.6375147708686,28840.0
