TraitMin,TraitMax,TraitAvg,TraitStdev,TraitTotal
147.69230769230768,600.0,336.4182692307692,114.91294682650964,292.10526315789474
