TimeMin,TimeMax,TimeAvg,TimeStdev,TimeTotal
520.0,5880.0,1498.1818181818182,1521.0870406140364,16480.0
