SentiMin,SentiMax,SentiAvg,SentiStdev,Senti0-0.20,Senti0.21-0.40,Senti0.41-0.60,Senti0.61-0.80,Senti0.81-1.00,SentiTotal
0.004327631708709996,0.5318834537628724,0.2882911566561552,0.18755048937691216,6.0,4.0,6.0,0.0,0.0,5.174402626513037E-10