TimeMin,TimeMax,TimeAvg,TimeStdev,TimeTotal
440.0,3000.0,1364.7058823529412,707.0578447678456,23200.0
