TraitMin,TraitMax,TraitAvg,TraitStdev,TraitTotal
210.0,680.0,409.0548340548341,129.16918262530345,361.8181818181818
