SentiMin,SentiMax,SentiAvg,SentiStdev,Senti0-0.20,Senti0.21-0.40,Senti0.41-0.60,Senti0.61-0.80,Senti0.81-1.00,SentiTotal
0.04065751518035966,0.49789225920557484,0.3672841310513156,0.1636504119596188,4.0,3.0,9.0,0.0,0.0,1.406782946164184E-5