TraitMin,TraitMax,TraitAvg,TraitStdev,TraitTotal
194.28571428571428,1040.0,351.90726310726313,228.2771211027541,257.77777777777777
