SentiMin,SentiMax,SentiAvg,SentiStdev,Senti0-0.20,Senti0.21-0.40,Senti0.41-0.60,Senti0.61-0.80,Senti0.81-1.00,SentiTotal
0.0022731741501808493,0.49789225920557484,0.20466968468446695,0.143792294109712,7.0,6.0,1.0,0.0,0.0,1.0237579263748916E-12