TraitMin,TraitMax,TraitAvg,TraitStdev,TraitTotal
227.5,540.0,401.73787878787874,85.93714042916677,378.2857142857143
