SentiMin,SentiMax,SentiAvg,SentiStdev,Senti0-0.20,Senti0.21-0.40,Senti0.41-0.60,Senti0.61-0.80,Senti0.81-1.00,SentiTotal
5.304953367539194E-4,0.06675181926142829,0.033641157299091104,0.03311066196233718,2.0,0.0,0.0,0.0,0.0,3.8284492363776846E-5