TraitMin,TraitMax,TraitAvg,TraitStdev,TraitTotal
246.15384615384616,630.0,458.71794871794873,159.40017414077008,353.6842105263158
