SentiMin,SentiMax,SentiAvg,SentiStdev,Senti0-0.20,Senti0.21-0.40,Senti0.41-0.60,Senti0.61-0.80,Senti0.81-1.00,SentiTotal
3.900090158412412E-6,0.9041098809645616,0.2312354709616722,0.2943230474655549,8.0,1.0,1.0,1.0,1.0,5.208301241236449E-18