SentiMin,SentiMax,SentiAvg,SentiStdev,Senti0-0.20,Senti0.21-0.40,Senti0.41-0.60,Senti0.61-0.80,Senti0.81-1.00,SentiTotal
0.002467860877445909,0.9976258224531652,0.46032654252957145,0.447828159249302,2.0,1.0,0.0,0.0,2.0,0.6824104016224699