SentiMin,SentiMax,SentiAvg,SentiStdev,Senti0-0.20,Senti0.21-0.40,Senti0.41-0.60,Senti0.61-0.80,Senti0.81-1.00,SentiTotal
5.270640177159883E-4,0.6265076294183111,0.2593578246266368,0.2300962519752575,5.0,0.0,4.0,1.0,0.0,6.43782808827165E-10