TraitMin,TraitMax,TraitAvg,TraitStdev,TraitTotal
285.7142857142857,920.0,502.9047619047619,166.51346019557656,443.6363636363636
