TimeMin,TimeMax,TimeAvg,TimeStdev,TimeTotal
1680.0,47600.0,17573.333333333332,21244.21385276994,52720.0
