SentiMin,SentiMax,SentiAvg,SentiStdev,Senti0-0.20,Senti0.21-0.40,Senti0.41-0.60,Senti0.61-0.80,Senti0.81-1.00,SentiTotal
2.7716066134056413E-18,0.15373568217828806,0.06083799963358403,0.06673096455158364,3.0,0.0,0.0,0.0,0.0,1.5172961010388372E-20