TimeMin,TimeMax,TimeAvg,TimeStdev,TimeTotal
640.0,16520.0,3716.3636363636365,4808.279360979678,40880.0
