TraitMin,TraitMax,TraitAvg,TraitStdev,TraitTotal
305.0,554.2857142857143,435.8253968253968,96.575047154688,401.3114754098361
