SentiMin,SentiMax,SentiAvg,SentiStdev,Senti0-0.20,Senti0.21-0.40,Senti0.41-0.60,Senti0.61-0.80,Senti0.81-1.00,SentiTotal
2.5537410336547785E-4,0.9511385997805067,0.3140148466165461,0.32142753675537195,3.0,2.0,1.0,0.0,1.0,4.1746827453059306E-7