TraitMin,TraitMax,TraitAvg,TraitStdev,TraitTotal
380.0,920.0,540.6773618538325,141.5993568210299,504.69135802469134
