SentiMin,SentiMax,SentiAvg,SentiStdev,Senti0-0.20,Senti0.21-0.40,Senti0.41-0.60,Senti0.61-0.80,Senti0.81-1.00,SentiTotal
5.154276487471313E-4,0.3033574177343764,0.08888333806526151,0.10787601652838949,5.0,1.0,0.0,0.0,0.0,3.2519327264402286E-11