TraitMin,TraitMax,TraitAvg,TraitStdev,TraitTotal
360.0,660.0,516.5925925925926,128.532158524761,403.1578947368421
