TraitMin,TraitMax,TraitAvg,TraitStdev,TraitTotal
346.6666666666667,360.0,353.33333333333337,6.666666666666657,354.6666666666667
