SentiMin,SentiMax,SentiAvg,SentiStdev,Senti0-0.20,Senti0.21-0.40,Senti0.41-0.60,Senti0.61-0.80,Senti0.81-1.00,SentiTotal
7.44776310231339E-4,0.9899042054781337,0.4399328027386688,0.3332201760004009,1.0,2.0,1.0,0.0,1.0,0.02132020124960829