SentiMin,SentiMax,SentiAvg,SentiStdev,Senti0-0.20,Senti0.21-0.40,Senti0.41-0.60,Senti0.61-0.80,Senti0.81-1.00,SentiTotal
5.450341371815768E-13,0.5244861885747752,0.19771987173557795,0.15062188672726703,6.0,4.0,1.0,0.0,0.0,7.192097501720969E-20