TraitMin,TraitMax,TraitAvg,TraitStdev,TraitTotal
258.46153846153845,1080.0,496.39493839493844,253.22579327624052,384.1860465116279
