TraitMin,TraitMax,TraitAvg,TraitStdev,TraitTotal
200.0,580.0,418.5,118.1576813174708,362.1818181818182
