TraitMin,TraitMax,TraitAvg,TraitStdev,TraitTotal
336.0,634.6666666666666,514.6666666666666,128.7938346810586,613.0232558139535
