SentiMin,SentiMax,SentiAvg,SentiStdev,Senti0-0.20,Senti0.21-0.40,Senti0.41-0.60,Senti0.61-0.80,Senti0.81-1.00,SentiTotal
1.8373105683233327E-4,0.49789225920557484,0.19844540987106218,0.1926903463582103,6.0,2.0,2.0,0.0,0.0,1.2984893111208836E-11