TraitMin,TraitMax,TraitAvg,TraitStdev,TraitTotal
349.3333333333333,469.6774193548387,412.02437275985665,48.51191072775666,430.4761904761905
