SentiMin,SentiMax,SentiAvg,SentiStdev,Senti0-0.20,Senti0.21-0.40,Senti0.41-0.60,Senti0.61-0.80,Senti0.81-1.00,SentiTotal
0.002585711894500303,0.5755436691302463,0.3466409121922835,0.2089142365437648,1.0,1.0,3.0,0.0,0.0,7.881544685374032E-4