SentiMin,SentiMax,SentiAvg,SentiStdev,Senti0-0.20,Senti0.21-0.40,Senti0.41-0.60,Senti0.61-0.80,Senti0.81-1.00,SentiTotal
0.02923572991332724,0.9185183443666296,0.33271272748194153,0.2981107224807512,2.0,2.0,1.0,0.0,1.0,2.975278847241078E-4