TimeMin,TimeMax,TimeAvg,TimeStdev,TimeTotal
1000.0,7960.0,3028.5714285714284,2149.786890245028,21200.0
