TimeMin,TimeMax,TimeAvg,TimeStdev,TimeTotal
560.0,7840.0,2937.777777777778,2147.048505262659,26440.0
