SentiMin,SentiMax,SentiAvg,SentiStdev,Senti0-0.20,Senti0.21-0.40,Senti0.41-0.60,Senti0.61-0.80,Senti0.81-1.00,SentiTotal
2.773061017592565E-4,0.5316624617817726,0.23042112681335833,0.17343888249403572,5.0,4.0,2.0,0.0,0.0,4.5290899440284297E-10