TraitMin,TraitMax,TraitAvg,TraitStdev,TraitTotal
191.11111111111111,980.0,521.9624819624819,241.73604643150236,430.4347826086956
