SentiMin,SentiMax,SentiAvg,SentiStdev,Senti0-0.20,Senti0.21-0.40,Senti0.41-0.60,Senti0.61-0.80,Senti0.81-1.00,SentiTotal
8.790716907583283E-6,0.39697510199130176,0.09084972690054856,0.13070352267422242,7.0,1.0,0.0,0.0,0.0,8.029064482101782E-19