TraitMin,TraitMax,TraitAvg,TraitStdev,TraitTotal
546.6666666666666,1288.0,962.1333333333332,237.4285951139369,922.2222222222222
