TraitMin,TraitMax,TraitAvg,TraitStdev,TraitTotal
358.1818181818182,358.1818181818182,358.1818181818182,0.0,358.1818181818182
