TraitMin,TraitMax,TraitAvg,TraitStdev,TraitTotal
415.0,1466.6666666666667,805.0,470.35644482156846,665.7142857142857
