TraitMin,TraitMax,TraitAvg,TraitStdev,TraitTotal
266.6666666666667,1000.0,584.1269841269841,278.8346334917295,441.6666666666667
