TimeMin,TimeMax,TimeAvg,TimeStdev,TimeTotal
840.0,9560.0,3902.222222222222,2982.5037124975597,35120.0
