SentiMin,SentiMax,SentiAvg,SentiStdev,Senti0-0.20,Senti0.21-0.40,Senti0.41-0.60,Senti0.61-0.80,Senti0.81-1.00,SentiTotal
4.3592286387726176E-7,0.3813391138853239,0.13229811913865572,0.17621302906413328,2.0,1.0,0.0,0.0,0.0,4.31782180993056E-9