TimeMin,TimeMax,TimeAvg,TimeStdev,TimeTotal
1600.0,4400.0,3106.6666666666665,1153.0057338201846,9320.0
