SentiMin,SentiMax,SentiAvg,SentiStdev,Senti0-0.20,Senti0.21-0.40,Senti0.41-0.60,Senti0.61-0.80,Senti0.81-1.00,SentiTotal
1.7973500873485268E-6,0.43796879524747484,0.16653761185895471,0.17714223478719585,4.0,2.0,1.0,0.0,0.0,2.8081058389801807E-13