TraitMin,TraitMax,TraitAvg,TraitStdev,TraitTotal
240.0,1180.0,620.1948051948052,312.5020357498205,451.7647058823529
