TraitMin,TraitMax,TraitAvg,TraitStdev,TraitTotal
344.0,1440.0,834.1333333333334,415.3444407289502,502.5
