SentiMin,SentiMax,SentiAvg,SentiStdev,Senti0-0.20,Senti0.21-0.40,Senti0.41-0.60,Senti0.61-0.80,Senti0.81-1.00,SentiTotal
0.023573166897741846,0.5755436691302463,0.30955709050235053,0.16717980950932781,2.0,6.0,2.0,0.0,0.0,1.8432924250395214E-5