TraitMin,TraitMax,TraitAvg,TraitStdev,TraitTotal
328.0,1000.0,706.4636363636364,294.557643406611,618.6666666666666
