TraitMin,TraitMax,TraitAvg,TraitStdev,TraitTotal
300.0,1530.0,888.6666666666667,380.6695855112847,845.3333333333334
