SentiMin,SentiMax,SentiAvg,SentiStdev,Senti0-0.20,Senti0.21-0.40,Senti0.41-0.60,Senti0.61-0.80,Senti0.81-1.00,SentiTotal
0.007457458252790471,0.5849412739775803,0.3514441377584446,0.20192733828214385,2.0,4.0,4.0,0.0,0.0,3.2856415368362696E-5