TimeMin,TimeMax,TimeAvg,TimeStdev,TimeTotal
1000.0,19720.0,7373.333333333333,7916.149456789091,44240.0
