SentiMin,SentiMax,SentiAvg,SentiStdev,Senti0-0.20,Senti0.21-0.40,Senti0.41-0.60,Senti0.61-0.80,Senti0.81-1.00,SentiTotal
2.1844434201144892E-13,0.5908618181140313,0.2526213989566709,0.25560061737378503,3.0,0.0,3.0,0.0,0.0,1.7878122132649936E-20