TraitMin,TraitMax,TraitAvg,TraitStdev,TraitTotal
288.0,1360.0,811.5470085470084,362.27800994624687,692.5
