SentiMin,SentiMax,SentiAvg,SentiStdev,Senti0-0.20,Senti0.21-0.40,Senti0.41-0.60,Senti0.61-0.80,Senti0.81-1.00,SentiTotal
6.28808159738033E-10,0.49789225920557484,0.20245267623494204,0.20849471122824298,3.0,2.0,1.0,0.0,0.0,1.925305368078754E-17