TraitMin,TraitMax,TraitAvg,TraitStdev,TraitTotal
328.0,590.7692307692307,441.18974358974356,110.31795634636812,452.09302325581393
