SentiMin,SentiMax,SentiAvg,SentiStdev,Senti0-0.20,Senti0.21-0.40,Senti0.41-0.60,Senti0.61-0.80,Senti0.81-1.00,SentiTotal
0.048101039046685876,0.5755436691302463,0.2391370996811469,0.2386047926762803,2.0,0.0,1.0,0.0,0.0,0.007158465729240774