TimeMin,TimeMax,TimeAvg,TimeStdev,TimeTotal
600.0,4720.0,2094.5454545454545,1049.3665936811046,23040.0
