TraitMin,TraitMax,TraitAvg,TraitStdev,TraitTotal
255.0,1200.0,730.9590643274854,301.7208761256748,595.2542372881356
