TraitMin,TraitMax,TraitAvg,TraitStdev,TraitTotal
325.7142857142857,1000.0,602.5238095238095,250.4901544179281,614.4444444444445
