TraitMin,TraitMax,TraitAvg,TraitStdev,TraitTotal
228.57142857142858,880.0,541.0264550264551,233.82827014699282,498.8679245283019
