TimeMin,TimeMax,TimeAvg,TimeStdev,TimeTotal
1000.0,13040.0,3793.3333333333335,4252.586141266145,22760.0
