TraitMin,TraitMax,TraitAvg,TraitStdev,TraitTotal
243.63636363636363,1000.0,504.3213755199049,276.5263302289624,374.83870967741933
