TraitMin,TraitMax,TraitAvg,TraitStdev,TraitTotal
286.6666666666667,1185.4545454545455,828.6868686868687,318.15842466511754,842.9629629629629
