TraitMin,TraitMax,TraitAvg,TraitStdev,TraitTotal
311.57894736842104,845.7142857142857,452.72074416811256,227.09290072843015,381.25
