TimeMin,TimeMax,TimeAvg,TimeStdev,TimeTotal
560.0,1160.0,906.6666666666666,202.2100118413747,5440.0
