TraitMin,TraitMax,TraitAvg,TraitStdev,TraitTotal
308.57142857142856,1000.0,572.0634920634922,271.68625659142225,437.6470588235294
