TraitMin,TraitMax,TraitAvg,TraitStdev,TraitTotal
500.0,1000.0,726.6666666666666,204.17857108151404,680.0
