TraitMin,TraitMax,TraitAvg,TraitStdev,TraitTotal
179.5,880.0,390.80303030303025,200.04273303802444,324.8536585365854
