TraitMin,TraitMax,TraitAvg,TraitStdev,TraitTotal
266.6666666666667,573.3333333333334,356.68067226890753,126.51251356290345,315.6756756756757
