TraitMin,TraitMax,TraitAvg,TraitStdev,TraitTotal
244.44444444444446,244.44444444444446,244.44444444444446,0.0,244.44444444444446
