SentiMin,SentiMax,SentiAvg,SentiStdev,Senti0-0.20,Senti0.21-0.40,Senti0.41-0.60,Senti0.61-0.80,Senti0.81-1.00,SentiTotal
0.1758669801205844,0.39697510199130176,0.29645652195677824,0.10103308980121763,1.0,5.0,0.0,0.0,0.0,0.004253966054229008