SentiMin,SentiMax,SentiAvg,SentiStdev,Senti0-0.20,Senti0.21-0.40,Senti0.41-0.60,Senti0.61-0.80,Senti0.81-1.00,SentiTotal
0.004008505826694943,0.49789225920557484,0.2638317018532667,0.20462769779458845,4.0,1.0,4.0,0.0,0.0,1.6160583842385017E-7