SentiMin,SentiMax,SentiAvg,SentiStdev,Senti0-0.20,Senti0.21-0.40,Senti0.41-0.60,Senti0.61-0.80,Senti0.81-1.00,SentiTotal
0.009229323603560935,0.39697510199130176,0.24871038684479257,0.14348880034927827,1.0,4.0,0.0,0.0,0.0,1.1084655151348949E-4