TimeMin,TimeMax,TimeAvg,TimeStdev,TimeTotal
359.0,2760.0,1210.8181818181818,625.4302981557895,13319.0
