SentiMin,SentiMax,SentiAvg,SentiStdev,Senti0-0.20,Senti0.21-0.40,Senti0.41-0.60,Senti0.61-0.80,Senti0.81-1.00,SentiTotal
4.3180662234435017E-4,0.49789225920557484,0.23892434812036345,0.1844146407825126,2.0,1.0,1.0,0.0,0.0,3.457737079953999E-5