SentiMin,SentiMax,SentiAvg,SentiStdev,Senti0-0.20,Senti0.21-0.40,Senti0.41-0.60,Senti0.61-0.80,Senti0.81-1.00,SentiTotal
5.49983354021157E-4,0.953598317212511,0.16232671754929437,0.26957948643169055,9.0,0.0,0.0,0.0,1.0,9.65479434943175E-13