TimeMin,TimeMax,TimeAvg,TimeStdev,TimeTotal
680.0,3080.0,1653.3333333333333,794.4250191875324,14880.0
