SentiMin,SentiMax,SentiAvg,SentiStdev,Senti0-0.20,Senti0.21-0.40,Senti0.41-0.60,Senti0.61-0.80,Senti0.81-1.00,SentiTotal
0.0013858405266077866,0.49789225920557484,0.24596179736282295,0.16917618726980216,5.0,3.0,3.0,0.0,0.0,1.2233319527299555E-9