TraitMin,TraitMax,TraitAvg,TraitStdev,TraitTotal
182.85714285714286,669.0909090909091,400.93290043290045,143.5182800752789,415.2112676056338
