TimeMin,TimeMax,TimeAvg,TimeStdev,TimeTotal
480.0,2320.0,1126.6666666666667,608.130103038998,6760.0
