SentiMin,SentiMax,SentiAvg,SentiStdev,Senti0-0.20,Senti0.21-0.40,Senti0.41-0.60,Senti0.61-0.80,Senti0.81-1.00,SentiTotal
0.003647161011686711,0.43796879524747484,0.15379928211885505,0.2010461249141351,2.0,0.0,1.0,0.0,0.0,5.8541956978694437E-5