TraitMin,TraitMax,TraitAvg,TraitStdev,TraitTotal
173.33333333333334,760.0,424.48412698412704,159.52149469219958,389.2682926829268
