TimeMin,TimeMax,TimeAvg,TimeStdev,TimeTotal
480.0,2520.0,1258.1818181818182,533.4930890208962,13840.0
