SentiMin,SentiMax,SentiAvg,SentiStdev,Senti0-0.20,Senti0.21-0.40,Senti0.41-0.60,Senti0.61-0.80,Senti0.81-1.00,SentiTotal
0.006281722689516,0.8499842784923148,0.3217935146140066,0.25090430441975076,3.0,3.0,1.0,0.0,1.0,1.3932382071189704E-5