SentiMin,SentiMax,SentiAvg,SentiStdev,Senti0-0.20,Senti0.21-0.40,Senti0.41-0.60,Senti0.61-0.80,Senti0.81-1.00,SentiTotal
0.0736401149528525,0.4190157094154393,0.24602458575362424,0.13952304658257514,2.0,2.0,1.0,0.0,0.0,0.0015478388881746592