SentiMin,SentiMax,SentiAvg,SentiStdev,Senti0-0.20,Senti0.21-0.40,Senti0.41-0.60,Senti0.61-0.80,Senti0.81-1.00,SentiTotal
0.03713940373230433,0.48305456856470536,0.19062063494886117,0.13129052582734468,3.0,5.0,1.0,0.0,0.0,1.692215301223644E-7