TraitMin,TraitMax,TraitAvg,TraitStdev,TraitTotal
148.57142857142858,760.0,407.23376623376623,181.3749820919582,321.86046511627904
