TraitMin,TraitMax,TraitAvg,TraitStdev,TraitTotal
320.0,640.0,451.0,129.16268811076984,386.6666666666667
