SentiMin,SentiMax,SentiAvg,SentiStdev,Senti0-0.20,Senti0.21-0.40,Senti0.41-0.60,Senti0.61-0.80,Senti0.81-1.00,SentiTotal
0.005864490151217448,0.3148707566298976,0.15347083865585157,0.10547662641671814,4.0,6.0,0.0,0.0,0.0,3.9228507477852935E-11