TimeMin,TimeMax,TimeAvg,TimeStdev,TimeTotal
400.0,3680.0,1597.6470588235295,856.0891199605792,27160.0
