SentiMin,SentiMax,SentiAvg,SentiStdev,Senti0-0.20,Senti0.21-0.40,Senti0.41-0.60,Senti0.61-0.80,Senti0.81-1.00,SentiTotal
0.001064480799841765,0.43983238325711715,0.19818841127720396,0.1552522827500134,2.0,3.0,1.0,0.0,0.0,1.5540409501483947E-8