SentiMin,SentiMax,SentiAvg,SentiStdev,Senti0-0.20,Senti0.21-0.40,Senti0.41-0.60,Senti0.61-0.80,Senti0.81-1.00,SentiTotal
0.21921412548362115,0.5525571418995822,0.35707509995406,0.12233857264154972,0.0,4.0,3.0,0.0,0.0,0.0126181477551951