SentiMin,SentiMax,SentiAvg,SentiStdev,Senti0-0.20,Senti0.21-0.40,Senti0.41-0.60,Senti0.61-0.80,Senti0.81-1.00,SentiTotal
4.5643422876524105E-5,0.34350539841087147,0.08609582941945634,0.14861568528747673,3.0,1.0,0.0,0.0,0.0,2.4329051572929724E-12