TraitMin,TraitMax,TraitAvg,TraitStdev,TraitTotal
261.8181818181818,680.0,384.20454545454544,171.84384578654758,338.72340425531917
