TimeMin,TimeMax,TimeAvg,TimeStdev,TimeTotal
600.0,4440.0,1617.142857142857,1328.863255199875,11320.0
