TraitMin,TraitMax,TraitAvg,TraitStdev,TraitTotal
340.0,640.0,488.4523809523809,111.56222905796098,488.3333333333333
