SentiMin,SentiMax,SentiAvg,SentiStdev,Senti0-0.20,Senti0.21-0.40,Senti0.41-0.60,Senti0.61-0.80,Senti0.81-1.00,SentiTotal
0.012567854303224778,0.4898631585877994,0.25469797973832964,0.16959346367596928,3.0,3.0,2.0,0.0,0.0,7.178635291048526E-6