TraitMin,TraitMax,TraitAvg,TraitStdev,TraitTotal
264.0,720.0,378.9508110936682,149.51853262172494,312.85714285714283
