TraitMin,TraitMax,TraitAvg,TraitStdev,TraitTotal
188.57142857142858,560.0,329.3333333333333,144.50917788961038,260.0
