TraitMin,TraitMax,TraitAvg,TraitStdev,TraitTotal
222.85714285714286,261.53846153846155,241.4652014652015,15.825532434047938,246.4
