TimeMin,TimeMax,TimeAvg,TimeStdev,TimeTotal
520.0,5480.0,1896.6666666666667,1321.8631631989076,22760.0
