SentiMin,SentiMax,SentiAvg,SentiStdev,Senti0-0.20,Senti0.21-0.40,Senti0.41-0.60,Senti0.61-0.80,Senti0.81-1.00,SentiTotal
3.229206590650834E-5,0.8817072706893415,0.22699240047721603,0.2250373247803141,9.0,5.0,2.0,0.0,1.0,9.611876828798405E-17