SentiMin,SentiMax,SentiAvg,SentiStdev,Senti0-0.20,Senti0.21-0.40,Senti0.41-0.60,Senti0.61-0.80,Senti0.81-1.00,SentiTotal
7.765680651849129E-6,0.22946348594270183,0.10352972543142529,0.08261620023567354,9.0,3.0,0.0,0.0,0.0,3.059574933949735E-20