SentiMin,SentiMax,SentiAvg,SentiStdev,Senti0-0.20,Senti0.21-0.40,Senti0.41-0.60,Senti0.61-0.80,Senti0.81-1.00,SentiTotal
0.0013728559317631823,0.49789225920557484,0.2634621453420403,0.20364454645417449,1.0,1.0,1.0,0.0,0.0,5.690337696325201E-4