TraitMin,TraitMax,TraitAvg,TraitStdev,TraitTotal
240.0,1080.0,494.5,265.87502285430605,413.3333333333333
