TraitMin,TraitMax,TraitAvg,TraitStdev,TraitTotal
296.47058823529414,760.0,498.8235294117647,193.75247886943473,334.0
