TraitMin,TraitMax,TraitAvg,TraitStdev,TraitTotal
217.14285714285714,653.3333333333334,340.8605535878263,125.50255910135576,343.09859154929575
