SentiMin,SentiMax,SentiAvg,SentiStdev,Senti0-0.20,Senti0.21-0.40,Senti0.41-0.60,Senti0.61-0.80,Senti0.81-1.00,SentiTotal
9.402421591460994E-5,0.39751759361842637,0.1248224781651129,0.12748008444228728,6.0,3.0,0.0,0.0,0.0,5.738396312587675E-15