TimeMin,TimeMax,TimeAvg,TimeStdev,TimeTotal
560.0,6040.0,1876.6666666666667,1387.800017613809,22520.0
