TimeMin,TimeMax,TimeAvg,TimeStdev,TimeTotal
680.0,3600.0,1604.4444444444443,964.8846921450264,14440.0
