TraitMin,TraitMax,TraitAvg,TraitStdev,TraitTotal
280.0,560.0,382.6666666666667,97.76161482572459,353.3333333333333
