TimeMin,TimeMax,TimeAvg,TimeStdev,TimeTotal
720.0,3560.0,2502.8571428571427,847.6811106224571,17520.0
