SentiMin,SentiMax,SentiAvg,SentiStdev,Senti0-0.20,Senti0.21-0.40,Senti0.41-0.60,Senti0.61-0.80,Senti0.81-1.00,SentiTotal
7.324394107095836E-5,0.48439634580644964,0.15482959402258956,0.17558081069419057,7.0,2.0,2.0,0.0,0.0,2.751176486600915E-19