TraitMin,TraitMax,TraitAvg,TraitStdev,TraitTotal
230.0,1080.0,443.7037037037037,277.41952206153496,349.09090909090907
