TraitMin,TraitMax,TraitAvg,TraitStdev,TraitTotal
226.66666666666666,600.0,376.26666666666665,110.63300692931665,334.11764705882354
