TraitMin,TraitMax,TraitAvg,TraitStdev,TraitTotal
200.0,1110.0,661.4285714285714,288.5533547695345,628.8888888888889
