TimeMin,TimeMax,TimeAvg,TimeStdev,TimeTotal
760.0,5040.0,2226.6666666666665,1989.9302053645556,6680.0
