SentiMin,SentiMax,SentiAvg,SentiStdev,Senti0-0.20,Senti0.21-0.40,Senti0.41-0.60,Senti0.61-0.80,Senti0.81-1.00,SentiTotal
1.0935522764074368E-4,0.49789225920557484,0.21146599250064624,0.19770619314001095,6.0,2.0,4.0,0.0,0.0,6.001727343391876E-15