TraitMin,TraitMax,TraitAvg,TraitStdev,TraitTotal
200.0,1000.0,448.7037037037037,237.08853607228644,364.57142857142856
