SentiMin,SentiMax,SentiAvg,SentiStdev,Senti0-0.20,Senti0.21-0.40,Senti0.41-0.60,Senti0.61-0.80,Senti0.81-1.00,SentiTotal
0.004467251853923438,0.5318834537628724,0.13563280688201465,0.18185642130192592,5.0,1.0,1.0,0.0,0.0,4.933998460792636E-10