TraitMin,TraitMax,TraitAvg,TraitStdev,TraitTotal
152.0,720.0,360.04273504273505,174.17615079869418,284.5
