TimeMin,TimeMax,TimeAvg,TimeStdev,TimeTotal
680.0,3520.0,1461.5384615384614,750.2394095204763,19000.0
