TraitMin,TraitMax,TraitAvg,TraitStdev,TraitTotal
220.0,380.0,294.06734006734007,51.13131268787794,277.6923076923077
