TraitMin,TraitMax,TraitAvg,TraitStdev,TraitTotal
240.0,640.0,360.22787397787397,123.54828811975779,317.46835443037975
