TimeMin,TimeMax,TimeAvg,TimeStdev,TimeTotal
760.0,3080.0,1573.3333333333333,1066.4999869771318,4720.0
