TraitMin,TraitMax,TraitAvg,TraitStdev,TraitTotal
226.66666666666666,800.0,468.75000000000006,221.08908146818206,366.0
