TimeMin,TimeMax,TimeAvg,TimeStdev,TimeTotal
1200.0,3400.0,2053.3333333333335,963.5120941407822,6160.0
