TraitMin,TraitMax,TraitAvg,TraitStdev,TraitTotal
250.0,500.0,371.52777777777777,93.52483247845706,327.6923076923077
