TraitMin,TraitMax,TraitAvg,TraitStdev,TraitTotal
110.0,680.0,279.2393162393162,149.2930847657945,231.70731707317074
