TimeMin,TimeMax,TimeAvg,TimeStdev,TimeTotal
600.0,3080.0,1417.7777777777778,850.2258233065401,12760.0
