TraitMin,TraitMax,TraitAvg,TraitStdev,TraitTotal
500.0,1360.0,851.4285714285714,310.1809873250764,782.2222222222222
