TraitMin,TraitMax,TraitAvg,TraitStdev,TraitTotal
426.6666666666667,880.0,731.1111111111112,163.5561594191751,592.7272727272727
