TimeMin,TimeMax,TimeAvg,TimeStdev,TimeTotal
600.0,2560.0,1086.6666666666667,665.0981548279589,6520.0
