TraitMin,TraitMax,TraitAvg,TraitStdev,TraitTotal
324.0,800.0,438.0367965367966,126.56134310690437,412.46753246753246
