SentiMin,SentiMax,SentiAvg,SentiStdev,Senti0-0.20,Senti0.21-0.40,Senti0.41-0.60,Senti0.61-0.80,Senti0.81-1.00,SentiTotal
1.3241420723190001E-5,0.8257101283723909,0.18368768768054822,0.2628491037834669,13.0,2.0,1.0,0.0,2.0,3.8570983408645215E-28