TimeMin,TimeMax,TimeAvg,TimeStdev,TimeTotal
600.0,2240.0,1211.764705882353,406.94320017182986,20600.0
