TimeMin,TimeMax,TimeAvg,TimeStdev,TimeTotal
800.0,5640.0,2646.6666666666665,1362.0409522314503,31760.0
