SentiMin,SentiMax,SentiAvg,SentiStdev,Senti0-0.20,Senti0.21-0.40,Senti0.41-0.60,Senti0.61-0.80,Senti0.81-1.00,SentiTotal
0.03260368716696557,0.7643171901195182,0.26287476131443477,0.29255181514851364,3.0,0.0,0.0,1.0,0.0,0.0022993946037832232