SentiMin,SentiMax,SentiAvg,SentiStdev,Senti0-0.20,Senti0.21-0.40,Senti0.41-0.60,Senti0.61-0.80,Senti0.81-1.00,SentiTotal
0.0556276522972128,0.5136446707795853,0.33663477869164726,0.15022086954648634,4.0,8.0,5.0,0.0,0.0,8.01795307960831E-7