TraitMin,TraitMax,TraitAvg,TraitStdev,TraitTotal
293.3333333333333,1560.0,710.625,314.3892199125508,520.0
