SentiMin,SentiMax,SentiAvg,SentiStdev,Senti0-0.20,Senti0.21-0.40,Senti0.41-0.60,Senti0.61-0.80,Senti0.81-1.00,SentiTotal
0.008163568768339463,0.9299478848747721,0.2790837720834041,0.2404091028073106,6.0,3.0,2.0,0.0,1.0,1.4273042743255127E-7