SentiMin,SentiMax,SentiAvg,SentiStdev,Senti0-0.20,Senti0.21-0.40,Senti0.41-0.60,Senti0.61-0.80,Senti0.81-1.00,SentiTotal
0.06250702671732347,0.39697510199130176,0.32810205128094055,0.12221065124572093,1.0,5.0,0.0,0.0,0.0,0.006058905969904431