TimeMin,TimeMax,TimeAvg,TimeStdev,TimeTotal
1200.0,5160.0,2748.8888888888887,1130.0977779176108,49480.0
