TimeMin,TimeMax,TimeAvg,TimeStdev,TimeTotal
560.0,3428.0,1341.5555555555557,602.1489500320428,24148.0
