SentiMin,SentiMax,SentiAvg,SentiStdev,Senti0-0.20,Senti0.21-0.40,Senti0.41-0.60,Senti0.61-0.80,Senti0.81-1.00,SentiTotal
0.0015797900622379275,0.49789225920557484,0.25586529018952603,0.1500311638974419,7.0,8.0,1.0,0.0,0.0,3.6619269579621963E-11