TraitMin,TraitMax,TraitAvg,TraitStdev,TraitTotal
260.0,1120.0,766.6666666666666,367.4537007872178,640.0
