TraitMin,TraitMax,TraitAvg,TraitStdev,TraitTotal
280.0,1440.0,771.9607843137255,335.52818340762786,588.5714285714286
