TraitMin,TraitMax,TraitAvg,TraitStdev,TraitTotal
180.0,594.2857142857143,372.44715778049107,108.23360614478533,363.8235294117647
