SentiMin,SentiMax,SentiAvg,SentiStdev,Senti0-0.20,Senti0.21-0.40,Senti0.41-0.60,Senti0.61-0.80,Senti0.81-1.00,SentiTotal
0.009663946505040976,0.5657124225880442,0.27478284951311527,0.16402299597801495,7.0,7.0,4.0,0.0,0.0,1.0060692281334288E-10