TimeMin,TimeMax,TimeAvg,TimeStdev,TimeTotal
520.0,1120.0,853.3333333333334,249.44382578492943,2560.0
