TimeMin,TimeMax,TimeAvg,TimeStdev,TimeTotal
480.0,1320.0,946.6666666666666,308.688984074406,5680.0
