TraitMin,TraitMax,TraitAvg,TraitStdev,TraitTotal
186.66666666666666,880.0,522.7777777777777,224.63482025085918,378.6666666666667
