TraitMin,TraitMax,TraitAvg,TraitStdev,TraitTotal
264.0,1320.0,641.962962962963,302.92194098804003,536.6222222222223
