SentiMin,SentiMax,SentiAvg,SentiStdev,Senti0-0.20,Senti0.21-0.40,Senti0.41-0.60,Senti0.61-0.80,Senti0.81-1.00,SentiTotal
3.095971534846725E-8,0.49789225920557484,0.1993653682780707,0.1886196390328254,6.0,3.0,2.0,0.0,0.0,6.57991189286033E-17