SentiMin,SentiMax,SentiAvg,SentiStdev,Senti0-0.20,Senti0.21-0.40,Senti0.41-0.60,Senti0.61-0.80,Senti0.81-1.00,SentiTotal
8.249411181191369E-5,0.6242094968955547,0.2992355827973182,0.19470589681587736,4.0,4.0,3.0,1.0,0.0,1.8087567349065361E-9