TraitMin,TraitMax,TraitAvg,TraitStdev,TraitTotal
253.33333333333334,780.0,490.4761904761905,161.3379433759744,480.0
