SentiMin,SentiMax,SentiAvg,SentiStdev,Senti0-0.20,Senti0.21-0.40,Senti0.41-0.60,Senti0.61-0.80,Senti0.81-1.00,SentiTotal
4.74551338157872E-4,0.49789225920557484,0.24153320800086278,0.16922384094686405,2.0,2.0,2.0,0.0,0.0,3.1101903884510156E-6