TimeMin,TimeMax,TimeAvg,TimeStdev,TimeTotal
440.0,2560.0,1196.923076923077,610.7672931571668,15560.0
