TraitMin,TraitMax,TraitAvg,TraitStdev,TraitTotal
126.66666666666667,740.0,375.98534798534797,185.8333115192093,290.4
