SentiMin,SentiMax,SentiAvg,SentiStdev,Senti0-0.20,Senti0.21-0.40,Senti0.41-0.60,Senti0.61-0.80,Senti0.81-1.00,SentiTotal
0.00454475799081067,0.8934571370868778,0.3003392276465817,0.3211600039909233,3.0,1.0,0.0,0.0,1.0,3.7699984018379346E-4