TraitMin,TraitMax,TraitAvg,TraitStdev,TraitTotal
191.11111111111111,720.0,342.019536019536,147.0594297770259,282.90909090909093
