SentiMin,SentiMax,SentiAvg,SentiStdev,Senti0-0.20,Senti0.21-0.40,Senti0.41-0.60,Senti0.61-0.80,Senti0.81-1.00,SentiTotal
1.4316677264606124E-4,0.43796879524747484,0.18484424927583176,0.1587970109755924,6.0,4.0,2.0,0.0,0.0,1.2282841606327143E-14