TimeMin,TimeMax,TimeAvg,TimeStdev,TimeTotal
680.0,1720.0,1116.923076923077,320.9453491792073,14520.0
