TraitMin,TraitMax,TraitAvg,TraitStdev,TraitTotal
185.0,600.0,384.18367346938777,138.7587775026412,326.15384615384613
