TimeMin,TimeMax,TimeAvg,TimeStdev,TimeTotal
320.0,1600.0,765.3333333333334,372.05495412491,11480.0
