TraitMin,TraitMax,TraitAvg,TraitStdev,TraitTotal
132.0,800.0,450.4444444444445,185.59201238665523,305.94594594594594
