TraitMin,TraitMax,TraitAvg,TraitStdev,TraitTotal
212.0,640.0,373.25,157.72424512420403,310.27027027027026
