TraitMin,TraitMax,TraitAvg,TraitStdev,TraitTotal
224.0,550.0,354.5777777777778,128.8397300889082,306.25
