TraitMin,TraitMax,TraitAvg,TraitStdev,TraitTotal
251.42857142857142,1000.0,460.23809523809524,254.95153156377,360.0
