TraitMin,TraitMax,TraitAvg,TraitStdev,TraitTotal
211.42857142857142,800.0,394.9659863945578,180.4595611211984,320.0
