SentiMin,SentiMax,SentiAvg,SentiStdev,Senti0-0.20,Senti0.21-0.40,Senti0.41-0.60,Senti0.61-0.80,Senti0.81-1.00,SentiTotal
1.7338796953518122E-4,0.7300840865009319,0.18489177046097807,0.23119173023428702,8.0,2.0,2.0,1.0,0.0,6.749518214209171E-18