SentiMin,SentiMax,SentiAvg,SentiStdev,Senti0-0.20,Senti0.21-0.40,Senti0.41-0.60,Senti0.61-0.80,Senti0.81-1.00,SentiTotal
0.07573463204429755,0.39697510199130176,0.17427926013091308,0.10161515706923122,5.0,2.0,0.0,0.0,0.0,7.612069857287394E-6