TraitMin,TraitMax,TraitAvg,TraitStdev,TraitTotal
131.42857142857142,920.0,378.54887218045116,186.41616507653768,301.14942528735634
