TraitMin,TraitMax,TraitAvg,TraitStdev,TraitTotal
160.0,480.0,312.44444444444446,97.36123395142036,260.90909090909093
