TraitMin,TraitMax,TraitAvg,TraitStdev,TraitTotal
166.66666666666666,520.0,356.0,129.92989562751822,312.0
