TraitMin,TraitMax,TraitAvg,TraitStdev,TraitTotal
310.0,700.0,431.3333333333333,140.87977537997108,407.27272727272725
