TimeMin,TimeMax,TimeAvg,TimeStdev,TimeTotal
400.0,3680.0,1378.9473684210527,985.1416929176503,26200.0
