SentiMin,SentiMax,SentiAvg,SentiStdev,Senti0-0.20,Senti0.21-0.40,Senti0.41-0.60,Senti0.61-0.80,Senti0.81-1.00,SentiTotal
0.0037610288149243754,0.7849993094617592,0.29262806136690467,0.23262821552055413,7.0,1.0,4.0,1.0,0.0,1.2836288223787414E-9