TimeMin,TimeMax,TimeAvg,TimeStdev,TimeTotal
520.0,1720.0,943.3333333333334,389.0015709765479,11320.0
