SentiMin,SentiMax,SentiAvg,SentiStdev,Senti0-0.20,Senti0.21-0.40,Senti0.41-0.60,Senti0.61-0.80,Senti0.81-1.00,SentiTotal
9.72919258645886E-5,0.5628056929000496,0.19353630683750286,0.20242857863930744,12.0,2.0,5.0,0.0,0.0,9.253891820753934E-24