TraitMin,TraitMax,TraitAvg,TraitStdev,TraitTotal
217.77777777777777,826.6666666666666,457.3148148148148,181.71420735596558,377.6470588235294
