TimeMin,TimeMax,TimeAvg,TimeStdev,TimeTotal
360.0,4160.0,1506.6666666666667,1219.216506158315,18080.0
