SentiMin,SentiMax,SentiAvg,SentiStdev,Senti0-0.20,Senti0.21-0.40,Senti0.41-0.60,Senti0.61-0.80,Senti0.81-1.00,SentiTotal
8.668487098331235E-4,0.9622444741291102,0.2730345782458794,0.3115152163312614,4.0,4.0,0.0,1.0,1.0,5.172384089742049E-10