TraitMin,TraitMax,TraitAvg,TraitStdev,TraitTotal
160.0,760.0,399.1333333333333,200.92144401896644,286.4516129032258
