TimeMin,TimeMax,TimeAvg,TimeStdev,TimeTotal
320.0,1560.0,822.8571428571429,482.307379337353,5760.0
