SentiMin,SentiMax,SentiAvg,SentiStdev,Senti0-0.20,Senti0.21-0.40,Senti0.41-0.60,Senti0.61-0.80,Senti0.81-1.00,SentiTotal
0.21700786916551124,0.6615890016673823,0.36025860116797687,0.15051657356075399,0.0,5.0,1.0,1.0,0.0,0.0020772317696571797