TraitMin,TraitMax,TraitAvg,TraitStdev,TraitTotal
155.0,760.0,308.1463675213675,153.66542415599332,279.45205479452056
