TimeMin,TimeMax,TimeAvg,TimeStdev,TimeTotal
320.0,2400.0,1211.4285714285713,746.4090906548801,8480.0
