SentiMin,SentiMax,SentiAvg,SentiStdev,Senti0-0.20,Senti0.21-0.40,Senti0.41-0.60,Senti0.61-0.80,Senti0.81-1.00,SentiTotal
0.0015169532463742091,0.49789225920557484,0.2445168469978834,0.15427876134560023,5.0,8.0,2.0,0.0,0.0,2.903280546580061E-12