SentiMin,SentiMax,SentiAvg,SentiStdev,Senti0-0.20,Senti0.21-0.40,Senti0.41-0.60,Senti0.61-0.80,Senti0.81-1.00,SentiTotal
1.4178738513991507E-4,0.43796879524747484,0.20004647860330893,0.14619955873386148,2.0,4.0,1.0,0.0,0.0,2.5519626721094094E-10