SentiMin,SentiMax,SentiAvg,SentiStdev,Senti0-0.20,Senti0.21-0.40,Senti0.41-0.60,Senti0.61-0.80,Senti0.81-1.00,SentiTotal
0.0018404107622848353,0.21921412548362115,0.13409559731933712,0.09837325267600254,2.0,3.0,0.0,0.0,0.0,1.038676789814883E-6