SentiMin,SentiMax,SentiAvg,SentiStdev,Senti0-0.20,Senti0.21-0.40,Senti0.41-0.60,Senti0.61-0.80,Senti0.81-1.00,SentiTotal
0.001258508648587891,0.49789225920557484,0.21141225003535638,0.20119448622948613,6.0,2.0,4.0,0.0,0.0,1.7500902547041133E-12