TraitMin,TraitMax,TraitAvg,TraitStdev,TraitTotal
133.33333333333334,1040.0,386.2037037037037,230.30015230323153,269.18918918918916
