TraitMin,TraitMax,TraitAvg,TraitStdev,TraitTotal
173.33333333333334,640.0,355.90476190476187,132.8254340040617,322.05128205128204
