TraitMin,TraitMax,TraitAvg,TraitStdev,TraitTotal
242.35294117647058,560.0,404.4733893557423,120.15920374355828,333.8181818181818
