TraitMin,TraitMax,TraitAvg,TraitStdev,TraitTotal
164.0,1000.0,434.7402597402597,242.87897603087714,351.0344827586207
