SentiMin,SentiMax,SentiAvg,SentiStdev,Senti0-0.20,Senti0.21-0.40,Senti0.41-0.60,Senti0.61-0.80,Senti0.81-1.00,SentiTotal
0.0022963801995877302,0.49789225920557484,0.1583781470818911,0.1387503391950969,7.0,2.0,1.0,0.0,0.0,4.183470093882185E-11