SentiMin,SentiMax,SentiAvg,SentiStdev,Senti0-0.20,Senti0.21-0.40,Senti0.41-0.60,Senti0.61-0.80,Senti0.81-1.00,SentiTotal
0.00464405195518679,0.5136446707795853,0.23512194233683967,0.16639209183140238,6.0,7.0,3.0,0.0,0.0,1.591445644948663E-12