TraitMin,TraitMax,TraitAvg,TraitStdev,TraitTotal
280.0,1080.0,514.8214285714286,271.4811391765023,399.0243902439024
