SentiMin,SentiMax,SentiAvg,SentiStdev,Senti0-0.20,Senti0.21-0.40,Senti0.41-0.60,Senti0.61-0.80,Senti0.81-1.00,SentiTotal
0.00110573214588009,0.5755436691302463,0.21732822304493277,0.19779783844848325,6.0,3.0,2.0,0.0,0.0,2.5537210627109842E-11