TraitMin,TraitMax,TraitAvg,TraitStdev,TraitTotal
142.85714285714286,800.0,422.28571428571433,192.31950456657975,355.1020408163265
