SentiMin,SentiMax,SentiAvg,SentiStdev,Senti0-0.20,Senti0.21-0.40,Senti0.41-0.60,Senti0.61-0.80,Senti0.81-1.00,SentiTotal
1.154748868098915E-7,0.49789225920557484,0.173782177544188,0.18601197926412924,4.0,3.0,1.0,0.0,0.0,1.3502825978018476E-16