TraitMin,TraitMax,TraitAvg,TraitStdev,TraitTotal
300.0,920.0,494.01360544217687,203.16556304799178,435.2
