TimeMin,TimeMax,TimeAvg,TimeStdev,TimeTotal
960.0,5360.0,2342.222222222222,1251.219651893284,21080.0
