TraitMin,TraitMax,TraitAvg,TraitStdev,TraitTotal
140.0,1160.0,477.66899766899763,305.125765490344,328.14814814814815
