SentiMin,SentiMax,SentiAvg,SentiStdev,Senti0-0.20,Senti0.21-0.40,Senti0.41-0.60,Senti0.61-0.80,Senti0.81-1.00,SentiTotal
3.6121021292178946E-5,0.49789225920557484,0.22652057955905325,0.18989050741325697,5.0,4.0,3.0,0.0,0.0,2.539172439463608E-15