TimeMin,TimeMax,TimeAvg,TimeStdev,TimeTotal
1000.0,4600.0,2908.5714285714284,1137.1572145540144,20360.0
