SentiMin,SentiMax,SentiAvg,SentiStdev,Senti0-0.20,Senti0.21-0.40,Senti0.41-0.60,Senti0.61-0.80,Senti0.81-1.00,SentiTotal
7.668129797226262E-5,0.37142605093897746,0.06241625895850154,0.12663060901056378,6.0,1.0,0.0,0.0,0.0,4.6710771232416894E-18