TimeMin,TimeMax,TimeAvg,TimeStdev,TimeTotal
880.0,2920.0,1942.2222222222222,657.8378350961206,17480.0
