TraitMin,TraitMax,TraitAvg,TraitStdev,TraitTotal
440.0,1000.0,740.0,261.5339366124404,653.3333333333334
