SentiMin,SentiMax,SentiAvg,SentiStdev,Senti0-0.20,Senti0.21-0.40,Senti0.41-0.60,Senti0.61-0.80,Senti0.81-1.00,SentiTotal
0.27677242884384384,0.49789225920557484,0.380945343198233,0.08010059182591192,0.0,3.0,1.0,0.0,0.0,0.12222752267001633