TraitMin,TraitMax,TraitAvg,TraitStdev,TraitTotal
208.0,746.6666666666666,426.8095238095238,165.88352742572667,344.7887323943662
