SentiMin,SentiMax,SentiAvg,SentiStdev,Senti0-0.20,Senti0.21-0.40,Senti0.41-0.60,Senti0.61-0.80,Senti0.81-1.00,SentiTotal
0.09195927832709981,0.9407830316668997,0.4284236005147434,0.28445934910930964,2.0,2.0,1.0,1.0,1.0,0.1201186302261608