TraitMin,TraitMax,TraitAvg,TraitStdev,TraitTotal
280.0,1240.0,626.8783068783068,327.68818569663983,489.6
