TraitMin,TraitMax,TraitAvg,TraitStdev,TraitTotal
170.66666666666666,960.0,515.2724089635855,288.0244841677831,327.6923076923077
