TimeMin,TimeMax,TimeAvg,TimeStdev,TimeTotal
640.0,4240.0,1884.4444444444443,1057.3668669662507,16960.0
