TimeMin,TimeMax,TimeAvg,TimeStdev,TimeTotal
400.0,3400.0,1653.3333333333333,822.051633955489,24800.0
