SentiMin,SentiMax,SentiAvg,SentiStdev,Senti0-0.20,Senti0.21-0.40,Senti0.41-0.60,Senti0.61-0.80,Senti0.81-1.00,SentiTotal
4.0047915991300034E-8,0.6347981659008951,0.22480750617482295,0.2140407886742681,4.0,4.0,0.0,1.0,0.0,6.5968193587967945E-18