TraitMin,TraitMax,TraitAvg,TraitStdev,TraitTotal
200.0,560.0,376.6190476190476,114.36858305109689,328.0
