TimeMin,TimeMax,TimeAvg,TimeStdev,TimeTotal
2000.0,4360.0,3213.3333333333335,964.6185198765826,9640.0
