TraitMin,TraitMax,TraitAvg,TraitStdev,TraitTotal
370.0,800.0,543.3333333333334,132.12548148310702,492.72727272727275
