SentiMin,SentiMax,SentiAvg,SentiStdev,Senti0-0.20,Senti0.21-0.40,Senti0.41-0.60,Senti0.61-0.80,Senti0.81-1.00,SentiTotal
0.0010304739027980397,0.4282717292732152,0.11241404740263206,0.141193672556585,7.0,1.0,1.0,0.0,0.0,1.9264969856433136E-13