SentiMin,SentiMax,SentiAvg,SentiStdev,Senti0-0.20,Senti0.21-0.40,Senti0.41-0.60,Senti0.61-0.80,Senti0.81-1.00,SentiTotal
2.506187070085433E-4,0.6033268279605364,0.19773810622532959,0.20308029015537424,10.0,3.0,2.0,1.0,0.0,7.001906459739049E-19