TraitMin,TraitMax,TraitAvg,TraitStdev,TraitTotal
346.6666666666667,1400.0,553.1481481481483,311.53586524841216,460.0
