SentiMin,SentiMax,SentiAvg,SentiStdev,Senti0-0.20,Senti0.21-0.40,Senti0.41-0.60,Senti0.61-0.80,Senti0.81-1.00,SentiTotal
0.003456806822727621,0.369885403983772,0.12568367280481982,0.17267673074118753,2.0,1.0,0.0,0.0,0.0,7.708935088337043E-6