TimeMin,TimeMax,TimeAvg,TimeStdev,TimeTotal
1000.0,6520.0,2594.285714285714,1797.0679066814614,18160.0
