SentiMin,SentiMax,SentiAvg,SentiStdev,Senti0-0.20,Senti0.21-0.40,Senti0.41-0.60,Senti0.61-0.80,Senti0.81-1.00,SentiTotal
2.225470487912292E-5,0.49789225920557484,0.2605947095353219,0.2145895263975152,5.0,1.0,5.0,0.0,0.0,1.8441688233593032E-13