TraitMin,TraitMax,TraitAvg,TraitStdev,TraitTotal
192.0,864.0,404.93888888888887,201.80190246750936,311.2881355932203
