TimeMin,TimeMax,TimeAvg,TimeStdev,TimeTotal
447.0,5920.0,1913.076923076923,1896.4846208603337,24870.0
