TraitMin,TraitMax,TraitAvg,TraitStdev,TraitTotal
47.5,1486.0,467.15833333333336,428.9106682275978,465.69565217391306
