SentiMin,SentiMax,SentiAvg,SentiStdev,Senti0-0.20,Senti0.21-0.40,Senti0.41-0.60,Senti0.61-0.80,Senti0.81-1.00,SentiTotal
0.0736401149528525,0.993828251227953,0.45841180440627005,0.29622020213513384,1.0,3.0,2.0,0.0,2.0,0.38992823611265903