TimeMin,TimeMax,TimeAvg,TimeStdev,TimeTotal
351.0,3392.0,1391.4285714285713,1124.3314022301504,9740.0
