SentiMin,SentiMax,SentiAvg,SentiStdev,Senti0-0.20,Senti0.21-0.40,Senti0.41-0.60,Senti0.61-0.80,Senti0.81-1.00,SentiTotal
1.5620082183707238E-4,0.49789225920557484,0.3299369006165851,0.16760943462835085,2.0,3.0,3.0,0.0,0.0,3.604560093098331E-6