SentiMin,SentiMax,SentiAvg,SentiStdev,Senti0-0.20,Senti0.21-0.40,Senti0.41-0.60,Senti0.61-0.80,Senti0.81-1.00,SentiTotal
5.245425044720258E-6,0.9236083111278368,0.42336744536770127,0.2071178782821457,3.0,5.0,12.0,1.0,1.0,5.906464652674848E-10