TimeMin,TimeMax,TimeAvg,TimeStdev,TimeTotal
431.0,1526.0,712.6666666666666,334.81371271532805,6414.0
