TimeMin,TimeMax,TimeAvg,TimeStdev,TimeTotal
402.0,2495.0,867.0714285714286,543.4178166653977,12139.0
