TraitMin,TraitMax,TraitAvg,TraitStdev,TraitTotal
96.85714285714286,805.0,332.52479666797853,188.73580513109735,264.9113924050633
