TimeMin,TimeMax,TimeAvg,TimeStdev,TimeTotal
374.0,4760.0,951.2727272727273,876.4789154658532,20928.0
