TimeMin,TimeMax,TimeAvg,TimeStdev,TimeTotal
384.0,2585.0,1358.111111111111,703.9754485056744,12223.0
