SentiMin,SentiMax,SentiAvg,SentiStdev,Senti0-0.20,Senti0.21-0.40,Senti0.41-0.60,Senti0.61-0.80,Senti0.81-1.00,SentiTotal
0.023860385573192353,0.49789225920557484,0.3873442298502127,0.15342083883112298,1.0,2.0,4.0,0.0,0.0,0.0072148604698034115