TraitMin,TraitMax,TraitAvg,TraitStdev,TraitTotal
209.4,634.0,389.02993197278914,130.52974197018577,295.1515151515151
