SentiMin,SentiMax,SentiAvg,SentiStdev,Senti0-0.20,Senti0.21-0.40,Senti0.41-0.60,Senti0.61-0.80,Senti0.81-1.00,SentiTotal
0.19512902450161523,0.6843555431102939,0.45131310730823854,0.13643465733861945,1.0,1.0,5.0,1.0,0.0,0.153823587019418