SentiMin,SentiMax,SentiAvg,SentiStdev,Senti0-0.20,Senti0.21-0.40,Senti0.41-0.60,Senti0.61-0.80,Senti0.81-1.00,SentiTotal
0.050993206983808916,0.8439925691239514,0.35760802705475625,0.2385352036888136,5.0,2.0,4.0,1.0,1.0,3.551209766470912E-5