TraitMin,TraitMax,TraitAvg,TraitStdev,TraitTotal
182.4,752.0,385.4041666666667,191.25424210073817,308.6111111111111
