TraitMin,TraitMax,TraitAvg,TraitStdev,TraitTotal
121.16666666666667,529.0,267.3234693877551,116.18329061803485,233.44230769230768
