SentiMin,SentiMax,SentiAvg,SentiStdev,Senti0-0.20,Senti0.21-0.40,Senti0.41-0.60,Senti0.61-0.80,Senti0.81-1.00,SentiTotal
0.10959463138292411,0.5506722574604188,0.3719491028423151,0.14065287977135763,2.0,4.0,4.0,0.0,0.0,0.00259896129735061