TraitMin,TraitMax,TraitAvg,TraitStdev,TraitTotal
224.72727272727272,792.0,473.6411616161616,148.36179116653497,392.08474576271186
