TraitMin,TraitMax,TraitAvg,TraitStdev,TraitTotal
128.0,353.3333333333333,239.3675925925926,70.06197503899588,249.44897959183675
