TraitMin,TraitMax,TraitAvg,TraitStdev,TraitTotal
217.14285714285714,1600.0,679.7395197395198,426.6769688953871,487.0175438596491
