SentiMin,SentiMax,SentiAvg,SentiStdev,Senti0-0.20,Senti0.21-0.40,Senti0.41-0.60,Senti0.61-0.80,Senti0.81-1.00,SentiTotal
0.49789225920557484,0.8873649192058858,0.7165247895103263,0.1625532187498842,0.0,0.0,1.0,1.0,1.0,0.9626382449459323