TimeMin,TimeMax,TimeAvg,TimeStdev,TimeTotal
680.0,3000.0,1513.3333333333333,766.0867371837793,9080.0
