SentiMin,SentiMax,SentiAvg,SentiStdev,Senti0-0.20,Senti0.21-0.40,Senti0.41-0.60,Senti0.61-0.80,Senti0.81-1.00,SentiTotal
0.06636096604169543,0.49789225920557484,0.33202839052708577,0.17666256465973215,2.0,1.0,3.0,0.0,0.0,0.005068995495121608