TraitMin,TraitMax,TraitAvg,TraitStdev,TraitTotal
250.0,1800.0,730.5555555555555,544.0806607775163,394.7826086956522
