TraitMin,TraitMax,TraitAvg,TraitStdev,TraitTotal
301.8181818181818,1000.0,545.8585858585859,224.43998198723654,442.3529411764706
