TimeMin,TimeMax,TimeAvg,TimeStdev,TimeTotal
400.0,6240.0,2261.5384615384614,1762.837948631721,29400.0
