SentiMin,SentiMax,SentiAvg,SentiStdev,Senti0-0.20,Senti0.21-0.40,Senti0.41-0.60,Senti0.61-0.80,Senti0.81-1.00,SentiTotal
0.49789225920557484,0.8232975942751998,0.552126481717179,0.12127140824279627,0.0,0.0,5.0,0.0,1.0,0.8232975942751998