SentiMin,SentiMax,SentiAvg,SentiStdev,Senti0-0.20,Senti0.21-0.40,Senti0.41-0.60,Senti0.61-0.80,Senti0.81-1.00,SentiTotal
0.21868692975498652,0.49789225920557484,0.44497442330248116,0.10603733207909458,0.0,2.0,8.0,0.0,0.0,0.08512672954193119