TraitMin,TraitMax,TraitAvg,TraitStdev,TraitTotal
120.0,1000.0,589.3121693121693,299.6218700732226,558.0
