TraitMin,TraitMax,TraitAvg,TraitStdev,TraitTotal
4.0,1000.0,282.7579365079365,235.34604443085865,230.45871559633028
