TimeMin,TimeMax,TimeAvg,TimeStdev,TimeTotal
120.0,6200.0,2163.076923076923,1793.078078077706,28120.0
