TraitMin,TraitMax,TraitAvg,TraitStdev,TraitTotal
320.0,1320.0,687.1428571428571,342.79166041340557,520.0
