TraitMin,TraitMax,TraitAvg,TraitStdev,TraitTotal
333.3333333333333,1120.0,542.3484848484849,240.46928359866178,457.77777777777777
