SentiMin,SentiMax,SentiAvg,SentiStdev,Senti0-0.20,Senti0.21-0.40,Senti0.41-0.60,Senti0.61-0.80,Senti0.81-1.00,SentiTotal
0.0693450143841875,0.8519774368384309,0.4954701174500268,0.18611514438468124,1.0,0.0,7.0,0.0,1.0,0.3482311616990955