TimeMin,TimeMax,TimeAvg,TimeStdev,TimeTotal
1000.0,4000.0,2506.6666666666665,1023.1107249733801,15040.0
