TimeMin,TimeMax,TimeAvg,TimeStdev,TimeTotal
2600.0,4040.0,3146.6666666666665,636.93711533313,9440.0
