TimeMin,TimeMax,TimeAvg,TimeStdev,TimeTotal
1000.0,11520.0,3084.4444444444443,3146.9742473652764,27760.0
