TraitMin,TraitMax,TraitAvg,TraitStdev,TraitTotal
235.55555555555554,1333.3333333333333,671.9444444444445,340.79778860205266,629.4117647058823
