TimeMin,TimeMax,TimeAvg,TimeStdev,TimeTotal
1000.0,3000.0,1755.5555555555557,628.6336348888598,15800.0
