TraitMin,TraitMax,TraitAvg,TraitStdev,TraitTotal
16.470588235294116,516.6666666666666,264.4369943781709,163.71986992131895,257.9816513761468
