TraitMin,TraitMax,TraitAvg,TraitStdev,TraitTotal
228.0,1000.0,528.9666666666667,256.4665215318886,432.06666666666666
