TraitMin,TraitMax,TraitAvg,TraitStdev,TraitTotal
240.0,570.0,363.4074074074074,101.91811985612203,351.1111111111111
