TraitMin,TraitMax,TraitAvg,TraitStdev,TraitTotal
50.0,500.0,300.56477710323867,116.7573308307302,303.0927835051546
