TimeMin,TimeMax,TimeAvg,TimeStdev,TimeTotal
1000.0,4560.0,1975.3846153846155,1061.1504307525822,25680.0
