TimeMin,TimeMax,TimeAvg,TimeStdev,TimeTotal
1320.0,8400.0,3912.7272727272725,2332.1199521196118,43040.0
