SentiMin,SentiMax,SentiAvg,SentiStdev,Senti0-0.20,Senti0.21-0.40,Senti0.41-0.60,Senti0.61-0.80,Senti0.81-1.00,SentiTotal
2.478849318070819E-4,0.635118717200228,0.1157423083898446,0.18323495627761335,9.0,1.0,0.0,1.0,0.0,1.0729542620517391E-17