SentiMin,SentiMax,SentiAvg,SentiStdev,Senti0-0.20,Senti0.21-0.40,Senti0.41-0.60,Senti0.61-0.80,Senti0.81-1.00,SentiTotal
4.841703735075635E-4,0.6921459309296395,0.3069030055059477,0.1925715106565136,3.0,4.0,1.0,1.0,0.0,1.524276838529497E-6