TraitMin,TraitMax,TraitAvg,TraitStdev,TraitTotal
240.0,1000.0,430.4848484848484,204.04803491081256,377.2307692307692
