TraitMin,TraitMax,TraitAvg,TraitStdev,TraitTotal
292.0,1360.0,629.9611992945325,365.6296032229238,404.61538461538464
