SentiMin,SentiMax,SentiAvg,SentiStdev,Senti0-0.20,Senti0.21-0.40,Senti0.41-0.60,Senti0.61-0.80,Senti0.81-1.00,SentiTotal
5.194846713131567E-4,0.4737554465528978,0.23570567561858397,0.19279125613805118,4.0,1.0,4.0,0.0,0.0,1.8089544288442915E-10