SentiMin,SentiMax,SentiAvg,SentiStdev,Senti0-0.20,Senti0.21-0.40,Senti0.41-0.60,Senti0.61-0.80,Senti0.81-1.00,SentiTotal
6.582950000211008E-4,0.9998590475821653,0.22875592305476522,0.26454387759899645,7.0,4.0,1.0,0.0,1.0,3.0638080989012634E-10