TraitMin,TraitMax,TraitAvg,TraitStdev,TraitTotal
220.0,530.0,354.27242632590225,91.56554866208032,367.86324786324786
