TraitMin,TraitMax,TraitAvg,TraitStdev,TraitTotal
182.85714285714286,546.6666666666666,351.03878787878784,108.18986026300334,349.36170212765956
