SentiMin,SentiMax,SentiAvg,SentiStdev,Senti0-0.20,Senti0.21-0.40,Senti0.41-0.60,Senti0.61-0.80,Senti0.81-1.00,SentiTotal
3.2124037680423856E-4,0.26205402389485666,0.0772948249230619,0.10475790277373656,6.0,2.0,0.0,0.0,0.0,5.166336280176797E-15