TraitMin,TraitMax,TraitAvg,TraitStdev,TraitTotal
203.63636363636363,1000.0,463.83115658850954,227.04881169019674,367.5247524752475
