TraitMin,TraitMax,TraitAvg,TraitStdev,TraitTotal
306.6666666666667,580.0,410.50000000000006,82.40825426115015,375.8024691358025
