TraitMin,TraitMax,TraitAvg,TraitStdev,TraitTotal
302.85714285714283,1000.0,461.096903096903,181.57884573807743,414.19354838709677
