SentiMin,SentiMax,SentiAvg,SentiStdev,Senti0-0.20,Senti0.21-0.40,Senti0.41-0.60,Senti0.61-0.80,Senti0.81-1.00,SentiTotal
0.00354878486316964,0.5358248854565076,0.2753113530115492,0.1918998186159901,5.0,3.0,4.0,0.0,0.0,1.3752476250180684E-8