TraitMin,TraitMax,TraitAvg,TraitStdev,TraitTotal
248.0,520.0,339.05831608005525,76.95253529234907,336.3265306122449
