SentiMin,SentiMax,SentiAvg,SentiStdev,Senti0-0.20,Senti0.21-0.40,Senti0.41-0.60,Senti0.61-0.80,Senti0.81-1.00,SentiTotal
7.750376898267377E-4,0.996355619937151,0.3034137132150087,0.3646271894041958,7.0,2.0,0.0,1.0,2.0,7.20830650960044E-8