SentiMin,SentiMax,SentiAvg,SentiStdev,Senti0-0.20,Senti0.21-0.40,Senti0.41-0.60,Senti0.61-0.80,Senti0.81-1.00,SentiTotal
4.1519484479475594E-5,0.9879009898170173,0.34546455841386764,0.3199855149549432,5.0,4.0,1.0,0.0,2.0,2.1436753660896392E-7