TraitMin,TraitMax,TraitAvg,TraitStdev,TraitTotal
120.0,700.0,410.4582732082733,137.7617293404586,389.03225806451616
