SentiMin,SentiMax,SentiAvg,SentiStdev,Senti0-0.20,Senti0.21-0.40,Senti0.41-0.60,Senti0.61-0.80,Senti0.81-1.00,SentiTotal
1.2364138107919415E-4,0.9999892268768424,0.2906805877602865,0.28735869034999423,7.0,4.0,3.0,1.0,1.0,8.413821755422572E-14