TimeMin,TimeMax,TimeAvg,TimeStdev,TimeTotal
1080.0,4560.0,1835.5555555555557,1010.7765014099156,16520.0
