TraitMin,TraitMax,TraitAvg,TraitStdev,TraitTotal
315.0,960.0,544.375,183.19111434510137,442.85714285714283
