TimeMin,TimeMax,TimeAvg,TimeStdev,TimeTotal
1000.0,5760.0,2337.777777777778,1462.3100277588028,21040.0
