TraitMin,TraitMax,TraitAvg,TraitStdev,TraitTotal
246.66666666666666,504.0,365.92820512820515,87.08455525128213,363.8095238095238
