SentiMin,SentiMax,SentiAvg,SentiStdev,Senti0-0.20,Senti0.21-0.40,Senti0.41-0.60,Senti0.61-0.80,Senti0.81-1.00,SentiTotal
0.0014132951760899358,0.27632242861828066,0.058647905225555776,0.10887388855505131,4.0,1.0,0.0,0.0,0.0,1.5319675400827418E-11