TraitMin,TraitMax,TraitAvg,TraitStdev,TraitTotal
200.0,740.0,443.42857142857144,172.18499780581277,430.4347826086956
