SentiMin,SentiMax,SentiAvg,SentiStdev,Senti0-0.20,Senti0.21-0.40,Senti0.41-0.60,Senti0.61-0.80,Senti0.81-1.00,SentiTotal
7.925606844929321E-6,0.5392188355355456,0.11370783825987064,0.18355637548480785,6.0,1.0,1.0,0.0,0.0,5.88053995496609E-18