TimeMin,TimeMax,TimeAvg,TimeStdev,TimeTotal
1120.0,8920.0,3454.5454545454545,2300.1200112419574,38000.0
