SentiMin,SentiMax,SentiAvg,SentiStdev,Senti0-0.20,Senti0.21-0.40,Senti0.41-0.60,Senti0.61-0.80,Senti0.81-1.00,SentiTotal
4.095828803351417E-5,0.49789225920557484,0.07397219525980359,0.1626603558207352,7.0,0.0,1.0,0.0,0.0,2.2311193344913444E-22