TraitMin,TraitMax,TraitAvg,TraitStdev,TraitTotal
246.66666666666666,547.5,386.33432539682536,106.43810682796186,417.14285714285717
