SentiMin,SentiMax,SentiAvg,SentiStdev,Senti0-0.20,Senti0.21-0.40,Senti0.41-0.60,Senti0.61-0.80,Senti0.81-1.00,SentiTotal
0.0014969002389391196,0.39697510199130176,0.19873720548299667,0.1585108486037243,6.0,6.0,0.0,0.0,0.0,1.1232477479623811E-11