TraitMin,TraitMax,TraitAvg,TraitStdev,TraitTotal
350.0,800.0,534.1666666666666,170.6258903110675,444.8780487804878
