TimeMin,TimeMax,TimeAvg,TimeStdev,TimeTotal
1040.0,9120.0,3617.1428571428573,2400.9385919779334,25320.0
