SentiMin,SentiMax,SentiAvg,SentiStdev,Senti0-0.20,Senti0.21-0.40,Senti0.41-0.60,Senti0.61-0.80,Senti0.81-1.00,SentiTotal
0.0014277941018246948,0.7492389205056702,0.13563124825026257,0.21077903327219405,9.0,1.0,0.0,1.0,0.0,7.091005104364494E-16