SentiMin,SentiMax,SentiAvg,SentiStdev,Senti0-0.20,Senti0.21-0.40,Senti0.41-0.60,Senti0.61-0.80,Senti0.81-1.00,SentiTotal
9.432547803693589E-7,0.9511385997805067,0.35496831945155477,0.29455675021268596,3.0,2.0,2.0,0.0,1.0,1.5501246654978722E-8