TimeMin,TimeMax,TimeAvg,TimeStdev,TimeTotal
1440.0,4560.0,2706.6666666666665,1076.6202260366053,24360.0
