SentiMin,SentiMax,SentiAvg,SentiStdev,Senti0-0.20,Senti0.21-0.40,Senti0.41-0.60,Senti0.61-0.80,Senti0.81-1.00,SentiTotal
7.538082697932184E-5,0.5689134950163257,0.1662631406516982,0.2380131937958283,5.0,0.0,2.0,0.0,0.0,8.171185622442223E-12