TraitMin,TraitMax,TraitAvg,TraitStdev,TraitTotal
222.22222222222223,650.0,439.7329589602316,146.30513770607945,400.0
