TraitMin,TraitMax,TraitAvg,TraitStdev,TraitTotal
280.0,1000.0,521.6666666666667,290.0718301846401,377.5
