SentiMin,SentiMax,SentiAvg,SentiStdev,Senti0-0.20,Senti0.21-0.40,Senti0.41-0.60,Senti0.61-0.80,Senti0.81-1.00,SentiTotal
5.28864263858948E-5,0.7527650798667361,0.1616324490694557,0.25704102740132234,5.0,1.0,0.0,1.0,0.0,1.539404237188854E-12