TraitMin,TraitMax,TraitAvg,TraitStdev,TraitTotal
251.42857142857142,700.0,470.0119047619048,164.33439884229088,395.7894736842105
