TraitMin,TraitMax,TraitAvg,TraitStdev,TraitTotal
306.6666666666667,640.0,468.15587044534414,111.04110042952439,463.13253012048193
