SentiMin,SentiMax,SentiAvg,SentiStdev,Senti0-0.20,Senti0.21-0.40,Senti0.41-0.60,Senti0.61-0.80,Senti0.81-1.00,SentiTotal
0.012151527333174868,0.31820487300311295,0.1389362348896392,0.11183201690544525,3.0,1.0,0.0,0.0,0.0,9.336480143180083E-5