TraitMin,TraitMax,TraitAvg,TraitStdev,TraitTotal
316.0,630.7692307692307,464.0205128205128,103.46827404758075,476.3636363636364
