SentiMin,SentiMax,SentiAvg,SentiStdev,Senti0-0.20,Senti0.21-0.40,Senti0.41-0.60,Senti0.61-0.80,Senti0.81-1.00,SentiTotal
0.002530222314778472,0.0779278885894373,0.030183921928256162,0.03241636701235299,5.0,0.0,0.0,0.0,0.0,3.298402304284586E-10