TraitMin,TraitMax,TraitAvg,TraitStdev,TraitTotal
184.0,740.0,409.5158175158175,174.9325772864161,418.94736842105266
