SentiMin,SentiMax,SentiAvg,SentiStdev,Senti0-0.20,Senti0.21-0.40,Senti0.41-0.60,Senti0.61-0.80,Senti0.81-1.00,SentiTotal
1.2183446323020033E-4,0.39697510199130176,0.18731076936826846,0.14433648933830573,5.0,3.0,0.0,0.0,0.0,1.154463011907245E-10