TraitMin,TraitMax,TraitAvg,TraitStdev,TraitTotal
315.55555555555554,933.3333333333334,521.9658119658119,204.79336223921982,496.47058823529414
