SentiMin,SentiMax,SentiAvg,SentiStdev,Senti0-0.20,Senti0.21-0.40,Senti0.41-0.60,Senti0.61-0.80,Senti0.81-1.00,SentiTotal
1.537570932289093E-4,0.35785643069366135,0.14035826241367824,0.11626094419958415,6.0,1.0,0.0,0.0,0.0,1.2213116744971363E-9