TimeMin,TimeMax,TimeAvg,TimeStdev,TimeTotal
920.0,4840.0,2828.5714285714284,1563.3976605131397,19800.0
