TraitMin,TraitMax,TraitAvg,TraitStdev,TraitTotal
246.66666666666666,912.0,446.80134680134677,234.22395034373238,374.7692307692308
