TraitMin,TraitMax,TraitAvg,TraitStdev,TraitTotal
186.66666666666666,720.0,443.51587301587307,164.70077523822272,343.2
