SentiMin,SentiMax,SentiAvg,SentiStdev,Senti0-0.20,Senti0.21-0.40,Senti0.41-0.60,Senti0.61-0.80,Senti0.81-1.00,SentiTotal
3.851283155927764E-8,0.32506685266967134,0.08150757134966663,0.14061956169046816,3.0,1.0,0.0,0.0,0.0,5.2972223474430685E-17