TraitMin,TraitMax,TraitAvg,TraitStdev,TraitTotal
293.3333333333333,1000.0,601.8131313131314,233.05173916152526,529.7297297297297
