SentiMin,SentiMax,SentiAvg,SentiStdev,Senti0-0.20,Senti0.21-0.40,Senti0.41-0.60,Senti0.61-0.80,Senti0.81-1.00,SentiTotal
0.0013819143768703608,0.39697510199130176,0.11894673289956252,0.1402134498045695,5.0,1.0,0.0,0.0,0.0,1.6397344275437265E-10