TraitMin,TraitMax,TraitAvg,TraitStdev,TraitTotal
246.15384615384616,1040.0,608.2811355311355,260.7612672276949,582.2033898305085
