TraitMin,TraitMax,TraitAvg,TraitStdev,TraitTotal
304.0,1000.0,733.0,276.09116851745426,770.7317073170732
