TraitMin,TraitMax,TraitAvg,TraitStdev,TraitTotal
422.22222222222223,1130.0,777.936507936508,267.4356825355825,611.2820512820513
