TraitMin,TraitMax,TraitAvg,TraitStdev,TraitTotal
280.0,1346.6666666666667,668.469135802469,305.14164458272427,594.1666666666666
