TraitMin,TraitMax,TraitAvg,TraitStdev,TraitTotal
404.44444444444446,1120.0,723.2968253968254,257.31428044149277,649.5238095238095
