TimeMin,TimeMax,TimeAvg,TimeStdev,TimeTotal
760.0,5480.0,3168.8888888888887,1361.7998257571112,28520.0
