SentiMin,SentiMax,SentiAvg,SentiStdev,Senti0-0.20,Senti0.21-0.40,Senti0.41-0.60,Senti0.61-0.80,Senti0.81-1.00,SentiTotal
6.399651721120876E-5,4.741197615954388E-4,2.6905813940332376E-4,2.05061622192115E-4,2.0,0.0,0.0,0.0,0.0,3.0615381588574415E-8