TraitMin,TraitMax,TraitAvg,TraitStdev,TraitTotal
364.0,1620.0,675.9191919191919,432.9574504057539,529.6969696969697
