TraitMin,TraitMax,TraitAvg,TraitStdev,TraitTotal
340.0,740.0,475.0,157.48968220172392,436.1904761904762
