TimeMin,TimeMax,TimeAvg,TimeStdev,TimeTotal
1000.0,3160.0,1805.7142857142858,820.9899450029327,12640.0
