SentiMin,SentiMax,SentiAvg,SentiStdev,Senti0-0.20,Senti0.21-0.40,Senti0.41-0.60,Senti0.61-0.80,Senti0.81-1.00,SentiTotal
5.990292396488455E-5,0.46364466503952073,0.20240551707157728,0.16708668562537507,5.0,1.0,2.0,0.0,0.0,2.5735287875943376E-9