SentiMin,SentiMax,SentiAvg,SentiStdev,Senti0-0.20,Senti0.21-0.40,Senti0.41-0.60,Senti0.61-0.80,Senti0.81-1.00,SentiTotal
5.2220961549304045E-5,0.48728019602140255,0.13464713192156205,0.20420144301577903,3.0,0.0,1.0,0.0,0.0,8.097005231640528E-9