SentiMin,SentiMax,SentiAvg,SentiStdev,Senti0-0.20,Senti0.21-0.40,Senti0.41-0.60,Senti0.61-0.80,Senti0.81-1.00,SentiTotal
4.083740104798156E-4,0.43796879524747484,0.16636630244286302,0.1755847306896478,4.0,2.0,1.0,0.0,0.0,2.816864299719956E-11