TimeMin,TimeMax,TimeAvg,TimeStdev,TimeTotal
1000.0,11960.0,5266.666666666667,4111.360953369199,31600.0
