TimeMin,TimeMax,TimeAvg,TimeStdev,TimeTotal
1000.0,6600.0,3405.714285714286,2024.5836054631588,23840.0
