TraitMin,TraitMax,TraitAvg,TraitStdev,TraitTotal
326.6666666666667,1000.0,582.5396825396825,269.8472454987269,435.86206896551727
