SentiMin,SentiMax,SentiAvg,SentiStdev,Senti0-0.20,Senti0.21-0.40,Senti0.41-0.60,Senti0.61-0.80,Senti0.81-1.00,SentiTotal
9.46977937514032E-6,0.49789225920557484,0.12340601660445161,0.18121413583566764,6.0,1.0,1.0,0.0,0.0,3.48735918851974E-16