TimeMin,TimeMax,TimeAvg,TimeStdev,TimeTotal
520.0,5920.0,2913.3333333333335,1675.456819961516,17480.0
