SentiMin,SentiMax,SentiAvg,SentiStdev,Senti0-0.20,Senti0.21-0.40,Senti0.41-0.60,Senti0.61-0.80,Senti0.81-1.00,SentiTotal
0.010272158390133766,0.39697510199130176,0.13652147628449557,0.1401863048848038,4.0,2.0,0.0,0.0,0.0,1.7611488193180094E-7