TraitMin,TraitMax,TraitAvg,TraitStdev,TraitTotal
320.0,1360.0,638.8888888888889,356.160942951288,506.6666666666667
