TimeMin,TimeMax,TimeAvg,TimeStdev,TimeTotal
800.0,2880.0,1294.5454545454545,558.7707878803524,14240.0
