SentiMin,SentiMax,SentiAvg,SentiStdev,Senti0-0.20,Senti0.21-0.40,Senti0.41-0.60,Senti0.61-0.80,Senti0.81-1.00,SentiTotal
0.020728500679436133,0.39697510199130176,0.1817136731524528,0.12893071220607072,6.0,5.0,0.0,0.0,0.0,1.7626876322916247E-9