SentiMin,SentiMax,SentiAvg,SentiStdev,Senti0-0.20,Senti0.21-0.40,Senti0.41-0.60,Senti0.61-0.80,Senti0.81-1.00,SentiTotal
5.033832956951761E-4,0.48164547114327055,0.21310093455842535,0.1726286129906433,5.0,7.0,1.0,0.0,0.0,1.1779311654386707E-15