TimeMin,TimeMax,TimeAvg,TimeStdev,TimeTotal
760.0,1840.0,1266.6666666666667,400.4441978048322,7600.0
