TraitMin,TraitMax,TraitAvg,TraitStdev,TraitTotal
210.0,620.0,410.1558441558442,123.85468555427916,382.5
