SentiMin,SentiMax,SentiAvg,SentiStdev,Senti0-0.20,Senti0.21-0.40,Senti0.41-0.60,Senti0.61-0.80,Senti0.81-1.00,SentiTotal
9.306240825869487E-5,0.49789225920557484,0.16027185767403615,0.16743816700863068,9.0,4.0,2.0,0.0,0.0,4.2911009971083195E-20