TraitMin,TraitMax,TraitAvg,TraitStdev,TraitTotal
150.0,1100.0,544.5098039215686,263.6519323030861,430.2040816326531
