TraitMin,TraitMax,TraitAvg,TraitStdev,TraitTotal
226.66666666666666,800.0,500.9523809523809,218.9275032988781,378.0
