SentiMin,SentiMax,SentiAvg,SentiStdev,Senti0-0.20,Senti0.21-0.40,Senti0.41-0.60,Senti0.61-0.80,Senti0.81-1.00,SentiTotal
7.124378039623735E-4,0.43796879524747484,0.16899462290756506,0.15240221412317648,6.0,4.0,1.0,0.0,0.0,2.9809946219202554E-15