SentiMin,SentiMax,SentiAvg,SentiStdev,Senti0-0.20,Senti0.21-0.40,Senti0.41-0.60,Senti0.61-0.80,Senti0.81-1.00,SentiTotal
0.0020305462975287545,0.49789225920557484,0.3603593616535717,0.16532440992857453,1.0,2.0,3.0,0.0,0.0,5.340339462809576E-4