TraitMin,TraitMax,TraitAvg,TraitStdev,TraitTotal
216.0,940.0,508.8148148148148,207.33792486943443,481.6666666666667
