SentiMin,SentiMax,SentiAvg,SentiStdev,Senti0-0.20,Senti0.21-0.40,Senti0.41-0.60,Senti0.61-0.80,Senti0.81-1.00,SentiTotal
0.002913358013418275,0.39697510199130176,0.18287133637216685,0.12478825442922792,4.0,5.0,0.0,0.0,0.0,7.694498385964248E-9