SentiMin,SentiMax,SentiAvg,SentiStdev,Senti0-0.20,Senti0.21-0.40,Senti0.41-0.60,Senti0.61-0.80,Senti0.81-1.00,SentiTotal
0.025354074432111132,0.49789225920557484,0.2295871507269914,0.1804712727183976,7.0,4.0,3.0,0.0,0.0,1.232485187231838E-10