SentiMin,SentiMax,SentiAvg,SentiStdev,Senti0-0.20,Senti0.21-0.40,Senti0.41-0.60,Senti0.61-0.80,Senti0.81-1.00,SentiTotal
5.414026215117407E-8,0.49789225920557484,0.23233552332980148,0.17775487538273907,8.0,6.0,3.0,0.0,0.0,2.822769047357233E-20