SentiMin,SentiMax,SentiAvg,SentiStdev,Senti0-0.20,Senti0.21-0.40,Senti0.41-0.60,Senti0.61-0.80,Senti0.81-1.00,SentiTotal
2.1996251808906555E-5,0.49789225920557484,0.25630629973106744,0.18494120978500236,5.0,3.0,3.0,0.0,0.0,1.243841754377609E-10