TimeMin,TimeMax,TimeAvg,TimeStdev,TimeTotal
342.0,2280.0,1224.4285714285713,506.0639025551889,17142.0
