TimeMin,TimeMax,TimeAvg,TimeStdev,TimeTotal
1040.0,2960.0,1563.6363636363637,516.9011287079031,17200.0
