TraitMin,TraitMax,TraitAvg,TraitStdev,TraitTotal
141.8181818181818,1340.0,495.05772005772013,408.30101587204484,299.17808219178085
