TraitMin,TraitMax,TraitAvg,TraitStdev,TraitTotal
192.0,920.0,427.3333333333333,265.6383506448821,318.97435897435895
