TraitMin,TraitMax,TraitAvg,TraitStdev,TraitTotal
168.88888888888889,1200.0,423.1335200746965,264.239696145225,288.1081081081081
