TraitMin,TraitMax,TraitAvg,TraitStdev,TraitTotal
200.0,920.0,535.7575757575758,233.24557184658886,431.5151515151515
