SentiMin,SentiMax,SentiAvg,SentiStdev,Senti0-0.20,Senti0.21-0.40,Senti0.41-0.60,Senti0.61-0.80,Senti0.81-1.00,SentiTotal
0.003550392757242332,0.5162596308792705,0.16529425425018113,0.16425677020437815,7.0,3.0,1.0,0.0,0.0,7.714316749058493E-12