TimeMin,TimeMax,TimeAvg,TimeStdev,TimeTotal
600.0,2520.0,1669.090909090909,726.0535235148056,18360.0
