SentiMin,SentiMax,SentiAvg,SentiStdev,Senti0-0.20,Senti0.21-0.40,Senti0.41-0.60,Senti0.61-0.80,Senti0.81-1.00,SentiTotal
4.342952818319256E-4,0.49789225920557484,0.1594457928592399,0.17358049585815097,6.0,3.0,1.0,0.0,0.0,1.5851382730428702E-13