TimeMin,TimeMax,TimeAvg,TimeStdev,TimeTotal
440.0,2640.0,1254.1176470588234,588.1882334116142,21320.0
