TraitMin,TraitMax,TraitAvg,TraitStdev,TraitTotal
177.77777777777777,720.0,431.07070707070704,153.10466973246892,337.89473684210526
