TraitMin,TraitMax,TraitAvg,TraitStdev,TraitTotal
173.33333333333334,1020.0,432.734693877551,241.0777131719902,357.125
