SentiMin,SentiMax,SentiAvg,SentiStdev,Senti0-0.20,Senti0.21-0.40,Senti0.41-0.60,Senti0.61-0.80,Senti0.81-1.00,SentiTotal
0.22924921683833835,0.49789225920557484,0.408344578416496,0.12663954465097194,0.0,1.0,2.0,0.0,0.0,0.22924921683833835