TimeMin,TimeMax,TimeAvg,TimeStdev,TimeTotal
520.0,2360.0,1007.0588235294117,537.0481926658675,17120.0
