SentiMin,SentiMax,SentiAvg,SentiStdev,Senti0-0.20,Senti0.21-0.40,Senti0.41-0.60,Senti0.61-0.80,Senti0.81-1.00,SentiTotal
0.0063529118902004526,0.49789225920557484,0.2756121949799068,0.16023321091726786,8.0,9.0,6.0,0.0,0.0,7.29453068348711E-15