SentiMin,SentiMax,SentiAvg,SentiStdev,Senti0-0.20,Senti0.21-0.40,Senti0.41-0.60,Senti0.61-0.80,Senti0.81-1.00,SentiTotal
8.647297995074758E-4,0.6138219042862079,0.29428190657872894,0.17953593412215033,4.0,6.0,1.0,1.0,0.0,1.7412144275801197E-8