TraitMin,TraitMax,TraitAvg,TraitStdev,TraitTotal
144.0,800.0,433.8333333333333,190.89693263352578,325.12820512820514
