SentiMin,SentiMax,SentiAvg,SentiStdev,Senti0-0.20,Senti0.21-0.40,Senti0.41-0.60,Senti0.61-0.80,Senti0.81-1.00,SentiTotal
4.314925153943951E-4,0.49789225920557484,0.34146842589991283,0.15829557694274907,1.0,4.0,1.0,0.0,0.0,7.150816574450979E-5