TimeMin,TimeMax,TimeAvg,TimeStdev,TimeTotal
360.0,4560.0,1375.5555555555557,1011.5896303575446,24760.0
