SentiMin,SentiMax,SentiAvg,SentiStdev,Senti0-0.20,Senti0.21-0.40,Senti0.41-0.60,Senti0.61-0.80,Senti0.81-1.00,SentiTotal
2.2997875680723584E-4,0.5136446707795853,0.26481096854087083,0.20321806514834206,9.0,2.0,7.0,0.0,0.0,4.957471448624787E-16