TimeMin,TimeMax,TimeAvg,TimeStdev,TimeTotal
440.0,2040.0,1056.6666666666667,516.7741823616535,12680.0
