TraitMin,TraitMax,TraitAvg,TraitStdev,TraitTotal
220.0,880.0,451.17556517556517,192.14468118220879,364.11764705882354
