TraitMin,TraitMax,TraitAvg,TraitStdev,TraitTotal
320.0,640.0,436.0,110.56219968868203,426.6666666666667
