TraitMin,TraitMax,TraitAvg,TraitStdev,TraitTotal
153.33333333333334,1200.0,486.11884057971014,223.99429250537668,381.241935483871
