TraitMin,TraitMax,TraitAvg,TraitStdev,TraitTotal
248.0,1000.0,604.6666666666666,237.54765603745471,458.1818181818182
