TimeMin,TimeMax,TimeAvg,TimeStdev,TimeTotal
480.0,2080.0,1027.695652173913,410.2452537714068,23637.0
