TraitMin,TraitMax,TraitAvg,TraitStdev,TraitTotal
152.0,800.0,524.7058823529412,166.96733203054401,407.6190476190476
