SentiMin,SentiMax,SentiAvg,SentiStdev,Senti0-0.20,Senti0.21-0.40,Senti0.41-0.60,Senti0.61-0.80,Senti0.81-1.00,SentiTotal
7.589499407777809E-5,0.5318834537628724,0.371649916534378,0.14610432505911689,2.0,7.0,8.0,0.0,0.0,4.8305067017404244E-8