TimeMin,TimeMax,TimeAvg,TimeStdev,TimeTotal
400.0,3480.0,1429.4736842105262,1025.1442706386592,27160.0
