TraitMin,TraitMax,TraitAvg,TraitStdev,TraitTotal
182.85714285714286,760.0,399.4486215538847,122.43579641158125,352.72727272727275
