TraitMin,TraitMax,TraitAvg,TraitStdev,TraitTotal
220.0,1000.0,492.22222222222223,217.2736425038328,390.2857142857143
