SentiMin,SentiMax,SentiAvg,SentiStdev,Senti0-0.20,Senti0.21-0.40,Senti0.41-0.60,Senti0.61-0.80,Senti0.81-1.00,SentiTotal
0.02106292845460328,0.49789225920557484,0.2587736972457293,0.17031177331220199,4.0,3.0,2.0,0.0,0.0,3.890235710093881E-6