SentiMin,SentiMax,SentiAvg,SentiStdev,Senti0-0.20,Senti0.21-0.40,Senti0.41-0.60,Senti0.61-0.80,Senti0.81-1.00,SentiTotal
1.3364359978876825E-7,0.3124561898654535,0.06070387509556984,0.10969697744410614,6.0,1.0,0.0,0.0,0.0,2.3399266264501462E-24