SentiMin,SentiMax,SentiAvg,SentiStdev,Senti0-0.20,Senti0.21-0.40,Senti0.41-0.60,Senti0.61-0.80,Senti0.81-1.00,SentiTotal
4.4413006627254354E-4,0.43796879524747484,0.2665622241471014,0.18402540289054128,2.0,0.0,2.0,0.0,0.0,6.485130270629119E-5