TraitMin,TraitMax,TraitAvg,TraitStdev,TraitTotal
240.0,1000.0,556.3703703703703,285.6569834758198,417.9310344827586
