SentiMin,SentiMax,SentiAvg,SentiStdev,Senti0-0.20,Senti0.21-0.40,Senti0.41-0.60,Senti0.61-0.80,Senti0.81-1.00,SentiTotal
4.034425029009092E-5,0.49789225920557484,0.23642507500224277,0.1933360364859094,3.0,2.0,2.0,0.0,0.0,8.441935221557124E-10