TraitMin,TraitMax,TraitAvg,TraitStdev,TraitTotal
200.0,1000.0,444.8611111111111,241.88810895347132,356.6666666666667
