TraitMin,TraitMax,TraitAvg,TraitStdev,TraitTotal
384.0,1000.0,673.3809523809523,217.290744335087,577.5
