TimeMin,TimeMax,TimeAvg,TimeStdev,TimeTotal
400.0,10360.0,3228.5714285714284,3414.236700186142,22600.0
