TraitMin,TraitMax,TraitAvg,TraitStdev,TraitTotal
233.33333333333334,1000.0,469.79487179487177,250.83619262231088,377.9591836734694
