SentiMin,SentiMax,SentiAvg,SentiStdev,Senti0-0.20,Senti0.21-0.40,Senti0.41-0.60,Senti0.61-0.80,Senti0.81-1.00,SentiTotal
6.042782029699097E-6,0.7440786448968312,0.37329349583294197,0.18978864379201893,2.0,5.0,3.0,2.0,0.0,1.6527885476336672E-7