SentiMin,SentiMax,SentiAvg,SentiStdev,Senti0-0.20,Senti0.21-0.40,Senti0.41-0.60,Senti0.61-0.80,Senti0.81-1.00,SentiTotal
0.0018988057726278562,0.46127768308170247,0.32485916290190026,0.1377776553082942,2.0,6.0,6.0,0.0,0.0,3.568302185499085E-7