SentiMin,SentiMax,SentiAvg,SentiStdev,Senti0-0.20,Senti0.21-0.40,Senti0.41-0.60,Senti0.61-0.80,Senti0.81-1.00,SentiTotal
3.65304883431036E-5,0.34322267253793753,0.07201106148511686,0.10453643324630814,8.0,1.0,0.0,0.0,0.0,3.877801148530774E-18