TimeMin,TimeMax,TimeAvg,TimeStdev,TimeTotal
360.0,3080.0,1461.5384615384614,795.1569381027984,19000.0
