TimeMin,TimeMax,TimeAvg,TimeStdev,TimeTotal
360.0,3080.0,1931.4285714285713,910.3127966556892,13520.0
