SentiMin,SentiMax,SentiAvg,SentiStdev,Senti0-0.20,Senti0.21-0.40,Senti0.41-0.60,Senti0.61-0.80,Senti0.81-1.00,SentiTotal
9.832661452945265E-5,0.49789225920557484,0.3162695276373762,0.1974517926144081,4.0,2.0,6.0,0.0,0.0,8.340928000433941E-11