TraitMin,TraitMax,TraitAvg,TraitStdev,TraitTotal
160.0,2640.0,602.4358974358975,648.2305354481864,365.38461538461536
