TraitMin,TraitMax,TraitAvg,TraitStdev,TraitTotal
218.46153846153845,450.0,337.5897435897436,72.97470648266332,307.27272727272725
