TraitMin,TraitMax,TraitAvg,TraitStdev,TraitTotal
240.0,600.0,451.6666666666667,133.69741957120937,357.5
