SentiMin,SentiMax,SentiAvg,SentiStdev,Senti0-0.20,Senti0.21-0.40,Senti0.41-0.60,Senti0.61-0.80,Senti0.81-1.00,SentiTotal
7.83789645505621E-5,0.49789225920557484,0.1788347635932136,0.16926688958236813,7.0,4.0,2.0,0.0,0.0,4.6385885100543816E-20