SentiMin,SentiMax,SentiAvg,SentiStdev,Senti0-0.20,Senti0.21-0.40,Senti0.41-0.60,Senti0.61-0.80,Senti0.81-1.00,SentiTotal
7.598883292571511E-6,0.49789225920557484,0.13954472079498273,0.13186472681442912,10.0,3.0,1.0,0.0,0.0,1.5772123792588378E-23