TraitMin,TraitMax,TraitAvg,TraitStdev,TraitTotal
246.66666666666666,2240.0,885.5930735930737,624.0177881148984,627.7777777777778
