SentiMin,SentiMax,SentiAvg,SentiStdev,Senti0-0.20,Senti0.21-0.40,Senti0.41-0.60,Senti0.61-0.80,Senti0.81-1.00,SentiTotal
0.008118283197545779,0.5136446707795853,0.2559200961762095,0.20456707023447296,3.0,2.0,3.0,0.0,0.0,8.069657093069302E-7