TimeMin,TimeMax,TimeAvg,TimeStdev,TimeTotal
1000.0,4400.0,2276.6666666666665,1057.0977038833994,27320.0
