TraitMin,TraitMax,TraitAvg,TraitStdev,TraitTotal
210.0,1000.0,454.9158249158249,264.640133233608,338.06451612903226
