TimeMin,TimeMax,TimeAvg,TimeStdev,TimeTotal
520.0,2800.0,1396.3636363636363,600.715826437286,15360.0
