SentiMin,SentiMax,SentiAvg,SentiStdev,Senti0-0.20,Senti0.21-0.40,Senti0.41-0.60,Senti0.61-0.80,Senti0.81-1.00,SentiTotal
0.0913258027028035,0.6056308514694262,0.31395889119694725,0.14607020907041907,3.0,4.0,3.0,1.0,0.0,1.8311034715366816E-5