TimeMin,TimeMax,TimeAvg,TimeStdev,TimeTotal
1000.0,9880.0,4017.1428571428573,2823.400757373047,28120.0
