TimeMin,TimeMax,TimeAvg,TimeStdev,TimeTotal
1000.0,5760.0,2563.3333333333335,1684.554012853913,30760.0
