TimeMin,TimeMax,TimeAvg,TimeStdev,TimeTotal
1000.0,3680.0,2328.8888888888887,981.0249112755546,20960.0
