SentiMin,SentiMax,SentiAvg,SentiStdev,Senti0-0.20,Senti0.21-0.40,Senti0.41-0.60,Senti0.61-0.80,Senti0.81-1.00,SentiTotal
6.471915948701847E-7,0.49789225920557484,0.11747919750537175,0.1989710551966834,6.0,0.0,2.0,0.0,0.0,3.7975829279817885E-25