TraitMin,TraitMax,TraitAvg,TraitStdev,TraitTotal
210.0,1000.0,479.5408163265306,190.40777819663438,402.14285714285717
