SentiMin,SentiMax,SentiAvg,SentiStdev,Senti0-0.20,Senti0.21-0.40,Senti0.41-0.60,Senti0.61-0.80,Senti0.81-1.00,SentiTotal
1.4549363902623303E-5,0.5628056929000496,0.15158157017310006,0.2138862696954894,8.0,1.0,3.0,0.0,0.0,4.943500750662761E-25