TraitMin,TraitMax,TraitAvg,TraitStdev,TraitTotal
193.84615384615384,1000.0,597.8205128205128,220.71717076801866,436.3636363636364
