TraitMin,TraitMax,TraitAvg,TraitStdev,TraitTotal
162.22222222222223,1000.0,422.36088587481777,272.89370393746356,287.4766355140187
