SentiMin,SentiMax,SentiAvg,SentiStdev,Senti0-0.20,Senti0.21-0.40,Senti0.41-0.60,Senti0.61-0.80,Senti0.81-1.00,SentiTotal
0.002257041263348249,0.43796879524747484,0.11259704421135627,0.12289146402961099,9.0,3.0,1.0,0.0,0.0,2.5651615350862223E-17