TimeMin,TimeMax,TimeAvg,TimeStdev,TimeTotal
640.0,5160.0,1608.5714285714287,1203.9153811202677,22520.0
