TimeMin,TimeMax,TimeAvg,TimeStdev,TimeTotal
520.0,3440.0,1346.6666666666667,797.1058761405399,12120.0
