TraitMin,TraitMax,TraitAvg,TraitStdev,TraitTotal
340.0,1000.0,554.2424242424241,161.28330622494792,512.0
