TraitMin,TraitMax,TraitAvg,TraitStdev,TraitTotal
186.66666666666666,500.0,335.30158730158735,104.70451530531642,294.54545454545456
