TraitMin,TraitMax,TraitAvg,TraitStdev,TraitTotal
226.66666666666666,780.0,497.91666666666663,167.48911656184313,438.3333333333333
