TraitMin,TraitMax,TraitAvg,TraitStdev,TraitTotal
155.55555555555554,1800.0,629.6801346801346,387.42053640576574,513.8461538461538
