TimeMin,TimeMax,TimeAvg,TimeStdev,TimeTotal
800.0,3000.0,1424.6153846153845,555.2631446110156,18520.0
