SentiMin,SentiMax,SentiAvg,SentiStdev,Senti0-0.20,Senti0.21-0.40,Senti0.41-0.60,Senti0.61-0.80,Senti0.81-1.00,SentiTotal
0.0024413725070936082,0.9611958417475951,0.37845965886655153,0.33251518769216465,8.0,7.0,3.0,0.0,5.0,6.964123829243611E-10