TimeMin,TimeMax,TimeAvg,TimeStdev,TimeTotal
360.0,6440.0,2312.9411764705883,1659.3824673686236,39320.0
