SentiMin,SentiMax,SentiAvg,SentiStdev,Senti0-0.20,Senti0.21-0.40,Senti0.41-0.60,Senti0.61-0.80,Senti0.81-1.00,SentiTotal
1.4723392681011274E-4,0.39697510199130176,0.10981168350388285,0.14264482184110736,6.0,2.0,0.0,0.0,0.0,6.760587872948466E-14