SentiMin,SentiMax,SentiAvg,SentiStdev,Senti0-0.20,Senti0.21-0.40,Senti0.41-0.60,Senti0.61-0.80,Senti0.81-1.00,SentiTotal
1.965696553720524E-7,0.39697510199130176,0.2079635488307638,0.17834974599247538,2.0,3.0,0.0,0.0,0.0,1.996635223735233E-11