SentiMin,SentiMax,SentiAvg,SentiStdev,Senti0-0.20,Senti0.21-0.40,Senti0.41-0.60,Senti0.61-0.80,Senti0.81-1.00,SentiTotal
0.0010423161141643526,0.9587551491143023,0.28917691661545936,0.2778305780938942,6.0,3.0,3.0,0.0,1.0,1.7392052190338255E-11