TimeMin,TimeMax,TimeAvg,TimeStdev,TimeTotal
520.0,2840.0,1405.7142857142858,650.3081425540579,29520.0
