TraitMin,TraitMax,TraitAvg,TraitStdev,TraitTotal
253.33333333333334,1200.0,457.5532637297343,250.58909764360698,354.23423423423424
