TimeMin,TimeMax,TimeAvg,TimeStdev,TimeTotal
840.0,4920.0,2245.714285714286,1299.5697875270344,15720.0
