TimeMin,TimeMax,TimeAvg,TimeStdev,TimeTotal
560.0,5120.0,1889.2307692307693,1149.5180363858285,24560.0
