TraitMin,TraitMax,TraitAvg,TraitStdev,TraitTotal
180.0,1880.0,644.1307634164776,402.10972003552496,434.11764705882354
