SentiMin,SentiMax,SentiAvg,SentiStdev,Senti0-0.20,Senti0.21-0.40,Senti0.41-0.60,Senti0.61-0.80,Senti0.81-1.00,SentiTotal
1.1076566107015993E-5,0.5447917014937422,0.1353542066113892,0.17075066222266577,9.0,3.0,1.0,0.0,0.0,1.7243567560795964E-22