SentiMin,SentiMax,SentiAvg,SentiStdev,Senti0-0.20,Senti0.21-0.40,Senti0.41-0.60,Senti0.61-0.80,Senti0.81-1.00,SentiTotal
4.8795081234338024E-4,0.39697510199130176,0.11528871561977143,0.13696404494497638,5.0,2.0,0.0,0.0,0.0,2.4163284070892393E-10