TimeMin,TimeMax,TimeAvg,TimeStdev,TimeTotal
520.0,4480.0,1828.5714285714287,1257.2467489538806,12800.0
