TimeMin,TimeMax,TimeAvg,TimeStdev,TimeTotal
760.0,6160.0,2629.090909090909,1944.7713328795453,28920.0
