TimeMin,TimeMax,TimeAvg,TimeStdev,TimeTotal
840.0,4160.0,2224.6153846153848,975.20503078635,28920.0
