TraitMin,TraitMax,TraitAvg,TraitStdev,TraitTotal
251.42857142857142,920.0,630.4761904761905,227.55243382414923,473.14285714285717
