SentiMin,SentiMax,SentiAvg,SentiStdev,Senti0-0.20,Senti0.21-0.40,Senti0.41-0.60,Senti0.61-0.80,Senti0.81-1.00,SentiTotal
0.18603210380095817,0.6824837810859113,0.47735636233148776,0.1624584762805724,1.0,1.0,4.0,2.0,0.0,0.2925010989963456