TraitMin,TraitMax,TraitAvg,TraitStdev,TraitTotal
170.9090909090909,800.0,375.2932900432901,198.41460613519442,296.66129032258067
