SentiMin,SentiMax,SentiAvg,SentiStdev,Senti0-0.20,Senti0.21-0.40,Senti0.41-0.60,Senti0.61-0.80,Senti0.81-1.00,SentiTotal
0.2575183149572134,0.5505550505941735,0.4896537021973183,0.08088325144815126,0.0,1.0,9.0,0.0,0.0,0.39535113275932