SentiMin,SentiMax,SentiAvg,SentiStdev,Senti0-0.20,Senti0.21-0.40,Senti0.41-0.60,Senti0.61-0.80,Senti0.81-1.00,SentiTotal
0.2762821958568217,0.9581887550315313,0.6052578131990186,0.17404955696713295,0.0,1.0,4.0,4.0,1.0,0.9966471444737914