TraitMin,TraitMax,TraitAvg,TraitStdev,TraitTotal
217.14285714285714,720.0,368.3063695563695,147.36353174361975,352.44
