TraitMin,TraitMax,TraitAvg,TraitStdev,TraitTotal
201.8181818181818,1000.0,424.93838383838386,247.6549771092249,305.90697674418607
