TraitMin,TraitMax,TraitAvg,TraitStdev,TraitTotal
333.3333333333333,611.05,442.5309523809524,81.50561010420111,487.7962962962963
