TraitMin,TraitMax,TraitAvg,TraitStdev,TraitTotal
255.625,1590.0,589.2586805555555,390.79805530450017,482.55555555555554
