TimeMin,TimeMax,TimeAvg,TimeStdev,TimeTotal
1365.0,4120.0,2780.4545454545455,717.9485121620509,30585.0
