TraitMin,TraitMax,TraitAvg,TraitStdev,TraitTotal
244.44444444444446,1040.0,510.6970214970215,261.38018872177855,388.04395604395603
