SentiMin,SentiMax,SentiAvg,SentiStdev,Senti0-0.20,Senti0.21-0.40,Senti0.41-0.60,Senti0.61-0.80,Senti0.81-1.00,SentiTotal
0.15585040364727296,0.6824837810859113,0.47939875478365523,0.15056457822278607,1.0,1.0,6.0,2.0,0.0,0.25931870234262633