SentiMin,SentiMax,SentiAvg,SentiStdev,Senti0-0.20,Senti0.21-0.40,Senti0.41-0.60,Senti0.61-0.80,Senti0.81-1.00,SentiTotal
0.2575963766895307,0.8232975942751998,0.48536418039308643,0.14958000591122905,0.0,2.0,6.0,0.0,1.0,0.4133967496406492