TraitMin,TraitMax,TraitAvg,TraitStdev,TraitTotal
194.28571428571428,311.1111111111111,272.9178338001867,45.987670967259476,288.9887640449438
