SentiMin,SentiMax,SentiAvg,SentiStdev,Senti0-0.20,Senti0.21-0.40,Senti0.41-0.60,Senti0.61-0.80,Senti0.81-1.00,SentiTotal
0.033232322442255394,0.5538133281862514,0.4371673517606798,0.1455641250831446,1.0,2.0,10.0,0.0,0.0,0.007868994180060424