TraitMin,TraitMax,TraitAvg,TraitStdev,TraitTotal
185.45454545454547,1840.0,525.5050505050505,403.8343886586485,392.7903225806452
