SentiMin,SentiMax,SentiAvg,SentiStdev,Senti0-0.20,Senti0.21-0.40,Senti0.41-0.60,Senti0.61-0.80,Senti0.81-1.00,SentiTotal
0.018713654059332455,0.6520170930828071,0.3823872454267997,0.2019639098172902,2.0,1.0,5.0,1.0,0.0,8.428491857301206E-4