TraitMin,TraitMax,TraitAvg,TraitStdev,TraitTotal
239.66666666666666,671.1111111111111,349.21918675243484,124.74005260520384,339.655737704918
