TimeMin,TimeMax,TimeAvg,TimeStdev,TimeTotal
800.0,8760.0,2942.6666666666665,2372.2840377061843,35312.0
