TraitMin,TraitMax,TraitAvg,TraitStdev,TraitTotal
225.0,628.0,411.8242683242683,131.91504926083996,350.2358490566038
