TraitMin,TraitMax,TraitAvg,TraitStdev,TraitTotal
218.66666666666666,440.0,325.14285714285717,62.061048139272714,299.1515151515151
