TimeMin,TimeMax,TimeAvg,TimeStdev,TimeTotal
513.0,6920.0,2878.4444444444443,1835.7776500020132,25906.0
