SentiMin,SentiMax,SentiAvg,SentiStdev,Senti0-0.20,Senti0.21-0.40,Senti0.41-0.60,Senti0.61-0.80,Senti0.81-1.00,SentiTotal
0.19917990539435654,0.49789225920557484,0.41753118155630503,0.12222794056579608,1.0,1.0,6.0,0.0,0.0,0.05132406200486614