SentiMin,SentiMax,SentiAvg,SentiStdev,Senti0-0.20,Senti0.21-0.40,Senti0.41-0.60,Senti0.61-0.80,Senti0.81-1.00,SentiTotal
0.35509496682161057,0.9390709402932467,0.5227573749308838,0.13153276131761904,0.0,1.0,10.0,0.0,1.0,0.8953781761895261