TimeMin,TimeMax,TimeAvg,TimeStdev,TimeTotal
400.0,1440.0,906.6666666666666,424.9967320135794,2720.0
