TraitMin,TraitMax,TraitAvg,TraitStdev,TraitTotal
205.71428571428572,1000.0,663.3768315018315,283.58947600090414,509.72727272727275
