TraitMin,TraitMax,TraitAvg,TraitStdev,TraitTotal
208.0,631.2,392.37595238095236,128.53269609907278,381.3880597014925
