SentiMin,SentiMax,SentiAvg,SentiStdev,Senti0-0.20,Senti0.21-0.40,Senti0.41-0.60,Senti0.61-0.80,Senti0.81-1.00,SentiTotal
0.03376724748235949,0.7264240096332016,0.28342245360935747,0.2774192987947703,2.0,1.0,0.0,1.0,0.0,0.002876986540777991