TraitMin,TraitMax,TraitAvg,TraitStdev,TraitTotal
213.33333333333334,720.0,471.3587301587302,157.80095119017204,444.2857142857143
