TimeMin,TimeMax,TimeAvg,TimeStdev,TimeTotal
560.0,8400.0,2535.8333333333335,2087.699923892853,30430.0
