TraitMin,TraitMax,TraitAvg,TraitStdev,TraitTotal
240.0,545.0,372.5379420774158,106.36576047261168,336.4415584415584
