SentiMin,SentiMax,SentiAvg,SentiStdev,Senti0-0.20,Senti0.21-0.40,Senti0.41-0.60,Senti0.61-0.80,Senti0.81-1.00,SentiTotal
0.033232322442255394,0.7264240096332016,0.45938029848315426,0.16602520796899442,1.0,1.0,9.0,1.0,0.0,0.03119135544889358