SentiMin,SentiMax,SentiAvg,SentiStdev,Senti0-0.20,Senti0.21-0.40,Senti0.41-0.60,Senti0.61-0.80,Senti0.81-1.00,SentiTotal
0.21921412548362115,0.49789225920557484,0.43535623457173656,0.10925113693696578,0.0,2.0,6.0,0.0,0.0,0.09754546918153902