TimeMin,TimeMax,TimeAvg,TimeStdev,TimeTotal
473.0,2960.0,1873.3076923076924,770.0482886572148,24353.0
