SentiMin,SentiMax,SentiAvg,SentiStdev,Senti0-0.20,Senti0.21-0.40,Senti0.41-0.60,Senti0.61-0.80,Senti0.81-1.00,SentiTotal
1.0638092627050611E-7,0.8406863927754225,0.1619685142366403,0.22842810216350531,12.0,2.0,1.0,0.0,1.0,2.977512527745202E-31