TraitMin,TraitMax,TraitAvg,TraitStdev,TraitTotal
313.3333333333333,960.0,506.4666666666666,197.0604081099104,454.85714285714283
