TraitMin,TraitMax,TraitAvg,TraitStdev,TraitTotal
312.0,1080.0,599.8333333333333,264.96577347104875,468.57142857142856
