TraitMin,TraitMax,TraitAvg,TraitStdev,TraitTotal
415.0,600.0,485.4166666666667,75.52938170010397,467.5
