SentiMin,SentiMax,SentiAvg,SentiStdev,Senti0-0.20,Senti0.21-0.40,Senti0.41-0.60,Senti0.61-0.80,Senti0.81-1.00,SentiTotal
7.456105322939287E-4,0.8019073062780565,0.33482294880751673,0.2593493123392988,3.0,2.0,3.0,0.0,1.0,2.1919845773738103E-7