TraitMin,TraitMax,TraitAvg,TraitStdev,TraitTotal
344.0,1000.0,490.04761904761904,205.7780049023396,421.8181818181818
