TimeMin,TimeMax,TimeAvg,TimeStdev,TimeTotal
1000.0,2480.0,1534.5454545454545,380.34347243615656,16880.0
