TraitMin,TraitMax,TraitAvg,TraitStdev,TraitTotal
243.07692307692307,1240.0,454.05883005883,221.02297083060546,391.3207547169811
