TimeMin,TimeMax,TimeAvg,TimeStdev,TimeTotal
800.0,3640.0,1577.7777777777778,842.8757359022975,14200.0
