TraitMin,TraitMax,TraitAvg,TraitStdev,TraitTotal
345.0,1040.0,645.9824561403508,267.19707061645374,493.968253968254
