TraitMin,TraitMax,TraitAvg,TraitStdev,TraitTotal
293.3333333333333,1000.0,502.8571428571429,241.71033306335787,398.6666666666667
