SentiMin,SentiMax,SentiAvg,SentiStdev,Senti0-0.20,Senti0.21-0.40,Senti0.41-0.60,Senti0.61-0.80,Senti0.81-1.00,SentiTotal
0.009878332724771042,0.34094998805189264,0.21006099078834367,0.1220725810056126,1.0,3.0,0.0,0.0,0.0,5.553581537135619E-4