TraitMin,TraitMax,TraitAvg,TraitStdev,TraitTotal
248.0,1000.0,463.4197530864197,251.62316293535181,346.3414634146341
