TimeMin,TimeMax,TimeAvg,TimeStdev,TimeTotal
1000.0,3200.0,1993.3333333333333,814.3436348099957,11960.0
