SentiMin,SentiMax,SentiAvg,SentiStdev,Senti0-0.20,Senti0.21-0.40,Senti0.41-0.60,Senti0.61-0.80,Senti0.81-1.00,SentiTotal
0.12595745121860163,0.8815348352081369,0.39362738517316853,0.24389374250732712,3.0,4.0,1.0,1.0,1.0,0.008462536398305529