SentiMin,SentiMax,SentiAvg,SentiStdev,Senti0-0.20,Senti0.21-0.40,Senti0.41-0.60,Senti0.61-0.80,Senti0.81-1.00,SentiTotal
4.813888284710448E-12,0.6060478860535016,0.1828695174164742,0.1833709076658103,8.0,5.0,2.0,1.0,0.0,1.2087602568534524E-27