SentiMin,SentiMax,SentiAvg,SentiStdev,Senti0-0.20,Senti0.21-0.40,Senti0.41-0.60,Senti0.61-0.80,Senti0.81-1.00,SentiTotal
1.6397584209551286E-4,0.5628056929000496,0.16802156023723078,0.20450100188453296,14.0,1.0,5.0,0.0,0.0,1.2773645440418314E-29