SentiMin,SentiMax,SentiAvg,SentiStdev,Senti0-0.20,Senti0.21-0.40,Senti0.41-0.60,Senti0.61-0.80,Senti0.81-1.00,SentiTotal
0.013002423180852814,0.49789225920557484,0.2334339597156129,0.15189194496586808,5.0,4.0,2.0,0.0,0.0,2.111340726063184E-8