TimeMin,TimeMax,TimeAvg,TimeStdev,TimeTotal
760.0,3720.0,1637.8947368421052,792.6476548310359,31120.0
