TraitMin,TraitMax,TraitAvg,TraitStdev,TraitTotal
260.0,1000.0,393.21212121212125,202.16621188223712,330.98039215686276
