SentiMin,SentiMax,SentiAvg,SentiStdev,Senti0-0.20,Senti0.21-0.40,Senti0.41-0.60,Senti0.61-0.80,Senti0.81-1.00,SentiTotal
0.004252451927396577,0.49789225920557484,0.2653783849708037,0.19091468148871168,4.0,2.0,2.0,0.0,0.0,9.720548037226625E-7