SentiMin,SentiMax,SentiAvg,SentiStdev,Senti0-0.20,Senti0.21-0.40,Senti0.41-0.60,Senti0.61-0.80,Senti0.81-1.00,SentiTotal
8.738625198780659E-4,0.9771122426500949,0.32607091964255425,0.25087626081859926,10.0,2.0,5.0,1.0,1.0,3.444466790862057E-9