TraitMin,TraitMax,TraitAvg,TraitStdev,TraitTotal
200.0,1000.0,456.2171717171717,212.85892756369645,362.22222222222223
