TraitMin,TraitMax,TraitAvg,TraitStdev,TraitTotal
265.0,653.3333333333334,416.11516955266956,98.19182423190836,388.2105263157895
