TraitMin,TraitMax,TraitAvg,TraitStdev,TraitTotal
378.6666666666667,520.0,439.5555555555556,59.332917185390386,401.42857142857144
