SentiMin,SentiMax,SentiAvg,SentiStdev,Senti0-0.20,Senti0.21-0.40,Senti0.41-0.60,Senti0.61-0.80,Senti0.81-1.00,SentiTotal
1.2055602436596114E-4,0.5316624617817726,0.18477115902330363,0.19178256763973686,5.0,3.0,1.0,0.0,0.0,1.1532003020465619E-11