TraitMin,TraitMax,TraitAvg,TraitStdev,TraitTotal
160.0,450.0,272.77777777777777,105.57309795750847,243.0
