TraitMin,TraitMax,TraitAvg,TraitStdev,TraitTotal
200.0,700.0,463.3333333333333,165.09256662719724,421.8181818181818
