SentiMin,SentiMax,SentiAvg,SentiStdev,Senti0-0.20,Senti0.21-0.40,Senti0.41-0.60,Senti0.61-0.80,Senti0.81-1.00,SentiTotal
1.8316586019783104E-4,0.31820487300311295,0.12425697290309601,0.13891542562278603,2.0,1.0,0.0,0.0,0.0,5.000861271746302E-6