TraitMin,TraitMax,TraitAvg,TraitStdev,TraitTotal
405.7142857142857,405.7142857142857,405.7142857142857,0.0,405.7142857142857
