TraitMin,TraitMax,TraitAvg,TraitStdev,TraitTotal
120.0,313.3333333333333,203.1035631035631,62.27564125795622,194.8235294117647
