TimeMin,TimeMax,TimeAvg,TimeStdev,TimeTotal
200.0,1680.0,778.1818181818181,384.9396217547555,8560.0
