TimeMin,TimeMax,TimeAvg,TimeStdev,TimeTotal
520.0,5680.0,3746.6666666666665,2296.509428579721,11240.0
