SentiMin,SentiMax,SentiAvg,SentiStdev,Senti0-0.20,Senti0.21-0.40,Senti0.41-0.60,Senti0.61-0.80,Senti0.81-1.00,SentiTotal
3.0483676235914906E-6,0.1106662247654903,0.019713024213256224,0.03772172015683042,7.0,0.0,0.0,0.0,0.0,9.849979979258427E-25