SentiMin,SentiMax,SentiAvg,SentiStdev,Senti0-0.20,Senti0.21-0.40,Senti0.41-0.60,Senti0.61-0.80,Senti0.81-1.00,SentiTotal
0.15544364253504328,0.9410648101332474,0.41560787129235605,0.19606806922373513,1.0,6.0,4.0,0.0,1.0,0.026449746161920227