SentiMin,SentiMax,SentiAvg,SentiStdev,Senti0-0.20,Senti0.21-0.40,Senti0.41-0.60,Senti0.61-0.80,Senti0.81-1.00,SentiTotal
0.21921412548362115,0.6959033095314103,0.4167301708222177,0.11912296263427632,0.0,7.0,2.0,1.0,0.0,0.03151645526722613