TimeMin,TimeMax,TimeAvg,TimeStdev,TimeTotal
160.0,5880.0,1244.7058823529412,1393.6246336001534,21160.0
