TimeMin,TimeMax,TimeAvg,TimeStdev,TimeTotal
320.0,12080.0,2588.5714285714284,3086.4284887757453,36240.0
