TraitMin,TraitMax,TraitAvg,TraitStdev,TraitTotal
195.0,320.0,251.66666666666666,51.69354139756941,221.8181818181818
