SentiMin,SentiMax,SentiAvg,SentiStdev,Senti0-0.20,Senti0.21-0.40,Senti0.41-0.60,Senti0.61-0.80,Senti0.81-1.00,SentiTotal
0.19924545451767137,0.6959033095314103,0.36778737682324997,0.15333684671881068,1.0,5.0,3.0,1.0,0.0,0.0029288454279926338