TraitMin,TraitMax,TraitAvg,TraitStdev,TraitTotal
48.0,240.0,121.93333333333332,70.99496069753434,114.66666666666667
