TimeMin,TimeMax,TimeAvg,TimeStdev,TimeTotal
240.0,2000.0,858.1818181818181,586.9771279703584,9440.0
