TraitMin,TraitMax,TraitAvg,TraitStdev,TraitTotal
200.0,1200.0,488.6380952380952,321.8499024823391,422.0689655172414
