SentiMin,SentiMax,SentiAvg,SentiStdev,Senti0-0.20,Senti0.21-0.40,Senti0.41-0.60,Senti0.61-0.80,Senti0.81-1.00,SentiTotal
0.008690383697077845,0.49789225920557484,0.229454914776135,0.16927569611337773,5.0,4.0,2.0,0.0,0.0,1.7057545665542176E-8