TimeMin,TimeMax,TimeAvg,TimeStdev,TimeTotal
280.0,3880.0,1493.3333333333333,1414.5906357199833,13440.0
