TraitMin,TraitMax,TraitAvg,TraitStdev,TraitTotal
106.66666666666667,880.0,291.38624338624345,236.95152652626328,226.66666666666666
