TimeMin,TimeMax,TimeAvg,TimeStdev,TimeTotal
200.0,3000.0,885.7142857142857,834.2465744243577,12400.0
