SentiMin,SentiMax,SentiAvg,SentiStdev,Senti0-0.20,Senti0.21-0.40,Senti0.41-0.60,Senti0.61-0.80,Senti0.81-1.00,SentiTotal
0.013919303780393646,0.7631320673284706,0.3143578817178506,0.22506042578491145,2.0,4.0,2.0,1.0,0.0,5.3431486251756955E-5