TimeMin,TimeMax,TimeAvg,TimeStdev,TimeTotal
280.0,4280.0,1265.7142857142858,990.5389174276675,17720.0
