SentiMin,SentiMax,SentiAvg,SentiStdev,Senti0-0.20,Senti0.21-0.40,Senti0.41-0.60,Senti0.61-0.80,Senti0.81-1.00,SentiTotal
0.0019373957000720873,0.5136446707795853,0.2705713584592162,0.20671110702493967,3.0,3.0,3.0,0.0,0.0,9.09026699647767E-9