SentiMin,SentiMax,SentiAvg,SentiStdev,Senti0-0.20,Senti0.21-0.40,Senti0.41-0.60,Senti0.61-0.80,Senti0.81-1.00,SentiTotal
2.044880633468196E-5,0.49789225920557484,0.19742552344311906,0.1752387032596739,7.0,4.0,3.0,0.0,0.0,5.350513750058516E-17