TraitMin,TraitMax,TraitAvg,TraitStdev,TraitTotal
86.66666666666667,3280.0,657.7777777777778,959.4558643082836,395.29411764705884
