TraitMin,TraitMax,TraitAvg,TraitStdev,TraitTotal
120.0,240.0,172.82828282828282,41.62351607076038,181.53846153846155
