SentiMin,SentiMax,SentiAvg,SentiStdev,Senti0-0.20,Senti0.21-0.40,Senti0.41-0.60,Senti0.61-0.80,Senti0.81-1.00,SentiTotal
1.4753559029696305E-4,0.49789225920557484,0.2472387915838658,0.21862152077090152,4.0,1.0,4.0,0.0,0.0,1.4498174054983848E-11