TraitMin,TraitMax,TraitAvg,TraitStdev,TraitTotal
60.0,1470.0,436.6890756302521,466.5170485923926,315.82089552238807
