SentiMin,SentiMax,SentiAvg,SentiStdev,Senti0-0.20,Senti0.21-0.40,Senti0.41-0.60,Senti0.61-0.80,Senti0.81-1.00,SentiTotal
0.39697510199130176,0.5212990816196356,0.4384164285340797,0.05860688603952868,0.0,2.0,1.0,0.0,0.0,0.32430444245349677