TraitMin,TraitMax,TraitAvg,TraitStdev,TraitTotal
70.0,400.0,212.90816326530611,90.16282011789465,217.5438596491228
