SentiMin,SentiMax,SentiAvg,SentiStdev,Senti0-0.20,Senti0.21-0.40,Senti0.41-0.60,Senti0.61-0.80,Senti0.81-1.00,SentiTotal
0.03027249910616815,0.49789225920557484,0.21220598205388952,0.15911216927500949,2.0,2.0,1.0,0.0,0.0,2.762417506688074E-4