TraitMin,TraitMax,TraitAvg,TraitStdev,TraitTotal
144.0,933.3333333333334,362.9259259259259,256.7716930114408,348.38709677419354
