SentiMin,SentiMax,SentiAvg,SentiStdev,Senti0-0.20,Senti0.21-0.40,Senti0.41-0.60,Senti0.61-0.80,Senti0.81-1.00,SentiTotal
0.007674504163340155,0.49789225920557484,0.20445361539393203,0.16809931566306296,6.0,6.0,2.0,0.0,0.0,2.6741802329081213E-12