SentiMin,SentiMax,SentiAvg,SentiStdev,Senti0-0.20,Senti0.21-0.40,Senti0.41-0.60,Senti0.61-0.80,Senti0.81-1.00,SentiTotal
6.206126520337797E-4,0.6959033095314103,0.35178075787041835,0.1870687272565867,3.0,5.0,8.0,1.0,0.0,1.875193921741171E-9