SentiMin,SentiMax,SentiAvg,SentiStdev,Senti0-0.20,Senti0.21-0.40,Senti0.41-0.60,Senti0.61-0.80,Senti0.81-1.00,SentiTotal
0.002105916527008206,0.43796879524747484,0.18998179878660348,0.1687218188980042,5.0,3.0,1.0,0.0,0.0,3.436234905928501E-10