TimeMin,TimeMax,TimeAvg,TimeStdev,TimeTotal
600.0,1280.0,897.7777777777778,219.98877636914813,8080.0
