SentiMin,SentiMax,SentiAvg,SentiStdev,Senti0-0.20,Senti0.21-0.40,Senti0.41-0.60,Senti0.61-0.80,Senti0.81-1.00,SentiTotal
9.254723209575973E-4,0.5136446707795853,0.15924089467133218,0.1737266434506769,12.0,4.0,2.0,0.0,0.0,3.329029985713418E-22