TraitMin,TraitMax,TraitAvg,TraitStdev,TraitTotal
200.0,720.0,385.69221628045153,173.8443565830823,329.35064935064935
