TraitMin,TraitMax,TraitAvg,TraitStdev,TraitTotal
226.66666666666666,960.0,529.9999999999999,275.8891350068263,429.3333333333333
