TimeMin,TimeMax,TimeAvg,TimeStdev,TimeTotal
640.0,3760.0,1615.5555555555557,1003.0299775193508,29080.0
