SentiMin,SentiMax,SentiAvg,SentiStdev,Senti0-0.20,Senti0.21-0.40,Senti0.41-0.60,Senti0.61-0.80,Senti0.81-1.00,SentiTotal
0.0011105405450489872,0.5494757725541931,0.2833613836188159,0.17568765323132923,5.0,8.0,2.0,0.0,0.0,6.3459018428041245E-12