TraitMin,TraitMax,TraitAvg,TraitStdev,TraitTotal
190.0,752.0,370.10662177328845,145.86414531961245,334.2528735632184
