SentiMin,SentiMax,SentiAvg,SentiStdev,Senti0-0.20,Senti0.21-0.40,Senti0.41-0.60,Senti0.61-0.80,Senti0.81-1.00,SentiTotal
0.007384236251858721,0.555928683323543,0.2507920198044626,0.18547618697981397,7.0,2.0,5.0,0.0,0.0,3.570797953005354E-10