SentiMin,SentiMax,SentiAvg,SentiStdev,Senti0-0.20,Senti0.21-0.40,Senti0.41-0.60,Senti0.61-0.80,Senti0.81-1.00,SentiTotal
0.00501862257277248,0.449020899029378,0.27251438453470817,0.15089254547341716,3.0,6.0,3.0,0.0,0.0,1.1213522614510588E-9