TraitMin,TraitMax,TraitAvg,TraitStdev,TraitTotal
253.33333333333334,840.0,541.6666666666667,223.81788231605722,407.6190476190476
