TraitMin,TraitMax,TraitAvg,TraitStdev,TraitTotal
133.33333333333334,720.0,351.40740740740745,168.74714649825387,280.0
