SentiMin,SentiMax,SentiAvg,SentiStdev,Senti0-0.20,Senti0.21-0.40,Senti0.41-0.60,Senti0.61-0.80,Senti0.81-1.00,SentiTotal
1.292380555559973E-5,0.21921412548362115,0.049947574019881515,0.08453078551124153,8.0,2.0,0.0,0.0,0.0,2.061921689493292E-24