TimeMin,TimeMax,TimeAvg,TimeStdev,TimeTotal
800.0,2440.0,1477.142857142857,527.7367927755081,20680.0
