TraitMin,TraitMax,TraitAvg,TraitStdev,TraitTotal
200.0,920.0,475.1111111111111,217.654386812592,367.27272727272725
