SentiMin,SentiMax,SentiAvg,SentiStdev,Senti0-0.20,Senti0.21-0.40,Senti0.41-0.60,Senti0.61-0.80,Senti0.81-1.00,SentiTotal
9.211640101787663E-5,0.49789225920557484,0.2729275403979468,0.18281728480802364,4.0,3.0,5.0,0.0,0.0,5.665551087262038E-12