SentiMin,SentiMax,SentiAvg,SentiStdev,Senti0-0.20,Senti0.21-0.40,Senti0.41-0.60,Senti0.61-0.80,Senti0.81-1.00,SentiTotal
0.001396105185603549,0.49789225920557484,0.19560084118188534,0.18748520959416384,11.0,2.0,4.0,0.0,0.0,7.18760745886486E-20