TraitMin,TraitMax,TraitAvg,TraitStdev,TraitTotal
206.66666666666666,840.0,477.1481481481482,201.75618528074867,523.7209302325581
