TimeMin,TimeMax,TimeAvg,TimeStdev,TimeTotal
600.0,3440.0,1491.764705882353,863.7826203535896,25360.0
