TraitMin,TraitMax,TraitAvg,TraitStdev,TraitTotal
184.0,640.0,370.38724911452186,136.1269863787157,314.61538461538464
