TraitMin,TraitMax,TraitAvg,TraitStdev,TraitTotal
195.55555555555554,1320.0,625.8796296296296,330.29685319593733,395.74468085106383
