TraitMin,TraitMax,TraitAvg,TraitStdev,TraitTotal
120.0,760.0,341.81111111111113,181.25315527266358,274.1818181818182
