TraitMin,TraitMax,TraitAvg,TraitStdev,TraitTotal
350.0,720.0,506.8,174.42752076435644,408.42105263157896
