TraitMin,TraitMax,TraitAvg,TraitStdev,TraitTotal
280.0,1040.0,580.5,220.9804960389709,502.85714285714283
