SentiMin,SentiMax,SentiAvg,SentiStdev,Senti0-0.20,Senti0.21-0.40,Senti0.41-0.60,Senti0.61-0.80,Senti0.81-1.00,SentiTotal
0.0010545189456035535,0.49789225920557484,0.22897553840865684,0.15802117383519265,1.0,3.0,1.0,0.0,0.0,9.913653802174199E-6