SentiMin,SentiMax,SentiAvg,SentiStdev,Senti0-0.20,Senti0.21-0.40,Senti0.41-0.60,Senti0.61-0.80,Senti0.81-1.00,SentiTotal
0.06581250843035749,0.5084339856335751,0.3448243721056849,0.16391982183035606,3.0,3.0,9.0,0.0,0.0,7.61640464024215E-6