TimeMin,TimeMax,TimeAvg,TimeStdev,TimeTotal
560.0,1960.0,1173.3333333333333,389.30136855083816,14080.0
