SentiMin,SentiMax,SentiAvg,SentiStdev,Senti0-0.20,Senti0.21-0.40,Senti0.41-0.60,Senti0.61-0.80,Senti0.81-1.00,SentiTotal
0.04769906619802519,0.7300840865009319,0.37675092205222555,0.18742204712859045,2.0,5.0,3.0,2.0,0.0,7.456361748833533E-4