TraitMin,TraitMax,TraitAvg,TraitStdev,TraitTotal
240.0,1000.0,449.59523809523813,259.20526212604597,350.50847457627117
