TimeMin,TimeMax,TimeAvg,TimeStdev,TimeTotal
640.0,2480.0,1178.6666666666667,495.49795380225555,17680.0
