TimeMin,TimeMax,TimeAvg,TimeStdev,TimeTotal
720.0,2400.0,1337.7777777777778,580.9145620442491,12040.0
