TraitMin,TraitMax,TraitAvg,TraitStdev,TraitTotal
210.0,1240.0,485.87777777777774,275.0983155344222,369.2307692307692
