TimeMin,TimeMax,TimeAvg,TimeStdev,TimeTotal
680.0,2000.0,1073.3333333333333,427.9667692187742,6440.0
