SentiMin,SentiMax,SentiAvg,SentiStdev,Senti0-0.20,Senti0.21-0.40,Senti0.41-0.60,Senti0.61-0.80,Senti0.81-1.00,SentiTotal
1.5703855906867866E-4,0.6065445540702362,0.25729759886542075,0.22571037060148316,4.0,3.0,1.0,1.0,0.0,7.192641873317013E-11