TraitMin,TraitMax,TraitAvg,TraitStdev,TraitTotal
216.0,720.0,431.0555555555556,140.2063184324981,368.780487804878
