TimeMin,TimeMax,TimeAvg,TimeStdev,TimeTotal
480.0,12600.0,2502.222222222222,3654.5550809238284,22520.0
