TraitMin,TraitMax,TraitAvg,TraitStdev,TraitTotal
57.333333333333336,312.0,156.8095238095238,78.23760413594108,161.5142857142857
