TraitMin,TraitMax,TraitAvg,TraitStdev,TraitTotal
70.25,477.0,189.0486111111111,119.16496919116057,148.3
