SentiMin,SentiMax,SentiAvg,SentiStdev,Senti0-0.20,Senti0.21-0.40,Senti0.41-0.60,Senti0.61-0.80,Senti0.81-1.00,SentiTotal
6.654936574770062E-5,0.49789225920557484,0.21421674749811773,0.14930142376963668,4.0,5.0,1.0,0.0,0.0,7.564764494994693E-12