SentiMin,SentiMax,SentiAvg,SentiStdev,Senti0-0.20,Senti0.21-0.40,Senti0.41-0.60,Senti0.61-0.80,Senti0.81-1.00,SentiTotal
0.11231017698454476,0.5136446707795853,0.3752908074932517,0.14216557317998832,2.0,1.0,5.0,0.0,0.0,0.009226499041288439