SentiMin,SentiMax,SentiAvg,SentiStdev,Senti0-0.20,Senti0.21-0.40,Senti0.41-0.60,Senti0.61-0.80,Senti0.81-1.00,SentiTotal
0.017448896438198407,0.39697510199130176,0.16616199688016176,0.15241336212490197,3.0,2.0,0.0,0.0,0.0,1.6962182192468206E-5