TraitMin,TraitMax,TraitAvg,TraitStdev,TraitTotal
86.5,399.4,184.92777777777775,83.37235200660425,185.11475409836066
