TimeMin,TimeMax,TimeAvg,TimeStdev,TimeTotal
154.0,2382.0,628.1111111111111,667.9352005237972,5653.0
