TraitMin,TraitMax,TraitAvg,TraitStdev,TraitTotal
101.42857142857143,541.4,268.2181547619047,134.3308283088874,254.78048780487805
