TraitMin,TraitMax,TraitAvg,TraitStdev,TraitTotal
52.6,198.5,144.99811965811966,45.17258259116943,154.1917808219178
