SentiMin,SentiMax,SentiAvg,SentiStdev,Senti0-0.20,Senti0.21-0.40,Senti0.41-0.60,Senti0.61-0.80,Senti0.81-1.00,SentiTotal
0.13613572559540255,0.540222577411058,0.3833073267955894,0.1224083564328235,2.0,6.0,7.0,0.0,0.0,4.4055853004314335E-4