SentiMin,SentiMax,SentiAvg,SentiStdev,Senti0-0.20,Senti0.21-0.40,Senti0.41-0.60,Senti0.61-0.80,Senti0.81-1.00,SentiTotal
6.835470190667629E-4,0.49789225920557484,0.32869499027530347,0.167738395934867,3.0,2.0,4.0,0.0,0.0,6.787273054712115E-6