TraitMin,TraitMax,TraitAvg,TraitStdev,TraitTotal
93.6,295.0,167.76166666666668,74.77248075179651,144.93333333333334
