SentiMin,SentiMax,SentiAvg,SentiStdev,Senti0-0.20,Senti0.21-0.40,Senti0.41-0.60,Senti0.61-0.80,Senti0.81-1.00,SentiTotal
0.05214876375465937,0.49789225920557484,0.3155972632055968,0.13710111485837995,3.0,6.0,3.0,0.0,0.0,2.1198670072453825E-5