TraitMin,TraitMax,TraitAvg,TraitStdev,TraitTotal
193.33333333333334,553.3333333333334,334.57142857142856,123.2946804663223,330.90909090909093
