TraitMin,TraitMax,TraitAvg,TraitStdev,TraitTotal
169.0909090909091,640.0,397.7474747474747,145.74410922202355,314.2456140350877
