TraitMin,TraitMax,TraitAvg,TraitStdev,TraitTotal
188.0,542.8571428571429,341.74603174603175,104.45908711947571,317.6470588235294
