TimeMin,TimeMax,TimeAvg,TimeStdev,TimeTotal
320.0,3520.0,1498.8235294117646,866.3234170768897,25480.0
