SentiMin,SentiMax,SentiAvg,SentiStdev,Senti0-0.20,Senti0.21-0.40,Senti0.41-0.60,Senti0.61-0.80,Senti0.81-1.00,SentiTotal
0.006468471183857422,0.49789225920557484,0.273565669106171,0.19929367733034042,9.0,1.0,7.0,0.0,0.0,1.8893087983551986E-11