SentiMin,SentiMax,SentiAvg,SentiStdev,Senti0-0.20,Senti0.21-0.40,Senti0.41-0.60,Senti0.61-0.80,Senti0.81-1.00,SentiTotal
3.970500384084543E-4,0.49789225920557484,0.31507490247200276,0.17438894371361488,5.0,4.0,6.0,0.0,0.0,1.9374578598468567E-10