SentiMin,SentiMax,SentiAvg,SentiStdev,Senti0-0.20,Senti0.21-0.40,Senti0.41-0.60,Senti0.61-0.80,Senti0.81-1.00,SentiTotal
0.01493699116135092,0.49789225920557484,0.34199049976838575,0.16640427523084486,4.0,4.0,6.0,0.0,0.0,4.800036320724252E-6