TimeMin,TimeMax,TimeAvg,TimeStdev,TimeTotal
880.0,5200.0,2003.3333333333333,1147.339918633048,24040.0
