TraitMin,TraitMax,TraitAvg,TraitStdev,TraitTotal
245.0,833.8461538461538,482.7054334554335,158.18539350292946,498.73873873873873
