TimeMin,TimeMax,TimeAvg,TimeStdev,TimeTotal
440.0,5720.0,3022.8571428571427,1927.3498776870813,21160.0
