TimeMin,TimeMax,TimeAvg,TimeStdev,TimeTotal
840.0,7560.0,3274.285714285714,2581.2004800804116,22920.0
