TraitMin,TraitMax,TraitAvg,TraitStdev,TraitTotal
300.0,840.0,470.9206349206349,181.37442844993458,458.4
