SentiMin,SentiMax,SentiAvg,SentiStdev,Senti0-0.20,Senti0.21-0.40,Senti0.41-0.60,Senti0.61-0.80,Senti0.81-1.00,SentiTotal
4.795546807225601E-5,0.4532571726492947,0.17582159225034205,0.14315124744519764,4.0,2.0,1.0,0.0,0.0,3.275828499447071E-9