TraitMin,TraitMax,TraitAvg,TraitStdev,TraitTotal
288.8888888888889,707.3684210526316,476.9108347792559,137.21603850540404,536.2962962962963
