SentiMin,SentiMax,SentiAvg,SentiStdev,Senti0-0.20,Senti0.21-0.40,Senti0.41-0.60,Senti0.61-0.80,Senti0.81-1.00,SentiTotal
1.2785331143724425E-4,0.49789225920557484,0.16547072351241732,0.16603153034918683,5.0,1.0,1.0,0.0,0.0,1.6975135642996444E-10