TraitMin,TraitMax,TraitAvg,TraitStdev,TraitTotal
305.7142857142857,633.3333333333334,428.6746031746032,106.2778145236076,436.0655737704918
