TraitMin,TraitMax,TraitAvg,TraitStdev,TraitTotal
273.3333333333333,785.4545454545455,485.6520562770563,185.27574428967847,521.9672131147541
