SentiMin,SentiMax,SentiAvg,SentiStdev,Senti0-0.20,Senti0.21-0.40,Senti0.41-0.60,Senti0.61-0.80,Senti0.81-1.00,SentiTotal
0.02005969482630467,0.893706230626274,0.30740944703346995,0.3550915316226979,2.0,1.0,0.0,0.0,1.0,0.002102173354016464