TraitMin,TraitMax,TraitAvg,TraitStdev,TraitTotal
220.0,690.0,366.93877551020404,156.810586076307,306.6666666666667
