SentiMin,SentiMax,SentiAvg,SentiStdev,Senti0-0.20,Senti0.21-0.40,Senti0.41-0.60,Senti0.61-0.80,Senti0.81-1.00,SentiTotal
3.642340439543307E-4,0.8630968409662899,0.34585475824218215,0.27890835587946644,3.0,1.0,3.0,0.0,1.0,3.1292015422965877E-6