TraitMin,TraitMax,TraitAvg,TraitStdev,TraitTotal
220.0,844.0,554.25,221.81791519171756,595.8620689655172
