SentiMin,SentiMax,SentiAvg,SentiStdev,Senti0-0.20,Senti0.21-0.40,Senti0.41-0.60,Senti0.61-0.80,Senti0.81-1.00,SentiTotal
0.0024626346129969965,0.28139725746447986,0.09784322569698715,0.1115454169617766,7.0,3.0,0.0,0.0,0.0,1.1883349140165043E-15