SentiMin,SentiMax,SentiAvg,SentiStdev,Senti0-0.20,Senti0.21-0.40,Senti0.41-0.60,Senti0.61-0.80,Senti0.81-1.00,SentiTotal
2.1288325620987092E-4,0.8025160304091266,0.28535460101606785,0.2508871909213172,7.0,3.0,4.0,1.0,1.0,1.1893091528435603E-13