SentiMin,SentiMax,SentiAvg,SentiStdev,Senti0-0.20,Senti0.21-0.40,Senti0.41-0.60,Senti0.61-0.80,Senti0.81-1.00,SentiTotal
0.0011653076930664605,0.6251403507320086,0.18041172827762575,0.1881273852530234,7.0,4.0,0.0,1.0,0.0,9.289268169486098E-14