TimeMin,TimeMax,TimeAvg,TimeStdev,TimeTotal
560.0,10840.0,4613.333333333333,3304.5154292607294,55360.0
