TraitMin,TraitMax,TraitAvg,TraitStdev,TraitTotal
188.0,760.0,369.78314659197014,175.22381138049792,306.26262626262627
