TraitMin,TraitMax,TraitAvg,TraitStdev,TraitTotal
280.0,840.0,641.7692307692307,164.97098853502072,647.2340425531914
