SentiMin,SentiMax,SentiAvg,SentiStdev,Senti0-0.20,Senti0.21-0.40,Senti0.41-0.60,Senti0.61-0.80,Senti0.81-1.00,SentiTotal
3.851797592059567E-4,0.8945808700703616,0.25827289466300246,0.31721370281022887,3.0,2.0,0.0,0.0,1.0,9.301269345988865E-9