TraitMin,TraitMax,TraitAvg,TraitStdev,TraitTotal
342.85714285714283,1080.0,564.9971988795519,235.29754085811834,516.7567567567568
