TimeMin,TimeMax,TimeAvg,TimeStdev,TimeTotal
600.0,5280.0,1493.3333333333333,1159.4634774565156,22400.0
