TraitMin,TraitMax,TraitAvg,TraitStdev,TraitTotal
338.1818181818182,620.0,467.7506493506494,102.76428393967758,416.4102564102564
