TimeMin,TimeMax,TimeAvg,TimeStdev,TimeTotal
600.0,3000.0,1731.4285714285713,771.1110457631632,24240.0
