TimeMin,TimeMax,TimeAvg,TimeStdev,TimeTotal
400.0,4840.0,1565.5882352941176,943.3137497406825,26615.0
