SentiMin,SentiMax,SentiAvg,SentiStdev,Senti0-0.20,Senti0.21-0.40,Senti0.41-0.60,Senti0.61-0.80,Senti0.81-1.00,SentiTotal
0.008712080813147994,0.5628056929000496,0.43340331247912145,0.1580428239397913,2.0,2.0,12.0,0.0,0.0,0.0010915568949365871