TraitMin,TraitMax,TraitAvg,TraitStdev,TraitTotal
280.0,960.0,450.82539682539687,164.61856933106515,423.44827586206895
