SentiMin,SentiMax,SentiAvg,SentiStdev,Senti0-0.20,Senti0.21-0.40,Senti0.41-0.60,Senti0.61-0.80,Senti0.81-1.00,SentiTotal
0.006741613774139437,0.5136446707795853,0.3363720921477864,0.17365393407936386,3.0,5.0,7.0,0.0,0.0,1.4461835006165596E-7