SentiMin,SentiMax,SentiAvg,SentiStdev,Senti0-0.20,Senti0.21-0.40,Senti0.41-0.60,Senti0.61-0.80,Senti0.81-1.00,SentiTotal
0.003874253219022093,0.49789225920557484,0.2753163429802462,0.17160681161892277,5.0,7.0,3.0,0.0,0.0,1.823957069872324E-10