SentiMin,SentiMax,SentiAvg,SentiStdev,Senti0-0.20,Senti0.21-0.40,Senti0.41-0.60,Senti0.61-0.80,Senti0.81-1.00,SentiTotal
0.03973586319595353,0.8407957833749193,0.39736613675856264,0.23330539046488413,3.0,3.0,5.0,1.0,1.0,2.749913908421178E-4