SentiMin,SentiMax,SentiAvg,SentiStdev,Senti0-0.20,Senti0.21-0.40,Senti0.41-0.60,Senti0.61-0.80,Senti0.81-1.00,SentiTotal
0.003363642740181844,0.5136446707795853,0.16877780100780168,0.20697197152367458,3.0,1.0,1.0,0.0,0.0,1.9318874565010326E-7