TraitMin,TraitMax,TraitAvg,TraitStdev,TraitTotal
221.53846153846155,680.0,369.6336996336996,130.18718359891292,310.7692307692308
