TimeMin,TimeMax,TimeAvg,TimeStdev,TimeTotal
920.0,2800.0,1775.3846153846155,534.9423460612063,23080.0
