TimeMin,TimeMax,TimeAvg,TimeStdev,TimeTotal
840.0,3560.0,1950.7692307692307,838.3359115484175,25360.0
