TraitMin,TraitMax,TraitAvg,TraitStdev,TraitTotal
245.71428571428572,1060.0,435.9439775910364,203.1716714685228,392.0
