SentiMin,SentiMax,SentiAvg,SentiStdev,Senti0-0.20,Senti0.21-0.40,Senti0.41-0.60,Senti0.61-0.80,Senti0.81-1.00,SentiTotal
0.010116839867136096,0.8658776862112383,0.360540794758916,0.27281442247632914,3.0,2.0,2.0,0.0,1.0,2.0703499360170402E-4