TraitMin,TraitMax,TraitAvg,TraitStdev,TraitTotal
182.85714285714286,4840.0,903.1994047619048,1085.2406155577244,609.6511627906976
