SentiMin,SentiMax,SentiAvg,SentiStdev,Senti0-0.20,Senti0.21-0.40,Senti0.41-0.60,Senti0.61-0.80,Senti0.81-1.00,SentiTotal
0.020064943711720094,0.5136446707795853,0.2783176989269483,0.1805004030133364,4.0,5.0,5.0,0.0,0.0,1.4022573177751388E-8