TraitMin,TraitMax,TraitAvg,TraitStdev,TraitTotal
200.0,1160.0,529.032967032967,305.0827199848529,366.3492063492063
