TimeMin,TimeMax,TimeAvg,TimeStdev,TimeTotal
520.0,5160.0,1717.3333333333333,1053.296201877178,25760.0
