TraitMin,TraitMax,TraitAvg,TraitStdev,TraitTotal
260.0,960.0,545.7777777777777,209.77458777696768,477.037037037037
