TimeMin,TimeMax,TimeAvg,TimeStdev,TimeTotal
800.0,3680.0,1637.3333333333333,771.9712142013817,24560.0
