TraitMin,TraitMax,TraitAvg,TraitStdev,TraitTotal
193.84615384615384,740.0,435.3727810650888,145.58709799877283,367.536231884058
