TraitMin,TraitMax,TraitAvg,TraitStdev,TraitTotal
190.0,1360.0,483.3992673992674,356.5065068488831,382.50602409638554
