TraitMin,TraitMax,TraitAvg,TraitStdev,TraitTotal
160.0,960.0,426.1333333333333,277.0788576079621,350.0
