SentiMin,SentiMax,SentiAvg,SentiStdev,Senti0-0.20,Senti0.21-0.40,Senti0.41-0.60,Senti0.61-0.80,Senti0.81-1.00,SentiTotal
0.005130761765951476,0.9962675074630238,0.23477644857816432,0.27372815296486214,8.0,2.0,2.0,0.0,1.0,2.66426844057227E-10