SentiMin,SentiMax,SentiAvg,SentiStdev,Senti0-0.20,Senti0.21-0.40,Senti0.41-0.60,Senti0.61-0.80,Senti0.81-1.00,SentiTotal
9.148058980852887E-6,0.5767754464330223,0.25191709405561286,0.24104793724950768,2.0,0.0,1.0,0.0,0.0,2.7637715626121203E-6