TimeMin,TimeMax,TimeAvg,TimeStdev,TimeTotal
1120.0,6120.0,2442.153846153846,1662.726299052893,31748.0
