SentiMin,SentiMax,SentiAvg,SentiStdev,Senti0-0.20,Senti0.21-0.40,Senti0.41-0.60,Senti0.61-0.80,Senti0.81-1.00,SentiTotal
0.0024053850635141682,0.49789225920557484,0.22891257704741544,0.18702870371780594,4.0,2.0,2.0,0.0,0.0,5.1903236965045046E-8