SentiMin,SentiMax,SentiAvg,SentiStdev,Senti0-0.20,Senti0.21-0.40,Senti0.41-0.60,Senti0.61-0.80,Senti0.81-1.00,SentiTotal
2.1711718011224545E-4,0.37356359750014606,0.11545819151424046,0.14504406294901942,4.0,1.0,0.0,0.0,0.0,1.4987061796151598E-9