TimeMin,TimeMax,TimeAvg,TimeStdev,TimeTotal
800.0,3200.0,1426.6666666666667,803.5476892436994,8560.0
