SentiMin,SentiMax,SentiAvg,SentiStdev,Senti0-0.20,Senti0.21-0.40,Senti0.41-0.60,Senti0.61-0.80,Senti0.81-1.00,SentiTotal
2.9557686509647214E-4,0.9611958417475951,0.31767620663206764,0.2882249103818039,4.0,3.0,3.0,0.0,1.0,1.2712178737001945E-10