SentiMin,SentiMax,SentiAvg,SentiStdev,Senti0-0.20,Senti0.21-0.40,Senti0.41-0.60,Senti0.61-0.80,Senti0.81-1.00,SentiTotal
0.03588034173813443,0.8051584000105577,0.43039413669518783,0.2141468601563253,1.0,3.0,3.0,1.0,1.0,0.021136483290775332