TraitMin,TraitMax,TraitAvg,TraitStdev,TraitTotal
306.6666666666667,1160.0,691.1851851851851,326.08925200679096,571.2
