SentiMin,SentiMax,SentiAvg,SentiStdev,Senti0-0.20,Senti0.21-0.40,Senti0.41-0.60,Senti0.61-0.80,Senti0.81-1.00,SentiTotal
2.5043334884792526E-4,0.9611958417475951,0.37448818212593155,0.35686396838891427,6.0,0.0,2.0,2.0,2.0,2.467626038935564E-8