TraitMin,TraitMax,TraitAvg,TraitStdev,TraitTotal
266.6666666666667,600.0,405.3703703703704,128.3744790007366,372.17391304347825
