SentiMin,SentiMax,SentiAvg,SentiStdev,Senti0-0.20,Senti0.21-0.40,Senti0.41-0.60,Senti0.61-0.80,Senti0.81-1.00,SentiTotal
0.006529831182138082,0.019646608985696704,0.013088220083917393,0.006558388901779311,2.0,0.0,0.0,0.0,0.0,1.328176908843296E-4