TimeMin,TimeMax,TimeAvg,TimeStdev,TimeTotal
560.0,6160.0,2145.4545454545455,1662.3551947127394,23600.0
