TraitMin,TraitMax,TraitAvg,TraitStdev,TraitTotal
154.28571428571428,1200.0,612.6190476190477,361.8871392952526,376.0
