TraitMin,TraitMax,TraitAvg,TraitStdev,TraitTotal
310.0,1240.0,627.7520661157025,256.3278100575431,503.2
