TraitMin,TraitMax,TraitAvg,TraitStdev,TraitTotal
340.0,1000.0,540.955710955711,200.97229713330898,462.7450980392157
