TraitMin,TraitMax,TraitAvg,TraitStdev,TraitTotal
304.0,371.42857142857144,337.7142857142857,33.71428571428572,343.3333333333333
