TimeMin,TimeMax,TimeAvg,TimeStdev,TimeTotal
920.0,2320.0,1586.6666666666667,454.50828130824834,14280.0
