TraitMin,TraitMax,TraitAvg,TraitStdev,TraitTotal
224.0,640.0,396.7619047619047,156.91082436441755,355.38461538461536
