TimeMin,TimeMax,TimeAvg,TimeStdev,TimeTotal
840.0,4480.0,2287.2727272727275,969.921186199176,25160.0
