SentiMin,SentiMax,SentiAvg,SentiStdev,Senti0-0.20,Senti0.21-0.40,Senti0.41-0.60,Senti0.61-0.80,Senti0.81-1.00,SentiTotal
0.07004029920523502,0.6921459309296395,0.28812949555230954,0.21626322311225527,3.0,1.0,1.0,1.0,0.0,9.416158018437579E-4