TimeMin,TimeMax,TimeAvg,TimeStdev,TimeTotal
400.0,3600.0,2222.222222222222,841.081021038174,40000.0
