TimeMin,TimeMax,TimeAvg,TimeStdev,TimeTotal
800.0,3400.0,2058.823529411765,757.0988151601844,35000.0
