SentiMin,SentiMax,SentiAvg,SentiStdev,Senti0-0.20,Senti0.21-0.40,Senti0.41-0.60,Senti0.61-0.80,Senti0.81-1.00,SentiTotal
0.01085601603183113,0.5821709030920309,0.1812213571886579,0.1846706907259404,5.0,2.0,1.0,0.0,0.0,4.7649506429290136E-8