SentiMin,SentiMax,SentiAvg,SentiStdev,Senti0-0.20,Senti0.21-0.40,Senti0.41-0.60,Senti0.61-0.80,Senti0.81-1.00,SentiTotal
4.3223132347183115E-6,0.47371072416927557,0.09265368652380473,0.1337399057571747,14.0,2.0,1.0,0.0,0.0,1.973148399337205E-30