TraitMin,TraitMax,TraitAvg,TraitStdev,TraitTotal
225.0,1280.0,363.84134384134387,230.31006474530463,300.7518796992481
