SentiMin,SentiMax,SentiAvg,SentiStdev,Senti0-0.20,Senti0.21-0.40,Senti0.41-0.60,Senti0.61-0.80,Senti0.81-1.00,SentiTotal
0.012445845725449647,0.4659600596096897,0.27484473963019906,0.1763723745683558,2.0,1.0,2.0,0.0,0.0,6.395603488911614E-4