SentiMin,SentiMax,SentiAvg,SentiStdev,Senti0-0.20,Senti0.21-0.40,Senti0.41-0.60,Senti0.61-0.80,Senti0.81-1.00,SentiTotal
0.061218034228925175,0.9979657174043428,0.3574437780021069,0.32677388558012344,4.0,2.0,2.0,0.0,2.0,0.017726679464826967