SentiMin,SentiMax,SentiAvg,SentiStdev,Senti0-0.20,Senti0.21-0.40,Senti0.41-0.60,Senti0.61-0.80,Senti0.81-1.00,SentiTotal
2.704631557598068E-6,0.5136446707795853,0.1131135452498472,0.1678978574719863,14.0,2.0,2.0,0.0,0.0,4.945184173812234E-35