TraitMin,TraitMax,TraitAvg,TraitStdev,TraitTotal
202.85714285714286,840.0,392.7755392755393,165.99978967323932,333.3333333333333
