SentiMin,SentiMax,SentiAvg,SentiStdev,Senti0-0.20,Senti0.21-0.40,Senti0.41-0.60,Senti0.61-0.80,Senti0.81-1.00,SentiTotal
9.129895582275897E-7,0.9956974504181785,0.15123723609368617,0.24903006088978846,15.0,1.0,1.0,0.0,1.0,2.933647886940686E-28