SentiMin,SentiMax,SentiAvg,SentiStdev,Senti0-0.20,Senti0.21-0.40,Senti0.41-0.60,Senti0.61-0.80,Senti0.81-1.00,SentiTotal
2.598093718015551E-4,0.48728019602140255,0.16703490263158616,0.16472082329115748,9.0,2.0,2.0,0.0,0.0,6.870777285159578E-17