SentiMin,SentiMax,SentiAvg,SentiStdev,Senti0-0.20,Senti0.21-0.40,Senti0.41-0.60,Senti0.61-0.80,Senti0.81-1.00,SentiTotal
0.004468011282135997,0.49789225920557484,0.19319625761967432,0.1839793873742936,10.0,3.0,3.0,0.0,0.0,2.0188019229588503E-16