TraitMin,TraitMax,TraitAvg,TraitStdev,TraitTotal
168.88888888888889,760.0,371.8031746031746,173.24858315329985,304.13793103448273
