SentiMin,SentiMax,SentiAvg,SentiStdev,Senti0-0.20,Senti0.21-0.40,Senti0.41-0.60,Senti0.61-0.80,Senti0.81-1.00,SentiTotal
2.1652618921007126E-5,0.39697510199130176,0.10650468502615058,0.12409238646656587,8.0,2.0,0.0,0.0,0.0,1.4534714994149963E-18