SentiMin,SentiMax,SentiAvg,SentiStdev,Senti0-0.20,Senti0.21-0.40,Senti0.41-0.60,Senti0.61-0.80,Senti0.81-1.00,SentiTotal
4.190549569186608E-4,0.9496372501312157,0.23034251416791868,0.2626231131000838,9.0,3.0,3.0,0.0,1.0,3.126390392397816E-18