TraitMin,TraitMax,TraitAvg,TraitStdev,TraitTotal
206.66666666666666,640.0,318.3467643467643,120.06601594279566,278.7692307692308
