TraitMin,TraitMax,TraitAvg,TraitStdev,TraitTotal
221.8181818181818,920.0,476.87851731601734,200.0760733201908,390.0
