TraitMin,TraitMax,TraitAvg,TraitStdev,TraitTotal
210.0,1080.0,505.1693722943723,265.7283313940712,374.05405405405406
