TraitMin,TraitMax,TraitAvg,TraitStdev,TraitTotal
230.0,464.0,305.2761904761905,86.05712599337933,293.3333333333333
