TraitMin,TraitMax,TraitAvg,TraitStdev,TraitTotal
240.0,1520.0,521.25,393.5802103059101,353.48837209302326
