TraitMin,TraitMax,TraitAvg,TraitStdev,TraitTotal
203.07692307692307,546.6666666666666,318.06333943833937,86.05930770667788,293.3333333333333
