TimeMin,TimeMax,TimeAvg,TimeStdev,TimeTotal
1000.0,4040.0,2222.222222222222,890.8644712709332,40000.0
