TraitMin,TraitMax,TraitAvg,TraitStdev,TraitTotal
203.63636363636363,780.0,389.79254079254076,159.7711548418922,330.5
