SentiMin,SentiMax,SentiAvg,SentiStdev,Senti0-0.20,Senti0.21-0.40,Senti0.41-0.60,Senti0.61-0.80,Senti0.81-1.00,SentiTotal
0.0010048268722401476,0.6926518848669703,0.16431536669762098,0.21544492635143558,11.0,2.0,2.0,1.0,0.0,1.2441890635951861E-23