TimeMin,TimeMax,TimeAvg,TimeStdev,TimeTotal
777.0,3320.0,1881.3076923076924,763.0196473541953,24457.0
