TraitMin,TraitMax,TraitAvg,TraitStdev,TraitTotal
120.0,476.6666666666667,306.11111111111114,121.09709399006859,357.5
