SentiMin,SentiMax,SentiAvg,SentiStdev,Senti0-0.20,Senti0.21-0.40,Senti0.41-0.60,Senti0.61-0.80,Senti0.81-1.00,SentiTotal
0.010364856991776791,0.5136446707795853,0.21820254337015657,0.16511254738867867,5.0,3.0,2.0,0.0,0.0,3.891606923751807E-8