SentiMin,SentiMax,SentiAvg,SentiStdev,Senti0-0.20,Senti0.21-0.40,Senti0.41-0.60,Senti0.61-0.80,Senti0.81-1.00,SentiTotal
6.720863429788893E-4,0.029608885629010394,0.015140485985994642,0.014468399643015753,2.0,0.0,0.0,0.0,0.0,2.0694019708372848E-5