TraitMin,TraitMax,TraitAvg,TraitStdev,TraitTotal
242.66666666666666,280.0,261.3333333333333,18.66666666666667,252.0
