SentiMin,SentiMax,SentiAvg,SentiStdev,Senti0-0.20,Senti0.21-0.40,Senti0.41-0.60,Senti0.61-0.80,Senti0.81-1.00,SentiTotal
1.7484917137305958E-4,0.5293700225891195,0.23970099908189846,0.1989640211397197,4.0,2.0,2.0,0.0,0.0,1.53829587651096E-8