SentiMin,SentiMax,SentiAvg,SentiStdev,Senti0-0.20,Senti0.21-0.40,Senti0.41-0.60,Senti0.61-0.80,Senti0.81-1.00,SentiTotal
0.1371781817927393,0.5450372860724226,0.2767590205062639,0.14487839279614675,2.0,4.0,2.0,0.0,0.0,2.319825569618295E-4