TimeMin,TimeMax,TimeAvg,TimeStdev,TimeTotal
360.0,5720.0,1906.6666666666667,1795.0549357115012,11440.0
