TraitMin,TraitMax,TraitAvg,TraitStdev,TraitTotal
120.0,650.0,374.77272727272725,178.88009627394325,321.7391304347826
