TraitMin,TraitMax,TraitAvg,TraitStdev,TraitTotal
231.57894736842104,840.0,496.07655502392345,219.38203415995258,351.57894736842104
