SentiMin,SentiMax,SentiAvg,SentiStdev,Senti0-0.20,Senti0.21-0.40,Senti0.41-0.60,Senti0.61-0.80,Senti0.81-1.00,SentiTotal
0.06581431251355091,0.35482546865877557,0.22144676084541678,0.09567936891987522,3.0,3.0,0.0,0.0,0.0,2.682333670021098E-4