TraitMin,TraitMax,TraitAvg,TraitStdev,TraitTotal
246.66666666666666,1000.0,492.95126705653024,220.4705777634902,410.0
