TimeMin,TimeMax,TimeAvg,TimeStdev,TimeTotal
840.0,4640.0,2195.5555555555557,1400.5007922653247,19760.0
