TimeMin,TimeMax,TimeAvg,TimeStdev,TimeTotal
920.0,2920.0,1986.6666666666667,623.1104770958892,17880.0
