TimeMin,TimeMax,TimeAvg,TimeStdev,TimeTotal
800.0,3680.0,1666.6666666666667,877.9774737682309,15000.0
