TraitMin,TraitMax,TraitAvg,TraitStdev,TraitTotal
230.0,1160.0,760.8571428571429,309.3659084419653,529.0909090909091
