SentiMin,SentiMax,SentiAvg,SentiStdev,Senti0-0.20,Senti0.21-0.40,Senti0.41-0.60,Senti0.61-0.80,Senti0.81-1.00,SentiTotal
0.003662524413811781,0.8504127361798577,0.22354306641107105,0.3006170293413327,4.0,1.0,0.0,0.0,1.0,2.836877464706179E-7