TimeMin,TimeMax,TimeAvg,TimeStdev,TimeTotal
1120.0,7920.0,3196.3636363636365,2264.762771952758,35160.0
