TimeMin,TimeMax,TimeAvg,TimeStdev,TimeTotal
800.0,2360.0,1246.6666666666667,522.2600459115704,7480.0
