SentiMin,SentiMax,SentiAvg,SentiStdev,Senti0-0.20,Senti0.21-0.40,Senti0.41-0.60,Senti0.61-0.80,Senti0.81-1.00,SentiTotal
3.204649163644709E-4,0.39697510199130176,0.2338308414099358,0.16700452451591566,2.0,4.0,0.0,0.0,0.0,3.2979750905179563E-8