SentiMin,SentiMax,SentiAvg,SentiStdev,Senti0-0.20,Senti0.21-0.40,Senti0.41-0.60,Senti0.61-0.80,Senti0.81-1.00,SentiTotal
0.35785643069366135,0.9822531531357362,0.5573620533613349,0.21009525701635032,0.0,2.0,2.0,1.0,1.0,0.9704018048500155