TraitMin,TraitMax,TraitAvg,TraitStdev,TraitTotal
280.0,960.0,451.6,258.47676878203197,343.7037037037037
