TraitMin,TraitMax,TraitAvg,TraitStdev,TraitTotal
276.0,840.0,466.70370370370375,191.4207081722006,380.0
