TraitMin,TraitMax,TraitAvg,TraitStdev,TraitTotal
151.11111111111111,700.0,423.44988344988354,125.33466326042975,413.6470588235294
