SentiMin,SentiMax,SentiAvg,SentiStdev,Senti0-0.20,Senti0.21-0.40,Senti0.41-0.60,Senti0.61-0.80,Senti0.81-1.00,SentiTotal
4.19750040389695E-5,0.8006474993385083,0.3076906061965048,0.2680413185904112,3.0,4.0,0.0,1.0,1.0,3.26033023564766E-8