TimeMin,TimeMax,TimeAvg,TimeStdev,TimeTotal
800.0,3880.0,1662.857142857143,999.395735799735,11640.0
