TraitMin,TraitMax,TraitAvg,TraitStdev,TraitTotal
264.0,1000.0,497.7222222222222,270.97906050942,390.5882352941176
