SentiMin,SentiMax,SentiAvg,SentiStdev,Senti0-0.20,Senti0.21-0.40,Senti0.41-0.60,Senti0.61-0.80,Senti0.81-1.00,SentiTotal
1.4689636901902734E-4,0.47996152908629514,0.18706502557363222,0.18746880392342713,5.0,3.0,1.0,0.0,0.0,1.0420753296640802E-12