TraitMin,TraitMax,TraitAvg,TraitStdev,TraitTotal
211.42857142857142,1000.0,451.9603174603174,259.6728862887302,356.6666666666667
