SentiMin,SentiMax,SentiAvg,SentiStdev,Senti0-0.20,Senti0.21-0.40,Senti0.41-0.60,Senti0.61-0.80,Senti0.81-1.00,SentiTotal
0.04192092869730997,0.5755436691302463,0.24465511901957052,0.1624351475649033,3.0,2.0,1.0,0.0,0.0,3.1701842870217117E-4