TraitMin,TraitMax,TraitAvg,TraitStdev,TraitTotal
235.0,500.0,323.7651515151515,82.32069413419967,308.6792452830189
