SentiMin,SentiMax,SentiAvg,SentiStdev,Senti0-0.20,Senti0.21-0.40,Senti0.41-0.60,Senti0.61-0.80,Senti0.81-1.00,SentiTotal
3.176153808412609E-5,0.9004455815667005,0.28308090276261094,0.27772287469244883,3.0,4.0,1.0,0.0,1.0,3.6443798084965376E-11