SentiMin,SentiMax,SentiAvg,SentiStdev,Senti0-0.20,Senti0.21-0.40,Senti0.41-0.60,Senti0.61-0.80,Senti0.81-1.00,SentiTotal
8.107202846265679E-7,0.07768933920014327,0.05424936072305975,0.031558261973825656,4.0,0.0,0.0,0.0,0.0,3.9191457730564416E-10