SentiMin,SentiMax,SentiAvg,SentiStdev,Senti0-0.20,Senti0.21-0.40,Senti0.41-0.60,Senti0.61-0.80,Senti0.81-1.00,SentiTotal
0.030831643981800744,0.8696857809652462,0.37406629440116484,0.24835118953690766,1.0,3.0,2.0,0.0,1.0,2.613933891114553E-4