TraitMin,TraitMax,TraitAvg,TraitStdev,TraitTotal
220.0,680.0,424.10256410256414,168.01114517991948,453.7142857142857
