TimeMin,TimeMax,TimeAvg,TimeStdev,TimeTotal
1160.0,9280.0,2924.4444444444443,2544.84712970745,26320.0
