SentiMin,SentiMax,SentiAvg,SentiStdev,Senti0-0.20,Senti0.21-0.40,Senti0.41-0.60,Senti0.61-0.80,Senti0.81-1.00,SentiTotal
0.01859263263297056,0.5755436691302463,0.16489225500494753,0.16989258162816467,5.0,2.0,1.0,0.0,0.0,3.4027470072125558E-9