TimeMin,TimeMax,TimeAvg,TimeStdev,TimeTotal
680.0,9080.0,2915.5555555555557,2536.1699518548353,26240.0
