TimeMin,TimeMax,TimeAvg,TimeStdev,TimeTotal
880.0,8120.0,2646.6666666666665,2526.9129167600713,15880.0
