TraitMin,TraitMax,TraitAvg,TraitStdev,TraitTotal
191.11111111111111,1000.0,690.2777777777778,337.4499276984716,400.0
