TraitMin,TraitMax,TraitAvg,TraitStdev,TraitTotal
330.0,1000.0,635.0,307.9366818032564,490.90909090909093
