TraitMin,TraitMax,TraitAvg,TraitStdev,TraitTotal
185.0,1000.0,522.0370370370371,284.06151394123054,365.8536585365854
