TraitMin,TraitMax,TraitAvg,TraitStdev,TraitTotal
193.33333333333334,713.8461538461538,387.9802604802605,164.464916793506,411.25
