SentiMin,SentiMax,SentiAvg,SentiStdev,Senti0-0.20,Senti0.21-0.40,Senti0.41-0.60,Senti0.61-0.80,Senti0.81-1.00,SentiTotal
9.476741491792866E-5,0.8903800351238652,0.26007773283243674,0.3315482136738893,5.0,0.0,1.0,1.0,1.0,2.899796169015349E-11