TraitMin,TraitMax,TraitAvg,TraitStdev,TraitTotal
313.3333333333333,526.6666666666666,421.48148148148147,70.54434634396574,416.47058823529414
