TraitMin,TraitMax,TraitAvg,TraitStdev,TraitTotal
177.14285714285714,320.0,268.17460317460313,54.45687997182782,276.7567567567568
