TraitMin,TraitMax,TraitAvg,TraitStdev,TraitTotal
260.0,920.0,644.0,265.4505603685929,418.46153846153845
