TimeMin,TimeMax,TimeAvg,TimeStdev,TimeTotal
800.0,1880.0,1217.7777777777778,347.2359997266597,10960.0
