TimeMin,TimeMax,TimeAvg,TimeStdev,TimeTotal
1080.0,6560.0,2735.3846153846152,1496.542761395875,35560.0
