SentiMin,SentiMax,SentiAvg,SentiStdev,Senti0-0.20,Senti0.21-0.40,Senti0.41-0.60,Senti0.61-0.80,Senti0.81-1.00,SentiTotal
0.04192092869730997,0.49789225920557484,0.23388242824321448,0.1383816451441393,3.0,5.0,1.0,0.0,0.0,1.1308973397756495E-6