SentiMin,SentiMax,SentiAvg,SentiStdev,Senti0-0.20,Senti0.21-0.40,Senti0.41-0.60,Senti0.61-0.80,Senti0.81-1.00,SentiTotal
0.005597336271141641,0.39697510199130176,0.21204296294266137,0.12407575874558958,1.0,4.0,0.0,0.0,0.0,8.481374531495091E-5