TimeMin,TimeMax,TimeAvg,TimeStdev,TimeTotal
720.0,1880.0,1461.8181818181818,376.9209751229073,16080.0
