TraitMin,TraitMax,TraitAvg,TraitStdev,TraitTotal
200.0,740.0,379.45117845117846,136.33876387040374,342.0
