SentiMin,SentiMax,SentiAvg,SentiStdev,Senti0-0.20,Senti0.21-0.40,Senti0.41-0.60,Senti0.61-0.80,Senti0.81-1.00,SentiTotal
0.03450974901541744,0.43796879524747484,0.22910804404518617,0.14836982913735594,4.0,5.0,1.0,0.0,0.0,2.707268744323017E-7