SentiMin,SentiMax,SentiAvg,SentiStdev,Senti0-0.20,Senti0.21-0.40,Senti0.41-0.60,Senti0.61-0.80,Senti0.81-1.00,SentiTotal
0.1631183281988979,0.8185852270407171,0.3918026320643211,0.18267494652160038,2.0,8.0,5.0,1.0,1.0,3.9543253089850683E-4