TimeMin,TimeMax,TimeAvg,TimeStdev,TimeTotal
720.0,3040.0,1550.7692307692307,863.9307445397152,20160.0
