TimeMin,TimeMax,TimeAvg,TimeStdev,TimeTotal
680.0,3400.0,1437.6470588235295,677.0830986602379,24440.0
