TraitMin,TraitMax,TraitAvg,TraitStdev,TraitTotal
184.0,1120.0,522.0854700854701,309.6402414328887,336.0
