TimeMin,TimeMax,TimeAvg,TimeStdev,TimeTotal
800.0,6800.0,2657.777777777778,1773.1940908853203,23920.0
