TraitMin,TraitMax,TraitAvg,TraitStdev,TraitTotal
220.0,1280.0,681.7575757575759,329.59016763887854,487.27272727272725
