TraitMin,TraitMax,TraitAvg,TraitStdev,TraitTotal
280.0,960.0,626.0,255.5621255194126,458.3333333333333
