SentiMin,SentiMax,SentiAvg,SentiStdev,Senti0-0.20,Senti0.21-0.40,Senti0.41-0.60,Senti0.61-0.80,Senti0.81-1.00,SentiTotal
0.0011622445147572288,0.6746584212845232,0.1607965414468526,0.16889105082643477,12.0,4.0,1.0,1.0,0.0,9.104151193178869E-20