SentiMin,SentiMax,SentiAvg,SentiStdev,Senti0-0.20,Senti0.21-0.40,Senti0.41-0.60,Senti0.61-0.80,Senti0.81-1.00,SentiTotal
1.0540781285693593E-5,0.49789225920557484,0.134244099498339,0.17708330938135156,9.0,2.0,2.0,0.0,0.0,1.9147412250829538E-25