SentiMin,SentiMax,SentiAvg,SentiStdev,Senti0-0.20,Senti0.21-0.40,Senti0.41-0.60,Senti0.61-0.80,Senti0.81-1.00,SentiTotal
0.08560637463250102,0.6434832549269731,0.36454481477973705,0.27893844014723607,1.0,0.0,0.0,1.0,0.0,0.1455976053281704