SentiMin,SentiMax,SentiAvg,SentiStdev,Senti0-0.20,Senti0.21-0.40,Senti0.41-0.60,Senti0.61-0.80,Senti0.81-1.00,SentiTotal
0.01168597030628241,0.5066970890749674,0.24461551375907023,0.18585564537956575,7.0,4.0,5.0,0.0,0.0,2.369818357217608E-12