TraitMin,TraitMax,TraitAvg,TraitStdev,TraitTotal
300.0,1080.0,658.7777777777778,275.87188384519413,470.0
