SentiMin,SentiMax,SentiAvg,SentiStdev,Senti0-0.20,Senti0.21-0.40,Senti0.41-0.60,Senti0.61-0.80,Senti0.81-1.00,SentiTotal
3.454079379178508E-4,0.6039342461624397,0.2090265544338822,0.21278834270713,5.0,2.0,1.0,1.0,0.0,1.644270635410386E-11