SentiMin,SentiMax,SentiAvg,SentiStdev,Senti0-0.20,Senti0.21-0.40,Senti0.41-0.60,Senti0.61-0.80,Senti0.81-1.00,SentiTotal
0.002856799043041012,0.5495922250151081,0.2495467010855115,0.22437793871076253,11.0,0.0,8.0,0.0,0.0,3.514687494964377E-16