TraitMin,TraitMax,TraitAvg,TraitStdev,TraitTotal
124.0,1500.0,559.1238095238095,325.1181906378016,429.8181818181818
