TraitMin,TraitMax,TraitAvg,TraitStdev,TraitTotal
186.66666666666666,960.0,536.0761904761905,294.7699046533455,349.7142857142857
