TraitMin,TraitMax,TraitAvg,TraitStdev,TraitTotal
200.0,1040.0,471.1666666666667,261.7380475887209,358.0952380952381
