SentiMin,SentiMax,SentiAvg,SentiStdev,Senti0-0.20,Senti0.21-0.40,Senti0.41-0.60,Senti0.61-0.80,Senti0.81-1.00,SentiTotal
0.015146039645968465,0.5628056929000496,0.2786191131810655,0.18919451523241487,3.0,3.0,2.0,0.0,0.0,1.9207326444248258E-5