TimeMin,TimeMax,TimeAvg,TimeStdev,TimeTotal
800.0,3240.0,1545.2631578947369,720.7260113104711,29360.0
