TraitMin,TraitMax,TraitAvg,TraitStdev,TraitTotal
180.0,1040.0,446.9874686716791,237.93686002722356,341.3953488372093
