TraitMin,TraitMax,TraitAvg,TraitStdev,TraitTotal
265.0,800.0,468.51851851851853,156.06244573391106,405.4237288135593
