SentiMin,SentiMax,SentiAvg,SentiStdev,Senti0-0.20,Senti0.21-0.40,Senti0.41-0.60,Senti0.61-0.80,Senti0.81-1.00,SentiTotal
0.1858664888498499,0.39697510199130176,0.3209850217925537,0.08673280377434633,1.0,3.0,0.0,0.0,0.0,0.04246380744790895