TimeMin,TimeMax,TimeAvg,TimeStdev,TimeTotal
280.0,3840.0,1133.3333333333333,794.3131204590123,20400.0
