SentiMin,SentiMax,SentiAvg,SentiStdev,Senti0-0.20,Senti0.21-0.40,Senti0.41-0.60,Senti0.61-0.80,Senti0.81-1.00,SentiTotal
7.976878914896144E-6,0.4878132596924506,0.12005993336365678,0.16625393020394827,10.0,2.0,1.0,0.0,0.0,1.3580199662286996E-24