SentiMin,SentiMax,SentiAvg,SentiStdev,Senti0-0.20,Senti0.21-0.40,Senti0.41-0.60,Senti0.61-0.80,Senti0.81-1.00,SentiTotal
1.856684604919091E-5,0.49789225920557484,0.17838303037093997,0.1390959064140347,11.0,6.0,1.0,0.0,0.0,7.117790630207986E-21