TraitMin,TraitMax,TraitAvg,TraitStdev,TraitTotal
180.0,1000.0,443.11640211640207,203.4375377152179,334.19354838709677
