TraitMin,TraitMax,TraitAvg,TraitStdev,TraitTotal
128.0,720.0,343.98095238095243,175.26509867858692,302.962962962963
