SentiMin,SentiMax,SentiAvg,SentiStdev,Senti0-0.20,Senti0.21-0.40,Senti0.41-0.60,Senti0.61-0.80,Senti0.81-1.00,SentiTotal
0.01663581751375311,0.9611958417475951,0.2575179192059775,0.23772539401702208,8.0,4.0,2.0,0.0,1.0,4.247005724181598E-10