TraitMin,TraitMax,TraitAvg,TraitStdev,TraitTotal
146.66666666666666,840.0,417.6388888888889,206.98074812067085,328.62745098039215
