TraitMin,TraitMax,TraitAvg,TraitStdev,TraitTotal
173.33333333333334,760.0,332.48148148148147,138.53622881434845,304.4776119402985
