TimeMin,TimeMax,TimeAvg,TimeStdev,TimeTotal
480.0,2960.0,1136.842105263158,649.3158555991145,21600.0
