TimeMin,TimeMax,TimeAvg,TimeStdev,TimeTotal
400.0,3320.0,1090.6666666666667,664.6048115651553,16360.0
