SentiMin,SentiMax,SentiAvg,SentiStdev,Senti0-0.20,Senti0.21-0.40,Senti0.41-0.60,Senti0.61-0.80,Senti0.81-1.00,SentiTotal
0.003211885530989694,0.606975914515802,0.3129931320032529,0.16313083235819023,2.0,6.0,3.0,1.0,0.0,2.0528133641937803E-7