TraitMin,TraitMax,TraitAvg,TraitStdev,TraitTotal
180.0,1000.0,620.8333333333334,285.3137486788626,488.4848484848485
