SentiMin,SentiMax,SentiAvg,SentiStdev,Senti0-0.20,Senti0.21-0.40,Senti0.41-0.60,Senti0.61-0.80,Senti0.81-1.00,SentiTotal
0.10593859614921049,0.5136446707795853,0.29022642124558856,0.10212708810513553,1.0,10.0,2.0,0.0,0.0,4.72679884856309E-6