SentiMin,SentiMax,SentiAvg,SentiStdev,Senti0-0.20,Senti0.21-0.40,Senti0.41-0.60,Senti0.61-0.80,Senti0.81-1.00,SentiTotal
0.0069945308067183125,0.9894464638981991,0.33015181236838587,0.3171875890651099,3.0,2.0,0.0,0.0,1.0,0.0060689868453886135