SentiMin,SentiMax,SentiAvg,SentiStdev,Senti0-0.20,Senti0.21-0.40,Senti0.41-0.60,Senti0.61-0.80,Senti0.81-1.00,SentiTotal
0.017839584489042392,0.8794560310606085,0.29496924615254705,0.24578893769534596,3.0,5.0,0.0,0.0,1.0,9.969711189980593E-6