TraitMin,TraitMax,TraitAvg,TraitStdev,TraitTotal
134.54545454545453,560.0,357.23026973026975,120.48095327614935,358.7878787878788
