SentiMin,SentiMax,SentiAvg,SentiStdev,Senti0-0.20,Senti0.21-0.40,Senti0.41-0.60,Senti0.61-0.80,Senti0.81-1.00,SentiTotal
9.95307809823453E-6,0.4105903103428094,0.10897888996932638,0.12886641354150632,7.0,0.0,1.0,0.0,0.0,5.333560220450313E-14