SentiMin,SentiMax,SentiAvg,SentiStdev,Senti0-0.20,Senti0.21-0.40,Senti0.41-0.60,Senti0.61-0.80,Senti0.81-1.00,SentiTotal
0.03478254933344003,0.49789225920557484,0.31132740280554116,0.1412575033781196,2.0,6.0,2.0,0.0,0.0,5.908642753445575E-5