TraitMin,TraitMax,TraitAvg,TraitStdev,TraitTotal
193.33333333333334,640.0,356.6060606060606,131.4366474256757,309.3333333333333
