SentiMin,SentiMax,SentiAvg,SentiStdev,Senti0-0.20,Senti0.21-0.40,Senti0.41-0.60,Senti0.61-0.80,Senti0.81-1.00,SentiTotal
0.004897919913023238,0.9705177014091572,0.3486128675422995,0.3466282509771719,5.0,1.0,3.0,0.0,2.0,4.871718966079655E-7