TimeMin,TimeMax,TimeAvg,TimeStdev,TimeTotal
800.0,9840.0,2493.3333333333335,2833.5764601569435,22440.0
