TraitMin,TraitMax,TraitAvg,TraitStdev,TraitTotal
220.0,800.0,449.1666666666667,202.69880501758158,328.2758620689655
