TraitMin,TraitMax,TraitAvg,TraitStdev,TraitTotal
258.46153846153845,1000.0,572.2735042735043,262.3216205819398,357.4193548387097
