TraitMin,TraitMax,TraitAvg,TraitStdev,TraitTotal
202.5,760.0,464.75694444444446,163.76239453963458,317.77777777777777
