TraitMin,TraitMax,TraitAvg,TraitStdev,TraitTotal
220.0,920.0,411.4761904761905,223.4989080616769,408.69565217391306
