TraitMin,TraitMax,TraitAvg,TraitStdev,TraitTotal
200.0,760.0,572.4384615384615,189.24337059355466,484.2105263157895
