TimeMin,TimeMax,TimeAvg,TimeStdev,TimeTotal
600.0,4560.0,1944.6153846153845,1402.901473510773,25280.0
