SentiMin,SentiMax,SentiAvg,SentiStdev,Senti0-0.20,Senti0.21-0.40,Senti0.41-0.60,Senti0.61-0.80,Senti0.81-1.00,SentiTotal
1.6701431070233292E-4,0.9309731696248866,0.3394072808642248,0.24731570939674413,1.0,6.0,1.0,0.0,1.0,5.3168528986042715E-6