TraitMin,TraitMax,TraitAvg,TraitStdev,TraitTotal
344.0,3280.0,962.3492063492063,838.5919932339864,897.6
