SentiMin,SentiMax,SentiAvg,SentiStdev,Senti0-0.20,Senti0.21-0.40,Senti0.41-0.60,Senti0.61-0.80,Senti0.81-1.00,SentiTotal
6.949661297367969E-4,0.5755436691302463,0.3109731246186161,0.19931365020739583,2.0,3.0,3.0,0.0,0.0,3.0175504703876165E-6