TimeMin,TimeMax,TimeAvg,TimeStdev,TimeTotal
640.0,6640.0,1723.3333333333333,1564.3919656602122,20680.0
