TraitMin,TraitMax,TraitAvg,TraitStdev,TraitTotal
253.33333333333334,1813.3333333333333,734.4615384615385,393.78230652349845,690.7142857142857
