TimeMin,TimeMax,TimeAvg,TimeStdev,TimeTotal
680.0,6040.0,1866.6666666666667,1652.1501142450707,16800.0
