SentiMin,SentiMax,SentiAvg,SentiStdev,Senti0-0.20,Senti0.21-0.40,Senti0.41-0.60,Senti0.61-0.80,Senti0.81-1.00,SentiTotal
6.260929450629513E-6,0.9745365713385254,0.3553988939818031,0.3206057254928638,5.0,2.0,4.0,0.0,2.0,7.1050643941946E-14