TimeMin,TimeMax,TimeAvg,TimeStdev,TimeTotal
640.0,3360.0,1231.111111111111,807.6914213353795,11080.0
