SentiMin,SentiMax,SentiAvg,SentiStdev,Senti0-0.20,Senti0.21-0.40,Senti0.41-0.60,Senti0.61-0.80,Senti0.81-1.00,SentiTotal
7.131833729287454E-4,0.46179436388641554,0.2264849824785518,0.13470503054430377,2.0,7.0,1.0,0.0,0.0,2.1714391227948538E-9