TraitMin,TraitMax,TraitAvg,TraitStdev,TraitTotal
240.0,1208.0,588.7008547008547,376.682728959588,430.7692307692308
