TimeMin,TimeMax,TimeAvg,TimeStdev,TimeTotal
119.0,5474.0,1510.3846153846155,1337.473941569965,19635.0
