SentiMin,SentiMax,SentiAvg,SentiStdev,Senti0-0.20,Senti0.21-0.40,Senti0.41-0.60,Senti0.61-0.80,Senti0.81-1.00,SentiTotal
7.488414507680602E-5,0.5006086376065693,0.23112964124879937,0.18825339607311717,5.0,3.0,2.0,0.0,0.0,5.576573260849421E-12