TraitMin,TraitMax,TraitAvg,TraitStdev,TraitTotal
137.0,1000.0,445.586069023569,274.05029810566236,330.6373626373626
