SentiMin,SentiMax,SentiAvg,SentiStdev,Senti0-0.20,Senti0.21-0.40,Senti0.41-0.60,Senti0.61-0.80,Senti0.81-1.00,SentiTotal
0.013919303780393646,0.38473576566908285,0.15122872705570922,0.15213441203078498,3.0,1.0,0.0,0.0,0.0,3.803743870953292E-5