SentiMin,SentiMax,SentiAvg,SentiStdev,Senti0-0.20,Senti0.21-0.40,Senti0.41-0.60,Senti0.61-0.80,Senti0.81-1.00,SentiTotal
0.004411082305772692,0.5606158907468071,0.2992834938221788,0.19425559992227515,4.0,4.0,4.0,0.0,0.0,2.0608647427772694E-7