TimeMin,TimeMax,TimeAvg,TimeStdev,TimeTotal
204.0,11710.0,2369.4545454545455,3032.4551518421313,26064.0
