TraitMin,TraitMax,TraitAvg,TraitStdev,TraitTotal
133.33333333333334,388.0,283.00088691796003,72.40702553697642,268.70103092783506
