TimeMin,TimeMax,TimeAvg,TimeStdev,TimeTotal
1000.0,4000.0,2666.6666666666665,1247.219128924647,8000.0
