SentiMin,SentiMax,SentiAvg,SentiStdev,Senti0-0.20,Senti0.21-0.40,Senti0.41-0.60,Senti0.61-0.80,Senti0.81-1.00,SentiTotal
0.0011247042153861716,0.5628056929000496,0.2551817293320686,0.1961545753726245,6.0,3.0,4.0,0.0,0.0,2.729516663725452E-10