TraitMin,TraitMax,TraitAvg,TraitStdev,TraitTotal
83.0,416.6666666666667,207.20222222222225,106.9334837607302,301.4
