SentiMin,SentiMax,SentiAvg,SentiStdev,Senti0-0.20,Senti0.21-0.40,Senti0.41-0.60,Senti0.61-0.80,Senti0.81-1.00,SentiTotal
2.657631362827409E-4,0.5358413937298492,0.3212673412923167,0.1911065167476862,3.0,4.0,6.0,0.0,0.0,2.5758654820057098E-9