TraitMin,TraitMax,TraitAvg,TraitStdev,TraitTotal
59.5,500.0,273.8265873015873,131.1173317579963,255.0
