TimeMin,TimeMax,TimeAvg,TimeStdev,TimeTotal
161.0,8000.0,2660.769230769231,2241.2433758569114,34590.0
