TraitMin,TraitMax,TraitAvg,TraitStdev,TraitTotal
38.0,437.4375,247.49169146825398,118.81281286528376,274.42857142857144
