TraitMin,TraitMax,TraitAvg,TraitStdev,TraitTotal
270.6666666666667,500.0,359.3333333333333,85.1482367534538,373.14285714285717
