SentiMin,SentiMax,SentiAvg,SentiStdev,Senti0-0.20,Senti0.21-0.40,Senti0.41-0.60,Senti0.61-0.80,Senti0.81-1.00,SentiTotal
3.5555135869889274E-7,0.6824837810859113,0.31476218679367746,0.19791085502933634,3.0,4.0,3.0,1.0,0.0,1.9440564418771623E-10