TimeMin,TimeMax,TimeAvg,TimeStdev,TimeTotal
1000.0,6783.0,2700.8888888888887,2107.8445781015494,24308.0
