SentiMin,SentiMax,SentiAvg,SentiStdev,Senti0-0.20,Senti0.21-0.40,Senti0.41-0.60,Senti0.61-0.80,Senti0.81-1.00,SentiTotal
0.0026770452453444833,0.49789225920557484,0.20023675919549377,0.18493186679307677,5.0,3.0,1.0,0.0,0.0,2.961446931002839E-9