TraitMin,TraitMax,TraitAvg,TraitStdev,TraitTotal
111.11111111111111,1000.0,423.94677868427874,275.7311069723335,317.60714285714283
