SentiMin,SentiMax,SentiAvg,SentiStdev,Senti0-0.20,Senti0.21-0.40,Senti0.41-0.60,Senti0.61-0.80,Senti0.81-1.00,SentiTotal
8.772648113630856E-5,0.49789225920557484,0.28930199260447265,0.16206621554177048,2.0,5.0,2.0,0.0,0.0,1.1116581572874926E-7