SentiMin,SentiMax,SentiAvg,SentiStdev,Senti0-0.20,Senti0.21-0.40,Senti0.41-0.60,Senti0.61-0.80,Senti0.81-1.00,SentiTotal
6.040028047973963E-4,0.49789225920557484,0.23988362162641516,0.20125738839192822,4.0,1.0,3.0,0.0,0.0,6.0122923089356E-8