TraitMin,TraitMax,TraitAvg,TraitStdev,TraitTotal
40.25,457.1818181818182,237.242871017871,114.66737972172083,248.84892086330936
