SentiMin,SentiMax,SentiAvg,SentiStdev,Senti0-0.20,Senti0.21-0.40,Senti0.41-0.60,Senti0.61-0.80,Senti0.81-1.00,SentiTotal
0.008343293264274583,0.36295739098843843,0.15420882898517216,0.15144525044165305,2.0,1.0,0.0,0.0,0.0,4.897325447598896E-4