TraitMin,TraitMax,TraitAvg,TraitStdev,TraitTotal
165.36363636363637,1000.0,373.4203185703186,251.98940315259367,258.59574468085106
