TraitMin,TraitMax,TraitAvg,TraitStdev,TraitTotal
180.0,680.0,347.7878787878788,134.20657226978133,284.1025641025641
