TimeMin,TimeMax,TimeAvg,TimeStdev,TimeTotal
520.0,2400.0,1191.4285714285713,604.2097216655008,16680.0
