SentiMin,SentiMax,SentiAvg,SentiStdev,Senti0-0.20,Senti0.21-0.40,Senti0.41-0.60,Senti0.61-0.80,Senti0.81-1.00,SentiTotal
0.001473102957335923,0.49789225920557484,0.17100588533970004,0.23119704328721138,2.0,0.0,1.0,0.0,0.0,2.0592141865527272E-5