TraitMin,TraitMax,TraitAvg,TraitStdev,TraitTotal
340.0,960.0,520.2244897959183,167.32908441340646,495.75757575757575
