SentiMin,SentiMax,SentiAvg,SentiStdev,Senti0-0.20,Senti0.21-0.40,Senti0.41-0.60,Senti0.61-0.80,Senti0.81-1.00,SentiTotal
0.00937521187608185,0.5628056929000496,0.27833000688601417,0.17562332327778687,6.0,8.0,4.0,0.0,0.0,2.1183735942503842E-11