TimeMin,TimeMax,TimeAvg,TimeStdev,TimeTotal
357.0,2760.0,1096.6842105263158,606.0328332803846,20837.0
