TimeMin,TimeMax,TimeAvg,TimeStdev,TimeTotal
440.0,3200.0,1168.5714285714287,925.842142845846,16360.0
