TraitMin,TraitMax,TraitAvg,TraitStdev,TraitTotal
220.0,800.0,422.94117647058823,169.48936131396542,356.3636363636364
