TraitMin,TraitMax,TraitAvg,TraitStdev,TraitTotal
182.85714285714286,960.0,422.6734693877551,230.5725566354029,278.0
