TimeMin,TimeMax,TimeAvg,TimeStdev,TimeTotal
440.0,2640.0,1293.3333333333333,780.3133273813083,7760.0
