TraitMin,TraitMax,TraitAvg,TraitStdev,TraitTotal
130.0,680.0,393.3333333333333,185.41245313564508,305.2631578947368
