TraitMin,TraitMax,TraitAvg,TraitStdev,TraitTotal
59.5,2760.0,678.75,646.6774966876629,413.81632653061223
