SentiMin,SentiMax,SentiAvg,SentiStdev,Senti0-0.20,Senti0.21-0.40,Senti0.41-0.60,Senti0.61-0.80,Senti0.81-1.00,SentiTotal
3.0878628324289753E-4,0.9933736638340097,0.3173795821594349,0.32632348639461045,7.0,2.0,3.0,0.0,2.0,1.0563466536768202E-11