TraitMin,TraitMax,TraitAvg,TraitStdev,TraitTotal
56.0,640.0,440.8,135.30436471567023,389.09090909090907
