SentiMin,SentiMax,SentiAvg,SentiStdev,Senti0-0.20,Senti0.21-0.40,Senti0.41-0.60,Senti0.61-0.80,Senti0.81-1.00,SentiTotal
9.226846528974467E-5,0.49789225920557484,0.3107258847886184,0.18104847622064651,3.0,4.0,5.0,0.0,0.0,3.2943056419253E-9