SentiMin,SentiMax,SentiAvg,SentiStdev,Senti0-0.20,Senti0.21-0.40,Senti0.41-0.60,Senti0.61-0.80,Senti0.81-1.00,SentiTotal
1.1810292327613195E-5,0.6899443745377969,0.2840484144411273,0.2230161836805837,3.0,1.0,1.0,1.0,0.0,2.5629354163749527E-7