TimeMin,TimeMax,TimeAvg,TimeStdev,TimeTotal
400.0,2480.0,923.3333333333334,558.9176047405278,11080.0
