SentiMin,SentiMax,SentiAvg,SentiStdev,Senti0-0.20,Senti0.21-0.40,Senti0.41-0.60,Senti0.61-0.80,Senti0.81-1.00,SentiTotal
2.0176322478046006E-6,0.9611958417475951,0.21714809410930327,0.27181996962742755,12.0,4.0,2.0,0.0,2.0,4.5011410054290393E-29