SentiMin,SentiMax,SentiAvg,SentiStdev,Senti0-0.20,Senti0.21-0.40,Senti0.41-0.60,Senti0.61-0.80,Senti0.81-1.00,SentiTotal
0.041445613266600456,0.49789225920557484,0.2995329290123017,0.15492707027196584,4.0,8.0,3.0,0.0,0.0,9.242820935318656E-8