TraitMin,TraitMax,TraitAvg,TraitStdev,TraitTotal
145.0,560.0,259.2719696969697,83.54121740532347,243.44827586206895
