TraitMin,TraitMax,TraitAvg,TraitStdev,TraitTotal
173.33333333333334,490.0,332.859206840631,80.39513637433284,333.23308270676694
