SentiMin,SentiMax,SentiAvg,SentiStdev,Senti0-0.20,Senti0.21-0.40,Senti0.41-0.60,Senti0.61-0.80,Senti0.81-1.00,SentiTotal
1.1567095255997568E-5,0.29112132088878306,0.0742847679549249,0.10587142034550827,13.0,4.0,0.0,0.0,0.0,8.470638690571284E-39