TraitMin,TraitMax,TraitAvg,TraitStdev,TraitTotal
224.0,546.6666666666666,365.04761904761904,117.47772500783233,332.9032258064516
