SentiMin,SentiMax,SentiAvg,SentiStdev,Senti0-0.20,Senti0.21-0.40,Senti0.41-0.60,Senti0.61-0.80,Senti0.81-1.00,SentiTotal
7.034390559519651E-4,0.8851154199723337,0.39487415282873095,0.3010641022557483,4.0,1.0,2.0,0.0,2.0,1.2392334843707527E-4