SentiMin,SentiMax,SentiAvg,SentiStdev,Senti0-0.20,Senti0.21-0.40,Senti0.41-0.60,Senti0.61-0.80,Senti0.81-1.00,SentiTotal
4.759528665803445E-4,0.9288473056233999,0.26059333722075007,0.2697879092672887,5.0,4.0,1.0,0.0,1.0,5.064795763160931E-11