TraitMin,TraitMax,TraitAvg,TraitStdev,TraitTotal
190.0,880.0,424.9265128810584,179.86247518760965,362.04545454545456
