TraitMin,TraitMax,TraitAvg,TraitStdev,TraitTotal
232.0,880.0,399.39709595959596,169.22599708515452,357.96610169491527
