TraitMin,TraitMax,TraitAvg,TraitStdev,TraitTotal
220.0,800.0,442.16883116883116,188.2299356800588,360.0
