SentiMin,SentiMax,SentiAvg,SentiStdev,Senti0-0.20,Senti0.21-0.40,Senti0.41-0.60,Senti0.61-0.80,Senti0.81-1.00,SentiTotal
2.785474373226501E-5,0.8109120482683584,0.16934714119877867,0.2690239334350292,6.0,0.0,0.0,0.0,1.0,2.253514553237471E-12