TimeMin,TimeMax,TimeAvg,TimeStdev,TimeTotal
400.0,2440.0,1084.4444444444443,746.2962043929729,9760.0
