TimeMin,TimeMax,TimeAvg,TimeStdev,TimeTotal
480.0,2760.0,1196.3636363636363,678.9199005810322,13160.0
