TraitMin,TraitMax,TraitAvg,TraitStdev,TraitTotal
100.0,640.0,345.7777777777778,167.76026398655765,334.8837209302326
