TraitMin,TraitMax,TraitAvg,TraitStdev,TraitTotal
200.0,920.0,350.0738705738706,182.2619759537321,343.030303030303
