TraitMin,TraitMax,TraitAvg,TraitStdev,TraitTotal
230.0,600.0,411.09090909090907,106.75650486736996,346.3157894736842
