SentiMin,SentiMax,SentiAvg,SentiStdev,Senti0-0.20,Senti0.21-0.40,Senti0.41-0.60,Senti0.61-0.80,Senti0.81-1.00,SentiTotal
9.577860393619426E-5,0.4372371996426999,0.13469058511759596,0.15495403763169663,9.0,4.0,1.0,0.0,0.0,4.1475766679556824E-22