TraitMin,TraitMax,TraitAvg,TraitStdev,TraitTotal
160.0,520.0,325.48586456278764,102.74828114944148,316.2162162162162
