SentiMin,SentiMax,SentiAvg,SentiStdev,Senti0-0.20,Senti0.21-0.40,Senti0.41-0.60,Senti0.61-0.80,Senti0.81-1.00,SentiTotal
5.940396272887733E-4,0.8851154199723337,0.28527824466994006,0.28674640176159893,8.0,4.0,2.0,0.0,2.0,1.3199571735141128E-15