TraitMin,TraitMax,TraitAvg,TraitStdev,TraitTotal
140.0,680.0,398.8783068783069,184.0570955363839,305.0
