SentiMin,SentiMax,SentiAvg,SentiStdev,Senti0-0.20,Senti0.21-0.40,Senti0.41-0.60,Senti0.61-0.80,Senti0.81-1.00,SentiTotal
0.02216410210721104,0.8937887154604899,0.3172060182351145,0.2727834573463515,4.0,2.0,1.0,0.0,1.0,1.410625691159394E-4