TimeMin,TimeMax,TimeAvg,TimeStdev,TimeTotal
400.0,8160.0,2208.5714285714284,2192.04684889605,30920.0
