TraitMin,TraitMax,TraitAvg,TraitStdev,TraitTotal
156.92307692307693,720.0,383.96672771672775,154.9516288042037,351.3636363636364
