TimeMin,TimeMax,TimeAvg,TimeStdev,TimeTotal
400.0,6960.0,2425.714285714286,2084.204933321489,33960.0
