SentiMin,SentiMax,SentiAvg,SentiStdev,Senti0-0.20,Senti0.21-0.40,Senti0.41-0.60,Senti0.61-0.80,Senti0.81-1.00,SentiTotal
0.0019072276680987758,0.948842110770299,0.2112240368140627,0.27442156849392385,11.0,3.0,1.0,1.0,1.0,4.2607501808246256E-19