TimeMin,TimeMax,TimeAvg,TimeStdev,TimeTotal
400.0,3040.0,1057.142857142857,715.3363701427319,14800.0
