SentiMin,SentiMax,SentiAvg,SentiStdev,Senti0-0.20,Senti0.21-0.40,Senti0.41-0.60,Senti0.61-0.80,Senti0.81-1.00,SentiTotal
0.027038878592906296,0.9444645657728856,0.35261698795360047,0.2785762217724437,9.0,5.0,3.0,2.0,3.0,1.9939204377410935E-8