SentiMin,SentiMax,SentiAvg,SentiStdev,Senti0-0.20,Senti0.21-0.40,Senti0.41-0.60,Senti0.61-0.80,Senti0.81-1.00,SentiTotal
0.0016356784543935506,0.6833172846733393,0.3466590550264252,0.22019164740942943,5.0,4.0,3.0,3.0,0.0,1.7442050013376716E-7