TraitMin,TraitMax,TraitAvg,TraitStdev,TraitTotal
160.0,680.0,341.82312925170066,170.8286815158175,246.66666666666666
