TimeMin,TimeMax,TimeAvg,TimeStdev,TimeTotal
179.0,3480.0,1011.7727272727273,682.0487807013501,22259.0
