SentiMin,SentiMax,SentiAvg,SentiStdev,Senti0-0.20,Senti0.21-0.40,Senti0.41-0.60,Senti0.61-0.80,Senti0.81-1.00,SentiTotal
1.751124644754841E-4,0.7121547886047015,0.29839362320893975,0.21443531159356624,5.0,4.0,4.0,1.0,0.0,4.525918290976517E-11