TraitMin,TraitMax,TraitAvg,TraitStdev,TraitTotal
320.0,1120.0,637.3333333333333,291.8020638111465,522.3529411764706
