TraitMin,TraitMax,TraitAvg,TraitStdev,TraitTotal
133.33333333333334,640.0,400.2943722943723,140.19076119010094,351.35135135135135
