TraitMin,TraitMax,TraitAvg,TraitStdev,TraitTotal
150.0,760.0,353.63636363636357,125.39303498655933,347.796875
