SentiMin,SentiMax,SentiAvg,SentiStdev,Senti0-0.20,Senti0.21-0.40,Senti0.41-0.60,Senti0.61-0.80,Senti0.81-1.00,SentiTotal
4.809085416246417E-4,0.5475385610968239,0.279101238462454,0.1897283731171703,4.0,2.0,5.0,0.0,0.0,1.663320124263946E-8