SentiMin,SentiMax,SentiAvg,SentiStdev,Senti0-0.20,Senti0.21-0.40,Senti0.41-0.60,Senti0.61-0.80,Senti0.81-1.00,SentiTotal
4.5834097746533064E-8,0.39697510199130176,0.07864839934349324,0.11535872107816965,10.0,1.0,0.0,0.0,0.0,3.9712851235403924E-24