SentiMin,SentiMax,SentiAvg,SentiStdev,Senti0-0.20,Senti0.21-0.40,Senti0.41-0.60,Senti0.61-0.80,Senti0.81-1.00,SentiTotal
1.1274266690593949E-4,0.3494924956032742,0.12350970146985062,0.16001967201630457,2.0,1.0,0.0,0.0,0.0,1.316651371099368E-6