TraitMin,TraitMax,TraitAvg,TraitStdev,TraitTotal
157.5,800.0,390.48268398268397,204.75390704478392,312.0689655172414
