SentiMin,SentiMax,SentiAvg,SentiStdev,Senti0-0.20,Senti0.21-0.40,Senti0.41-0.60,Senti0.61-0.80,Senti0.81-1.00,SentiTotal
0.0036225083979907536,0.39697510199130176,0.15945083743714192,0.13904313191675652,9.0,4.0,0.0,0.0,0.0,3.1679288616982353E-15