TraitMin,TraitMax,TraitAvg,TraitStdev,TraitTotal
266.6666666666667,880.0,481.1666666666667,242.4817862575799,375.8139534883721
