TraitMin,TraitMax,TraitAvg,TraitStdev,TraitTotal
266.6666666666667,353.3333333333333,302.6666666666667,36.870142492366455,318.8888888888889
