TimeMin,TimeMax,TimeAvg,TimeStdev,TimeTotal
760.0,10440.0,3290.909090909091,3172.660067014184,36200.0
