TraitMin,TraitMax,TraitAvg,TraitStdev,TraitTotal
280.0,440.0,350.7142857142857,63.96835243601858,361.05263157894734
