SentiMin,SentiMax,SentiAvg,SentiStdev,Senti0-0.20,Senti0.21-0.40,Senti0.41-0.60,Senti0.61-0.80,Senti0.81-1.00,SentiTotal
2.284003041407538E-7,0.43796879524747484,0.11667261892831743,0.1468138030957974,8.0,2.0,1.0,0.0,0.0,1.825147212633949E-27