SentiMin,SentiMax,SentiAvg,SentiStdev,Senti0-0.20,Senti0.21-0.40,Senti0.41-0.60,Senti0.61-0.80,Senti0.81-1.00,SentiTotal
4.6193112481075196E-4,0.5220948585340978,0.2241732065804218,0.18791371709208873,6.0,6.0,3.0,0.0,0.0,4.052748148621951E-17