TimeMin,TimeMax,TimeAvg,TimeStdev,TimeTotal
600.0,11600.0,3414.5454545454545,3324.7620930235917,37560.0
