SentiMin,SentiMax,SentiAvg,SentiStdev,Senti0-0.20,Senti0.21-0.40,Senti0.41-0.60,Senti0.61-0.80,Senti0.81-1.00,SentiTotal
0.004811682120008667,0.5957399490333923,0.21988441362224434,0.20170694581355744,6.0,3.0,2.0,0.0,0.0,1.3050070958332097E-10