TraitMin,TraitMax,TraitAvg,TraitStdev,TraitTotal
213.33333333333334,740.0,393.6813186813187,162.90775875664636,326.8292682926829
