TraitMin,TraitMax,TraitAvg,TraitStdev,TraitTotal
160.0,680.0,467.83492063492065,141.36148466765155,414.81481481481484
