TraitMin,TraitMax,TraitAvg,TraitStdev,TraitTotal
190.0,600.0,292.9569892473118,112.29499154821843,293.4375
