TimeMin,TimeMax,TimeAvg,TimeStdev,TimeTotal
520.0,6000.0,2109.090909090909,1638.0112916996443,23200.0
