TraitMin,TraitMax,TraitAvg,TraitStdev,TraitTotal
240.0,720.0,447.3260073260073,135.204882223474,386.6666666666667
