SentiMin,SentiMax,SentiAvg,SentiStdev,Senti0-0.20,Senti0.21-0.40,Senti0.41-0.60,Senti0.61-0.80,Senti0.81-1.00,SentiTotal
6.826431958321416E-5,0.3311541833518524,0.08352625624171163,0.14296916804313634,3.0,1.0,0.0,0.0,0.0,7.184725771076775E-11