SentiMin,SentiMax,SentiAvg,SentiStdev,Senti0-0.20,Senti0.21-0.40,Senti0.41-0.60,Senti0.61-0.80,Senti0.81-1.00,SentiTotal
6.1724544980725785E-6,0.49789225920557484,0.10428901128222036,0.1495669294804991,8.0,2.0,1.0,0.0,0.0,1.408657232993586E-22