TraitMin,TraitMax,TraitAvg,TraitStdev,TraitTotal
80.0,640.0,323.69230769230774,187.89295706228447,293.3333333333333
