TraitMin,TraitMax,TraitAvg,TraitStdev,TraitTotal
160.0,540.0,288.637921793002,104.02369322867497,266.969696969697
