SentiMin,SentiMax,SentiAvg,SentiStdev,Senti0-0.20,Senti0.21-0.40,Senti0.41-0.60,Senti0.61-0.80,Senti0.81-1.00,SentiTotal
0.004515513184142123,0.45622745556324884,0.32468796584980997,0.1642857373135077,1.0,2.0,2.0,0.0,0.0,9.897188152890666E-4