TimeMin,TimeMax,TimeAvg,TimeStdev,TimeTotal
560.0,4360.0,2061.5384615384614,1085.3559937348182,26800.0
