SentiMin,SentiMax,SentiAvg,SentiStdev,Senti0-0.20,Senti0.21-0.40,Senti0.41-0.60,Senti0.61-0.80,Senti0.81-1.00,SentiTotal
1.1859789210208718E-4,0.9611958417475951,0.345443123098866,0.33202566483693935,6.0,2.0,2.0,1.0,2.0,3.135077766601549E-9