TraitMin,TraitMax,TraitAvg,TraitStdev,TraitTotal
175.0,480.0,285.2690070110885,76.43025935706507,257.14285714285717
