TraitMin,TraitMax,TraitAvg,TraitStdev,TraitTotal
312.0,500.0,417.3333333333333,78.4063489492755,378.94736842105266
