TraitMin,TraitMax,TraitAvg,TraitStdev,TraitTotal
116.66666666666667,1010.0,421.22380952380945,310.1150615958074,339.35714285714283
