SentiMin,SentiMax,SentiAvg,SentiStdev,Senti0-0.20,Senti0.21-0.40,Senti0.41-0.60,Senti0.61-0.80,Senti0.81-1.00,SentiTotal
5.630048339441499E-4,0.3371028468080788,0.16841993833667032,0.11950293588317072,3.0,2.0,0.0,0.0,0.0,1.7621977773910755E-6