SentiMin,SentiMax,SentiAvg,SentiStdev,Senti0-0.20,Senti0.21-0.40,Senti0.41-0.60,Senti0.61-0.80,Senti0.81-1.00,SentiTotal
2.61202775778085E-4,0.4801180056153849,0.15561239643981795,0.14070866714340793,6.0,1.0,1.0,0.0,0.0,9.187593594971548E-10