TimeMin,TimeMax,TimeAvg,TimeStdev,TimeTotal
700.0,3253.0,1764.7777777777778,831.9016739144888,15883.0
