TraitMin,TraitMax,TraitAvg,TraitStdev,TraitTotal
300.0,550.0,430.8333333333333,94.52733290782442,376.5
