SentiMin,SentiMax,SentiAvg,SentiStdev,Senti0-0.20,Senti0.21-0.40,Senti0.41-0.60,Senti0.61-0.80,Senti0.81-1.00,SentiTotal
0.0014906907805306766,0.09707443863182369,0.04864549097863501,0.039032301171618225,3.0,0.0,0.0,0.0,0.0,8.117083386649755E-6