TraitMin,TraitMax,TraitAvg,TraitStdev,TraitTotal
318.57142857142856,1470.0,519.3121693121692,345.75667828698687,414.87179487179486
