TimeMin,TimeMax,TimeAvg,TimeStdev,TimeTotal
730.0,2630.0,1797.7777777777778,524.6962672246736,16180.0
