SentiMin,SentiMax,SentiAvg,SentiStdev,Senti0-0.20,Senti0.21-0.40,Senti0.41-0.60,Senti0.61-0.80,Senti0.81-1.00,SentiTotal
5.102166302112612E-6,0.3726847435457324,0.15119756036256812,0.15465445178852316,2.0,2.0,0.0,0.0,0.0,5.748613692432959E-10