TraitMin,TraitMax,TraitAvg,TraitStdev,TraitTotal
331.8181818181818,1033.3333333333333,586.3636363636364,255.5484568024324,497.82608695652175
