TimeMin,TimeMax,TimeAvg,TimeStdev,TimeTotal
600.0,3470.0,1562.142857142857,881.1451848218283,21870.0
