SentiMin,SentiMax,SentiAvg,SentiStdev,Senti0-0.20,Senti0.21-0.40,Senti0.41-0.60,Senti0.61-0.80,Senti0.81-1.00,SentiTotal
0.0034628639001223955,0.4499814016169917,0.16826755902643034,0.146440567700096,7.0,1.0,1.0,0.0,0.0,1.3061537162841683E-9