TraitMin,TraitMax,TraitAvg,TraitStdev,TraitTotal
233.75,800.0,426.27328042328037,181.6023279459355,343.6507936507937
