SentiMin,SentiMax,SentiAvg,SentiStdev,Senti0-0.20,Senti0.21-0.40,Senti0.41-0.60,Senti0.61-0.80,Senti0.81-1.00,SentiTotal
0.001789744090933609,0.5355029975555886,0.2300504483053527,0.19203653693379483,7.0,4.0,4.0,0.0,0.0,1.0136532335193886E-16