TraitMin,TraitMax,TraitAvg,TraitStdev,TraitTotal
225.0,1080.0,430.42647058823525,216.98547789264936,372.7536231884058
