TimeMin,TimeMax,TimeAvg,TimeStdev,TimeTotal
480.0,2420.0,1443.3333333333333,622.5288926806709,21650.0
