TraitMin,TraitMax,TraitAvg,TraitStdev,TraitTotal
260.0,510.0,374.97777777777776,106.99741314514611,357.3333333333333
