TimeMin,TimeMax,TimeAvg,TimeStdev,TimeTotal
600.0,2040.0,1186.6666666666667,406.1745656460751,10680.0
