SentiMin,SentiMax,SentiAvg,SentiStdev,Senti0-0.20,Senti0.21-0.40,Senti0.41-0.60,Senti0.61-0.80,Senti0.81-1.00,SentiTotal
0.0037290636560396466,0.31820487300311295,0.1326463760139243,0.1132142607702956,5.0,2.0,0.0,0.0,0.0,1.0987897060696928E-8