SentiMin,SentiMax,SentiAvg,SentiStdev,Senti0-0.20,Senti0.21-0.40,Senti0.41-0.60,Senti0.61-0.80,Senti0.81-1.00,SentiTotal
9.830074281176725E-5,0.9611958417475951,0.2839787134866381,0.2993288498455841,5.0,4.0,1.0,1.0,1.0,1.1128484922540879E-11