TimeMin,TimeMax,TimeAvg,TimeStdev,TimeTotal
760.0,3800.0,1524.4444444444443,940.8165615406309,13720.0
