SentiMin,SentiMax,SentiAvg,SentiStdev,Senti0-0.20,Senti0.21-0.40,Senti0.41-0.60,Senti0.61-0.80,Senti0.81-1.00,SentiTotal
6.333678372219698E-5,0.314295949071408,0.15870708253070293,0.12458586497504186,4.0,3.0,0.0,0.0,0.0,4.808107378823227E-10