TraitMin,TraitMax,TraitAvg,TraitStdev,TraitTotal
68.0,5200.0,794.8571428571429,1262.6000932460177,370.75
