TimeMin,TimeMax,TimeAvg,TimeStdev,TimeTotal
960.0,3520.0,2342.8571428571427,1037.5481301843204,16400.0
