SentiMin,SentiMax,SentiAvg,SentiStdev,Senti0-0.20,Senti0.21-0.40,Senti0.41-0.60,Senti0.61-0.80,Senti0.81-1.00,SentiTotal
0.002315191745249338,0.6480600003582078,0.21921674444744169,0.23130112165163252,3.0,1.0,0.0,1.0,0.0,9.249794710834045E-6