TraitMin,TraitMax,TraitAvg,TraitStdev,TraitTotal
234.28571428571428,1000.0,437.04090354090357,220.2225673349391,389.6774193548387
