TraitMin,TraitMax,TraitAvg,TraitStdev,TraitTotal
177.14285714285714,1040.0,398.53035714285716,251.77351859395097,318.11764705882354
