SentiMin,SentiMax,SentiAvg,SentiStdev,Senti0-0.20,Senti0.21-0.40,Senti0.41-0.60,Senti0.61-0.80,Senti0.81-1.00,SentiTotal
0.04793696113135948,0.5656411215194362,0.29922469940523944,0.17671941082788117,4.0,2.0,4.0,0.0,0.0,2.5515093607216507E-5