TraitMin,TraitMax,TraitAvg,TraitStdev,TraitTotal
140.0,580.0,382.56862745098033,122.85018001917858,323.3333333333333
