TraitMin,TraitMax,TraitAvg,TraitStdev,TraitTotal
205.33333333333334,960.0,586.7619047619048,284.87467109466314,443.2432432432432
