SentiMin,SentiMax,SentiAvg,SentiStdev,Senti0-0.20,Senti0.21-0.40,Senti0.41-0.60,Senti0.61-0.80,Senti0.81-1.00,SentiTotal
5.918545987471214E-4,0.49789225920557484,0.16379664762634383,0.18257597551982663,6.0,1.0,2.0,0.0,0.0,2.944191347655353E-13