TimeMin,TimeMax,TimeAvg,TimeStdev,TimeTotal
1040.0,7840.0,3342.222222222222,2105.2409615464067,30080.0
