TraitMin,TraitMax,TraitAvg,TraitStdev,TraitTotal
180.0,1080.0,560.314058956916,220.93919166744186,493.69767441860466
