SentiMin,SentiMax,SentiAvg,SentiStdev,Senti0-0.20,Senti0.21-0.40,Senti0.41-0.60,Senti0.61-0.80,Senti0.81-1.00,SentiTotal
2.947722612478012E-4,0.2215967863175781,0.08300699249748142,0.08421899576306849,8.0,1.0,0.0,0.0,0.0,9.937781924731534E-16