TimeMin,TimeMax,TimeAvg,TimeStdev,TimeTotal
520.0,6160.0,1941.8181818181818,1666.1213432936127,21360.0
