TraitMin,TraitMax,TraitAvg,TraitStdev,TraitTotal
288.0,1400.0,721.4071428571428,388.8662537638443,574.5454545454545
