TraitMin,TraitMax,TraitAvg,TraitStdev,TraitTotal
213.33333333333334,880.0,527.0714285714286,246.97060585974629,566.5116279069767
