SentiMin,SentiMax,SentiAvg,SentiStdev,Senti0-0.20,Senti0.21-0.40,Senti0.41-0.60,Senti0.61-0.80,Senti0.81-1.00,SentiTotal
0.008743541244743105,0.5908618181140313,0.2582672900260486,0.19829102835009932,4.0,4.0,3.0,0.0,0.0,8.914493226697343E-9