SentiMin,SentiMax,SentiAvg,SentiStdev,Senti0-0.20,Senti0.21-0.40,Senti0.41-0.60,Senti0.61-0.80,Senti0.81-1.00,SentiTotal
5.197153316056827E-6,0.25384363575224644,0.11467998851123289,0.11478520551915186,2.0,2.0,0.0,0.0,0.0,1.2536913954294787E-9