SentiMin,SentiMax,SentiAvg,SentiStdev,Senti0-0.20,Senti0.21-0.40,Senti0.41-0.60,Senti0.61-0.80,Senti0.81-1.00,SentiTotal
0.01379987896010677,0.5316624617817726,0.27259334486299697,0.17080398086427134,4.0,6.0,4.0,0.0,0.0,5.641967514215241E-9