SentiMin,SentiMax,SentiAvg,SentiStdev,Senti0-0.20,Senti0.21-0.40,Senti0.41-0.60,Senti0.61-0.80,Senti0.81-1.00,SentiTotal
1.7487861149335443E-4,0.6556517081449204,0.19289249617416374,0.21721305555429057,5.0,3.0,0.0,1.0,0.0,1.7069957590038022E-11