TraitMin,TraitMax,TraitAvg,TraitStdev,TraitTotal
244.0,795.5555555555555,438.89241622574957,154.83433239919216,443.77358490566036
