TraitMin,TraitMax,TraitAvg,TraitStdev,TraitTotal
240.0,1240.0,597.4444444444443,302.4327493860983,515.7894736842105
