SentiMin,SentiMax,SentiAvg,SentiStdev,Senti0-0.20,Senti0.21-0.40,Senti0.41-0.60,Senti0.61-0.80,Senti0.81-1.00,SentiTotal
2.37527611028305E-5,0.5755436691302463,0.29464956100936257,0.2155606350257218,4.0,2.0,4.0,0.0,0.0,8.497438216933649E-10