SentiMin,SentiMax,SentiAvg,SentiStdev,Senti0-0.20,Senti0.21-0.40,Senti0.41-0.60,Senti0.61-0.80,Senti0.81-1.00,SentiTotal
1.4080277989088376E-4,0.4898631585877994,0.18981059168841802,0.20071025333145243,7.0,3.0,3.0,0.0,0.0,1.8240571836734462E-19