TimeMin,TimeMax,TimeAvg,TimeStdev,TimeTotal
640.0,12400.0,3453.3333333333335,3703.1158051925227,31080.0
