TraitMin,TraitMax,TraitAvg,TraitStdev,TraitTotal
406.6666666666667,1033.3333333333333,722.2222222222222,188.01103198522193,758.0487804878048
