SentiMin,SentiMax,SentiAvg,SentiStdev,Senti0-0.20,Senti0.21-0.40,Senti0.41-0.60,Senti0.61-0.80,Senti0.81-1.00,SentiTotal
0.09703072217411936,0.5908618181140313,0.35837468795726485,0.16359599609507125,1.0,3.0,4.0,0.0,0.0,0.004361608759094944