TraitMin,TraitMax,TraitAvg,TraitStdev,TraitTotal
220.0,1312.0,498.51466482235713,287.6524805775198,481.7647058823529
