TimeMin,TimeMax,TimeAvg,TimeStdev,TimeTotal
1200.0,7120.0,3408.8888888888887,1883.23860790952,30680.0
