TraitMin,TraitMax,TraitAvg,TraitStdev,TraitTotal
382.85714285714283,1400.0,696.0523809523809,296.335822896883,583.4782608695652
