TraitMin,TraitMax,TraitAvg,TraitStdev,TraitTotal
426.6666666666667,1120.0,579.0017636684304,209.7429910769258,528.9655172413793
