SentiMin,SentiMax,SentiAvg,SentiStdev,Senti0-0.20,Senti0.21-0.40,Senti0.41-0.60,Senti0.61-0.80,Senti0.81-1.00,SentiTotal
0.017201311541160343,0.7750955383701492,0.3993344668218325,0.1996911944852756,1.0,4.0,3.0,1.0,0.0,0.0010619505125048605