TimeMin,TimeMax,TimeAvg,TimeStdev,TimeTotal
360.0,4680.0,1516.357142857143,1237.456354620977,21229.0
