SentiMin,SentiMax,SentiAvg,SentiStdev,Senti0-0.20,Senti0.21-0.40,Senti0.41-0.60,Senti0.61-0.80,Senti0.81-1.00,SentiTotal
0.0018425627221338487,0.8665624018052258,0.22263267732323347,0.2834368135416681,6.0,0.0,1.0,0.0,1.0,3.9211253382708654E-8