TraitMin,TraitMax,TraitAvg,TraitStdev,TraitTotal
315.0,732.0,475.53787878787875,163.684021363914,499.42857142857144
