SentiMin,SentiMax,SentiAvg,SentiStdev,Senti0-0.20,Senti0.21-0.40,Senti0.41-0.60,Senti0.61-0.80,Senti0.81-1.00,SentiTotal
0.016162439037255335,0.7166176992652129,0.2382966324468421,0.2067727074809873,5.0,5.0,1.0,1.0,0.0,4.129113835646042E-9