TraitMin,TraitMax,TraitAvg,TraitStdev,TraitTotal
192.0,1026.6666666666667,594.4848484848485,249.21470049366823,562.1052631578947
