TraitMin,TraitMax,TraitAvg,TraitStdev,TraitTotal
296.0,800.0,434.89285714285717,161.6927318738116,384.86486486486484
