TraitMin,TraitMax,TraitAvg,TraitStdev,TraitTotal
222.85714285714286,512.0,333.9210084033613,96.95995373162721,312.0235294117647
