SentiMin,SentiMax,SentiAvg,SentiStdev,Senti0-0.20,Senti0.21-0.40,Senti0.41-0.60,Senti0.61-0.80,Senti0.81-1.00,SentiTotal
1.4012766253702038E-7,0.3041233943377613,0.06369848099533673,0.0990926423387307,11.0,2.0,0.0,0.0,0.0,9.370118167073827E-39