TimeMin,TimeMax,TimeAvg,TimeStdev,TimeTotal
520.0,5320.0,1751.4285714285713,1136.2271977461019,24520.0
