SentiMin,SentiMax,SentiAvg,SentiStdev,Senti0-0.20,Senti0.21-0.40,Senti0.41-0.60,Senti0.61-0.80,Senti0.81-1.00,SentiTotal
1.2114497372533248E-8,0.6216778828005355,0.21212691493782332,0.23113752997381348,7.0,3.0,2.0,1.0,0.0,1.218502990768773E-24