TraitMin,TraitMax,TraitAvg,TraitStdev,TraitTotal
173.33333333333334,1060.0,480.97996121525523,253.35769104104412,324.57142857142856
