SentiMin,SentiMax,SentiAvg,SentiStdev,Senti0-0.20,Senti0.21-0.40,Senti0.41-0.60,Senti0.61-0.80,Senti0.81-1.00,SentiTotal
3.550970774753095E-6,0.49789225920557484,0.12250229142630273,0.17814084755775728,7.0,2.0,1.0,0.0,0.0,5.527358275480747E-21