SentiMin,SentiMax,SentiAvg,SentiStdev,Senti0-0.20,Senti0.21-0.40,Senti0.41-0.60,Senti0.61-0.80,Senti0.81-1.00,SentiTotal
1.9359639731525948E-5,0.5604661215400841,0.24656535907932267,0.21090413554365797,6.0,4.0,4.0,0.0,0.0,5.5042169761394925E-16