TimeMin,TimeMax,TimeAvg,TimeStdev,TimeTotal
440.0,7360.0,2674.285714285714,1806.0126335806906,37440.0
