TraitMin,TraitMax,TraitAvg,TraitStdev,TraitTotal
203.33333333333334,620.0,323.7967032967033,110.95909937974213,280.47058823529414
