TimeMin,TimeMax,TimeAvg,TimeStdev,TimeTotal
680.0,3560.0,1833.8461538461538,742.8587034251116,23840.0
