TimeMin,TimeMax,TimeAvg,TimeStdev,TimeTotal
82.0,6040.0,2587.846153846154,1554.526979559221,33642.0
