SentiMin,SentiMax,SentiAvg,SentiStdev,Senti0-0.20,Senti0.21-0.40,Senti0.41-0.60,Senti0.61-0.80,Senti0.81-1.00,SentiTotal
3.6161817429057705E-5,0.34322267253793753,0.21462574545259694,0.12532817503613322,3.0,6.0,0.0,0.0,0.0,1.1139308494511193E-11