TraitMin,TraitMax,TraitAvg,TraitStdev,TraitTotal
230.0,1800.0,682.8535353535353,515.2090777901371,389.2682926829268
