SentiMin,SentiMax,SentiAvg,SentiStdev,Senti0-0.20,Senti0.21-0.40,Senti0.41-0.60,Senti0.61-0.80,Senti0.81-1.00,SentiTotal
7.601028898939914E-4,0.5628056929000496,0.2900149109549801,0.22950164816984125,3.0,1.0,3.0,0.0,0.0,1.4385635313782326E-6