SentiMin,SentiMax,SentiAvg,SentiStdev,Senti0-0.20,Senti0.21-0.40,Senti0.41-0.60,Senti0.61-0.80,Senti0.81-1.00,SentiTotal
2.1634830930700264E-6,0.4225521448628945,0.11708749045976476,0.14649635116692458,9.0,3.0,1.0,0.0,0.0,1.451930872628356E-29