SentiMin,SentiMax,SentiAvg,SentiStdev,Senti0-0.20,Senti0.21-0.40,Senti0.41-0.60,Senti0.61-0.80,Senti0.81-1.00,SentiTotal
7.832585375968116E-8,0.49789225920557484,0.14783613649310315,0.18911420922073768,7.0,2.0,2.0,0.0,0.0,4.0826091186486443E-25