TraitMin,TraitMax,TraitAvg,TraitStdev,TraitTotal
16.4,460.0,252.12720070276632,100.52476129122881,251.0597014925373
