TimeMin,TimeMax,TimeAvg,TimeStdev,TimeTotal
520.0,7880.0,1626.6666666666667,1701.6593209113405,29280.0
