SentiMin,SentiMax,SentiAvg,SentiStdev,Senti0-0.20,Senti0.21-0.40,Senti0.41-0.60,Senti0.61-0.80,Senti0.81-1.00,SentiTotal
6.269904287773555E-6,0.5017543432377519,0.26876631090138403,0.18812049898344746,8.0,4.0,6.0,0.0,0.0,2.6956362211962688E-17