SentiMin,SentiMax,SentiAvg,SentiStdev,Senti0-0.20,Senti0.21-0.40,Senti0.41-0.60,Senti0.61-0.80,Senti0.81-1.00,SentiTotal
3.1826672743706496E-5,0.49789225920557484,0.19566009896940176,0.16993498259206055,8.0,6.0,2.0,0.0,0.0,4.1420504176493006E-20