TraitMin,TraitMax,TraitAvg,TraitStdev,TraitTotal
166.71428571428572,1569.0,572.9184389545292,408.1363478992107,365.2950819672131
