SentiMin,SentiMax,SentiAvg,SentiStdev,Senti0-0.20,Senti0.21-0.40,Senti0.41-0.60,Senti0.61-0.80,Senti0.81-1.00,SentiTotal
2.1147097439253907E-5,0.49789225920557484,0.33442956030835086,0.1444750396215142,1.0,8.0,5.0,0.0,0.0,8.371343625162847E-9