SentiMin,SentiMax,SentiAvg,SentiStdev,Senti0-0.20,Senti0.21-0.40,Senti0.41-0.60,Senti0.61-0.80,Senti0.81-1.00,SentiTotal
0.21921412548362115,0.8439925691239514,0.5161822512707672,0.19379209990641882,0.0,3.0,7.0,1.0,2.0,0.7648685165696171