TimeMin,TimeMax,TimeAvg,TimeStdev,TimeTotal
800.0,4000.0,1474.5384615384614,844.5997336366922,19169.0
