TraitMin,TraitMax,TraitAvg,TraitStdev,TraitTotal
99.0,1001.0,666.974025974026,375.9276754059358,385.3235294117647
