SentiMin,SentiMax,SentiAvg,SentiStdev,Senti0-0.20,Senti0.21-0.40,Senti0.41-0.60,Senti0.61-0.80,Senti0.81-1.00,SentiTotal
0.15585040364727296,0.673776899138374,0.37185894002860603,0.1361826166752071,2.0,7.0,1.0,1.0,0.0,0.0020185507639798816