TimeMin,TimeMax,TimeAvg,TimeStdev,TimeTotal
1000.0,2304.0,1550.6666666666667,559.9126916066667,9304.0
