TraitMin,TraitMax,TraitAvg,TraitStdev,TraitTotal
109.66666666666667,728.0,318.11820512820515,179.04702697184229,273.4390243902439
