TraitMin,TraitMax,TraitAvg,TraitStdev,TraitTotal
85.0,672.0,403.8247474747475,167.31238116783777,397.5121951219512
