SentiMin,SentiMax,SentiAvg,SentiStdev,Senti0-0.20,Senti0.21-0.40,Senti0.41-0.60,Senti0.61-0.80,Senti0.81-1.00,SentiTotal
0.013064508844372347,0.6030551041832227,0.37858096704691097,0.20059018373121687,2.0,1.0,4.0,1.0,0.0,9.29922545504651E-4