TraitMin,TraitMax,TraitAvg,TraitStdev,TraitTotal
200.0,1000.0,416.7239583333333,236.40892558108092,325.0
