SentiMin,SentiMax,SentiAvg,SentiStdev,Senti0-0.20,Senti0.21-0.40,Senti0.41-0.60,Senti0.61-0.80,Senti0.81-1.00,SentiTotal
0.07147863507853203,0.49789225920557484,0.2623151557151199,0.1454232215023554,2.0,6.0,2.0,0.0,0.0,6.9912857870105274E-6