TimeMin,TimeMax,TimeAvg,TimeStdev,TimeTotal
85.0,6001.0,1481.6363636363637,1561.6019905403246,16298.0
