TraitMin,TraitMax,TraitAvg,TraitStdev,TraitTotal
200.0,1000.0,426.95238095238096,284.21782710208447,320.82758620689657
