TimeMin,TimeMax,TimeAvg,TimeStdev,TimeTotal
750.0,4000.0,1767.857142857143,1028.4536142844236,24750.0
