SentiMin,SentiMax,SentiAvg,SentiStdev,Senti0-0.20,Senti0.21-0.40,Senti0.41-0.60,Senti0.61-0.80,Senti0.81-1.00,SentiTotal
0.0030620460584690405,0.5230874839888976,0.3306495324056725,0.1753666970064046,3.0,7.0,7.0,0.0,0.0,3.7616961431466674E-10