TraitMin,TraitMax,TraitAvg,TraitStdev,TraitTotal
200.0,1000.0,581.2252747252747,263.05515691168034,491.5128205128205
