SentiMin,SentiMax,SentiAvg,SentiStdev,Senti0-0.20,Senti0.21-0.40,Senti0.41-0.60,Senti0.61-0.80,Senti0.81-1.00,SentiTotal
7.22891071691608E-5,0.49789225920557484,0.27623379747485893,0.1840151677697545,4.0,6.0,4.0,0.0,0.0,1.0331444612033998E-11