SentiMin,SentiMax,SentiAvg,SentiStdev,Senti0-0.20,Senti0.21-0.40,Senti0.41-0.60,Senti0.61-0.80,Senti0.81-1.00,SentiTotal
0.013919303780393646,0.8439925691239514,0.4755673776601269,0.2786829489960672,2.0,1.0,4.0,1.0,2.0,0.02238905313427415