TraitMin,TraitMax,TraitAvg,TraitStdev,TraitTotal
150.0,1000.0,441.7903525046382,249.11672916355113,348.59154929577466
