SentiMin,SentiMax,SentiAvg,SentiStdev,Senti0-0.20,Senti0.21-0.40,Senti0.41-0.60,Senti0.61-0.80,Senti0.81-1.00,SentiTotal
1.9519581571136925E-4,0.37234779502641874,0.13689682918139945,0.11538604522480873,7.0,2.0,0.0,0.0,0.0,9.082079735730522E-12