TimeMin,TimeMax,TimeAvg,TimeStdev,TimeTotal
600.0,5160.0,2217.777777777778,1418.745751067766,19960.0
