TraitMin,TraitMax,TraitAvg,TraitStdev,TraitTotal
226.66666666666666,880.0,380.6137566137566,182.84745957116095,323.9024390243902
