TraitMin,TraitMax,TraitAvg,TraitStdev,TraitTotal
170.0,840.0,447.30952380952385,183.50573372074786,375.23809523809524
