TraitMin,TraitMax,TraitAvg,TraitStdev,TraitTotal
260.0,1120.0,559.4285714285714,314.9997084546756,396.6666666666667
