SentiMin,SentiMax,SentiAvg,SentiStdev,Senti0-0.20,Senti0.21-0.40,Senti0.41-0.60,Senti0.61-0.80,Senti0.81-1.00,SentiTotal
0.014740286240767963,0.48164547114327055,0.2046210134199585,0.15791632494108454,7.0,5.0,2.0,0.0,0.0,3.705317970273282E-14