SentiMin,SentiMax,SentiAvg,SentiStdev,Senti0-0.20,Senti0.21-0.40,Senti0.41-0.60,Senti0.61-0.80,Senti0.81-1.00,SentiTotal
0.002198131850566359,0.5162596308792705,0.1915348850310494,0.1662907781804088,8.0,2.0,1.0,0.0,0.0,3.2911047971885705E-11