TimeMin,TimeMax,TimeAvg,TimeStdev,TimeTotal
680.0,1840.0,1274.2857142857142,358.0445759501838,8920.0
