TraitMin,TraitMax,TraitAvg,TraitStdev,TraitTotal
233.33333333333334,680.0,398.312925170068,139.9994420303168,330.3703703703704
