TraitMin,TraitMax,TraitAvg,TraitStdev,TraitTotal
240.0,800.0,433.9336219336219,157.4225001452802,369.6
