TimeMin,TimeMax,TimeAvg,TimeStdev,TimeTotal
1040.0,2400.0,1746.6666666666667,556.4969801255788,5240.0
