TraitMin,TraitMax,TraitAvg,TraitStdev,TraitTotal
240.0,920.0,415.51515151515156,192.6892281870486,341.6666666666667
