SentiMin,SentiMax,SentiAvg,SentiStdev,Senti0-0.20,Senti0.21-0.40,Senti0.41-0.60,Senti0.61-0.80,Senti0.81-1.00,SentiTotal
0.014255500751062583,0.5230874839888976,0.17237939194327362,0.20430559323152997,3.0,0.0,1.0,0.0,0.0,1.0634984741235651E-4