SentiMin,SentiMax,SentiAvg,SentiStdev,Senti0-0.20,Senti0.21-0.40,Senti0.41-0.60,Senti0.61-0.80,Senti0.81-1.00,SentiTotal
0.006578079820255442,0.2142326443990947,0.09174375377645466,0.08878765463867297,2.0,1.0,0.0,0.0,0.0,1.0565718982933648E-4