TraitMin,TraitMax,TraitAvg,TraitStdev,TraitTotal
302.85714285714283,760.0,537.6190476190476,186.83301625708134,423.3333333333333
