SentiMin,SentiMax,SentiAvg,SentiStdev,Senti0-0.20,Senti0.21-0.40,Senti0.41-0.60,Senti0.61-0.80,Senti0.81-1.00,SentiTotal
0.24610806549009623,0.29710947282127426,0.2716087691556852,0.025500703665589014,0.0,2.0,0.0,0.0,0.0,0.12215838084868993