TraitMin,TraitMax,TraitAvg,TraitStdev,TraitTotal
166.15384615384616,960.0,356.4312909312909,199.77988475873153,310.8910891089109
