TraitMin,TraitMax,TraitAvg,TraitStdev,TraitTotal
245.71428571428572,1120.0,490.4126984126984,245.15456943033396,407.3469387755102
