TimeMin,TimeMax,TimeAvg,TimeStdev,TimeTotal
520.0,4680.0,1654.5454545454545,1128.4451381223928,18200.0
