TraitMin,TraitMax,TraitAvg,TraitStdev,TraitTotal
208.0,760.0,395.90476190476187,163.37489405985943,316.8627450980392
