TraitMin,TraitMax,TraitAvg,TraitStdev,TraitTotal
230.0,960.0,546.0659340659341,213.68579721914224,470.7692307692308
