SentiMin,SentiMax,SentiAvg,SentiStdev,Senti0-0.20,Senti0.21-0.40,Senti0.41-0.60,Senti0.61-0.80,Senti0.81-1.00,SentiTotal
7.705066976593754E-4,0.43796879524747484,0.12869848598514289,0.1458876877842801,9.0,1.0,1.0,0.0,0.0,2.3162769729291888E-17