TraitMin,TraitMax,TraitAvg,TraitStdev,TraitTotal
248.0,1000.0,506.2285714285714,258.61894573478276,364.54545454545456
