SentiMin,SentiMax,SentiAvg,SentiStdev,Senti0-0.20,Senti0.21-0.40,Senti0.41-0.60,Senti0.61-0.80,Senti0.81-1.00,SentiTotal
3.578120109675305E-4,0.49789225920557484,0.12641369279111195,0.1746887735895614,7.0,1.0,1.0,0.0,0.0,3.783932363946138E-13