SentiMin,SentiMax,SentiAvg,SentiStdev,Senti0-0.20,Senti0.21-0.40,Senti0.41-0.60,Senti0.61-0.80,Senti0.81-1.00,SentiTotal
0.005140914539818239,0.49789225920557484,0.2099734798091366,0.20388769150679664,7.0,0.0,4.0,0.0,0.0,3.027991218355477E-11