TimeMin,TimeMax,TimeAvg,TimeStdev,TimeTotal
480.0,2440.0,1154.2857142857142,505.02778262635195,16160.0
