SentiMin,SentiMax,SentiAvg,SentiStdev,Senti0-0.20,Senti0.21-0.40,Senti0.41-0.60,Senti0.61-0.80,Senti0.81-1.00,SentiTotal
0.002059696078046091,0.5997260134820142,0.24846772888066215,0.1850011124961368,5.0,5.0,3.0,0.0,0.0,1.6906516664790351E-10