TraitMin,TraitMax,TraitAvg,TraitStdev,TraitTotal
291.42857142857144,720.0,491.113172541744,136.1095230525217,407.56756756756755
