TraitMin,TraitMax,TraitAvg,TraitStdev,TraitTotal
306.6666666666667,460.0,375.0,55.050481883045805,378.8235294117647
