SentiMin,SentiMax,SentiAvg,SentiStdev,Senti0-0.20,Senti0.21-0.40,Senti0.41-0.60,Senti0.61-0.80,Senti0.81-1.00,SentiTotal
0.00225800743696268,0.5425813081463245,0.30415687914382356,0.17138681763025493,3.0,5.0,4.0,0.0,0.0,5.994139291050552E-8