TimeMin,TimeMax,TimeAvg,TimeStdev,TimeTotal
640.0,6360.0,1883.076923076923,1466.5468841171119,24480.0
