SentiMin,SentiMax,SentiAvg,SentiStdev,Senti0-0.20,Senti0.21-0.40,Senti0.41-0.60,Senti0.61-0.80,Senti0.81-1.00,SentiTotal
9.910218777209464E-5,0.46100203209325996,0.1242377028433721,0.14718650461903515,8.0,1.0,1.0,0.0,0.0,1.843476514361539E-15