TimeMin,TimeMax,TimeAvg,TimeStdev,TimeTotal
560.0,5400.0,2154.285714285714,1722.9116314529654,15080.0
