TimeMin,TimeMax,TimeAvg,TimeStdev,TimeTotal
760.0,2200.0,1693.3333333333333,660.7739569794063,5080.0
