TraitMin,TraitMax,TraitAvg,TraitStdev,TraitTotal
300.0,780.0,459.01010101010104,156.79653228134723,423.25581395348837
