TraitMin,TraitMax,TraitAvg,TraitStdev,TraitTotal
280.0,840.0,405.33333333333337,168.47156040906924,352.3404255319149
