TimeMin,TimeMax,TimeAvg,TimeStdev,TimeTotal
800.0,2240.0,1475.5555555555557,492.2310006741665,13280.0
