SentiMin,SentiMax,SentiAvg,SentiStdev,Senti0-0.20,Senti0.21-0.40,Senti0.41-0.60,Senti0.61-0.80,Senti0.81-1.00,SentiTotal
1.4556343185268605E-4,0.5318834537628724,0.13719365836654873,0.1580555067292234,7.0,2.0,1.0,0.0,0.0,1.3427303082086826E-14