SentiMin,SentiMax,SentiAvg,SentiStdev,Senti0-0.20,Senti0.21-0.40,Senti0.41-0.60,Senti0.61-0.80,Senti0.81-1.00,SentiTotal
0.010955875938901091,0.49789225920557484,0.29063066102386964,0.2008088705803933,3.0,1.0,3.0,0.0,0.0,4.3036946431053034E-5