TimeMin,TimeMax,TimeAvg,TimeStdev,TimeTotal
960.0,7840.0,2676.923076923077,1765.4085803635662,34800.0
