SentiMin,SentiMax,SentiAvg,SentiStdev,Senti0-0.20,Senti0.21-0.40,Senti0.41-0.60,Senti0.61-0.80,Senti0.81-1.00,SentiTotal
0.012969684090948091,0.5848427377701874,0.24984649136223908,0.1929575553528535,4.0,4.0,2.0,0.0,0.0,8.849034187823902E-8