TraitMin,TraitMax,TraitAvg,TraitStdev,TraitTotal
310.0,720.0,413.5151515151516,155.52365408155669,361.2903225806452
