TimeMin,TimeMax,TimeAvg,TimeStdev,TimeTotal
640.0,3120.0,1490.909090909091,652.6234407159315,16400.0
