TimeMin,TimeMax,TimeAvg,TimeStdev,TimeTotal
480.0,3840.0,1675.5555555555557,1029.941865793201,15080.0
