TraitMin,TraitMax,TraitAvg,TraitStdev,TraitTotal
192.0,510.0,363.5571428571428,117.6856454024315,345.7142857142857
