TraitMin,TraitMax,TraitAvg,TraitStdev,TraitTotal
243.16666666666666,2240.0,710.8619909502262,526.12460152584,434.31666666666666
