TraitMin,TraitMax,TraitAvg,TraitStdev,TraitTotal
227.5,880.0,466.44775132275134,194.42508475749446,379.3103448275862
