SentiMin,SentiMax,SentiAvg,SentiStdev,Senti0-0.20,Senti0.21-0.40,Senti0.41-0.60,Senti0.61-0.80,Senti0.81-1.00,SentiTotal
0.005131203773628412,0.07524767429611574,0.050571533295743924,0.027141533127904093,4.0,0.0,0.0,0.0,0.0,1.7996158400539996E-6