TraitMin,TraitMax,TraitAvg,TraitStdev,TraitTotal
314.2857142857143,1200.0,718.6243386243385,298.95462818376643,592.0
