TimeMin,TimeMax,TimeAvg,TimeStdev,TimeTotal
440.0,8240.0,2004.5384615384614,1935.6973148389077,26059.0
