SentiMin,SentiMax,SentiAvg,SentiStdev,Senti0-0.20,Senti0.21-0.40,Senti0.41-0.60,Senti0.61-0.80,Senti0.81-1.00,SentiTotal
0.21921412548362115,0.605018262426016,0.46358183310527235,0.12903600744351593,0.0,1.0,3.0,1.0,0.0,0.3025040960544294