TraitMin,TraitMax,TraitAvg,TraitStdev,TraitTotal
256.0,1160.0,649.3756613756614,346.7726211061929,362.42424242424244
