SentiMin,SentiMax,SentiAvg,SentiStdev,Senti0-0.20,Senti0.21-0.40,Senti0.41-0.60,Senti0.61-0.80,Senti0.81-1.00,SentiTotal
0.024841707735564465,0.8439925691239514,0.29401624927284026,0.27311085864405577,2.0,3.0,0.0,0.0,1.0,5.45772483380837E-4