SentiMin,SentiMax,SentiAvg,SentiStdev,Senti0-0.20,Senti0.21-0.40,Senti0.41-0.60,Senti0.61-0.80,Senti0.81-1.00,SentiTotal
0.21921412548362115,0.48728019602140255,0.3231454627424782,0.1082027499072993,0.0,5.0,1.0,0.0,0.0,0.009418084634560814