TimeMin,TimeMax,TimeAvg,TimeStdev,TimeTotal
720.0,2520.0,1326.6666666666667,609.8815914221018,7960.0
