SentiMin,SentiMax,SentiAvg,SentiStdev,Senti0-0.20,Senti0.21-0.40,Senti0.41-0.60,Senti0.61-0.80,Senti0.81-1.00,SentiTotal
5.086908914374006E-4,0.49789225920557484,0.21457427884386449,0.21011475017416797,3.0,1.0,2.0,0.0,0.0,2.6642347371651044E-7