TimeMin,TimeMax,TimeAvg,TimeStdev,TimeTotal
800.0,4120.0,1833.3333333333333,1031.2236528620851,22000.0
