SentiMin,SentiMax,SentiAvg,SentiStdev,Senti0-0.20,Senti0.21-0.40,Senti0.41-0.60,Senti0.61-0.80,Senti0.81-1.00,SentiTotal
8.555831428955702E-5,0.8247890670700453,0.4137299614120267,0.20453927603498293,2.0,2.0,7.0,0.0,1.0,8.495952761033982E-6