TraitMin,TraitMax,TraitAvg,TraitStdev,TraitTotal
205.33333333333334,1160.0,425.66361416361417,307.23381357074805,297.3333333333333
