TimeMin,TimeMax,TimeAvg,TimeStdev,TimeTotal
640.0,1800.0,1206.6666666666667,363.9902318591653,7240.0
