TimeMin,TimeMax,TimeAvg,TimeStdev,TimeTotal
720.0,3680.0,1644.4444444444443,875.2283652613327,14800.0
