TimeMin,TimeMax,TimeAvg,TimeStdev,TimeTotal
480.0,4400.0,1726.6666666666667,1262.677930255992,10360.0
