SentiMin,SentiMax,SentiAvg,SentiStdev,Senti0-0.20,Senti0.21-0.40,Senti0.41-0.60,Senti0.61-0.80,Senti0.81-1.00,SentiTotal
4.7714511696892016E-5,0.49789225920557484,0.2372292976639621,0.21705577276230129,4.0,0.0,4.0,0.0,0.0,2.9858122132275803E-10