TraitMin,TraitMax,TraitAvg,TraitStdev,TraitTotal
245.71428571428572,433.3333333333333,335.3174603174603,69.53481648029168,328.57142857142856
