TraitMin,TraitMax,TraitAvg,TraitStdev,TraitTotal
304.0,960.0,532.4285714285714,239.15954029535538,416.2162162162162
