TraitMin,TraitMax,TraitAvg,TraitStdev,TraitTotal
176.0,640.0,430.3703703703703,142.96407598875885,367.8048780487805
