TraitMin,TraitMax,TraitAvg,TraitStdev,TraitTotal
296.0,1160.0,809.3333333333334,321.0122877537383,603.3333333333334
