SentiMin,SentiMax,SentiAvg,SentiStdev,Senti0-0.20,Senti0.21-0.40,Senti0.41-0.60,Senti0.61-0.80,Senti0.81-1.00,SentiTotal
0.0017864672162033568,0.755824125781487,0.32525207961122204,0.20636303649018664,3.0,5.0,3.0,1.0,0.0,7.632262354431586E-7