SentiMin,SentiMax,SentiAvg,SentiStdev,Senti0-0.20,Senti0.21-0.40,Senti0.41-0.60,Senti0.61-0.80,Senti0.81-1.00,SentiTotal
0.011113353608431934,0.39697510199130176,0.19856715242498757,0.15629430301411176,3.0,3.0,0.0,0.0,0.0,6.941438749367262E-6