TraitMin,TraitMax,TraitAvg,TraitStdev,TraitTotal
200.0,480.0,331.6666666666667,112.49691353790803,272.63157894736844
