SentiMin,SentiMax,SentiAvg,SentiStdev,Senti0-0.20,Senti0.21-0.40,Senti0.41-0.60,Senti0.61-0.80,Senti0.81-1.00,SentiTotal
0.057042731319987855,0.8628016833186515,0.47731924824921823,0.24362520517100986,2.0,1.0,4.0,2.0,1.0,0.11380675836795588