TraitMin,TraitMax,TraitAvg,TraitStdev,TraitTotal
155.0,960.0,538.2142857142857,324.97874080128554,294.81481481481484
