SentiMin,SentiMax,SentiAvg,SentiStdev,Senti0-0.20,Senti0.21-0.40,Senti0.41-0.60,Senti0.61-0.80,Senti0.81-1.00,SentiTotal
2.1693246837278743E-5,0.9996133909962812,0.2705043557242669,0.30510480615956864,7.0,1.0,3.0,0.0,1.0,4.4928900294677205E-11