SentiMin,SentiMax,SentiAvg,SentiStdev,Senti0-0.20,Senti0.21-0.40,Senti0.41-0.60,Senti0.61-0.80,Senti0.81-1.00,SentiTotal
0.0011809404610360686,0.37980207379770065,0.1741801386177678,0.13662959739608374,4.0,4.0,0.0,0.0,0.0,2.873968704614017E-9