TimeMin,TimeMax,TimeAvg,TimeStdev,TimeTotal
80.0,4840.0,1546.6666666666667,1276.2444906835053,13920.0
