TraitMin,TraitMax,TraitAvg,TraitStdev,TraitTotal
150.0,666.6666666666666,343.42261904761904,144.50193691375003,286.0869565217391
