TraitMin,TraitMax,TraitAvg,TraitStdev,TraitTotal
210.0,1000.0,409.2222222222222,229.7075166595045,330.5263157894737
