TraitMin,TraitMax,TraitAvg,TraitStdev,TraitTotal
186.66666666666666,560.0,350.9803921568627,122.7409778653998,285.29411764705884
