SentiMin,SentiMax,SentiAvg,SentiStdev,Senti0-0.20,Senti0.21-0.40,Senti0.41-0.60,Senti0.61-0.80,Senti0.81-1.00,SentiTotal
5.534408360448511E-4,0.9906831218689633,0.35168056408532106,0.29454876748431713,3.0,2.0,3.0,0.0,1.0,2.3454158604081402E-5