TimeMin,TimeMax,TimeAvg,TimeStdev,TimeTotal
560.0,2480.0,1065.4545454545455,591.1523974617656,11720.0
