SentiMin,SentiMax,SentiAvg,SentiStdev,Senti0-0.20,Senti0.21-0.40,Senti0.41-0.60,Senti0.61-0.80,Senti0.81-1.00,SentiTotal
0.004726380022026165,0.49789225920557484,0.2884977602823517,0.17909413618487466,3.0,4.0,5.0,0.0,0.0,1.2105040663146346E-7