TraitMin,TraitMax,TraitAvg,TraitStdev,TraitTotal
80.0,440.0,278.41534391534395,103.85251470800068,272.94117647058823
