TraitMin,TraitMax,TraitAvg,TraitStdev,TraitTotal
200.0,960.0,527.8787878787879,257.7104817005485,418.57142857142856
