TimeMin,TimeMax,TimeAvg,TimeStdev,TimeTotal
880.0,7400.0,2403.3333333333335,1799.1448585987239,28840.0
