TraitMin,TraitMax,TraitAvg,TraitStdev,TraitTotal
220.0,906.6666666666666,446.9350649350649,266.312862850066,339.29411764705884
