TimeMin,TimeMax,TimeAvg,TimeStdev,TimeTotal
680.0,1680.0,1046.6666666666667,318.2591536608003,12560.0
