TimeMin,TimeMax,TimeAvg,TimeStdev,TimeTotal
520.0,5240.0,1492.3076923076924,1366.4448754461835,19400.0
