TimeMin,TimeMax,TimeAvg,TimeStdev,TimeTotal
800.0,2560.0,1548.888888888889,599.8230191656432,27880.0
