SentiMin,SentiMax,SentiAvg,SentiStdev,Senti0-0.20,Senti0.21-0.40,Senti0.41-0.60,Senti0.61-0.80,Senti0.81-1.00,SentiTotal
0.0053047033824548786,0.9877556346778432,0.26177428792039104,0.29929491282698495,5.0,2.0,1.0,0.0,1.0,1.8175188948169445E-6