TimeMin,TimeMax,TimeAvg,TimeStdev,TimeTotal
680.0,1560.0,1113.3333333333333,278.4879809894056,6680.0
