TraitMin,TraitMax,TraitAvg,TraitStdev,TraitTotal
170.0,640.0,349.92063492063494,171.0472868864688,290.4347826086956
