TimeMin,TimeMax,TimeAvg,TimeStdev,TimeTotal
680.0,2760.0,1601.904761904762,663.5519073794062,33640.0
