SentiMin,SentiMax,SentiAvg,SentiStdev,Senti0-0.20,Senti0.21-0.40,Senti0.41-0.60,Senti0.61-0.80,Senti0.81-1.00,SentiTotal
0.0017124684286030172,0.5425813081463245,0.35844457951952224,0.17752352700840637,4.0,6.0,9.0,0.0,0.0,4.840772808622025E-9