TimeMin,TimeMax,TimeAvg,TimeStdev,TimeTotal
360.0,2600.0,1526.3157894736842,548.7997480273684,29000.0
