SentiMin,SentiMax,SentiAvg,SentiStdev,Senti0-0.20,Senti0.21-0.40,Senti0.41-0.60,Senti0.61-0.80,Senti0.81-1.00,SentiTotal
5.650982468303898E-4,0.39697510199130176,0.1710133654893013,0.14969463811474867,4.0,3.0,0.0,0.0,0.0,1.5311386023532603E-9