SentiMin,SentiMax,SentiAvg,SentiStdev,Senti0-0.20,Senti0.21-0.40,Senti0.41-0.60,Senti0.61-0.80,Senti0.81-1.00,SentiTotal
2.3509405526797827E-4,0.49789225920557484,0.17579644923998972,0.17028878848720355,3.0,2.0,1.0,0.0,0.0,1.5650607347916112E-8