TraitMin,TraitMax,TraitAvg,TraitStdev,TraitTotal
300.0,1000.0,529.3734335839598,253.83031756299812,420.28985507246375
