TimeMin,TimeMax,TimeAvg,TimeStdev,TimeTotal
1040.0,2080.0,1502.2222222222222,273.3242997603875,13520.0
