TraitMin,TraitMax,TraitAvg,TraitStdev,TraitTotal
297.77777777777777,1120.0,629.7222222222223,312.7751874769394,438.4
