SentiMin,SentiMax,SentiAvg,SentiStdev,Senti0-0.20,Senti0.21-0.40,Senti0.41-0.60,Senti0.61-0.80,Senti0.81-1.00,SentiTotal
6.671795373840453E-5,0.5738011381390127,0.19146544177607533,0.19758568347896333,10.0,1.0,4.0,0.0,0.0,1.9221603778593214E-20