SentiMin,SentiMax,SentiAvg,SentiStdev,Senti0-0.20,Senti0.21-0.40,Senti0.41-0.60,Senti0.61-0.80,Senti0.81-1.00,SentiTotal
0.02645680486894597,0.39697510199130176,0.22477316886265863,0.1523864052339041,1.0,2.0,0.0,0.0,0.0,0.006056575759573325