TimeMin,TimeMax,TimeAvg,TimeStdev,TimeTotal
640.0,1920.0,1386.6666666666667,482.5856285561029,8320.0
