TraitMin,TraitMax,TraitAvg,TraitStdev,TraitTotal
293.3333333333333,1000.0,600.7936507936507,233.63575046466607,506.90909090909093
