SentiMin,SentiMax,SentiAvg,SentiStdev,Senti0-0.20,Senti0.21-0.40,Senti0.41-0.60,Senti0.61-0.80,Senti0.81-1.00,SentiTotal
0.01906704249938327,0.5318834537628724,0.19586343480267257,0.13541232291101526,10.0,8.0,1.0,0.0,0.0,1.0945375083788425E-14