TraitMin,TraitMax,TraitAvg,TraitStdev,TraitTotal
260.0,1200.0,601.7927170868347,301.43459087505335,449.0566037735849
