TraitMin,TraitMax,TraitAvg,TraitStdev,TraitTotal
275.0,640.0,429.4444444444444,154.20244830004611,330.0
