TraitMin,TraitMax,TraitAvg,TraitStdev,TraitTotal
208.0,416.0,328.3703703703704,72.41179299023301,321.9047619047619
