SentiMin,SentiMax,SentiAvg,SentiStdev,Senti0-0.20,Senti0.21-0.40,Senti0.41-0.60,Senti0.61-0.80,Senti0.81-1.00,SentiTotal
0.045568307303352436,0.5159436667231726,0.21696420135993524,0.1360639521436836,9.0,7.0,2.0,0.0,0.0,1.1232085387386664E-12