TraitMin,TraitMax,TraitAvg,TraitStdev,TraitTotal
156.36363636363637,1000.0,452.83838383838383,262.78669633494695,320.0
