SentiMin,SentiMax,SentiAvg,SentiStdev,Senti0-0.20,Senti0.21-0.40,Senti0.41-0.60,Senti0.61-0.80,Senti0.81-1.00,SentiTotal
0.004988680342090975,0.5696568608719874,0.21041885034544353,0.22837345579424323,4.0,0.0,2.0,0.0,0.0,1.435812046390079E-6