TraitMin,TraitMax,TraitAvg,TraitStdev,TraitTotal
253.33333333333334,1000.0,493.80952380952385,236.33731994373198,410.90909090909093
