TimeMin,TimeMax,TimeAvg,TimeStdev,TimeTotal
520.0,3120.0,1341.0526315789473,542.953858045745,25480.0
