TraitMin,TraitMax,TraitAvg,TraitStdev,TraitTotal
220.0,1440.0,635.7192982456141,310.1925691863925,490.0
