SentiMin,SentiMax,SentiAvg,SentiStdev,Senti0-0.20,Senti0.21-0.40,Senti0.41-0.60,Senti0.61-0.80,Senti0.81-1.00,SentiTotal
0.007231187245149451,0.6921459309296395,0.31266348739132466,0.27374897154249894,4.0,0.0,2.0,2.0,0.0,1.29478493955813E-6