TraitMin,TraitMax,TraitAvg,TraitStdev,TraitTotal
216.0,1080.0,453.5111111111111,297.78396013482694,328.2352941176471
