TraitMin,TraitMax,TraitAvg,TraitStdev,TraitTotal
110.0,1240.0,439.6666666666667,255.9325866100073,347.27272727272725
