SentiMin,SentiMax,SentiAvg,SentiStdev,Senti0-0.20,Senti0.21-0.40,Senti0.41-0.60,Senti0.61-0.80,Senti0.81-1.00,SentiTotal
5.07918271359209E-5,0.6388733437275337,0.26208702529182537,0.2228415413394461,12.0,0.0,6.0,2.0,0.0,9.385255981136363E-17