SentiMin,SentiMax,SentiAvg,SentiStdev,Senti0-0.20,Senti0.21-0.40,Senti0.41-0.60,Senti0.61-0.80,Senti0.81-1.00,SentiTotal
0.004390117799340663,0.49789225920557484,0.25709598986614474,0.1674678624396831,7.0,4.0,3.0,0.0,0.0,1.947272421757403E-9