TraitMin,TraitMax,TraitAvg,TraitStdev,TraitTotal
200.0,1000.0,600.0,289.55137713366173,501.05263157894734
