SentiMin,SentiMax,SentiAvg,SentiStdev,Senti0-0.20,Senti0.21-0.40,Senti0.41-0.60,Senti0.61-0.80,Senti0.81-1.00,SentiTotal
0.008635237072631762,0.965282317981748,0.4869587775271899,0.47832354045455816,1.0,0.0,0.0,0.0,1.0,0.19629259953112516