TimeMin,TimeMax,TimeAvg,TimeStdev,TimeTotal
400.0,1400.0,916.6666666666666,299.09121611233513,11000.0
