TraitMin,TraitMax,TraitAvg,TraitStdev,TraitTotal
133.33333333333334,1000.0,494.1666666666667,270.46860911854174,354.83870967741933
