TimeMin,TimeMax,TimeAvg,TimeStdev,TimeTotal
842.0,2880.0,1365.4666666666667,478.4889920944426,20482.0
