TraitMin,TraitMax,TraitAvg,TraitStdev,TraitTotal
195.0,1120.0,595.5833333333333,340.4633858869844,380.5405405405405
