SentiMin,SentiMax,SentiAvg,SentiStdev,Senti0-0.20,Senti0.21-0.40,Senti0.41-0.60,Senti0.61-0.80,Senti0.81-1.00,SentiTotal
0.015825832749351402,0.5628056929000496,0.29305886733500897,0.19671220737740014,4.0,3.0,5.0,0.0,0.0,1.6426767911527417E-7