TraitMin,TraitMax,TraitAvg,TraitStdev,TraitTotal
191.11111111111111,1360.0,489.2528344671202,304.52741158583035,381.64
