SentiMin,SentiMax,SentiAvg,SentiStdev,Senti0-0.20,Senti0.21-0.40,Senti0.41-0.60,Senti0.61-0.80,Senti0.81-1.00,SentiTotal
0.008970570470198563,0.49789225920557484,0.3095369450981919,0.13684835766441486,2.0,6.0,4.0,0.0,0.0,3.4723704612465208E-6