SentiMin,SentiMax,SentiAvg,SentiStdev,Senti0-0.20,Senti0.21-0.40,Senti0.41-0.60,Senti0.61-0.80,Senti0.81-1.00,SentiTotal
0.0259050365803202,0.5136446707795853,0.27222897217822345,0.1684010161169055,1.0,3.0,1.0,0.0,0.0,0.00138601551880408