SentiMin,SentiMax,SentiAvg,SentiStdev,Senti0-0.20,Senti0.21-0.40,Senti0.41-0.60,Senti0.61-0.80,Senti0.81-1.00,SentiTotal
3.97406460976133E-9,0.49789225920557484,0.20956624301644786,0.20457760602327998,8.0,2.0,4.0,0.0,0.0,2.691070778647979E-24