TraitMin,TraitMax,TraitAvg,TraitStdev,TraitTotal
244.0,1840.0,753.9462759462759,417.86134813758383,572.4897959183673
