SentiMin,SentiMax,SentiAvg,SentiStdev,Senti0-0.20,Senti0.21-0.40,Senti0.41-0.60,Senti0.61-0.80,Senti0.81-1.00,SentiTotal
0.012697508636301464,0.49789225920557484,0.23348294127983657,0.1790149780914032,7.0,5.0,3.0,0.0,0.0,1.4369799820463655E-11