TraitMin,TraitMax,TraitAvg,TraitStdev,TraitTotal
400.0,1080.0,690.0119047619048,240.457403497637,572.9032258064516
