SentiMin,SentiMax,SentiAvg,SentiStdev,Senti0-0.20,Senti0.21-0.40,Senti0.41-0.60,Senti0.61-0.80,Senti0.81-1.00,SentiTotal
0.027497325680607355,0.5755436691302463,0.211583811695807,0.1842326070218838,11.0,2.0,5.0,0.0,0.0,2.105848260584129E-14