TimeMin,TimeMax,TimeAvg,TimeStdev,TimeTotal
840.0,3920.0,1951.4285714285713,840.5683208644114,27320.0
