TraitMin,TraitMax,TraitAvg,TraitStdev,TraitTotal
333.3333333333333,1240.0,646.2121212121211,240.12211845698042,560.8510638297872
