SentiMin,SentiMax,SentiAvg,SentiStdev,Senti0-0.20,Senti0.21-0.40,Senti0.41-0.60,Senti0.61-0.80,Senti0.81-1.00,SentiTotal
0.0014752295955905849,0.5755436691302463,0.24607583566033997,0.19173728781597044,5.0,3.0,3.0,0.0,0.0,3.497127812703368E-10