SentiMin,SentiMax,SentiAvg,SentiStdev,Senti0-0.20,Senti0.21-0.40,Senti0.41-0.60,Senti0.61-0.80,Senti0.81-1.00,SentiTotal
5.821127858159023E-5,0.6186040983078174,0.27497781565717694,0.2208193983228002,6.0,1.0,3.0,1.0,0.0,1.679801585525631E-11