TraitMin,TraitMax,TraitAvg,TraitStdev,TraitTotal
262.22222222222223,1880.0,639.3584255250922,435.32584610442507,444.04040404040404
