TimeMin,TimeMax,TimeAvg,TimeStdev,TimeTotal
1200.0,4000.0,2442.222222222222,893.3803193834798,43960.0
