SentiMin,SentiMax,SentiAvg,SentiStdev,Senti0-0.20,Senti0.21-0.40,Senti0.41-0.60,Senti0.61-0.80,Senti0.81-1.00,SentiTotal
0.006420215000984142,0.5580784230450301,0.3213274075423456,0.22569657015305689,3.0,1.0,4.0,0.0,0.0,5.792230545276634E-5