TraitMin,TraitMax,TraitAvg,TraitStdev,TraitTotal
280.0,880.0,640.0151515151515,222.0646952572744,515.2
