TimeMin,TimeMax,TimeAvg,TimeStdev,TimeTotal
840.0,3840.0,2362.6666666666665,819.2961749100397,35440.0
