SentiMin,SentiMax,SentiAvg,SentiStdev,Senti0-0.20,Senti0.21-0.40,Senti0.41-0.60,Senti0.61-0.80,Senti0.81-1.00,SentiTotal
0.0015489414543994992,0.21921412548362115,0.17217013108664492,0.0707171733576117,3.0,5.0,0.0,0.0,0.0,7.86549903267152E-8