TraitMin,TraitMax,TraitAvg,TraitStdev,TraitTotal
400.0,1640.0,798.2222222222222,415.17487019267696,567.741935483871
