SentiMin,SentiMax,SentiAvg,SentiStdev,Senti0-0.20,Senti0.21-0.40,Senti0.41-0.60,Senti0.61-0.80,Senti0.81-1.00,SentiTotal
0.0019441290766348213,0.5159436667231726,0.2333444178253464,0.21906101792067723,4.0,2.0,3.0,0.0,0.0,2.3467642450941178E-11