SentiMin,SentiMax,SentiAvg,SentiStdev,Senti0-0.20,Senti0.21-0.40,Senti0.41-0.60,Senti0.61-0.80,Senti0.81-1.00,SentiTotal
0.0037399359210074368,0.7871759834606769,0.2819389997078848,0.26063811218015115,7.0,3.0,4.0,2.0,0.0,1.714332565666623E-13