TimeMin,TimeMax,TimeAvg,TimeStdev,TimeTotal
440.0,3960.0,2181.818181818182,1114.579563470363,24000.0
