SentiMin,SentiMax,SentiAvg,SentiStdev,Senti0-0.20,Senti0.21-0.40,Senti0.41-0.60,Senti0.61-0.80,Senti0.81-1.00,SentiTotal
1.377673547150894E-4,0.5793131370750294,0.21590127555624578,0.23854253094227545,9.0,2.0,4.0,0.0,0.0,2.2138530866573372E-23