SentiMin,SentiMax,SentiAvg,SentiStdev,Senti0-0.20,Senti0.21-0.40,Senti0.41-0.60,Senti0.61-0.80,Senti0.81-1.00,SentiTotal
0.030048629944504895,0.8404367134688101,0.3051806641681066,0.24394468320503437,4.0,3.0,2.0,0.0,1.0,7.590734680292199E-6