TraitMin,TraitMax,TraitAvg,TraitStdev,TraitTotal
360.0,1520.0,956.25,446.4285357142843,662.8571428571429
