SentiMin,SentiMax,SentiAvg,SentiStdev,Senti0-0.20,Senti0.21-0.40,Senti0.41-0.60,Senti0.61-0.80,Senti0.81-1.00,SentiTotal
1.3799288510715407E-6,0.5755436691302463,0.08706316209074935,0.19126043532531925,11.0,0.0,2.0,0.0,0.0,2.1495646354908934E-34