TraitMin,TraitMax,TraitAvg,TraitStdev,TraitTotal
404.44444444444446,1160.0,633.4343434343434,264.22293351649404,517.0909090909091
