TimeMin,TimeMax,TimeAvg,TimeStdev,TimeTotal
1240.0,4000.0,2396.3636363636365,798.991099361879,26360.0
