TraitMin,TraitMax,TraitAvg,TraitStdev,TraitTotal
336.0,1120.0,654.5612848689772,267.3294122219151,475.94202898550725
