TraitMin,TraitMax,TraitAvg,TraitStdev,TraitTotal
440.0,1320.0,830.6666666666667,275.6519544643208,642.4242424242424
