TraitMin,TraitMax,TraitAvg,TraitStdev,TraitTotal
356.3636363636364,2080.0,715.3923652105469,464.5257378037746,533.3333333333334
