TimeMin,TimeMax,TimeAvg,TimeStdev,TimeTotal
1200.0,4160.0,2266.6666666666665,961.0179787889275,13600.0
