TraitMin,TraitMax,TraitAvg,TraitStdev,TraitTotal
300.0,826.6666666666666,487.68797868797867,145.1023895421413,454.71264367816093
