TraitMin,TraitMax,TraitAvg,TraitStdev,TraitTotal
280.0,1400.0,773.7074829931972,331.19499640256277,581.2765957446809
