TimeMin,TimeMax,TimeAvg,TimeStdev,TimeTotal
1160.0,4480.0,2585.4545454545455,1117.8255160343767,28440.0
