TraitMin,TraitMax,TraitAvg,TraitStdev,TraitTotal
450.0,1960.0,790.4444444444445,416.4833137321158,611.0344827586207
