TraitMin,TraitMax,TraitAvg,TraitStdev,TraitTotal
160.0,1200.0,602.6172839506173,327.86684335488735,491.30434782608694
