SentiMin,SentiMax,SentiAvg,SentiStdev,Senti0-0.20,Senti0.21-0.40,Senti0.41-0.60,Senti0.61-0.80,Senti0.81-1.00,SentiTotal
8.298605852577008E-4,0.8358435547763696,0.3194204429504228,0.2521477881084536,4.0,2.0,4.0,0.0,1.0,1.0591908939563328E-7