SentiMin,SentiMax,SentiAvg,SentiStdev,Senti0-0.20,Senti0.21-0.40,Senti0.41-0.60,Senti0.61-0.80,Senti0.81-1.00,SentiTotal
9.744304245955976E-6,0.49789225920557484,0.16112949940138752,0.17081126153558732,6.0,2.0,1.0,0.0,0.0,1.9355327384260172E-14