TimeMin,TimeMax,TimeAvg,TimeStdev,TimeTotal
680.0,4440.0,2157.846153846154,1179.2802137258163,28052.0
