TimeMin,TimeMax,TimeAvg,TimeStdev,TimeTotal
880.0,4840.0,2362.6666666666665,1029.6372608297006,35440.0
