TraitMin,TraitMax,TraitAvg,TraitStdev,TraitTotal
280.0,1160.0,528.9640211640211,218.65642981177564,466.3157894736842
