TraitMin,TraitMax,TraitAvg,TraitStdev,TraitTotal
666.6666666666666,1000.0,807.3333333333333,129.00301460732527,752.7272727272727
