TimeMin,TimeMax,TimeAvg,TimeStdev,TimeTotal
800.0,4480.0,1955.5555555555557,1092.1040966980627,17600.0
