TraitMin,TraitMax,TraitAvg,TraitStdev,TraitTotal
369.2307692307692,1760.0,615.8606532356532,333.408555695988,508.42105263157896
