SentiMin,SentiMax,SentiAvg,SentiStdev,Senti0-0.20,Senti0.21-0.40,Senti0.41-0.60,Senti0.61-0.80,Senti0.81-1.00,SentiTotal
1.3929121965727525E-6,0.5316624617817726,0.2832030019257691,0.186131527996842,5.0,4.0,4.0,0.0,0.0,8.53459416105597E-14