SentiMin,SentiMax,SentiAvg,SentiStdev,Senti0-0.20,Senti0.21-0.40,Senti0.41-0.60,Senti0.61-0.80,Senti0.81-1.00,SentiTotal
8.05582606306831E-5,0.5136446707795853,0.2077036883048245,0.20239959105481167,5.0,2.0,2.0,0.0,0.0,6.967885427232434E-14