TraitMin,TraitMax,TraitAvg,TraitStdev,TraitTotal
168.88888888888889,640.0,331.75203159413684,138.19168021961218,269.0265486725664
