TimeMin,TimeMax,TimeAvg,TimeStdev,TimeTotal
440.0,2480.0,1541.8181818181818,538.3783424966326,16960.0
