SentiMin,SentiMax,SentiAvg,SentiStdev,Senti0-0.20,Senti0.21-0.40,Senti0.41-0.60,Senti0.61-0.80,Senti0.81-1.00,SentiTotal
1.0155215963150277E-4,0.22381389395866708,0.03341586402394073,0.06863047499526784,8.0,1.0,0.0,0.0,0.0,1.4428644882861442E-22