SentiMin,SentiMax,SentiAvg,SentiStdev,Senti0-0.20,Senti0.21-0.40,Senti0.41-0.60,Senti0.61-0.80,Senti0.81-1.00,SentiTotal
9.292407530971558E-4,0.49789225920557484,0.16518042305726355,0.16460823142787703,13.0,3.0,3.0,0.0,0.0,2.4906247366722927E-21