SentiMin,SentiMax,SentiAvg,SentiStdev,Senti0-0.20,Senti0.21-0.40,Senti0.41-0.60,Senti0.61-0.80,Senti0.81-1.00,SentiTotal
0.00695608952154579,0.8235855607038417,0.285789063827168,0.26086562297996885,6.0,5.0,2.0,1.0,1.0,1.0968925724822663E-11