TraitMin,TraitMax,TraitAvg,TraitStdev,TraitTotal
124.0,720.0,304.83333333333337,173.07665289627533,235.45454545454547
