TraitMin,TraitMax,TraitAvg,TraitStdev,TraitTotal
208.0,840.0,376.0740740740741,182.05641357257394,315.29411764705884
