TraitMin,TraitMax,TraitAvg,TraitStdev,TraitTotal
226.66666666666666,560.0,391.5555555555556,128.60428347607657,313.3333333333333
