TraitMin,TraitMax,TraitAvg,TraitStdev,TraitTotal
168.88888888888889,1040.0,466.20105820105823,269.55070859137726,337.4468085106383
