SentiMin,SentiMax,SentiAvg,SentiStdev,Senti0-0.20,Senti0.21-0.40,Senti0.41-0.60,Senti0.61-0.80,Senti0.81-1.00,SentiTotal
5.891992239580334E-6,0.43796879524747484,0.15689364174561268,0.18681168761735809,4.0,1.0,1.0,0.0,0.0,2.0221096908362795E-11