TraitMin,TraitMax,TraitAvg,TraitStdev,TraitTotal
186.66666666666666,1000.0,464.0,296.5160666435763,293.3333333333333
