TraitMin,TraitMax,TraitAvg,TraitStdev,TraitTotal
213.33333333333334,1120.0,629.7407407407408,281.4234662435557,477.9310344827586
