TimeMin,TimeMax,TimeAvg,TimeStdev,TimeTotal
960.0,2280.0,1725.7142857142858,461.26711018538435,12080.0
