SentiMin,SentiMax,SentiAvg,SentiStdev,Senti0-0.20,Senti0.21-0.40,Senti0.41-0.60,Senti0.61-0.80,Senti0.81-1.00,SentiTotal
0.030903863553403157,0.43796879524747484,0.24468431646208938,0.15969239570920238,2.0,2.0,1.0,0.0,0.0,2.135869865509586E-5