TraitMin,TraitMax,TraitAvg,TraitStdev,TraitTotal
190.0,1000.0,350.3030990173847,170.05286964282968,304.70588235294116
