SentiMin,SentiMax,SentiAvg,SentiStdev,Senti0-0.20,Senti0.21-0.40,Senti0.41-0.60,Senti0.61-0.80,Senti0.81-1.00,SentiTotal
1.7047340695642736E-4,0.5180211359342639,0.16249001650836864,0.17233497647931678,13.0,5.0,3.0,0.0,0.0,5.573205881959797E-29