TraitMin,TraitMax,TraitAvg,TraitStdev,TraitTotal
210.0,1040.0,502.5333333333334,234.82774774525924,400.8
