SentiMin,SentiMax,SentiAvg,SentiStdev,Senti0-0.20,Senti0.21-0.40,Senti0.41-0.60,Senti0.61-0.80,Senti0.81-1.00,SentiTotal
0.024479573601640377,0.49789225920557484,0.19503312666384592,0.1694544651559382,4.0,2.0,1.0,0.0,0.0,1.7371253809736612E-6