TimeMin,TimeMax,TimeAvg,TimeStdev,TimeTotal
680.0,2560.0,1191.111111111111,542.5135829214979,10720.0
