SentiMin,SentiMax,SentiAvg,SentiStdev,Senti0-0.20,Senti0.21-0.40,Senti0.41-0.60,Senti0.61-0.80,Senti0.81-1.00,SentiTotal
0.0023195092827187503,0.12151605226790498,0.04201207889067473,0.047304480832250174,4.0,0.0,0.0,0.0,0.0,1.233884521611887E-7