TimeMin,TimeMax,TimeAvg,TimeStdev,TimeTotal
520.0,2360.0,1369.2307692307693,561.7891958659546,17800.0
