SentiMin,SentiMax,SentiAvg,SentiStdev,Senti0-0.20,Senti0.21-0.40,Senti0.41-0.60,Senti0.61-0.80,Senti0.81-1.00,SentiTotal
5.011663695528365E-4,0.49789225920557484,0.17123424661627606,0.16592411011868216,12.0,5.0,3.0,0.0,0.0,4.063893616862176E-24