SentiMin,SentiMax,SentiAvg,SentiStdev,Senti0-0.20,Senti0.21-0.40,Senti0.41-0.60,Senti0.61-0.80,Senti0.81-1.00,SentiTotal
0.008960355634336744,0.5628056929000496,0.32397484960609474,0.19232478274553733,1.0,2.0,3.0,0.0,0.0,7.294321167730476E-4