TimeMin,TimeMax,TimeAvg,TimeStdev,TimeTotal
680.0,3680.0,1690.6666666666667,752.2363694714286,25360.0
