TimeMin,TimeMax,TimeAvg,TimeStdev,TimeTotal
520.0,2400.0,1566.6666666666667,774.0513907716693,9400.0
