TraitMin,TraitMax,TraitAvg,TraitStdev,TraitTotal
211.42857142857142,1040.0,414.8639455782313,188.79514820940884,348.57142857142856
