TraitMin,TraitMax,TraitAvg,TraitStdev,TraitTotal
208.0,1000.0,435.39682539682536,208.23689535127517,390.15384615384613
