TraitMin,TraitMax,TraitAvg,TraitStdev,TraitTotal
210.0,506.6666666666667,365.4814814814815,87.61012274664245,337.6
