SentiMin,SentiMax,SentiAvg,SentiStdev,Senti0-0.20,Senti0.21-0.40,Senti0.41-0.60,Senti0.61-0.80,Senti0.81-1.00,SentiTotal
0.23982892909530382,0.49789225920557484,0.3688605941504393,0.12903166505513552,0.0,1.0,1.0,0.0,0.0,0.23982892909530382