SentiMin,SentiMax,SentiAvg,SentiStdev,Senti0-0.20,Senti0.21-0.40,Senti0.41-0.60,Senti0.61-0.80,Senti0.81-1.00,SentiTotal
4.220778769435954E-5,0.540222577411058,0.13961508925965502,0.18024827260005816,10.0,1.0,2.0,0.0,0.0,3.2983820279713263E-25