TraitMin,TraitMax,TraitAvg,TraitStdev,TraitTotal
160.0,500.0,294.4656084656084,131.14053587679055,238.49056603773585
