SentiMin,SentiMax,SentiAvg,SentiStdev,Senti0-0.20,Senti0.21-0.40,Senti0.41-0.60,Senti0.61-0.80,Senti0.81-1.00,SentiTotal
1.2454976941812811E-5,0.25786362502299304,0.07445341251647722,0.0843482531603253,14.0,2.0,0.0,0.0,0.0,2.2469219051911397E-33