TraitMin,TraitMax,TraitAvg,TraitStdev,TraitTotal
231.11111111111111,2280.0,510.7883597883598,487.78704294654847,375.0
