SentiMin,SentiMax,SentiAvg,SentiStdev,Senti0-0.20,Senti0.21-0.40,Senti0.41-0.60,Senti0.61-0.80,Senti0.81-1.00,SentiTotal
4.043953139795412E-4,0.49789225920557484,0.2058574938936027,0.1791442448525247,8.0,6.0,4.0,0.0,0.0,2.595790118934665E-18