TraitMin,TraitMax,TraitAvg,TraitStdev,TraitTotal
195.55555555555554,800.0,469.6068376068376,202.79592058110848,367.6190476190476
