TimeMin,TimeMax,TimeAvg,TimeStdev,TimeTotal
720.0,2400.0,1806.6666666666667,523.7896100110764,10840.0
