SentiMin,SentiMax,SentiAvg,SentiStdev,Senti0-0.20,Senti0.21-0.40,Senti0.41-0.60,Senti0.61-0.80,Senti0.81-1.00,SentiTotal
1.5480693733799296E-4,0.7191017733861276,0.19957334730102164,0.2246215774050304,8.0,1.0,2.0,1.0,0.0,2.89429786571497E-16