SentiMin,SentiMax,SentiAvg,SentiStdev,Senti0-0.20,Senti0.21-0.40,Senti0.41-0.60,Senti0.61-0.80,Senti0.81-1.00,SentiTotal
5.569610534882076E-5,0.49789225920557484,0.18881871192223987,0.190204990384216,9.0,3.0,3.0,0.0,0.0,7.981785382411501E-20