TraitMin,TraitMax,TraitAvg,TraitStdev,TraitTotal
196.36363636363637,760.0,412.95129870129864,165.20420082603346,344.93506493506493
