SentiMin,SentiMax,SentiAvg,SentiStdev,Senti0-0.20,Senti0.21-0.40,Senti0.41-0.60,Senti0.61-0.80,Senti0.81-1.00,SentiTotal
1.074299384726357E-6,0.5061422611448619,0.1255745599439426,0.1842463594523888,14.0,2.0,3.0,0.0,0.0,3.462602277953966E-41