SentiMin,SentiMax,SentiAvg,SentiStdev,Senti0-0.20,Senti0.21-0.40,Senti0.41-0.60,Senti0.61-0.80,Senti0.81-1.00,SentiTotal
0.0018105104305789698,0.49789225920557484,0.19477717350020232,0.16478956448103738,6.0,5.0,1.0,0.0,0.0,1.9257224945260497E-13