TraitMin,TraitMax,TraitAvg,TraitStdev,TraitTotal
144.0,600.0,342.85714285714283,137.5280305380451,328.4848484848485
