TraitMin,TraitMax,TraitAvg,TraitStdev,TraitTotal
166.66666666666666,1000.0,394.50539682539676,173.27524345984784,319.43689320388347
