TraitMin,TraitMax,TraitAvg,TraitStdev,TraitTotal
194.28571428571428,680.0,420.4761904761905,152.12526709011803,353.3333333333333
