TimeMin,TimeMax,TimeAvg,TimeStdev,TimeTotal
640.0,1760.0,1187.6923076923076,386.0281744630694,15440.0
