SentiMin,SentiMax,SentiAvg,SentiStdev,Senti0-0.20,Senti0.21-0.40,Senti0.41-0.60,Senti0.61-0.80,Senti0.81-1.00,SentiTotal
6.132220603351909E-4,0.29112132088878306,0.1718990608886036,0.12418185871675268,1.0,2.0,0.0,0.0,0.0,7.395544976685663E-5