TraitMin,TraitMax,TraitAvg,TraitStdev,TraitTotal
191.11111111111111,392.0,329.94444444444446,82.17647000341535,305.0
