SentiMin,SentiMax,SentiAvg,SentiStdev,Senti0-0.20,Senti0.21-0.40,Senti0.41-0.60,Senti0.61-0.80,Senti0.81-1.00,SentiTotal
5.3940075687573195E-5,0.6323720940364075,0.24635574837304328,0.2006504938878236,6.0,4.0,3.0,1.0,0.0,5.226304644744114E-16