TimeMin,TimeMax,TimeAvg,TimeStdev,TimeTotal
960.0,1960.0,1404.4444444444443,349.44753575739173,12640.0
