TimeMin,TimeMax,TimeAvg,TimeStdev,TimeTotal
1000.0,3240.0,1510.4761904761904,522.3980984293783,31720.0
