TraitMin,TraitMax,TraitAvg,TraitStdev,TraitTotal
288.0,1360.0,606.9333333333333,383.1429324242673,456.47058823529414
