SentiMin,SentiMax,SentiAvg,SentiStdev,Senti0-0.20,Senti0.21-0.40,Senti0.41-0.60,Senti0.61-0.80,Senti0.81-1.00,SentiTotal
0.0027289010101940983,0.49789225920557484,0.13636059295436156,0.1835997419959738,6.0,1.0,1.0,0.0,0.0,3.1863054641776084E-11