TraitMin,TraitMax,TraitAvg,TraitStdev,TraitTotal
230.0,520.0,352.44897959183675,102.00529994152231,305.3333333333333
