TraitMin,TraitMax,TraitAvg,TraitStdev,TraitTotal
260.0,1000.0,516.6,262.8131909424132,392.54237288135596
