TraitMin,TraitMax,TraitAvg,TraitStdev,TraitTotal
182.85714285714286,1120.0,497.1378446115288,227.58576213184148,417.77777777777777
