SentiMin,SentiMax,SentiAvg,SentiStdev,Senti0-0.20,Senti0.21-0.40,Senti0.41-0.60,Senti0.61-0.80,Senti0.81-1.00,SentiTotal
1.564553625923921E-4,0.6323720940364075,0.2924699770036454,0.1841605831142785,4.0,4.0,4.0,1.0,0.0,7.948368462345778E-10