TimeMin,TimeMax,TimeAvg,TimeStdev,TimeTotal
840.0,2760.0,1781.3333333333333,545.6967004562963,26720.0
