TimeMin,TimeMax,TimeAvg,TimeStdev,TimeTotal
480.0,2320.0,1234.2857142857142,432.09976172364713,17280.0
