SentiMin,SentiMax,SentiAvg,SentiStdev,Senti0-0.20,Senti0.21-0.40,Senti0.41-0.60,Senti0.61-0.80,Senti0.81-1.00,SentiTotal
2.3959696389659367E-5,0.5209503652609593,0.17379274701407801,0.19405095429726033,15.0,6.0,4.0,0.0,0.0,7.565074860267324E-38