TraitMin,TraitMax,TraitAvg,TraitStdev,TraitTotal
146.66666666666666,1240.0,350.94113756613757,221.19063463956675,292.51908396946567
