SentiMin,SentiMax,SentiAvg,SentiStdev,Senti0-0.20,Senti0.21-0.40,Senti0.41-0.60,Senti0.61-0.80,Senti0.81-1.00,SentiTotal
3.494193369468892E-6,0.5747915612654296,0.1739541703821301,0.19355680073811618,13.0,4.0,4.0,0.0,0.0,1.7369713698844598E-29