TimeMin,TimeMax,TimeAvg,TimeStdev,TimeTotal
1000.0,2880.0,1709.3333333333333,600.8823142309611,25640.0
