TimeMin,TimeMax,TimeAvg,TimeStdev,TimeTotal
600.0,3440.0,1385.2631578947369,630.883828000158,26320.0
