TimeMin,TimeMax,TimeAvg,TimeStdev,TimeTotal
520.0,2320.0,1308.5714285714287,634.1570010973752,9160.0
