SentiMin,SentiMax,SentiAvg,SentiStdev,Senti0-0.20,Senti0.21-0.40,Senti0.41-0.60,Senti0.61-0.80,Senti0.81-1.00,SentiTotal
0.1571079350448899,0.9309731696248866,0.48418345222282555,0.25160622717721887,1.0,1.0,2.0,0.0,1.0,0.5694549549576085