SentiMin,SentiMax,SentiAvg,SentiStdev,Senti0-0.20,Senti0.21-0.40,Senti0.41-0.60,Senti0.61-0.80,Senti0.81-1.00,SentiTotal
4.1452982316866226E-4,0.7681591420908935,0.1596531491268294,0.248992628844706,15.0,0.0,2.0,2.0,0.0,3.465204426003545E-30