SentiMin,SentiMax,SentiAvg,SentiStdev,Senti0-0.20,Senti0.21-0.40,Senti0.41-0.60,Senti0.61-0.80,Senti0.81-1.00,SentiTotal
1.5435420271167987E-4,0.3318261835577289,0.08719499573900724,0.11919910348677475,6.0,1.0,0.0,0.0,0.0,7.451489239309188E-14