SentiMin,SentiMax,SentiAvg,SentiStdev,Senti0-0.20,Senti0.21-0.40,Senti0.41-0.60,Senti0.61-0.80,Senti0.81-1.00,SentiTotal
0.0549104384690238,0.43796879524747484,0.2616930920398235,0.14299747694504122,2.0,2.0,1.0,0.0,0.0,0.0020496434581073566