SentiMin,SentiMax,SentiAvg,SentiStdev,Senti0-0.20,Senti0.21-0.40,Senti0.41-0.60,Senti0.61-0.80,Senti0.81-1.00,SentiTotal
1.1771960069862282E-4,0.49789225920557484,0.19968417874622316,0.18797965262929897,9.0,3.0,3.0,0.0,0.0,4.8028619477411485E-17