TraitMin,TraitMax,TraitAvg,TraitStdev,TraitTotal
115.55555555555556,453.3333333333333,269.6296296296296,139.4797309148423,205.71428571428572
