TimeMin,TimeMax,TimeAvg,TimeStdev,TimeTotal
1160.0,3280.0,1875.5555555555557,568.6457813888695,16880.0
