TraitMin,TraitMax,TraitAvg,TraitStdev,TraitTotal
177.14285714285714,720.0,347.25518925518924,154.2182151424384,278.125
