SentiMin,SentiMax,SentiAvg,SentiStdev,Senti0-0.20,Senti0.21-0.40,Senti0.41-0.60,Senti0.61-0.80,Senti0.81-1.00,SentiTotal
8.900913489757487E-4,0.2794653930830212,0.11428136306070594,0.10495230678421277,8.0,3.0,0.0,0.0,0.0,4.661606599152033E-17