SentiMin,SentiMax,SentiAvg,SentiStdev,Senti0-0.20,Senti0.21-0.40,Senti0.41-0.60,Senti0.61-0.80,Senti0.81-1.00,SentiTotal
0.009214197471937169,0.5159436667231726,0.23279445653846903,0.17286051869649877,7.0,4.0,4.0,0.0,0.0,1.3490921537364133E-12