TraitMin,TraitMax,TraitAvg,TraitStdev,TraitTotal
192.0,626.6666666666666,336.6507936507936,130.03817684680803,309.7435897435897
