TraitMin,TraitMax,TraitAvg,TraitStdev,TraitTotal
192.0,740.0,386.79292929292933,173.48323047780323,318.6885245901639
