SentiMin,SentiMax,SentiAvg,SentiStdev,Senti0-0.20,Senti0.21-0.40,Senti0.41-0.60,Senti0.61-0.80,Senti0.81-1.00,SentiTotal
3.4846178202412175E-5,0.49789225920557484,0.22330865442843115,0.19807587318848557,7.0,3.0,5.0,0.0,0.0,5.921991751438096E-20