TraitMin,TraitMax,TraitAvg,TraitStdev,TraitTotal
200.0,1120.0,488.33333333333337,264.95075912687014,345.6
