SentiMin,SentiMax,SentiAvg,SentiStdev,Senti0-0.20,Senti0.21-0.40,Senti0.41-0.60,Senti0.61-0.80,Senti0.81-1.00,SentiTotal
8.410073723581814E-7,0.49789225920557484,0.1337082675098304,0.15158261870457893,17.0,5.0,2.0,0.0,0.0,4.824616525006902E-40