TraitMin,TraitMax,TraitAvg,TraitStdev,TraitTotal
130.0,800.0,335.2557319223986,197.98439054363826,248.0
