TraitMin,TraitMax,TraitAvg,TraitStdev,TraitTotal
224.0,1000.0,492.8,274.19584241924605,394.2857142857143
