SentiMin,SentiMax,SentiAvg,SentiStdev,Senti0-0.20,Senti0.21-0.40,Senti0.41-0.60,Senti0.61-0.80,Senti0.81-1.00,SentiTotal
2.000707569606244E-5,0.43796879524747484,0.07779327918307943,0.13374846455946157,8.0,0.0,1.0,0.0,0.0,5.375191174850987E-22