TimeMin,TimeMax,TimeAvg,TimeStdev,TimeTotal
360.0,2800.0,1394.2857142857142,585.9024088131582,19520.0
