TraitMin,TraitMax,TraitAvg,TraitStdev,TraitTotal
220.0,550.0,397.0833333333333,108.33894216249708,356.7567567567568
