TimeMin,TimeMax,TimeAvg,TimeStdev,TimeTotal
720.0,2160.0,1261.1764705882354,408.6402466853609,21440.0
