SentiMin,SentiMax,SentiAvg,SentiStdev,Senti0-0.20,Senti0.21-0.40,Senti0.41-0.60,Senti0.61-0.80,Senti0.81-1.00,SentiTotal
7.353186068948797E-4,0.5001428121061703,0.18261311978643224,0.18567726154538552,6.0,0.0,2.0,0.0,0.0,2.832469611882543E-9