TraitMin,TraitMax,TraitAvg,TraitStdev,TraitTotal
153.33333333333334,1000.0,432.2222222222222,268.33965946074045,350.0
