TraitMin,TraitMax,TraitAvg,TraitStdev,TraitTotal
212.0,1080.0,442.39215686274514,269.7604901203815,329.84615384615387
