TimeMin,TimeMax,TimeAvg,TimeStdev,TimeTotal
800.0,2280.0,1342.2222222222222,452.5919864213678,12080.0
