TraitMin,TraitMax,TraitAvg,TraitStdev,TraitTotal
173.33333333333334,1120.0,499.9603174603175,299.01794782115263,378.5365853658537
