SentiMin,SentiMax,SentiAvg,SentiStdev,Senti0-0.20,Senti0.21-0.40,Senti0.41-0.60,Senti0.61-0.80,Senti0.81-1.00,SentiTotal
0.0011370543337004537,0.5755436691302463,0.2951300057461036,0.176536493268739,4.0,6.0,4.0,0.0,0.0,2.655829166961002E-10