TraitMin,TraitMax,TraitAvg,TraitStdev,TraitTotal
165.0,304.0,245.25,53.09131284871377,234.7826086956522
