SentiMin,SentiMax,SentiAvg,SentiStdev,Senti0-0.20,Senti0.21-0.40,Senti0.41-0.60,Senti0.61-0.80,Senti0.81-1.00,SentiTotal
0.0016022593503250838,0.43796879524747484,0.16686664264550555,0.15678670762577193,6.0,2.0,1.0,0.0,0.0,6.331239360764874E-11