TraitMin,TraitMax,TraitAvg,TraitStdev,TraitTotal
165.71428571428572,800.0,393.7354497354497,186.7384689556811,317.89473684210526
