TraitMin,TraitMax,TraitAvg,TraitStdev,TraitTotal
164.44444444444446,1240.0,659.1111111111111,332.78799835909325,450.3703703703704
