TraitMin,TraitMax,TraitAvg,TraitStdev,TraitTotal
212.0,1080.0,462.0,291.7418950602284,314.2857142857143
