TraitMin,TraitMax,TraitAvg,TraitStdev,TraitTotal
160.0,960.0,434.4,218.54777255531314,344.51612903225805
