TimeMin,TimeMax,TimeAvg,TimeStdev,TimeTotal
840.0,2520.0,1345.4545454545455,493.5283658857759,14800.0
