TraitMin,TraitMax,TraitAvg,TraitStdev,TraitTotal
182.85714285714286,1080.0,412.79682539682545,266.18879421338727,298.0952380952381
