SentiMin,SentiMax,SentiAvg,SentiStdev,Senti0-0.20,Senti0.21-0.40,Senti0.41-0.60,Senti0.61-0.80,Senti0.81-1.00,SentiTotal
1.4227905426030814E-4,0.5318834537628724,0.24336781456426637,0.1943169685479495,4.0,3.0,3.0,0.0,0.0,7.674780810169592E-10