SentiMin,SentiMax,SentiAvg,SentiStdev,Senti0-0.20,Senti0.21-0.40,Senti0.41-0.60,Senti0.61-0.80,Senti0.81-1.00,SentiTotal
0.02160419116845805,0.16559398801503664,0.10050330091527078,0.05522946012686392,4.0,0.0,0.0,0.0,0.0,6.050038874944248E-5