TraitMin,TraitMax,TraitAvg,TraitStdev,TraitTotal
172.0,1240.0,581.7777777777777,470.0705489473408,282.85714285714283
