TraitMin,TraitMax,TraitAvg,TraitStdev,TraitTotal
240.0,720.0,376.0952380952381,145.21276906429313,310.90909090909093
