TraitMin,TraitMax,TraitAvg,TraitStdev,TraitTotal
193.84615384615384,1080.0,441.8215118215119,236.65841423280318,314.8936170212766
