TraitMin,TraitMax,TraitAvg,TraitStdev,TraitTotal
210.0,1080.0,690.2380952380953,350.1620130370364,444.70588235294116
