TimeMin,TimeMax,TimeAvg,TimeStdev,TimeTotal
520.0,1920.0,1293.3333333333333,401.7738446218497,15520.0
