SentiMin,SentiMax,SentiAvg,SentiStdev,Senti0-0.20,Senti0.21-0.40,Senti0.41-0.60,Senti0.61-0.80,Senti0.81-1.00,SentiTotal
0.0026361767517478225,0.43796879524747484,0.13268060339319446,0.15252389118011314,5.0,0.0,1.0,0.0,0.0,2.396473896646356E-8