SentiMin,SentiMax,SentiAvg,SentiStdev,Senti0-0.20,Senti0.21-0.40,Senti0.41-0.60,Senti0.61-0.80,Senti0.81-1.00,SentiTotal
0.0013783064179205848,0.44278283723900314,0.20658082037652203,0.14345762461051054,5.0,6.0,1.0,0.0,0.0,4.304679564118932E-11