SentiMin,SentiMax,SentiAvg,SentiStdev,Senti0-0.20,Senti0.21-0.40,Senti0.41-0.60,Senti0.61-0.80,Senti0.81-1.00,SentiTotal
1.0965867682197663E-5,0.5200323157099455,0.1728765398801264,0.17712838343042048,6.0,2.0,2.0,0.0,0.0,2.033754758326011E-13