TraitMin,TraitMax,TraitAvg,TraitStdev,TraitTotal
131.42857142857142,1400.0,511.8874458874459,315.5409834780073,340.84507042253523
