SentiMin,SentiMax,SentiAvg,SentiStdev,Senti0-0.20,Senti0.21-0.40,Senti0.41-0.60,Senti0.61-0.80,Senti0.81-1.00,SentiTotal
0.14166849172404516,0.6394985065133467,0.357429439708725,0.2085765341105573,1.0,1.0,0.0,1.0,0.0,0.10896133483821399