SentiMin,SentiMax,SentiAvg,SentiStdev,Senti0-0.20,Senti0.21-0.40,Senti0.41-0.60,Senti0.61-0.80,Senti0.81-1.00,SentiTotal
0.001647591684737228,0.5293700225891195,0.33430955037291765,0.1867772795715231,2.0,4.0,6.0,0.0,0.0,6.1896851343194E-8