TimeMin,TimeMax,TimeAvg,TimeStdev,TimeTotal
440.0,4040.0,1512.7272727272727,1022.9110945913219,16640.0
