SentiMin,SentiMax,SentiAvg,SentiStdev,Senti0-0.20,Senti0.21-0.40,Senti0.41-0.60,Senti0.61-0.80,Senti0.81-1.00,SentiTotal
0.01692597433059717,0.49789225920557484,0.2667316923937361,0.1905620774415322,2.0,1.0,1.0,0.0,0.0,0.0021121151829538217