TimeMin,TimeMax,TimeAvg,TimeStdev,TimeTotal
320.0,6000.0,2058.6666666666665,1570.1119563762181,30880.0
