SentiMin,SentiMax,SentiAvg,SentiStdev,Senti0-0.20,Senti0.21-0.40,Senti0.41-0.60,Senti0.61-0.80,Senti0.81-1.00,SentiTotal
0.002335409435479827,0.49789225920557484,0.25682595207259795,0.16784272168003148,4.0,4.0,5.0,0.0,0.0,1.1627198251582666E-11