TimeMin,TimeMax,TimeAvg,TimeStdev,TimeTotal
600.0,2680.0,1326.6666666666667,652.7548459329038,15920.0
