SentiMin,SentiMax,SentiAvg,SentiStdev,Senti0-0.20,Senti0.21-0.40,Senti0.41-0.60,Senti0.61-0.80,Senti0.81-1.00,SentiTotal
4.608969200280461E-4,0.49789225920557484,0.23900656932427006,0.19810243949835105,4.0,4.0,3.0,0.0,0.0,1.8437104908478962E-11