TraitMin,TraitMax,TraitAvg,TraitStdev,TraitTotal
153.84615384615384,1000.0,461.0650887573965,238.34613326194938,306.9767441860465
