SentiMin,SentiMax,SentiAvg,SentiStdev,Senti0-0.20,Senti0.21-0.40,Senti0.41-0.60,Senti0.61-0.80,Senti0.81-1.00,SentiTotal
4.1852952079880757E-4,0.49789225920557484,0.2195412674753452,0.17979622205902895,6.0,4.0,2.0,0.0,0.0,6.255529155692671E-13