TraitMin,TraitMax,TraitAvg,TraitStdev,TraitTotal
248.0,920.0,449.15151515151507,193.22172136904132,361.7391304347826
