TraitMin,TraitMax,TraitAvg,TraitStdev,TraitTotal
120.0,2320.0,756.4874721238357,574.2526250447445,486.27450980392155
