SentiMin,SentiMax,SentiAvg,SentiStdev,Senti0-0.20,Senti0.21-0.40,Senti0.41-0.60,Senti0.61-0.80,Senti0.81-1.00,SentiTotal
5.081170477857952E-5,0.5056149166683619,0.1537805684241347,0.17580356535782796,10.0,1.0,3.0,0.0,0.0,9.840798447998194E-20