TraitMin,TraitMax,TraitAvg,TraitStdev,TraitTotal
208.0,466.6666666666667,342.17006802721096,85.66609513463139,320.5633802816901
