TimeMin,TimeMax,TimeAvg,TimeStdev,TimeTotal
400.0,2440.0,1345.4545454545455,735.2471895574074,14800.0
