SentiMin,SentiMax,SentiAvg,SentiStdev,Senti0-0.20,Senti0.21-0.40,Senti0.41-0.60,Senti0.61-0.80,Senti0.81-1.00,SentiTotal
0.12032850277210275,0.6274708568440207,0.33858925291393516,0.16912080888541112,3.0,3.0,4.0,1.0,0.0,1.9138390039456448E-4