SentiMin,SentiMax,SentiAvg,SentiStdev,Senti0-0.20,Senti0.21-0.40,Senti0.41-0.60,Senti0.61-0.80,Senti0.81-1.00,SentiTotal
0.026060105951765278,0.6274708568440207,0.3041571681898362,0.17830818759361255,4.0,4.0,2.0,1.0,0.0,9.684170624565586E-6