TraitMin,TraitMax,TraitAvg,TraitStdev,TraitTotal
284.0,1400.0,624.7777777777777,368.6762941613458,440.0
