TraitMin,TraitMax,TraitAvg,TraitStdev,TraitTotal
226.66666666666666,1120.0,531.625,270.66974225982483,421.3953488372093
