TraitMin,TraitMax,TraitAvg,TraitStdev,TraitTotal
221.33333333333334,1360.0,592.7074829931972,296.331146931553,405.0
