TraitMin,TraitMax,TraitAvg,TraitStdev,TraitTotal
360.0,1440.0,712.7272727272727,333.71438275297385,603.8095238095239
