SentiMin,SentiMax,SentiAvg,SentiStdev,Senti0-0.20,Senti0.21-0.40,Senti0.41-0.60,Senti0.61-0.80,Senti0.81-1.00,SentiTotal
5.848199292030269E-7,0.49789225920557484,0.25001878014410994,0.1883807062271169,5.0,5.0,4.0,0.0,0.0,1.0803098450255157E-15