SentiMin,SentiMax,SentiAvg,SentiStdev,Senti0-0.20,Senti0.21-0.40,Senti0.41-0.60,Senti0.61-0.80,Senti0.81-1.00,SentiTotal
0.0014414000246188673,0.49789225920557484,0.21164011236629746,0.16690278384703797,6.0,7.0,2.0,0.0,0.0,1.5677144619193268E-15