TimeMin,TimeMax,TimeAvg,TimeStdev,TimeTotal
480.0,2240.0,1152.7272727272727,578.101766899706,12680.0
