SentiMin,SentiMax,SentiAvg,SentiStdev,Senti0-0.20,Senti0.21-0.40,Senti0.41-0.60,Senti0.61-0.80,Senti0.81-1.00,SentiTotal
3.486655606530062E-10,0.49789225920557484,0.15872521167667492,0.16912104486980487,9.0,5.0,2.0,0.0,0.0,2.863200856072965E-34