TraitMin,TraitMax,TraitAvg,TraitStdev,TraitTotal
224.0,1160.0,489.6000000000001,285.45716938895674,388.0701754385965
