TraitMin,TraitMax,TraitAvg,TraitStdev,TraitTotal
260.0,360.0,306.6666666666667,41.09609335312651,304.0
