SentiMin,SentiMax,SentiAvg,SentiStdev,Senti0-0.20,Senti0.21-0.40,Senti0.41-0.60,Senti0.61-0.80,Senti0.81-1.00,SentiTotal
0.016655516111979154,0.49789225920557484,0.2569129611152864,0.16854922115193052,6.0,6.0,4.0,0.0,0.0,3.4224097277700975E-10