TimeMin,TimeMax,TimeAvg,TimeStdev,TimeTotal
840.0,4240.0,2254.5454545454545,1289.9919917747457,24800.0
