TimeMin,TimeMax,TimeAvg,TimeStdev,TimeTotal
880.0,5000.0,1625.7142857142858,1039.2972507950765,22760.0
