TraitMin,TraitMax,TraitAvg,TraitStdev,TraitTotal
85.71428571428571,760.0,353.41477308002726,157.16849834362887,324.0816326530612
