TraitMin,TraitMax,TraitAvg,TraitStdev,TraitTotal
146.66666666666666,880.0,447.4000000000001,257.38970885064975,349.3333333333333
