TimeMin,TimeMax,TimeAvg,TimeStdev,TimeTotal
560.0,2000.0,1015.3846153846154,419.09454385185035,13200.0
