TraitMin,TraitMax,TraitAvg,TraitStdev,TraitTotal
192.0,760.0,396.9104821104822,175.0042270496237,386.0
