TimeMin,TimeMax,TimeAvg,TimeStdev,TimeTotal
520.0,1800.0,1013.3333333333334,562.2178304615471,3040.0
