SentiMin,SentiMax,SentiAvg,SentiStdev,Senti0-0.20,Senti0.21-0.40,Senti0.41-0.60,Senti0.61-0.80,Senti0.81-1.00,SentiTotal
0.010283005822297105,0.39697510199130176,0.2117457970483219,0.15828316159670097,1.0,2.0,0.0,0.0,0.0,0.002049912927274826