TraitMin,TraitMax,TraitAvg,TraitStdev,TraitTotal
280.0,1280.0,509.7445887445888,258.12711106981027,425.28735632183907
