SentiMin,SentiMax,SentiAvg,SentiStdev,Senti0-0.20,Senti0.21-0.40,Senti0.41-0.60,Senti0.61-0.80,Senti0.81-1.00,SentiTotal
0.003931309439441486,0.33697404783957957,0.11974381897915158,0.15371734177688526,2.0,1.0,0.0,0.0,0.0,3.8082303689466694E-5