SentiMin,SentiMax,SentiAvg,SentiStdev,Senti0-0.20,Senti0.21-0.40,Senti0.41-0.60,Senti0.61-0.80,Senti0.81-1.00,SentiTotal
7.85278185394471E-5,0.6637006687679396,0.22312591326740028,0.2241277892487374,9.0,2.0,3.0,1.0,0.0,4.654904936301132E-20