TimeMin,TimeMax,TimeAvg,TimeStdev,TimeTotal
720.0,4920.0,2805.3333333333335,1198.654060000447,42080.0
