SentiMin,SentiMax,SentiAvg,SentiStdev,Senti0-0.20,Senti0.21-0.40,Senti0.41-0.60,Senti0.61-0.80,Senti0.81-1.00,SentiTotal
3.495684099905141E-5,0.49789225920557484,0.13551792677973795,0.17181653347841996,10.0,2.0,2.0,0.0,0.0,6.342503200625155E-26