TraitMin,TraitMax,TraitAvg,TraitStdev,TraitTotal
380.0,1160.0,658.7878787878789,355.15668627944916,457.77777777777777
