TraitMin,TraitMax,TraitAvg,TraitStdev,TraitTotal
336.0,880.0,452.03771043771036,160.01705765902503,400.76190476190476
