TraitMin,TraitMax,TraitAvg,TraitStdev,TraitTotal
266.6666666666667,1000.0,491.8134920634921,208.36267756302846,425.3658536585366
