SentiMin,SentiMax,SentiAvg,SentiStdev,Senti0-0.20,Senti0.21-0.40,Senti0.41-0.60,Senti0.61-0.80,Senti0.81-1.00,SentiTotal
0.012618529524546373,0.48728019602140255,0.20773301348358597,0.16182329844555346,4.0,3.0,1.0,0.0,0.0,4.048273626647386E-7