TimeMin,TimeMax,TimeAvg,TimeStdev,TimeTotal
1160.0,4800.0,2746.6666666666665,1522.2206001613417,8240.0
