SentiMin,SentiMax,SentiAvg,SentiStdev,Senti0-0.20,Senti0.21-0.40,Senti0.41-0.60,Senti0.61-0.80,Senti0.81-1.00,SentiTotal
0.0012645302827860633,0.39697510199130176,0.1531454234738045,0.14082879329257136,9.0,5.0,0.0,0.0,0.0,3.398404347315688E-16