SentiMin,SentiMax,SentiAvg,SentiStdev,Senti0-0.20,Senti0.21-0.40,Senti0.41-0.60,Senti0.61-0.80,Senti0.81-1.00,SentiTotal
0.00723712788486898,0.9633831386283095,0.34368930870547604,0.32250152929537645,4.0,3.0,0.0,0.0,2.0,4.794639322581191E-5