TraitMin,TraitMax,TraitAvg,TraitStdev,TraitTotal
354.2857142857143,680.0,495.2910052910053,118.94587068667478,456.5217391304348
