SentiMin,SentiMax,SentiAvg,SentiStdev,Senti0-0.20,Senti0.21-0.40,Senti0.41-0.60,Senti0.61-0.80,Senti0.81-1.00,SentiTotal
3.5537985060554354E-6,0.9999826420771653,0.20888828314221716,0.26646580837047446,7.0,4.0,1.0,0.0,1.0,2.732402466525079E-13