TraitMin,TraitMax,TraitAvg,TraitStdev,TraitTotal
264.0,546.6666666666666,409.51851851851853,83.90515335749724,397.43589743589746
