TraitMin,TraitMax,TraitAvg,TraitStdev,TraitTotal
320.0,880.0,474.1828171828172,139.66140222113697,427.8048780487805
