TimeMin,TimeMax,TimeAvg,TimeStdev,TimeTotal
1360.0,3480.0,2333.3333333333335,652.6527066944222,21000.0
