TimeMin,TimeMax,TimeAvg,TimeStdev,TimeTotal
840.0,4400.0,2642.8571428571427,1215.280264979638,37000.0
