TraitMin,TraitMax,TraitAvg,TraitStdev,TraitTotal
305.8,680.0,472.9643784786642,129.85952229565854,422.6794871794872
