TimeMin,TimeMax,TimeAvg,TimeStdev,TimeTotal
1320.0,3760.0,2206.6666666666665,756.629955056558,26480.0
