SentiMin,SentiMax,SentiAvg,SentiStdev,Senti0-0.20,Senti0.21-0.40,Senti0.41-0.60,Senti0.61-0.80,Senti0.81-1.00,SentiTotal
0.008379869708800307,0.66441070346718,0.3042756442737239,0.19321086676753263,3.0,3.0,3.0,1.0,0.0,6.547661343303292E-6