TraitMin,TraitMax,TraitAvg,TraitStdev,TraitTotal
320.0,660.0,435.9285714285714,104.48504813343732,404.2105263157895
