TimeMin,TimeMax,TimeAvg,TimeStdev,TimeTotal
880.0,4280.0,2698.4615384615386,997.9197297289238,35080.0
