TraitMin,TraitMax,TraitAvg,TraitStdev,TraitTotal
355.55555555555554,780.0,546.5185185185186,175.86763946729081,455.0
