TraitMin,TraitMax,TraitAvg,TraitStdev,TraitTotal
333.3333333333333,560.0,417.54285714285714,60.08601242293325,401.9047619047619
