SentiMin,SentiMax,SentiAvg,SentiStdev,Senti0-0.20,Senti0.21-0.40,Senti0.41-0.60,Senti0.61-0.80,Senti0.81-1.00,SentiTotal
0.001431118929753186,0.6522816607597919,0.2271749904429151,0.20474328482339693,6.0,3.0,2.0,1.0,0.0,1.086212115543001E-10