SentiMin,SentiMax,SentiAvg,SentiStdev,Senti0-0.20,Senti0.21-0.40,Senti0.41-0.60,Senti0.61-0.80,Senti0.81-1.00,SentiTotal
5.189166658822982E-4,0.8286439611644365,0.15269925179231963,0.22209614719284104,9.0,2.0,0.0,0.0,1.0,2.985090410359068E-16