TimeMin,TimeMax,TimeAvg,TimeStdev,TimeTotal
1240.0,4480.0,2354.9285714285716,850.5712756130193,32969.0
