TimeMin,TimeMax,TimeAvg,TimeStdev,TimeTotal
216.0,5104.0,933.1538461538462,1242.770468698795,12131.0
