TraitMin,TraitMax,TraitAvg,TraitStdev,TraitTotal
232.0,640.0,387.27777777777777,153.85334162609988,360.3142857142857
