TimeMin,TimeMax,TimeAvg,TimeStdev,TimeTotal
128.0,2319.0,1134.090909090909,573.2082684402454,12475.0
