TimeMin,TimeMax,TimeAvg,TimeStdev,TimeTotal
281.0,2504.0,1101.7142857142858,761.9422014610734,15424.0
