TimeMin,TimeMax,TimeAvg,TimeStdev,TimeTotal
324.0,1734.0,1047.8333333333333,445.47443498165217,12574.0
