SentiMin,SentiMax,SentiAvg,SentiStdev,Senti0-0.20,Senti0.21-0.40,Senti0.41-0.60,Senti0.61-0.80,Senti0.81-1.00,SentiTotal
0.10827813162111795,0.5318834537628724,0.30928544998189317,0.15982372797313832,4.0,3.0,4.0,0.0,0.0,4.028242396313496E-5