TimeMin,TimeMax,TimeAvg,TimeStdev,TimeTotal
568.0,4568.0,1651.6666666666667,1016.7826163388557,19820.0
