SentiMin,SentiMax,SentiAvg,SentiStdev,Senti0-0.20,Senti0.21-0.40,Senti0.41-0.60,Senti0.61-0.80,Senti0.81-1.00,SentiTotal
0.12356332184939972,0.5734576952979002,0.345407875141708,0.16518794723058933,2.0,4.0,5.0,0.0,0.0,3.309800712779556E-4