SentiMin,SentiMax,SentiAvg,SentiStdev,Senti0-0.20,Senti0.21-0.40,Senti0.41-0.60,Senti0.61-0.80,Senti0.81-1.00,SentiTotal
0.06815276841168416,0.540222577411058,0.35048621479858094,0.1745201499328192,4.0,1.0,5.0,0.0,0.0,4.885414813941425E-4