TraitMin,TraitMax,TraitAvg,TraitStdev,TraitTotal
134.8,655.0,287.5225108225108,130.3627487709734,265.53333333333336
