SentiMin,SentiMax,SentiAvg,SentiStdev,Senti0-0.20,Senti0.21-0.40,Senti0.41-0.60,Senti0.61-0.80,Senti0.81-1.00,SentiTotal
0.0400769067995502,0.5318834537628724,0.37309418559307883,0.15377268921646825,2.0,4.0,7.0,0.0,0.0,2.3260985928193092E-4