SentiMin,SentiMax,SentiAvg,SentiStdev,Senti0-0.20,Senti0.21-0.40,Senti0.41-0.60,Senti0.61-0.80,Senti0.81-1.00,SentiTotal
0.06527802728002913,0.4898631585877994,0.3245636455301904,0.11193574047918597,1.0,9.0,2.0,0.0,0.0,6.025017722341027E-5