SentiMin,SentiMax,SentiAvg,SentiStdev,Senti0-0.20,Senti0.21-0.40,Senti0.41-0.60,Senti0.61-0.80,Senti0.81-1.00,SentiTotal
0.013919303780393646,0.5959684635705874,0.3088233005453158,0.16645615909374628,3.0,6.0,3.0,0.0,0.0,2.8004204091905262E-6