SentiMin,SentiMax,SentiAvg,SentiStdev,Senti0-0.20,Senti0.21-0.40,Senti0.41-0.60,Senti0.61-0.80,Senti0.81-1.00,SentiTotal
0.15477417028008883,0.49789225920557484,0.2891945075059128,0.10537161672785038,3.0,7.0,1.0,0.0,0.0,2.968996604972001E-5