TimeMin,TimeMax,TimeAvg,TimeStdev,TimeTotal
161.0,5328.0,1738.8181818181818,1476.9154477049192,19127.0
