SentiMin,SentiMax,SentiAvg,SentiStdev,Senti0-0.20,Senti0.21-0.40,Senti0.41-0.60,Senti0.61-0.80,Senti0.81-1.00,SentiTotal
0.013147894121811896,0.5619480599430418,0.3162022148759777,0.18621173715281197,4.0,3.0,5.0,0.0,0.0,1.7783022159840383E-6