TimeMin,TimeMax,TimeAvg,TimeStdev,TimeTotal
218.0,2851.0,943.6666666666666,777.9764063831814,14155.0
