TraitMin,TraitMax,TraitAvg,TraitStdev,TraitTotal
4.0,367.0,185.78935185185188,89.58938642938624,189.3548387096774
