TraitMin,TraitMax,TraitAvg,TraitStdev,TraitTotal
108.5,666.0,344.3797258297258,179.50338036393424,382.54
