SentiMin,SentiMax,SentiAvg,SentiStdev,Senti0-0.20,Senti0.21-0.40,Senti0.41-0.60,Senti0.61-0.80,Senti0.81-1.00,SentiTotal
0.11662078917489299,0.5318834537628724,0.3917523890463379,0.13014952160672996,1.0,5.0,6.0,0.0,0.0,0.0029064214146214008