TimeMin,TimeMax,TimeAvg,TimeStdev,TimeTotal
280.0,5230.0,1666.7333333333333,1274.2639949747027,25001.0
