TraitMin,TraitMax,TraitAvg,TraitStdev,TraitTotal
179.9,1196.5,318.7738565162907,237.4562387013117,265.425
