TimeMin,TimeMax,TimeAvg,TimeStdev,TimeTotal
145.0,6676.0,1233.642857142857,1650.8065823860104,17271.0
