SentiMin,SentiMax,SentiAvg,SentiStdev,Senti0-0.20,Senti0.21-0.40,Senti0.41-0.60,Senti0.61-0.80,Senti0.81-1.00,SentiTotal
0.005945937867836494,0.49789225920557484,0.2710964059906531,0.15032127062723966,3.0,6.0,2.0,0.0,0.0,3.727687376313913E-7