SentiMin,SentiMax,SentiAvg,SentiStdev,Senti0-0.20,Senti0.21-0.40,Senti0.41-0.60,Senti0.61-0.80,Senti0.81-1.00,SentiTotal
0.13519708227150046,0.7481656225122321,0.39097006746760526,0.21384403262228305,2.0,2.0,2.0,1.0,0.0,0.022979783432430602