SentiMin,SentiMax,SentiAvg,SentiStdev,Senti0-0.20,Senti0.21-0.40,Senti0.41-0.60,Senti0.61-0.80,Senti0.81-1.00,SentiTotal
0.11426563570824858,0.5136446707795853,0.4104472889871216,0.13678581150942598,1.0,2.0,5.0,0.0,0.0,0.032440945308501334