TraitMin,TraitMax,TraitAvg,TraitStdev,TraitTotal
117.5,459.0,207.3059523809524,83.13209072446064,205.60714285714286
