SentiMin,SentiMax,SentiAvg,SentiStdev,Senti0-0.20,Senti0.21-0.40,Senti0.41-0.60,Senti0.61-0.80,Senti0.81-1.00,SentiTotal
0.0736401149528525,0.5318834537628724,0.33823901951305085,0.1617186064883577,4.0,5.0,6.0,0.0,0.0,6.307726253239829E-6