TimeMin,TimeMax,TimeAvg,TimeStdev,TimeTotal
426.0,1859.0,989.5714285714286,463.5218771668117,6927.0
