TraitMin,TraitMax,TraitAvg,TraitStdev,TraitTotal
119.0,1873.0,415.85138888888895,459.3296266308638,289.8048780487805
