TraitMin,TraitMax,TraitAvg,TraitStdev,TraitTotal
108.0,567.1111111111111,245.25534188034186,143.27991508756364,258.1063829787234
