TraitMin,TraitMax,TraitAvg,TraitStdev,TraitTotal
118.0,544.25,265.47499999999997,116.77009572073506,256.7857142857143
