TraitMin,TraitMax,TraitAvg,TraitStdev,TraitTotal
55.666666666666664,308.0,205.80555555555554,81.57111284405336,200.4090909090909
