SentiMin,SentiMax,SentiAvg,SentiStdev,Senti0-0.20,Senti0.21-0.40,Senti0.41-0.60,Senti0.61-0.80,Senti0.81-1.00,SentiTotal
0.030169666241122165,0.5136446707795853,0.30149097942572367,0.14673153975514527,2.0,5.0,2.0,0.0,0.0,9.562689563683517E-5