TraitMin,TraitMax,TraitAvg,TraitStdev,TraitTotal
135.4,426.0,236.4027777777778,87.11752412264286,203.73529411764707
