SentiMin,SentiMax,SentiAvg,SentiStdev,Senti0-0.20,Senti0.21-0.40,Senti0.41-0.60,Senti0.61-0.80,Senti0.81-1.00,SentiTotal
0.0736401149528525,0.542830163336703,0.34064974412588767,0.1341039038269907,1.0,9.0,4.0,0.0,0.0,3.318702892057314E-5