TimeMin,TimeMax,TimeAvg,TimeStdev,TimeTotal
272.0,4184.0,1146.4545454545455,1073.055904977281,12611.0
