SentiMin,SentiMax,SentiAvg,SentiStdev,Senti0-0.20,Senti0.21-0.40,Senti0.41-0.60,Senti0.61-0.80,Senti0.81-1.00,SentiTotal
5.32774854990808E-4,0.49789225920557484,0.27862731172703514,0.206461288757192,5.0,3.0,6.0,0.0,0.0,7.07094541157591E-12