TimeMin,TimeMax,TimeAvg,TimeStdev,TimeTotal
306.0,2617.0,965.5714285714286,549.8165556783091,13518.0
