SentiMin,SentiMax,SentiAvg,SentiStdev,Senti0-0.20,Senti0.21-0.40,Senti0.41-0.60,Senti0.61-0.80,Senti0.81-1.00,SentiTotal
0.11750057237861207,0.5318834537628724,0.323645683514402,0.16458152470246834,3.0,2.0,3.0,0.0,0.0,0.0010643038910428545