TimeMin,TimeMax,TimeAvg,TimeStdev,TimeTotal
273.0,1968.0,906.5555555555555,444.6244635422649,8159.0
