SentiMin,SentiMax,SentiAvg,SentiStdev,Senti0-0.20,Senti0.21-0.40,Senti0.41-0.60,Senti0.61-0.80,Senti0.81-1.00,SentiTotal
0.14902308746955298,0.7090734456126735,0.4270157525981333,0.1652703094699418,1.0,2.0,2.0,1.0,0.0,0.11827133346183337