TraitMin,TraitMax,TraitAvg,TraitStdev,TraitTotal
1.2,1954.6666666666667,315.02404295051355,420.55908780398073,286.7974683544304
