TimeMin,TimeMax,TimeAvg,TimeStdev,TimeTotal
396.0,2615.0,1084.2222222222222,745.4354100908301,9758.0
