SentiMin,SentiMax,SentiAvg,SentiStdev,Senti0-0.20,Senti0.21-0.40,Senti0.41-0.60,Senti0.61-0.80,Senti0.81-1.00,SentiTotal
1.2233743435323188E-4,0.5318834537628724,0.22876624403688062,0.16054209493718288,4.0,6.0,2.0,0.0,0.0,1.307965400869861E-11