TraitMin,TraitMax,TraitAvg,TraitStdev,TraitTotal
123.0,350.0,204.20873397435898,66.58727565271016,202.0943396226415
