SentiMin,SentiMax,SentiAvg,SentiStdev,Senti0-0.20,Senti0.21-0.40,Senti0.41-0.60,Senti0.61-0.80,Senti0.81-1.00,SentiTotal
0.15859608365798672,0.5521903672249213,0.4100349201253713,0.12314928773854522,1.0,4.0,9.0,0.0,0.0,0.00400537187258878