TimeMin,TimeMax,TimeAvg,TimeStdev,TimeTotal
248.0,1904.0,764.5454545454545,587.5516787539726,8410.0
