SentiMin,SentiMax,SentiAvg,SentiStdev,Senti0-0.20,Senti0.21-0.40,Senti0.41-0.60,Senti0.61-0.80,Senti0.81-1.00,SentiTotal
0.0030118346001264695,0.5318834537628724,0.30762733292437777,0.161873988581807,4.0,8.0,4.0,0.0,0.0,3.434796756859064E-9