TraitMin,TraitMax,TraitAvg,TraitStdev,TraitTotal
81.8,658.0,256.38814935064937,135.48933944184722,218.03225806451613
