SentiMin,SentiMax,SentiAvg,SentiStdev,Senti0-0.20,Senti0.21-0.40,Senti0.41-0.60,Senti0.61-0.80,Senti0.81-1.00,SentiTotal
0.0124224990032799,0.49789225920557484,0.278462459727955,0.15351046814939912,5.0,7.0,4.0,0.0,0.0,6.272196774956905E-9