TraitMin,TraitMax,TraitAvg,TraitStdev,TraitTotal
97.5,308.0,209.5239898989899,64.47330806127877,211.92156862745097
