TimeMin,TimeMax,TimeAvg,TimeStdev,TimeTotal
167.0,1483.0,734.8333333333334,478.05697591628365,4409.0
