TraitMin,TraitMax,TraitAvg,TraitStdev,TraitTotal
146.66666666666666,539.0,277.94259259259263,126.0280801336248,295.6969696969697
