TraitMin,TraitMax,TraitAvg,TraitStdev,TraitTotal
149.57142857142858,982.0,367.9312169312169,248.63966821746902,271.96666666666664
