SentiMin,SentiMax,SentiAvg,SentiStdev,Senti0-0.20,Senti0.21-0.40,Senti0.41-0.60,Senti0.61-0.80,Senti0.81-1.00,SentiTotal
0.02068869048148542,0.5318834537628724,0.34680939410596,0.1678168905587155,4.0,6.0,7.0,0.0,0.0,2.162783070780737E-6