SentiMin,SentiMax,SentiAvg,SentiStdev,Senti0-0.20,Senti0.21-0.40,Senti0.41-0.60,Senti0.61-0.80,Senti0.81-1.00,SentiTotal
0.013608485155925198,0.49789225920557484,0.38960377242243144,0.14702837085301446,1.0,4.0,6.0,0.0,0.0,6.642174276822309E-4