TraitMin,TraitMax,TraitAvg,TraitStdev,TraitTotal
209.88888888888889,761.3333333333334,305.6893518518518,155.2625229447347,300.3030303030303
