TimeMin,TimeMax,TimeAvg,TimeStdev,TimeTotal
206.0,3798.0,1086.2727272727273,1008.6224711239576,11949.0
