TraitMin,TraitMax,TraitAvg,TraitStdev,TraitTotal
27.0,364.0,205.5,101.77375644044982,182.35714285714286
