SentiMin,SentiMax,SentiAvg,SentiStdev,Senti0-0.20,Senti0.21-0.40,Senti0.41-0.60,Senti0.61-0.80,Senti0.81-1.00,SentiTotal
0.10776470020022787,0.49789225920557484,0.3766406744858985,0.152500947237495,2.0,2.0,5.0,0.0,0.0,0.004350720732830748