TraitMin,TraitMax,TraitAvg,TraitStdev,TraitTotal
165.2,473.8,305.8838383838384,105.47266605798416,289.3863636363636
