TraitMin,TraitMax,TraitAvg,TraitStdev,TraitTotal
128.0,746.6666666666666,315.53769841269843,182.53845726167447,311.7857142857143
