TraitMin,TraitMax,TraitAvg,TraitStdev,TraitTotal
150.4,609.0,326.0742063492063,125.14048168757377,327.89473684210526
