SentiMin,SentiMax,SentiAvg,SentiStdev,Senti0-0.20,Senti0.21-0.40,Senti0.41-0.60,Senti0.61-0.80,Senti0.81-1.00,SentiTotal
0.0024796311214301736,0.5318834537628724,0.2663253062033625,0.1815874652169378,6.0,5.0,4.0,0.0,0.0,3.9240098952934707E-11