TimeMin,TimeMax,TimeAvg,TimeStdev,TimeTotal
217.0,3432.0,1198.3333333333333,942.5098879528474,14380.0
