TraitMin,TraitMax,TraitAvg,TraitStdev,TraitTotal
175.2,940.0,392.3839682539683,237.05489456535122,357.15714285714284
