SentiMin,SentiMax,SentiAvg,SentiStdev,Senti0-0.20,Senti0.21-0.40,Senti0.41-0.60,Senti0.61-0.80,Senti0.81-1.00,SentiTotal
0.12327529956416726,0.5567027631877963,0.3385208605618106,0.13933403180581047,2.0,7.0,3.0,0.0,0.0,1.403246382506342E-4