SentiMin,SentiMax,SentiAvg,SentiStdev,Senti0-0.20,Senti0.21-0.40,Senti0.41-0.60,Senti0.61-0.80,Senti0.81-1.00,SentiTotal
0.001225060929593173,0.49789225920557484,0.24658167341802373,0.21809874478645105,3.0,1.0,2.0,0.0,0.0,1.2309142577588467E-6