SentiMin,SentiMax,SentiAvg,SentiStdev,Senti0-0.20,Senti0.21-0.40,Senti0.41-0.60,Senti0.61-0.80,Senti0.81-1.00,SentiTotal
5.129555648655375E-5,0.49789225920557484,0.1311713872514376,0.19348386619641578,7.0,1.0,2.0,0.0,0.0,3.914692450188747E-20