TimeMin,TimeMax,TimeAvg,TimeStdev,TimeTotal
800.0,1800.0,1104.6153846153845,255.18064143526564,14360.0
