SentiMin,SentiMax,SentiAvg,SentiStdev,Senti0-0.20,Senti0.21-0.40,Senti0.41-0.60,Senti0.61-0.80,Senti0.81-1.00,SentiTotal
8.469454700103702E-5,0.49789225920557484,0.212486909456801,0.2031751110334246,5.0,1.0,2.0,0.0,0.0,3.704016959198572E-10