SentiMin,SentiMax,SentiAvg,SentiStdev,Senti0-0.20,Senti0.21-0.40,Senti0.41-0.60,Senti0.61-0.80,Senti0.81-1.00,SentiTotal
0.009553128600723014,0.5279029909823151,0.27482143168682627,0.19440474661765075,5.0,3.0,5.0,0.0,0.0,4.376361490898886E-9