TimeMin,TimeMax,TimeAvg,TimeStdev,TimeTotal
560.0,2560.0,1143.3333333333333,458.2454461190955,13720.0
