TraitMin,TraitMax,TraitAvg,TraitStdev,TraitTotal
170.0,1120.0,374.2467532467532,244.1431833704243,271.64179104477614
