TraitMin,TraitMax,TraitAvg,TraitStdev,TraitTotal
160.0,1040.0,481.48148148148147,383.05943336831615,249.14285714285714
