TimeMin,TimeMax,TimeAvg,TimeStdev,TimeTotal
760.0,2880.0,1316.3636363636363,548.307689453695,14480.0
