SentiMin,SentiMax,SentiAvg,SentiStdev,Senti0-0.20,Senti0.21-0.40,Senti0.41-0.60,Senti0.61-0.80,Senti0.81-1.00,SentiTotal
0.0016934183377803795,0.4268691322246184,0.14229585467735423,0.14181438247816355,7.0,3.0,1.0,0.0,0.0,4.343332848206164E-13