TraitMin,TraitMax,TraitAvg,TraitStdev,TraitTotal
200.0,1120.0,526.1111111111111,349.61133622889446,328.4848484848485
