TraitMin,TraitMax,TraitAvg,TraitStdev,TraitTotal
160.0,920.0,456.82051282051276,249.96877122506964,305.531914893617
