TraitMin,TraitMax,TraitAvg,TraitStdev,TraitTotal
194.28571428571428,760.0,337.24675324675326,168.80324244559122,278.46153846153845
