SentiMin,SentiMax,SentiAvg,SentiStdev,Senti0-0.20,Senti0.21-0.40,Senti0.41-0.60,Senti0.61-0.80,Senti0.81-1.00,SentiTotal
0.016032518904752623,0.08826993752349685,0.05215122821412474,0.03611870930937211,2.0,0.0,0.0,0.0,0.0,0.0015883227386499538