SentiMin,SentiMax,SentiAvg,SentiStdev,Senti0-0.20,Senti0.21-0.40,Senti0.41-0.60,Senti0.61-0.80,Senti0.81-1.00,SentiTotal
1.2807453949966865E-4,0.5278736333882014,0.23496259253439863,0.2082565332886199,7.0,2.0,5.0,0.0,0.0,3.527476330966335E-16