SentiMin,SentiMax,SentiAvg,SentiStdev,Senti0-0.20,Senti0.21-0.40,Senti0.41-0.60,Senti0.61-0.80,Senti0.81-1.00,SentiTotal
2.1800190540679118E-4,0.49789225920557484,0.2254817263378394,0.18933699717435473,8.0,3.0,5.0,0.0,0.0,3.967985383276206E-17