TraitMin,TraitMax,TraitAvg,TraitStdev,TraitTotal
181.8181818181818,1040.0,431.90183080808083,213.6431526219147,310.2857142857143
