SentiMin,SentiMax,SentiAvg,SentiStdev,Senti0-0.20,Senti0.21-0.40,Senti0.41-0.60,Senti0.61-0.80,Senti0.81-1.00,SentiTotal
1.0885376008632967E-4,0.5136446707795853,0.3021780992612032,0.18538679372076186,5.0,3.0,4.0,0.0,0.0,6.1765732888258455E-9