SentiMin,SentiMax,SentiAvg,SentiStdev,Senti0-0.20,Senti0.21-0.40,Senti0.41-0.60,Senti0.61-0.80,Senti0.81-1.00,SentiTotal
0.04723666792388476,0.41003748986947963,0.256945036591845,0.1288323908630115,2.0,2.0,1.0,0.0,0.0,0.0017848696638771335