TraitMin,TraitMax,TraitAvg,TraitStdev,TraitTotal
213.33333333333334,1200.0,561.6666666666666,301.41794534794667,381.1111111111111
