TraitMin,TraitMax,TraitAvg,TraitStdev,TraitTotal
170.0,840.0,542.0,214.51340284467076,330.5263157894737
