SentiMin,SentiMax,SentiAvg,SentiStdev,Senti0-0.20,Senti0.21-0.40,Senti0.41-0.60,Senti0.61-0.80,Senti0.81-1.00,SentiTotal
1.35092395006703E-4,0.39697510199130176,0.13438878659463166,0.15343788950251347,5.0,4.0,0.0,0.0,0.0,1.3901071862007966E-17