TraitMin,TraitMax,TraitAvg,TraitStdev,TraitTotal
131.42857142857142,1120.0,503.9115646258503,328.9639368359812,306.46153846153845
