TraitMin,TraitMax,TraitAvg,TraitStdev,TraitTotal
211.42857142857142,1000.0,445.62770562770567,268.52858168717137,340.8333333333333
