TraitMin,TraitMax,TraitAvg,TraitStdev,TraitTotal
175.0,700.0,341.2474562474563,170.7593685477808,320.6666666666667
