SentiMin,SentiMax,SentiAvg,SentiStdev,Senti0-0.20,Senti0.21-0.40,Senti0.41-0.60,Senti0.61-0.80,Senti0.81-1.00,SentiTotal
0.013708039378517795,0.5982847095582557,0.26947513080868357,0.1770293668836515,5.0,7.0,4.0,0.0,0.0,1.0752731937616177E-10