TimeMin,TimeMax,TimeAvg,TimeStdev,TimeTotal
800.0,2600.0,1487.2727272727273,588.0799405939006,16360.0
