TraitMin,TraitMax,TraitAvg,TraitStdev,TraitTotal
196.92307692307693,1000.0,482.44884004884005,266.38891405853457,337.9710144927536
