SentiMin,SentiMax,SentiAvg,SentiStdev,Senti0-0.20,Senti0.21-0.40,Senti0.41-0.60,Senti0.61-0.80,Senti0.81-1.00,SentiTotal
4.983604221371995E-6,0.6256370019830304,0.20841474276139896,0.1680077112730813,13.0,9.0,3.0,1.0,0.0,9.110032439644754E-26