TimeMin,TimeMax,TimeAvg,TimeStdev,TimeTotal
720.0,2440.0,1386.6666666666667,535.9933664597809,16640.0
