TraitMin,TraitMax,TraitAvg,TraitStdev,TraitTotal
250.0,2400.0,738.0555555555555,576.8841245951188,437.27272727272725
