TimeMin,TimeMax,TimeAvg,TimeStdev,TimeTotal
680.0,2680.0,1422.857142857143,546.7230765652567,19920.0
