SentiMin,SentiMax,SentiAvg,SentiStdev,Senti0-0.20,Senti0.21-0.40,Senti0.41-0.60,Senti0.61-0.80,Senti0.81-1.00,SentiTotal
0.014875477662084698,0.5159436667231726,0.2601978785834046,0.1970719816926472,5.0,3.0,4.0,0.0,0.0,9.829592869898842E-9