TimeMin,TimeMax,TimeAvg,TimeStdev,TimeTotal
320.0,2960.0,1054.1176470588234,598.8131283044466,17920.0
