SentiMin,SentiMax,SentiAvg,SentiStdev,Senti0-0.20,Senti0.21-0.40,Senti0.41-0.60,Senti0.61-0.80,Senti0.81-1.00,SentiTotal
0.004722311179162525,0.49789225920557484,0.21973641621640191,0.19807510057345068,6.0,3.0,3.0,0.0,0.0,8.100400316426122E-13