SentiMin,SentiMax,SentiAvg,SentiStdev,Senti0-0.20,Senti0.21-0.40,Senti0.41-0.60,Senti0.61-0.80,Senti0.81-1.00,SentiTotal
3.4267283060044674E-4,0.5628056929000496,0.22826513874564336,0.2070268313601561,7.0,3.0,4.0,0.0,0.0,1.2743913827065941E-15