TraitMin,TraitMax,TraitAvg,TraitStdev,TraitTotal
235.0,1120.0,499.1458333333333,278.52234023578194,373.8775510204082
