TraitMin,TraitMax,TraitAvg,TraitStdev,TraitTotal
160.0,1480.0,693.3630952380953,390.9999560965666,478.0952380952381
