TraitMin,TraitMax,TraitAvg,TraitStdev,TraitTotal
180.0,2440.0,551.6760461760463,612.1092339537449,332.8
