TimeMin,TimeMax,TimeAvg,TimeStdev,TimeTotal
640.0,3480.0,1554.6666666666667,769.53550203281,23320.0
