TraitMin,TraitMax,TraitAvg,TraitStdev,TraitTotal
286.6666666666667,1120.0,641.9047619047617,308.63168136020806,481.14285714285717
