SentiMin,SentiMax,SentiAvg,SentiStdev,Senti0-0.20,Senti0.21-0.40,Senti0.41-0.60,Senti0.61-0.80,Senti0.81-1.00,SentiTotal
8.203346145282875E-5,0.8756834703190886,0.22079062738480007,0.20478232099114854,6.0,9.0,1.0,0.0,1.0,1.1064044848994902E-16