SentiMin,SentiMax,SentiAvg,SentiStdev,Senti0-0.20,Senti0.21-0.40,Senti0.41-0.60,Senti0.61-0.80,Senti0.81-1.00,SentiTotal
0.012040030375634983,0.7720932885661206,0.2358751951931472,0.22022607218310294,6.0,3.0,1.0,1.0,0.0,2.5161938170557456E-9