SentiMin,SentiMax,SentiAvg,SentiStdev,Senti0-0.20,Senti0.21-0.40,Senti0.41-0.60,Senti0.61-0.80,Senti0.81-1.00,SentiTotal
0.0018126212331965354,0.5628056929000496,0.2062158308358263,0.201755515679688,5.0,3.0,2.0,0.0,0.0,2.5204066920857985E-11