SentiMin,SentiMax,SentiAvg,SentiStdev,Senti0-0.20,Senti0.21-0.40,Senti0.41-0.60,Senti0.61-0.80,Senti0.81-1.00,SentiTotal
0.03077188001560112,0.5628056929000496,0.2946533694271381,0.1380063069888854,2.0,11.0,3.0,0.0,0.0,6.026403541727614E-8