TraitMin,TraitMax,TraitAvg,TraitStdev,TraitTotal
260.0,1000.0,624.0492063492063,282.55075602073896,438.0487804878049
