TraitMin,TraitMax,TraitAvg,TraitStdev,TraitTotal
231.11111111111111,584.6153846153846,392.6344208098595,108.09209194146241,410.752688172043
