TraitMin,TraitMax,TraitAvg,TraitStdev,TraitTotal
191.11111111111111,487.6923076923077,296.1291690765375,98.91911674570565,335.05882352941177
