SentiMin,SentiMax,SentiAvg,SentiStdev,Senti0-0.20,Senti0.21-0.40,Senti0.41-0.60,Senti0.61-0.80,Senti0.81-1.00,SentiTotal
0.0026278836210895467,0.8232975942751998,0.31600316075398577,0.25899024912166363,4.0,1.0,2.0,0.0,1.0,1.5216077413281079E-5