SentiMin,SentiMax,SentiAvg,SentiStdev,Senti0-0.20,Senti0.21-0.40,Senti0.41-0.60,Senti0.61-0.80,Senti0.81-1.00,SentiTotal
0.042021006003698284,0.49789225920557484,0.2585534363931083,0.16431319515543089,3.0,1.0,1.0,0.0,0.0,0.0013931864992007112