TraitMin,TraitMax,TraitAvg,TraitStdev,TraitTotal
217.77777777777777,1080.0,483.22222222222223,284.178782189863,342.5806451612903
