TimeMin,TimeMax,TimeAvg,TimeStdev,TimeTotal
440.0,8800.0,4244.444444444444,3252.31921048866,38200.0
