TraitMin,TraitMax,TraitAvg,TraitStdev,TraitTotal
185.0,440.0,311.41111111111115,105.45440533680075,301.10869565217394
