TimeMin,TimeMax,TimeAvg,TimeStdev,TimeTotal
560.0,2680.0,1341.8181818181818,594.1199478192044,14760.0
