TraitMin,TraitMax,TraitAvg,TraitStdev,TraitTotal
160.0,560.0,262.45670995671,108.28903847701112,217.05882352941177
