TimeMin,TimeMax,TimeAvg,TimeStdev,TimeTotal
400.0,6640.0,2261.5384615384614,1814.1743031932913,29400.0
