TraitMin,TraitMax,TraitAvg,TraitStdev,TraitTotal
251.42857142857142,620.0,414.7668430335097,128.2094120581672,396.0
