SentiMin,SentiMax,SentiAvg,SentiStdev,Senti0-0.20,Senti0.21-0.40,Senti0.41-0.60,Senti0.61-0.80,Senti0.81-1.00,SentiTotal
0.0018971076534276868,0.8876198874999018,0.28126594104581837,0.26106530500959224,4.0,4.0,1.0,0.0,1.0,3.751184966335576E-8