TraitMin,TraitMax,TraitAvg,TraitStdev,TraitTotal
170.0,520.0,253.74149659863946,112.44793016535635,218.0952380952381
