TimeMin,TimeMax,TimeAvg,TimeStdev,TimeTotal
1440.0,12680.0,4746.666666666667,3834.973562128196,28480.0
