SentiMin,SentiMax,SentiAvg,SentiStdev,Senti0-0.20,Senti0.21-0.40,Senti0.41-0.60,Senti0.61-0.80,Senti0.81-1.00,SentiTotal
4.7762490464450325E-5,0.6748941230004271,0.2499401563140188,0.23254571081329617,7.0,2.0,3.0,1.0,0.0,5.07497975592168E-15