SentiMin,SentiMax,SentiAvg,SentiStdev,Senti0-0.20,Senti0.21-0.40,Senti0.41-0.60,Senti0.61-0.80,Senti0.81-1.00,SentiTotal
0.0016576114506585509,0.441902134474135,0.15955879551482668,0.14954181693592697,4.0,1.0,1.0,0.0,0.0,2.1294516518273227E-7