TraitMin,TraitMax,TraitAvg,TraitStdev,TraitTotal
153.33333333333334,544.0,313.7127433969539,118.27160483832618,322.94736842105266
