SentiMin,SentiMax,SentiAvg,SentiStdev,Senti0-0.20,Senti0.21-0.40,Senti0.41-0.60,Senti0.61-0.80,Senti0.81-1.00,SentiTotal
0.0018062012433265513,0.5628056929000496,0.19566892954101756,0.22448553250367723,6.0,0.0,3.0,0.0,0.0,1.4518893250906077E-10