TraitMin,TraitMax,TraitAvg,TraitStdev,TraitTotal
173.33333333333334,460.0,295.3458079712824,87.17173453301739,318.5074626865672
