TimeMin,TimeMax,TimeAvg,TimeStdev,TimeTotal
520.0,3200.0,1308.5714285714287,876.2815687637748,9160.0
