TraitMin,TraitMax,TraitAvg,TraitStdev,TraitTotal
160.0,400.0,260.3809523809524,72.59848264626254,243.0188679245283
