SentiMin,SentiMax,SentiAvg,SentiStdev,Senti0-0.20,Senti0.21-0.40,Senti0.41-0.60,Senti0.61-0.80,Senti0.81-1.00,SentiTotal
2.009020625004337E-4,0.5628056929000496,0.16427829531708277,0.1767361611593039,6.0,0.0,1.0,0.0,0.0,4.73943120396823E-11