SentiMin,SentiMax,SentiAvg,SentiStdev,Senti0-0.20,Senti0.21-0.40,Senti0.41-0.60,Senti0.61-0.80,Senti0.81-1.00,SentiTotal
0.05803894538299664,0.5523320232689442,0.34465781407157103,0.18633456070684243,2.0,2.0,4.0,0.0,0.0,9.965572754897943E-4