SentiMin,SentiMax,SentiAvg,SentiStdev,Senti0-0.20,Senti0.21-0.40,Senti0.41-0.60,Senti0.61-0.80,Senti0.81-1.00,SentiTotal
0.0055100808120235895,0.5628056929000496,0.2168812514854963,0.16340989248312082,11.0,7.0,3.0,0.0,0.0,1.7867843749136788E-16