TraitMin,TraitMax,TraitAvg,TraitStdev,TraitTotal
160.0,380.0,284.44444444444446,77.80951733338487,263.75
