SentiMin,SentiMax,SentiAvg,SentiStdev,Senti0-0.20,Senti0.21-0.40,Senti0.41-0.60,Senti0.61-0.80,Senti0.81-1.00,SentiTotal
0.00795747955804343,0.49789225920557484,0.23920990480749885,0.18862627601999987,9.0,4.0,6.0,0.0,0.0,1.779850256562999E-15