SentiMin,SentiMax,SentiAvg,SentiStdev,Senti0-0.20,Senti0.21-0.40,Senti0.41-0.60,Senti0.61-0.80,Senti0.81-1.00,SentiTotal
0.005046017332829974,0.4661319864379446,0.20720163180203133,0.1844570375063699,3.0,2.0,1.0,0.0,0.0,1.4247589084437209E-6