SentiMin,SentiMax,SentiAvg,SentiStdev,Senti0-0.20,Senti0.21-0.40,Senti0.41-0.60,Senti0.61-0.80,Senti0.81-1.00,SentiTotal
0.0027112064630797884,0.48945098478592586,0.19136412113669615,0.17323637980270506,8.0,3.0,3.0,0.0,0.0,1.1694563937552953E-13