TimeMin,TimeMax,TimeAvg,TimeStdev,TimeTotal
280.0,1880.0,915.8095238095239,447.9293757095897,19232.0
