SentiMin,SentiMax,SentiAvg,SentiStdev,Senti0-0.20,Senti0.21-0.40,Senti0.41-0.60,Senti0.61-0.80,Senti0.81-1.00,SentiTotal
0.0636410303630505,0.5892612004203457,0.3390986926549033,0.17828750905403098,2.0,4.0,3.0,0.0,0.0,2.1944648344222336E-5