TimeMin,TimeMax,TimeAvg,TimeStdev,TimeTotal
480.0,1480.0,1018.9473684210526,249.41815948833494,19360.0
