TimeMin,TimeMax,TimeAvg,TimeStdev,TimeTotal
480.0,1680.0,937.7777777777778,323.9265272584639,8440.0
