SentiMin,SentiMax,SentiAvg,SentiStdev,Senti0-0.20,Senti0.21-0.40,Senti0.41-0.60,Senti0.61-0.80,Senti0.81-1.00,SentiTotal
0.005633721899856944,0.49293735792849747,0.23018033729359189,0.14288268491467015,4.0,7.0,1.0,0.0,0.0,2.720334590818418E-9