SentiMin,SentiMax,SentiAvg,SentiStdev,Senti0-0.20,Senti0.21-0.40,Senti0.41-0.60,Senti0.61-0.80,Senti0.81-1.00,SentiTotal
0.004819717046023229,0.49789225920557484,0.24401601306498258,0.17260874411515148,3.0,5.0,2.0,0.0,0.0,5.1913022415784E-9