TraitMin,TraitMax,TraitAvg,TraitStdev,TraitTotal
200.0,420.0,289.0740740740741,74.4649409779008,266.15384615384613
