SentiMin,SentiMax,SentiAvg,SentiStdev,Senti0-0.20,Senti0.21-0.40,Senti0.41-0.60,Senti0.61-0.80,Senti0.81-1.00,SentiTotal
0.012870413618930278,0.5318834537628724,0.2939598374502567,0.1558161631004591,6.0,10.0,5.0,0.0,0.0,5.421089837497616E-11