SentiMin,SentiMax,SentiAvg,SentiStdev,Senti0-0.20,Senti0.21-0.40,Senti0.41-0.60,Senti0.61-0.80,Senti0.81-1.00,SentiTotal
0.15611069059591698,0.43796879524747484,0.28713645492454104,0.1130865589529986,2.0,2.0,2.0,0.0,0.0,1.1101834441860567E-4