TimeMin,TimeMax,TimeAvg,TimeStdev,TimeTotal
520.0,1320.0,813.3333333333334,258.88650451930135,4880.0
