SentiMin,SentiMax,SentiAvg,SentiStdev,Senti0-0.20,Senti0.21-0.40,Senti0.41-0.60,Senti0.61-0.80,Senti0.81-1.00,SentiTotal
2.3523698097127472E-4,0.5806413199553121,0.2150951832206343,0.18841005646125422,11.0,3.0,5.0,0.0,0.0,9.121681324931646E-18