TraitMin,TraitMax,TraitAvg,TraitStdev,TraitTotal
182.85714285714286,640.0,326.81904761904764,166.3581318337366,250.9090909090909
