TimeMin,TimeMax,TimeAvg,TimeStdev,TimeTotal
320.0,1480.0,806.6666666666666,314.46603773522014,9680.0
