TimeMin,TimeMax,TimeAvg,TimeStdev,TimeTotal
600.0,2200.0,1153.3333333333333,519.7007686052513,6920.0
