TraitMin,TraitMax,TraitAvg,TraitStdev,TraitTotal
120.0,720.0,362.5497076023392,137.0444807330623,309.09090909090907
