SentiMin,SentiMax,SentiAvg,SentiStdev,Senti0-0.20,Senti0.21-0.40,Senti0.41-0.60,Senti0.61-0.80,Senti0.81-1.00,SentiTotal
6.835936242918751E-6,0.49789225920557484,0.195047373372843,0.18431096867819882,11.0,3.0,4.0,0.0,0.0,1.85091385259755E-21