TimeMin,TimeMax,TimeAvg,TimeStdev,TimeTotal
520.0,2800.0,1073.6842105263158,547.8783050268678,20400.0
