TraitMin,TraitMax,TraitAvg,TraitStdev,TraitTotal
190.0,560.0,328.4013605442177,114.44286348941067,270.17543859649123
