TraitMin,TraitMax,TraitAvg,TraitStdev,TraitTotal
186.66666666666666,840.0,396.6666666666667,193.7625230634535,324.2857142857143
