TimeMin,TimeMax,TimeAvg,TimeStdev,TimeTotal
440.0,1600.0,864.7619047619048,275.8816006847356,18160.0
