TraitMin,TraitMax,TraitAvg,TraitStdev,TraitTotal
210.0,920.0,417.4761904761905,180.18045949652515,389.6969696969697
