TraitMin,TraitMax,TraitAvg,TraitStdev,TraitTotal
160.0,520.0,294.6666666666667,89.80802570751392,268.8888888888889
