TraitMin,TraitMax,TraitAvg,TraitStdev,TraitTotal
165.0,626.6666666666666,337.5714285714286,133.91299168640668,287.04477611940297
