TimeMin,TimeMax,TimeAvg,TimeStdev,TimeTotal
640.0,5320.0,2018.4615384615386,1246.4463094601645,26240.0
