TraitMin,TraitMax,TraitAvg,TraitStdev,TraitTotal
144.0,1000.0,398.8333333333333,247.2887987758443,317.037037037037
