SentiMin,SentiMax,SentiAvg,SentiStdev,Senti0-0.20,Senti0.21-0.40,Senti0.41-0.60,Senti0.61-0.80,Senti0.81-1.00,SentiTotal
2.6211952395597645E-5,0.5153150350123756,0.2129466590218708,0.2198987816767265,8.0,1.0,5.0,0.0,0.0,6.294169257524934E-18