TraitMin,TraitMax,TraitAvg,TraitStdev,TraitTotal
175.0,720.0,469.68013468013464,186.84313836332333,386.6666666666667
