SentiMin,SentiMax,SentiAvg,SentiStdev,Senti0-0.20,Senti0.21-0.40,Senti0.41-0.60,Senti0.61-0.80,Senti0.81-1.00,SentiTotal
0.00445467517865883,0.3996580091506196,0.21654146680615988,0.16062167349070683,5.0,5.0,0.0,0.0,0.0,2.391062764454413E-9