TraitMin,TraitMax,TraitAvg,TraitStdev,TraitTotal
240.0,470.0,370.8636363636363,63.357099474897474,364.7368421052632
