SentiMin,SentiMax,SentiAvg,SentiStdev,Senti0-0.20,Senti0.21-0.40,Senti0.41-0.60,Senti0.61-0.80,Senti0.81-1.00,SentiTotal
0.028052585309149447,0.49789225920557484,0.2190864641816379,0.14168396657414334,6.0,1.0,1.0,0.0,0.0,6.040709784318015E-6