SentiMin,SentiMax,SentiAvg,SentiStdev,Senti0-0.20,Senti0.21-0.40,Senti0.41-0.60,Senti0.61-0.80,Senti0.81-1.00,SentiTotal
0.017252445599743566,0.49789225920557484,0.23371168725120556,0.14834023178089847,5.0,7.0,1.0,0.0,0.0,1.2420410774998195E-9