TraitMin,TraitMax,TraitAvg,TraitStdev,TraitTotal
326.6666666666667,1000.0,671.5238095238095,246.81387407391458,541.0526315789474
