TraitMin,TraitMax,TraitAvg,TraitStdev,TraitTotal
266.6666666666667,1080.0,526.4102564102564,199.46038973764496,483.1372549019608
