TraitMin,TraitMax,TraitAvg,TraitStdev,TraitTotal
290.0,840.0,465.57823129251705,173.7940938609446,430.0
