TimeMin,TimeMax,TimeAvg,TimeStdev,TimeTotal
1000.0,3120.0,1474.2857142857142,708.2948769072534,10320.0
