SentiMin,SentiMax,SentiAvg,SentiStdev,Senti0-0.20,Senti0.21-0.40,Senti0.41-0.60,Senti0.61-0.80,Senti0.81-1.00,SentiTotal
0.03876327186864591,0.6323720940364075,0.20413116342880688,0.21344291476598284,6.0,0.0,1.0,1.0,0.0,5.549268362424337E-7