TraitMin,TraitMax,TraitAvg,TraitStdev,TraitTotal
248.0,760.0,491.4166666666667,156.7345376034835,458.57142857142856
