SentiMin,SentiMax,SentiAvg,SentiStdev,Senti0-0.20,Senti0.21-0.40,Senti0.41-0.60,Senti0.61-0.80,Senti0.81-1.00,SentiTotal
3.970989546237506E-4,0.8597630910774963,0.11370822597393171,0.2350480225753459,11.0,0.0,0.0,0.0,1.0,3.735042120166573E-20