SentiMin,SentiMax,SentiAvg,SentiStdev,Senti0-0.20,Senti0.21-0.40,Senti0.41-0.60,Senti0.61-0.80,Senti0.81-1.00,SentiTotal
2.9485538969500188E-5,0.842531493835651,0.1487368376600351,0.2533692847607558,7.0,1.0,0.0,0.0,1.0,1.3345113142790303E-13