TraitMin,TraitMax,TraitAvg,TraitStdev,TraitTotal
215.0,1000.0,509.19642857142856,255.54355006522522,450.0
