TimeMin,TimeMax,TimeAvg,TimeStdev,TimeTotal
1280.0,3520.0,1933.3333333333333,747.61844100673,17400.0
