SentiMin,SentiMax,SentiAvg,SentiStdev,Senti0-0.20,Senti0.21-0.40,Senti0.41-0.60,Senti0.61-0.80,Senti0.81-1.00,SentiTotal
9.62268587679321E-5,0.46364466503952073,0.13737538893912782,0.16366067951182742,9.0,2.0,2.0,0.0,0.0,9.678332732878687E-19