TraitMin,TraitMax,TraitAvg,TraitStdev,TraitTotal
194.28571428571428,1160.0,508.73412698412704,292.057783485662,395.0
