TimeMin,TimeMax,TimeAvg,TimeStdev,TimeTotal
560.0,5560.0,1895.3846153846155,1231.5382213039693,24640.0
