TimeMin,TimeMax,TimeAvg,TimeStdev,TimeTotal
480.0,4160.0,1612.642857142857,895.9963015821995,22577.0
