SentiMin,SentiMax,SentiAvg,SentiStdev,Senti0-0.20,Senti0.21-0.40,Senti0.41-0.60,Senti0.61-0.80,Senti0.81-1.00,SentiTotal
5.887420985057984E-5,0.9998716747695718,0.2809019458332624,0.2965473165043729,5.0,2.0,2.0,0.0,1.0,4.6398497421081183E-7