SentiMin,SentiMax,SentiAvg,SentiStdev,Senti0-0.20,Senti0.21-0.40,Senti0.41-0.60,Senti0.61-0.80,Senti0.81-1.00,SentiTotal
0.0017683790226250798,0.9950959378353726,0.3142515195049514,0.33755309869526634,3.0,1.0,2.0,0.0,1.0,3.5234445299608644E-5