TraitMin,TraitMax,TraitAvg,TraitStdev,TraitTotal
168.0,800.0,337.88985088985083,181.63801989364708,284.52830188679246
