TimeMin,TimeMax,TimeAvg,TimeStdev,TimeTotal
800.0,2760.0,1675.5555555555557,748.6745489509534,15080.0
