SentiMin,SentiMax,SentiAvg,SentiStdev,Senti0-0.20,Senti0.21-0.40,Senti0.41-0.60,Senti0.61-0.80,Senti0.81-1.00,SentiTotal
2.4723117529122644E-5,0.4299371657496221,0.22947383400556834,0.1599940852913678,3.0,4.0,2.0,0.0,0.0,7.365299206463428E-11