SentiMin,SentiMax,SentiAvg,SentiStdev,Senti0-0.20,Senti0.21-0.40,Senti0.41-0.60,Senti0.61-0.80,Senti0.81-1.00,SentiTotal
0.04892197250859097,0.5628056929000496,0.2952117030415117,0.16646628583923698,4.0,3.0,4.0,0.0,0.0,9.8016416898638E-6