TimeMin,TimeMax,TimeAvg,TimeStdev,TimeTotal
440.0,2680.0,1221.8181818181818,502.17378704657034,26880.0
