TraitMin,TraitMax,TraitAvg,TraitStdev,TraitTotal
220.0,560.0,365.6666666666667,103.43059938378434,351.42857142857144
