SentiMin,SentiMax,SentiAvg,SentiStdev,Senti0-0.20,Senti0.21-0.40,Senti0.41-0.60,Senti0.61-0.80,Senti0.81-1.00,SentiTotal
5.2945404687587933E-5,0.6661935776436387,0.37628543807852555,0.19715937963917413,3.0,4.0,6.0,2.0,0.0,8.041753117484956E-10