TraitMin,TraitMax,TraitAvg,TraitStdev,TraitTotal
200.0,860.0,448.3703703703704,174.51212023736164,374.0845070422535
