SentiMin,SentiMax,SentiAvg,SentiStdev,Senti0-0.20,Senti0.21-0.40,Senti0.41-0.60,Senti0.61-0.80,Senti0.81-1.00,SentiTotal
0.0081431961156041,0.4449003680293143,0.2392986637050685,0.15822473560825898,10.0,9.0,4.0,0.0,0.0,5.0738304072912794E-17