TimeMin,TimeMax,TimeAvg,TimeStdev,TimeTotal
680.0,3760.0,1949.090909090909,975.6438857162676,21440.0
