SentiMin,SentiMax,SentiAvg,SentiStdev,Senti0-0.20,Senti0.21-0.40,Senti0.41-0.60,Senti0.61-0.80,Senti0.81-1.00,SentiTotal
0.0013167533287458092,0.46364466503952073,0.18972300002322467,0.14816829519559957,5.0,4.0,1.0,0.0,0.0,3.865410450907645E-10