TimeMin,TimeMax,TimeAvg,TimeStdev,TimeTotal
560.0,1920.0,973.3333333333334,410.52811515575075,8760.0
