TimeMin,TimeMax,TimeAvg,TimeStdev,TimeTotal
640.0,3400.0,1795.5555555555557,888.0329212004488,32320.0
