TimeMin,TimeMax,TimeAvg,TimeStdev,TimeTotal
520.0,5440.0,1258.6666666666667,1249.5432054243747,18880.0
