TraitMin,TraitMax,TraitAvg,TraitStdev,TraitTotal
300.0,620.0,493.3333333333333,138.88444437333106,428.57142857142856
