TraitMin,TraitMax,TraitAvg,TraitStdev,TraitTotal
140.0,880.0,472.0772946859903,191.9983629458709,366.6666666666667
