SentiMin,SentiMax,SentiAvg,SentiStdev,Senti0-0.20,Senti0.21-0.40,Senti0.41-0.60,Senti0.61-0.80,Senti0.81-1.00,SentiTotal
1.4349655713904877E-4,0.43796879524747484,0.1549812055261652,0.18102464846273078,9.0,4.0,1.0,0.0,0.0,5.611473975662914E-22