TimeMin,TimeMax,TimeAvg,TimeStdev,TimeTotal
480.0,2680.0,1296.4705882352941,736.9327623289465,22040.0
