TimeMin,TimeMax,TimeAvg,TimeStdev,TimeTotal
520.0,5520.0,1475.5555555555557,1165.953221008565,26560.0
