TimeMin,TimeMax,TimeAvg,TimeStdev,TimeTotal
360.0,3400.0,1514.2857142857142,889.2831325263728,21200.0
