SentiMin,SentiMax,SentiAvg,SentiStdev,Senti0-0.20,Senti0.21-0.40,Senti0.41-0.60,Senti0.61-0.80,Senti0.81-1.00,SentiTotal
0.002248437850734777,0.9611958417475951,0.35425676910547255,0.2415464215576285,5.0,5.0,5.0,1.0,1.0,3.041420132831232E-10