TraitMin,TraitMax,TraitAvg,TraitStdev,TraitTotal
296.0,1200.0,591.7666666666667,274.0005697479883,469.3333333333333
