SentiMin,SentiMax,SentiAvg,SentiStdev,Senti0-0.20,Senti0.21-0.40,Senti0.41-0.60,Senti0.61-0.80,Senti0.81-1.00,SentiTotal
0.0019787336751421855,0.0951555161304494,0.03978800645813904,0.03742017616862224,4.0,0.0,0.0,0.0,0.0,1.1065820701925004E-7