TraitMin,TraitMax,TraitAvg,TraitStdev,TraitTotal
266.6666666666667,840.0,521.4260249554367,218.4640372382199,402.46153846153845
