TimeMin,TimeMax,TimeAvg,TimeStdev,TimeTotal
480.0,3080.0,1338.8235294117646,818.8505742660124,22760.0
