TimeMin,TimeMax,TimeAvg,TimeStdev,TimeTotal
680.0,2080.0,1221.5384615384614,416.76125159184653,15880.0
