SentiMin,SentiMax,SentiAvg,SentiStdev,Senti0-0.20,Senti0.21-0.40,Senti0.41-0.60,Senti0.61-0.80,Senti0.81-1.00,SentiTotal
1.545066034126445E-5,0.39697510199130176,0.1444408901226896,0.13681245044605989,5.0,3.0,0.0,0.0,0.0,6.936288359771224E-13