SentiMin,SentiMax,SentiAvg,SentiStdev,Senti0-0.20,Senti0.21-0.40,Senti0.41-0.60,Senti0.61-0.80,Senti0.81-1.00,SentiTotal
9.380035544458364E-4,0.41700163598992057,0.2336174869712604,0.141649990570753,5.0,7.0,1.0,0.0,0.0,9.910628035645988E-12