TraitMin,TraitMax,TraitAvg,TraitStdev,TraitTotal
248.0,800.0,564.8000000000001,177.6708067059852,480.0
