TraitMin,TraitMax,TraitAvg,TraitStdev,TraitTotal
216.0,1040.0,534.610644257703,193.04778918437617,484.25531914893617
