TraitMin,TraitMax,TraitAvg,TraitStdev,TraitTotal
210.0,920.0,451.0670194003527,215.41149541849472,383.4782608695652
