TraitMin,TraitMax,TraitAvg,TraitStdev,TraitTotal
228.57142857142858,1000.0,435.02756892230576,169.27670475465797,390.1449275362319
