SentiMin,SentiMax,SentiAvg,SentiStdev,Senti0-0.20,Senti0.21-0.40,Senti0.41-0.60,Senti0.61-0.80,Senti0.81-1.00,SentiTotal
2.1881168989674435E-4,0.9817812953318624,0.24441828859694978,0.2465548336729794,8.0,7.0,2.0,0.0,1.0,8.741617118260815E-17