SentiMin,SentiMax,SentiAvg,SentiStdev,Senti0-0.20,Senti0.21-0.40,Senti0.41-0.60,Senti0.61-0.80,Senti0.81-1.00,SentiTotal
1.1229247537155866E-4,0.5628056929000496,0.22401097055522212,0.19928343360131298,4.0,3.0,2.0,0.0,0.0,6.441571936062865E-12