TraitMin,TraitMax,TraitAvg,TraitStdev,TraitTotal
220.0,750.0,417.8553791887125,145.4351805968518,399.01234567901236
