TimeMin,TimeMax,TimeAvg,TimeStdev,TimeTotal
360.0,3720.0,1416.842105263158,840.7831726969235,26920.0
