TraitMin,TraitMax,TraitAvg,TraitStdev,TraitTotal
290.0,680.0,501.8585858585858,127.14533627738004,460.4878048780488
