TraitMin,TraitMax,TraitAvg,TraitStdev,TraitTotal
216.0,680.0,399.5959595959595,152.7030176881259,376.140350877193
