SentiMin,SentiMax,SentiAvg,SentiStdev,Senti0-0.20,Senti0.21-0.40,Senti0.41-0.60,Senti0.61-0.80,Senti0.81-1.00,SentiTotal
0.027398279310436587,0.6304630013772646,0.40139748373354783,0.15625190415991524,1.0,5.0,2.0,1.0,0.0,0.005521948743529346