SentiMin,SentiMax,SentiAvg,SentiStdev,Senti0-0.20,Senti0.21-0.40,Senti0.41-0.60,Senti0.61-0.80,Senti0.81-1.00,SentiTotal
0.0027466586996253038,0.6615796710358065,0.27353377721484917,0.2012350706595219,10.0,9.0,4.0,2.0,0.0,1.73917851631991E-18