SentiMin,SentiMax,SentiAvg,SentiStdev,Senti0-0.20,Senti0.21-0.40,Senti0.41-0.60,Senti0.61-0.80,Senti0.81-1.00,SentiTotal
0.0017489492554394646,0.7630058033888375,0.2504076014033181,0.1963865874360686,9.0,6.0,2.0,1.0,0.0,1.8106866949012853E-14