SentiMin,SentiMax,SentiAvg,SentiStdev,Senti0-0.20,Senti0.21-0.40,Senti0.41-0.60,Senti0.61-0.80,Senti0.81-1.00,SentiTotal
0.005688832569785561,0.535771029926425,0.2847309481127527,0.16970607836900617,3.0,7.0,3.0,0.0,0.0,1.3938080252372222E-8