TimeMin,TimeMax,TimeAvg,TimeStdev,TimeTotal
520.0,2200.0,1147.8260869565217,531.633712754244,26400.0
