TimeMin,TimeMax,TimeAvg,TimeStdev,TimeTotal
600.0,2480.0,1229.090909090909,515.6717515744883,13520.0
