SentiMin,SentiMax,SentiAvg,SentiStdev,Senti0-0.20,Senti0.21-0.40,Senti0.41-0.60,Senti0.61-0.80,Senti0.81-1.00,SentiTotal
0.033717924508761404,0.47371072416927557,0.3014679168897796,0.1919021152268115,1.0,1.0,1.0,0.0,0.0,0.02059487168356484