TimeMin,TimeMax,TimeAvg,TimeStdev,TimeTotal
520.0,4640.0,1642.2222222222222,1129.0485451405314,29560.0
