SentiMin,SentiMax,SentiAvg,SentiStdev,Senti0-0.20,Senti0.21-0.40,Senti0.41-0.60,Senti0.61-0.80,Senti0.81-1.00,SentiTotal
9.92283211358908E-4,0.22044158650539328,0.10746218854827881,0.07459352047833984,9.0,2.0,0.0,0.0,0.0,6.270525163893521E-14