TraitMin,TraitMax,TraitAvg,TraitStdev,TraitTotal
188.0,646.6666666666666,382.62202380952385,131.7079732295305,349.5
