SentiMin,SentiMax,SentiAvg,SentiStdev,Senti0-0.20,Senti0.21-0.40,Senti0.41-0.60,Senti0.61-0.80,Senti0.81-1.00,SentiTotal
0.00120373592939338,0.5439622370949614,0.24039620140457793,0.16695798693064506,11.0,6.0,5.0,0.0,0.0,1.856827540994612E-16