TimeMin,TimeMax,TimeAvg,TimeStdev,TimeTotal
560.0,1680.0,978.1818181818181,339.1384319611357,10760.0
