SentiMin,SentiMax,SentiAvg,SentiStdev,Senti0-0.20,Senti0.21-0.40,Senti0.41-0.60,Senti0.61-0.80,Senti0.81-1.00,SentiTotal
0.047970356337047264,0.6692482928618183,0.3169563431952387,0.18148649437368386,4.0,4.0,1.0,1.0,0.0,9.211245558888413E-5