TraitMin,TraitMax,TraitAvg,TraitStdev,TraitTotal
253.33333333333334,720.0,446.8333333333333,173.8557032586379,352.63157894736844
