SentiMin,SentiMax,SentiAvg,SentiStdev,Senti0-0.20,Senti0.21-0.40,Senti0.41-0.60,Senti0.61-0.80,Senti0.81-1.00,SentiTotal
1.925112680256639E-4,0.39697510199130176,0.11606362389898973,0.13968460961209656,6.0,3.0,0.0,0.0,0.0,3.576369263374265E-16