TimeMin,TimeMax,TimeAvg,TimeStdev,TimeTotal
640.0,3720.0,1591.111111111111,901.9047060335321,14320.0
