TraitMin,TraitMax,TraitAvg,TraitStdev,TraitTotal
274.2857142857143,1040.0,565.2910052910053,217.85787370212444,438.0
