SentiMin,SentiMax,SentiAvg,SentiStdev,Senti0-0.20,Senti0.21-0.40,Senti0.41-0.60,Senti0.61-0.80,Senti0.81-1.00,SentiTotal
0.001297882907818219,0.6624055896622104,0.2647051004004987,0.22546858448836501,4.0,2.0,3.0,1.0,0.0,7.86085075604612E-9