TraitMin,TraitMax,TraitAvg,TraitStdev,TraitTotal
190.0,720.0,450.5454545454546,160.6597851823514,378.8888888888889
