TraitMin,TraitMax,TraitAvg,TraitStdev,TraitTotal
226.66666666666666,800.0,390.17882910740053,160.65503161551845,331.25
