SentiMin,SentiMax,SentiAvg,SentiStdev,Senti0-0.20,Senti0.21-0.40,Senti0.41-0.60,Senti0.61-0.80,Senti0.81-1.00,SentiTotal
2.2357128120773022E-7,0.5318834537628724,0.2955403754029847,0.16497227005485374,5.0,7.0,5.0,0.0,0.0,6.0101510434350205E-15