TraitMin,TraitMax,TraitAvg,TraitStdev,TraitTotal
160.0,550.0,382.0740740740741,118.57318183848807,367.1794871794872
