TraitMin,TraitMax,TraitAvg,TraitStdev,TraitTotal
200.0,800.0,393.82666666666665,150.3645088147835,341.30434782608694
