TimeMin,TimeMax,TimeAvg,TimeStdev,TimeTotal
440.0,6840.0,1538.8235294117646,1548.8359285489262,26160.0
