TimeMin,TimeMax,TimeAvg,TimeStdev,TimeTotal
560.0,2080.0,1196.923076923077,555.4677116612853,15560.0
