SentiMin,SentiMax,SentiAvg,SentiStdev,Senti0-0.20,Senti0.21-0.40,Senti0.41-0.60,Senti0.61-0.80,Senti0.81-1.00,SentiTotal
8.482615171521781E-4,0.5318834537628724,0.2618519305458836,0.16693624089511944,7.0,6.0,5.0,0.0,0.0,1.6969812635924152E-12