TraitMin,TraitMax,TraitAvg,TraitStdev,TraitTotal
253.33333333333334,680.0,450.54545454545456,135.66501173343028,409.6969696969697
