TraitMin,TraitMax,TraitAvg,TraitStdev,TraitTotal
217.14285714285714,893.3333333333334,411.71428571428567,152.75493609349468,373.3333333333333
