TraitMin,TraitMax,TraitAvg,TraitStdev,TraitTotal
226.66666666666666,960.0,492.08791208791206,209.31379238500588,417.89473684210526
