TraitMin,TraitMax,TraitAvg,TraitStdev,TraitTotal
280.0,506.6666666666667,392.4166666666667,105.25771943187826,348.14814814814815
