TraitMin,TraitMax,TraitAvg,TraitStdev,TraitTotal
297.14285714285717,800.0,452.85714285714283,148.44011290814018,398.97435897435895
