TraitMin,TraitMax,TraitAvg,TraitStdev,TraitTotal
186.66666666666666,1120.0,521.6666666666667,254.05051991024672,446.3157894736842
