SentiMin,SentiMax,SentiAvg,SentiStdev,Senti0-0.20,Senti0.21-0.40,Senti0.41-0.60,Senti0.61-0.80,Senti0.81-1.00,SentiTotal
0.0556276522972128,0.6624055896622104,0.27324239885987706,0.18090964915810384,3.0,5.0,1.0,1.0,0.0,7.062721725655988E-6