SentiMin,SentiMax,SentiAvg,SentiStdev,Senti0-0.20,Senti0.21-0.40,Senti0.41-0.60,Senti0.61-0.80,Senti0.81-1.00,SentiTotal
0.025277153798995984,0.6907576972784489,0.34689241921859904,0.1809776935629114,2.0,7.0,6.0,1.0,0.0,1.8123615411263637E-6