SentiMin,SentiMax,SentiAvg,SentiStdev,Senti0-0.20,Senti0.21-0.40,Senti0.41-0.60,Senti0.61-0.80,Senti0.81-1.00,SentiTotal
0.07156828294665211,0.5628056929000496,0.37544525464741546,0.15746936081984167,4.0,3.0,9.0,0.0,0.0,2.9437631540785508E-5