TraitMin,TraitMax,TraitAvg,TraitStdev,TraitTotal
413.3333333333333,1000.0,657.7777777777778,188.82351809998224,628.2352941176471
