SentiMin,SentiMax,SentiAvg,SentiStdev,Senti0-0.20,Senti0.21-0.40,Senti0.41-0.60,Senti0.61-0.80,Senti0.81-1.00,SentiTotal
5.8151893102435864E-5,0.49789225920557484,0.15212750008459958,0.16478106584348345,10.0,1.0,2.0,0.0,0.0,1.0752791619741336E-17