TraitMin,TraitMax,TraitAvg,TraitStdev,TraitTotal
266.6666666666667,1280.0,813.3333333333334,325.8872030869001,513.3333333333334
