TimeMin,TimeMax,TimeAvg,TimeStdev,TimeTotal
1000.0,2520.0,1544.6153846153845,509.0052951910661,20080.0
