TraitMin,TraitMax,TraitAvg,TraitStdev,TraitTotal
200.0,1040.0,496.8974358974359,245.76200650136957,378.8679245283019
