TraitMin,TraitMax,TraitAvg,TraitStdev,TraitTotal
353.3333333333333,1120.0,914.8148148148147,217.27328817834442,717.3333333333334
