SentiMin,SentiMax,SentiAvg,SentiStdev,Senti0-0.20,Senti0.21-0.40,Senti0.41-0.60,Senti0.61-0.80,Senti0.81-1.00,SentiTotal
0.0086703960459494,0.6317774561344542,0.38904109935056863,0.2067002323725431,2.0,2.0,5.0,2.0,0.0,1.0061778275327707E-4