SentiMin,SentiMax,SentiAvg,SentiStdev,Senti0-0.20,Senti0.21-0.40,Senti0.41-0.60,Senti0.61-0.80,Senti0.81-1.00,SentiTotal
0.016196521068314946,0.2794653930830212,0.15137782296230637,0.1061747250709886,3.0,3.0,0.0,0.0,0.0,2.721034090411637E-6