TraitMin,TraitMax,TraitAvg,TraitStdev,TraitTotal
250.0,1560.0,704.2592592592591,385.7457192829628,507.3170731707317
