TimeMin,TimeMax,TimeAvg,TimeStdev,TimeTotal
1000.0,2120.0,1195.5555555555557,364.39023987146015,10760.0
