SentiMin,SentiMax,SentiAvg,SentiStdev,Senti0-0.20,Senti0.21-0.40,Senti0.41-0.60,Senti0.61-0.80,Senti0.81-1.00,SentiTotal
3.812294174286656E-5,0.49789225920557484,0.32059822411487054,0.1570223057416163,1.0,5.0,3.0,0.0,0.0,2.9972339249452437E-7