TraitMin,TraitMax,TraitAvg,TraitStdev,TraitTotal
333.3333333333333,480.0,427.66666666666663,58.72345736112993,412.63157894736844
