SentiMin,SentiMax,SentiAvg,SentiStdev,Senti0-0.20,Senti0.21-0.40,Senti0.41-0.60,Senti0.61-0.80,Senti0.81-1.00,SentiTotal
0.028020207708951465,0.47371072416927557,0.17877899687788898,0.17100551351101734,3.0,1.0,1.0,0.0,0.0,3.226784401315648E-5