TraitMin,TraitMax,TraitAvg,TraitStdev,TraitTotal
368.0,1000.0,775.6666666666666,268.7430963798919,615.6521739130435
