TimeMin,TimeMax,TimeAvg,TimeStdev,TimeTotal
1000.0,2440.0,1410.909090909091,456.41796127223216,15520.0
