TimeMin,TimeMax,TimeAvg,TimeStdev,TimeTotal
1000.0,1800.0,1155.5555555555557,257.4710819192931,20800.0
