SentiMin,SentiMax,SentiAvg,SentiStdev,Senti0-0.20,Senti0.21-0.40,Senti0.41-0.60,Senti0.61-0.80,Senti0.81-1.00,SentiTotal
1.7474795746988048E-4,0.5808990560425497,0.3197656044700764,0.19246380427686288,5.0,5.0,8.0,0.0,0.0,6.920247119878139E-12