TimeMin,TimeMax,TimeAvg,TimeStdev,TimeTotal
1000.0,2400.0,1368.888888888889,437.68188459058416,12320.0
