SentiMin,SentiMax,SentiAvg,SentiStdev,Senti0-0.20,Senti0.21-0.40,Senti0.41-0.60,Senti0.61-0.80,Senti0.81-1.00,SentiTotal
3.6590053584416538E-6,0.49789225920557484,0.29911418665921696,0.18762382124462673,2.0,4.0,3.0,0.0,0.0,2.4598688290175773E-11