TraitMin,TraitMax,TraitAvg,TraitStdev,TraitTotal
280.0,1000.0,720.8333333333334,276.9489022264657,562.0512820512821
