TraitMin,TraitMax,TraitAvg,TraitStdev,TraitTotal
160.0,1280.0,663.7110389610389,345.79147760424064,466.41509433962267
