TraitMin,TraitMax,TraitAvg,TraitStdev,TraitTotal
333.3333333333333,1600.0,866.1538461538462,381.1584818643984,674.5454545454545
