TraitMin,TraitMax,TraitAvg,TraitStdev,TraitTotal
120.0,1920.0,722.1848290598291,560.204743390383,459.4871794871795
