TraitMin,TraitMax,TraitAvg,TraitStdev,TraitTotal
215.0,1000.0,368.56177156177154,214.7004954023698,315.38461538461536
