SentiMin,SentiMax,SentiAvg,SentiStdev,Senti0-0.20,Senti0.21-0.40,Senti0.41-0.60,Senti0.61-0.80,Senti0.81-1.00,SentiTotal
0.006705949412966312,0.7440786448968312,0.2628616722966065,0.24410024277456432,5.0,1.0,1.0,1.0,0.0,5.671801703419442E-7