TraitMin,TraitMax,TraitAvg,TraitStdev,TraitTotal
220.0,640.0,357.89494949494946,120.25017549959288,304.44444444444446
