SentiMin,SentiMax,SentiAvg,SentiStdev,Senti0-0.20,Senti0.21-0.40,Senti0.41-0.60,Senti0.61-0.80,Senti0.81-1.00,SentiTotal
0.014577572492313309,0.49789225920557484,0.2168007144853452,0.16793422383093165,4.0,3.0,1.0,0.0,0.0,2.5946801524834427E-7