TimeMin,TimeMax,TimeAvg,TimeStdev,TimeTotal
1000.0,1600.0,1141.5384615384614,176.5413943111514,14840.0
