SentiMin,SentiMax,SentiAvg,SentiStdev,Senti0-0.20,Senti0.21-0.40,Senti0.41-0.60,Senti0.61-0.80,Senti0.81-1.00,SentiTotal
5.4813864247133736E-5,0.49789225920557484,0.21219494477547243,0.18414809507516947,7.0,2.0,3.0,0.0,0.0,2.6179772728635574E-14