SentiMin,SentiMax,SentiAvg,SentiStdev,Senti0-0.20,Senti0.21-0.40,Senti0.41-0.60,Senti0.61-0.80,Senti0.81-1.00,SentiTotal
9.840600864839558E-5,0.7755974074560026,0.28340668822433684,0.29343638929335275,4.0,0.0,2.0,1.0,0.0,7.295527302556675E-10