TraitMin,TraitMax,TraitAvg,TraitStdev,TraitTotal
180.0,1000.0,405.6330532212885,187.2025205957669,330.55555555555554
