SentiMin,SentiMax,SentiAvg,SentiStdev,Senti0-0.20,Senti0.21-0.40,Senti0.41-0.60,Senti0.61-0.80,Senti0.81-1.00,SentiTotal
2.7878746320075604E-5,0.49789225920557484,0.22319149498783425,0.15103743895164096,7.0,5.0,2.0,0.0,0.0,1.774227085613375E-13