TimeMin,TimeMax,TimeAvg,TimeStdev,TimeTotal
600.0,2080.0,1227.6923076923076,419.6363599072571,15960.0
