TraitMin,TraitMax,TraitAvg,TraitStdev,TraitTotal
262.22222222222223,1280.0,631.4343434343434,366.90425560678517,417.5609756097561
