TraitMin,TraitMax,TraitAvg,TraitStdev,TraitTotal
120.0,1240.0,408.2456140350876,309.0249870119282,280.4255319148936
