SentiMin,SentiMax,SentiAvg,SentiStdev,Senti0-0.20,Senti0.21-0.40,Senti0.41-0.60,Senti0.61-0.80,Senti0.81-1.00,SentiTotal
9.646654088687527E-7,0.49789225920557484,0.161656049844429,0.19898620844005416,10.0,1.0,4.0,0.0,0.0,2.1483368673767318E-26