SentiMin,SentiMax,SentiAvg,SentiStdev,Senti0-0.20,Senti0.21-0.40,Senti0.41-0.60,Senti0.61-0.80,Senti0.81-1.00,SentiTotal
0.001823867616858454,0.6834747120842012,0.3139422745124655,0.2058676990614077,5.0,4.0,7.0,1.0,0.0,2.6764108621890007E-11