SentiMin,SentiMax,SentiAvg,SentiStdev,Senti0-0.20,Senti0.21-0.40,Senti0.41-0.60,Senti0.61-0.80,Senti0.81-1.00,SentiTotal
0.011722790052570764,0.9890431180394867,0.3480037219843181,0.2572139979577347,6.0,2.0,7.0,0.0,1.0,1.7817418290432535E-7