SentiMin,SentiMax,SentiAvg,SentiStdev,Senti0-0.20,Senti0.21-0.40,Senti0.41-0.60,Senti0.61-0.80,Senti0.81-1.00,SentiTotal
1.1315936558841357E-4,0.5495922250151081,0.25965924449996275,0.2209271190487016,7.0,1.0,6.0,0.0,0.0,1.956279753766561E-14