TimeMin,TimeMax,TimeAvg,TimeStdev,TimeTotal
720.0,3960.0,2197.3333333333335,1100.9297081204695,32960.0
