TraitMin,TraitMax,TraitAvg,TraitStdev,TraitTotal
260.0,1000.0,556.0857142857143,299.71349720718825,429.2307692307692
