SentiMin,SentiMax,SentiAvg,SentiStdev,Senti0-0.20,Senti0.21-0.40,Senti0.41-0.60,Senti0.61-0.80,Senti0.81-1.00,SentiTotal
7.859089877397069E-5,0.49789225920557484,0.284102472812239,0.1943827517505442,4.0,4.0,5.0,0.0,0.0,1.4844205780843566E-13