TimeMin,TimeMax,TimeAvg,TimeStdev,TimeTotal
240.0,2280.0,1387.3684210526317,482.28449897351925,26360.0
