TimeMin,TimeMax,TimeAvg,TimeStdev,TimeTotal
920.0,3360.0,1582.857142857143,762.8089872441253,11080.0
