TimeMin,TimeMax,TimeAvg,TimeStdev,TimeTotal
1000.0,2520.0,1486.6666666666667,637.6693674799051,8920.0
