SentiMin,SentiMax,SentiAvg,SentiStdev,Senti0-0.20,Senti0.21-0.40,Senti0.41-0.60,Senti0.61-0.80,Senti0.81-1.00,SentiTotal
0.0014925649406183955,0.838089618084458,0.36855102786983046,0.24455553727993323,3.0,2.0,4.0,0.0,1.0,1.4415735617748998E-5