TimeMin,TimeMax,TimeAvg,TimeStdev,TimeTotal
880.0,5120.0,2236.3636363636365,1310.484107130385,24600.0
