TraitMin,TraitMax,TraitAvg,TraitStdev,TraitTotal
308.57142857142856,1040.0,556.1017316017317,268.6593035109346,432.8205128205128
