TimeMin,TimeMax,TimeAvg,TimeStdev,TimeTotal
440.0,1920.0,1327.2727272727273,444.38089536487644,14600.0
