TimeMin,TimeMax,TimeAvg,TimeStdev,TimeTotal
1000.0,3560.0,1556.3636363636363,734.6894548319871,17120.0
