TraitMin,TraitMax,TraitAvg,TraitStdev,TraitTotal
153.33333333333334,1200.0,403.2857142857143,335.5341833682774,270.2439024390244
