TraitMin,TraitMax,TraitAvg,TraitStdev,TraitTotal
226.66666666666666,1000.0,468.9577922077921,227.69984845008696,421.7142857142857
