TimeMin,TimeMax,TimeAvg,TimeStdev,TimeTotal
1000.0,2800.0,1701.8181818181818,632.5391569886934,18720.0
