SentiMin,SentiMax,SentiAvg,SentiStdev,Senti0-0.20,Senti0.21-0.40,Senti0.41-0.60,Senti0.61-0.80,Senti0.81-1.00,SentiTotal
9.89816567231592E-5,0.24794436020475333,0.07259474671861382,0.08615487623450853,8.0,2.0,0.0,0.0,0.0,8.006041159086507E-17