SentiMin,SentiMax,SentiAvg,SentiStdev,Senti0-0.20,Senti0.21-0.40,Senti0.41-0.60,Senti0.61-0.80,Senti0.81-1.00,SentiTotal
6.574158108497855E-5,0.5159436667231726,0.15531451944531713,0.17391121093979978,7.0,1.0,2.0,0.0,0.0,3.608555033420116E-14