TraitMin,TraitMax,TraitAvg,TraitStdev,TraitTotal
302.85714285714283,1320.0,618.3809523809524,305.3981305453417,468.0
