SentiMin,SentiMax,SentiAvg,SentiStdev,Senti0-0.20,Senti0.21-0.40,Senti0.41-0.60,Senti0.61-0.80,Senti0.81-1.00,SentiTotal
0.13882203144995578,0.49789225920557484,0.3543972391254456,0.14049639730909444,2.0,1.0,5.0,0.0,0.0,0.004572728421802816