TraitMin,TraitMax,TraitAvg,TraitStdev,TraitTotal
300.0,1280.0,837.5,341.0919963880712,626.6666666666666
