TimeMin,TimeMax,TimeAvg,TimeStdev,TimeTotal
1000.0,4680.0,1702.857142857143,960.2040599449128,23840.0
