TraitMin,TraitMax,TraitAvg,TraitStdev,TraitTotal
177.77777777777777,1000.0,437.13708513708514,293.678707559259,292.0
