SentiMin,SentiMax,SentiAvg,SentiStdev,Senti0-0.20,Senti0.21-0.40,Senti0.41-0.60,Senti0.61-0.80,Senti0.81-1.00,SentiTotal
0.02201234051531052,0.49789225920557484,0.3669152969111063,0.15280196599218293,2.0,5.0,6.0,0.0,0.0,3.506407997410794E-5