SentiMin,SentiMax,SentiAvg,SentiStdev,Senti0-0.20,Senti0.21-0.40,Senti0.41-0.60,Senti0.61-0.80,Senti0.81-1.00,SentiTotal
0.05652567112298303,0.7440786448968312,0.3807119356610071,0.23156009537233693,2.0,1.0,2.0,1.0,0.0,0.015544492377431133