SentiMin,SentiMax,SentiAvg,SentiStdev,Senti0-0.20,Senti0.21-0.40,Senti0.41-0.60,Senti0.61-0.80,Senti0.81-1.00,SentiTotal
4.2230341441537133E-4,0.6096041589528537,0.17459952421306493,0.2126623137825682,8.0,1.0,1.0,1.0,0.0,4.602611998455634E-14