TraitMin,TraitMax,TraitAvg,TraitStdev,TraitTotal
180.0,560.0,306.5772005772006,113.80490636738081,279.4029850746269
