SentiMin,SentiMax,SentiAvg,SentiStdev,Senti0-0.20,Senti0.21-0.40,Senti0.41-0.60,Senti0.61-0.80,Senti0.81-1.00,SentiTotal
0.02464903372459246,0.5190111805610207,0.2165351042247101,0.17817116510179337,4.0,2.0,2.0,0.0,0.0,8.087201314082322E-7