TraitMin,TraitMax,TraitAvg,TraitStdev,TraitTotal
133.33333333333334,1000.0,356.7106227106227,207.07213180337197,329.4117647058824
