TimeMin,TimeMax,TimeAvg,TimeStdev,TimeTotal
640.0,3720.0,1665.7142857142858,801.2286483512529,23320.0
