SentiMin,SentiMax,SentiAvg,SentiStdev,Senti0-0.20,Senti0.21-0.40,Senti0.41-0.60,Senti0.61-0.80,Senti0.81-1.00,SentiTotal
2.0355204881253006E-5,0.5628056929000496,0.11012825054319693,0.18683692298426394,15.0,1.0,3.0,0.0,0.0,5.058861883565411E-38