SentiMin,SentiMax,SentiAvg,SentiStdev,Senti0-0.20,Senti0.21-0.40,Senti0.41-0.60,Senti0.61-0.80,Senti0.81-1.00,SentiTotal
0.001812801150729567,0.49789225920557484,0.28549109294812697,0.2093675052335719,5.0,1.0,5.0,0.0,0.0,7.089909862976069E-9