TraitMin,TraitMax,TraitAvg,TraitStdev,TraitTotal
144.0,600.0,319.8571428571428,138.09895068901102,277.85714285714283
