TraitMin,TraitMax,TraitAvg,TraitStdev,TraitTotal
204.44444444444446,1120.0,508.1746031746032,289.80368199743316,411.0344827586207
