SentiMin,SentiMax,SentiAvg,SentiStdev,Senti0-0.20,Senti0.21-0.40,Senti0.41-0.60,Senti0.61-0.80,Senti0.81-1.00,SentiTotal
9.123425289173028E-4,0.9547146086246523,0.33047898064902087,0.29047956002469344,4.0,2.0,3.0,1.0,1.0,6.014132427404463E-10