TraitMin,TraitMax,TraitAvg,TraitStdev,TraitTotal
220.0,1680.0,623.8333333333334,465.98411393999737,438.0
