SentiMin,SentiMax,SentiAvg,SentiStdev,Senti0-0.20,Senti0.21-0.40,Senti0.41-0.60,Senti0.61-0.80,Senti0.81-1.00,SentiTotal
3.664878025977435E-7,0.3167199975980661,0.07129760415638452,0.10621054048607546,7.0,1.0,0.0,0.0,0.0,4.400313063598435E-19