SentiMin,SentiMax,SentiAvg,SentiStdev,Senti0-0.20,Senti0.21-0.40,Senti0.41-0.60,Senti0.61-0.80,Senti0.81-1.00,SentiTotal
6.387416050766128E-12,0.13227499453021493,0.03674285559082906,0.04609368852020719,7.0,0.0,0.0,0.0,0.0,1.476293224881055E-25