TraitMin,TraitMax,TraitAvg,TraitStdev,TraitTotal
429.3333333333333,564.0,480.6944444444444,50.42231373332865,471.0344827586207
