SentiMin,SentiMax,SentiAvg,SentiStdev,Senti0-0.20,Senti0.21-0.40,Senti0.41-0.60,Senti0.61-0.80,Senti0.81-1.00,SentiTotal
0.0024524621579950167,0.49789225920557484,0.28211884147387345,0.17286685274219885,2.0,2.0,2.0,0.0,0.0,6.136039170744664E-5