SentiMin,SentiMax,SentiAvg,SentiStdev,Senti0-0.20,Senti0.21-0.40,Senti0.41-0.60,Senti0.61-0.80,Senti0.81-1.00,SentiTotal
2.5752562142746296E-7,0.43796879524747484,0.1765081453926578,0.16024496014592754,4.0,1.0,1.0,0.0,0.0,2.9502005872765336E-11