TimeMin,TimeMax,TimeAvg,TimeStdev,TimeTotal
1800.0,6160.0,3493.3333333333335,1908.3908288281925,10480.0
