TraitMin,TraitMax,TraitAvg,TraitStdev,TraitTotal
443.6363636363636,1000.0,607.3376623376623,227.64854826702125,490.4347826086956
