TraitMin,TraitMax,TraitAvg,TraitStdev,TraitTotal
333.3333333333333,537.5,428.0334595959596,74.71724652127527,455.0943396226415
