TimeMin,TimeMax,TimeAvg,TimeStdev,TimeTotal
1000.0,12040.0,2995.5555555555557,3260.29007268137,26960.0
