TimeMin,TimeMax,TimeAvg,TimeStdev,TimeTotal
1200.0,3040.0,2033.3333333333333,756.9823130180931,12200.0
