SentiMin,SentiMax,SentiAvg,SentiStdev,Senti0-0.20,Senti0.21-0.40,Senti0.41-0.60,Senti0.61-0.80,Senti0.81-1.00,SentiTotal
2.472620054136457E-4,0.8999178549505572,0.30396789527502255,0.2918428194883369,4.0,2.0,2.0,0.0,1.0,2.1687116372862164E-8