SentiMin,SentiMax,SentiAvg,SentiStdev,Senti0-0.20,Senti0.21-0.40,Senti0.41-0.60,Senti0.61-0.80,Senti0.81-1.00,SentiTotal
0.0027790258537179475,0.18010495829016165,0.06560109597475774,0.08109409066810243,3.0,0.0,0.0,0.0,0.0,8.788058037096286E-6