TimeMin,TimeMax,TimeAvg,TimeStdev,TimeTotal
1200.0,11640.0,3326.6666666666665,3762.4401065738653,19960.0
