SentiMin,SentiMax,SentiAvg,SentiStdev,Senti0-0.20,Senti0.21-0.40,Senti0.41-0.60,Senti0.61-0.80,Senti0.81-1.00,SentiTotal
6.012274155906758E-4,0.39697510199130176,0.08208590871159713,0.1428760495211731,5.0,1.0,0.0,0.0,0.0,2.8823515920100563E-12