TimeMin,TimeMax,TimeAvg,TimeStdev,TimeTotal
1080.0,5040.0,2325.714285714286,1252.0937566772723,16280.0
