TraitMin,TraitMax,TraitAvg,TraitStdev,TraitTotal
173.33333333333334,920.0,389.1666666666667,251.24458719063497,256.25
