TraitMin,TraitMax,TraitAvg,TraitStdev,TraitTotal
306.6666666666667,960.0,647.3333333333334,267.3358270872882,425.14285714285717
