TraitMin,TraitMax,TraitAvg,TraitStdev,TraitTotal
272.3076923076923,419.1304347826087,329.73863495602626,64.05909626087566,334.48275862068965
