TraitMin,TraitMax,TraitAvg,TraitStdev,TraitTotal
240.0,431.30434782608694,339.864169090777,58.18608563928836,355.1145038167939
