TraitMin,TraitMax,TraitAvg,TraitStdev,TraitTotal
341.53846153846155,428.2352941176471,385.4801407742584,35.40377642367028,389.5238095238095
