SentiMin,SentiMax,SentiAvg,SentiStdev,Senti0-0.20,Senti0.21-0.40,Senti0.41-0.60,Senti0.61-0.80,Senti0.81-1.00,SentiTotal
1.3424609070974088E-4,0.13969007458347246,0.0632212562339398,0.05985457120077699,4.0,0.0,0.0,0.0,0.0,2.490513786887793E-8