TraitMin,TraitMax,TraitAvg,TraitStdev,TraitTotal
268.57142857142856,448.0,368.5142857142857,63.2719817412841,355.55555555555554
