TimeMin,TimeMax,TimeAvg,TimeStdev,TimeTotal
760.0,2080.0,1366.6666666666667,477.44691386117006,8200.0
