TraitMin,TraitMax,TraitAvg,TraitStdev,TraitTotal
180.0,646.6666666666666,349.7333333333333,159.03128972347267,400.0
