SentiMin,SentiMax,SentiAvg,SentiStdev,Senti0-0.20,Senti0.21-0.40,Senti0.41-0.60,Senti0.61-0.80,Senti0.81-1.00,SentiTotal
4.829936376111495E-4,0.49789225920557484,0.17641481539728812,0.20424647294583717,4.0,0.0,2.0,0.0,0.0,1.1025717798357185E-9