TraitMin,TraitMax,TraitAvg,TraitStdev,TraitTotal
298.46153846153845,548.5714285714286,411.8877964141122,96.15699584590698,446.84684684684686
