SentiMin,SentiMax,SentiAvg,SentiStdev,Senti0-0.20,Senti0.21-0.40,Senti0.41-0.60,Senti0.61-0.80,Senti0.81-1.00,SentiTotal
7.210610080184219E-5,0.49789225920557484,0.13334079991992828,0.18403167231880466,4.0,1.0,1.0,0.0,0.0,1.877839350391487E-11