TimeMin,TimeMax,TimeAvg,TimeStdev,TimeTotal
2680.0,9640.0,6466.666666666667,2874.3153774227503,19400.0
