TraitMin,TraitMax,TraitAvg,TraitStdev,TraitTotal
273.3333333333333,880.0,490.66666666666663,186.20214310055107,437.6470588235294
