TraitMin,TraitMax,TraitAvg,TraitStdev,TraitTotal
208.0,478.0,368.6666666666667,116.0497977402613,421.8867924528302
