TimeMin,TimeMax,TimeAvg,TimeStdev,TimeTotal
1000.0,8000.0,3106.6666666666665,2434.054687598909,18640.0
