TraitMin,TraitMax,TraitAvg,TraitStdev,TraitTotal
280.0,622.4,395.8133333333334,118.70290383043617,463.728813559322
