SentiMin,SentiMax,SentiAvg,SentiStdev,Senti0-0.20,Senti0.21-0.40,Senti0.41-0.60,Senti0.61-0.80,Senti0.81-1.00,SentiTotal
3.547224330432196E-11,0.1501124868426225,0.04727418502148333,0.05976711699695415,7.0,0.0,0.0,0.0,0.0,3.391828315831351E-25