SentiMin,SentiMax,SentiAvg,SentiStdev,Senti0-0.20,Senti0.21-0.40,Senti0.41-0.60,Senti0.61-0.80,Senti0.81-1.00,SentiTotal
7.947937071417213E-4,0.8903800351238652,0.2450330286789559,0.374289712022905,3.0,0.0,0.0,0.0,1.0,5.626966883025693E-7