SentiMin,SentiMax,SentiAvg,SentiStdev,Senti0-0.20,Senti0.21-0.40,Senti0.41-0.60,Senti0.61-0.80,Senti0.81-1.00,SentiTotal
0.008021945963942888,0.5011937124161825,0.2322256522083943,0.21882429382254376,3.0,0.0,2.0,0.0,0.0,4.034799935557437E-5