TraitMin,TraitMax,TraitAvg,TraitStdev,TraitTotal
405.7142857142857,760.0,551.6369047619048,149.65934425881863,565.5172413793103
