TraitMin,TraitMax,TraitAvg,TraitStdev,TraitTotal
353.3333333333333,760.0,485.01587301587307,137.72486731833638,440.655737704918
