TraitMin,TraitMax,TraitAvg,TraitStdev,TraitTotal
280.0,1000.0,530.4615384615385,271.62347764776786,364.61538461538464
