SentiMin,SentiMax,SentiAvg,SentiStdev,Senti0-0.20,Senti0.21-0.40,Senti0.41-0.60,Senti0.61-0.80,Senti0.81-1.00,SentiTotal
0.31846387869528453,0.4737554465528978,0.41432159170323296,0.06842948119180792,0.0,1.0,2.0,0.0,0.0,0.25985695240858