TraitMin,TraitMax,TraitAvg,TraitStdev,TraitTotal
450.0,513.3333333333334,487.7777777777778,27.26187588085623,490.0
