SentiMin,SentiMax,SentiAvg,SentiStdev,Senti0-0.20,Senti0.21-0.40,Senti0.41-0.60,Senti0.61-0.80,Senti0.81-1.00,SentiTotal
7.366360405744034E-6,0.3040993331987756,0.10143164040768478,0.14330771892006414,2.0,1.0,0.0,0.0,0.0,6.163094429635154E-10