TraitMin,TraitMax,TraitAvg,TraitStdev,TraitTotal
297.5,662.2222222222222,446.59722222222223,134.4984359849861,466.4406779661017
