TraitMin,TraitMax,TraitAvg,TraitStdev,TraitTotal
248.0,920.0,511.68831168831167,224.2677269316258,412.0
