SentiMin,SentiMax,SentiAvg,SentiStdev,Senti0-0.20,Senti0.21-0.40,Senti0.41-0.60,Senti0.61-0.80,Senti0.81-1.00,SentiTotal
3.4783859675309755E-5,0.5755436691302463,0.1020825265859882,0.19431816020410705,6.0,0.0,1.0,0.0,0.0,1.8155002540271093E-15