TraitMin,TraitMax,TraitAvg,TraitStdev,TraitTotal
300.0,396.9230769230769,366.86234817813767,39.073015864769665,382.22222222222223
