SentiMin,SentiMax,SentiAvg,SentiStdev,Senti0-0.20,Senti0.21-0.40,Senti0.41-0.60,Senti0.61-0.80,Senti0.81-1.00,SentiTotal
1.1737003287251155E-6,0.024419331766627434,0.005515707676318718,0.009466646243752508,5.0,0.0,0.0,0.0,0.0,2.5941334763755417E-17