TraitMin,TraitMax,TraitAvg,TraitStdev,TraitTotal
245.71428571428572,1000.0,475.9312169312169,264.0921137611353,396.47058823529414
