SentiMin,SentiMax,SentiAvg,SentiStdev,Senti0-0.20,Senti0.21-0.40,Senti0.41-0.60,Senti0.61-0.80,Senti0.81-1.00,SentiTotal
6.941953259605057E-8,0.9657180783149457,0.2540752287188862,0.4113552071404405,3.0,0.0,0.0,0.0,1.0,1.0636868998490248E-10