TraitMin,TraitMax,TraitAvg,TraitStdev,TraitTotal
346.6666666666667,685.0,451.9166666666667,137.4991666641414,443.42857142857144
