TimeMin,TimeMax,TimeAvg,TimeStdev,TimeTotal
760.0,6080.0,2125.714285714286,1794.0127180856498,14880.0
