TraitMin,TraitMax,TraitAvg,TraitStdev,TraitTotal
240.0,507.36842105263156,373.69566343743975,102.73309588484429,409.6
