SentiMin,SentiMax,SentiAvg,SentiStdev,Senti0-0.20,Senti0.21-0.40,Senti0.41-0.60,Senti0.61-0.80,Senti0.81-1.00,SentiTotal
0.0017865560337435602,0.43796879524747484,0.09974566367655538,0.1403640846173699,6.0,0.0,1.0,0.0,0.0,4.3804769773136255E-10