SentiMin,SentiMax,SentiAvg,SentiStdev,Senti0-0.20,Senti0.21-0.40,Senti0.41-0.60,Senti0.61-0.80,Senti0.81-1.00,SentiTotal
0.20861484035071576,0.8947307807842634,0.49182231328179304,0.26969038914310345,0.0,2.0,1.0,0.0,1.0,0.5580712565952292