SentiMin,SentiMax,SentiAvg,SentiStdev,Senti0-0.20,Senti0.21-0.40,Senti0.41-0.60,Senti0.61-0.80,Senti0.81-1.00,SentiTotal
2.887232177357306E-7,0.5303130212333154,0.14110888021563012,0.22513801197683317,3.0,0.0,1.0,0.0,0.0,2.3004707967401E-14