SentiMin,SentiMax,SentiAvg,SentiStdev,Senti0-0.20,Senti0.21-0.40,Senti0.41-0.60,Senti0.61-0.80,Senti0.81-1.00,SentiTotal
2.614361010538322E-5,0.026356579956783165,0.00880612033838365,0.012410049614352738,3.0,0.0,0.0,0.0,0.0,2.5651407294045694E-11