SentiMin,SentiMax,SentiAvg,SentiStdev,Senti0-0.20,Senti0.21-0.40,Senti0.41-0.60,Senti0.61-0.80,Senti0.81-1.00,SentiTotal
4.8023462047925555E-8,0.014239714656259415,0.009339770530569903,0.0066068525290228245,3.0,0.0,0.0,0.0,0.0,9.857517060549571E-12