SentiMin,SentiMax,SentiAvg,SentiStdev,Senti0-0.20,Senti0.21-0.40,Senti0.41-0.60,Senti0.61-0.80,Senti0.81-1.00,SentiTotal
7.750574162128597E-5,0.29727768252782727,0.053312481563360825,0.09512222563556524,7.0,1.0,0.0,0.0,0.0,3.5860157311568505E-18