TraitMin,TraitMax,TraitAvg,TraitStdev,TraitTotal
206.66666666666666,480.0,360.3751803751803,96.1364166341224,361.77777777777777
