TraitMin,TraitMax,TraitAvg,TraitStdev,TraitTotal
177.14285714285714,1200.0,455.44973544973544,348.18023878733806,312.8205128205128
