SentiMin,SentiMax,SentiAvg,SentiStdev,Senti0-0.20,Senti0.21-0.40,Senti0.41-0.60,Senti0.61-0.80,Senti0.81-1.00,SentiTotal
1.0760359934766855E-8,1.5011338592060594E-4,5.009700489243013E-5,7.072228997004044E-5,3.0,0.0,0.0,0.0,0.0,2.7416289249766146E-19