TraitMin,TraitMax,TraitAvg,TraitStdev,TraitTotal
250.0,1000.0,444.4285714285714,217.48417665427098,363.265306122449
