TimeMin,TimeMax,TimeAvg,TimeStdev,TimeTotal
1000.0,4080.0,1977.7777777777778,871.4965133834478,17800.0
