TraitMin,TraitMax,TraitAvg,TraitStdev,TraitTotal
280.0,513.3333333333334,364.4444444444445,105.596483293482,388.14814814814815
