SentiMin,SentiMax,SentiAvg,SentiStdev,Senti0-0.20,Senti0.21-0.40,Senti0.41-0.60,Senti0.61-0.80,Senti0.81-1.00,SentiTotal
9.634834460646516E-4,0.5755436691302463,0.3421514341034513,0.1630596093630096,2.0,6.0,6.0,0.0,0.0,2.7985415426328092E-8