SentiMin,SentiMax,SentiAvg,SentiStdev,Senti0-0.20,Senti0.21-0.40,Senti0.41-0.60,Senti0.61-0.80,Senti0.81-1.00,SentiTotal
0.0028720803137214485,0.49789225920557484,0.31049387701641695,0.17436897783588956,5.0,8.0,7.0,0.0,0.0,1.2415317982073832E-11