TimeMin,TimeMax,TimeAvg,TimeStdev,TimeTotal
280.0,2200.0,1121.6666666666667,468.9675421130503,26920.0
