SentiMin,SentiMax,SentiAvg,SentiStdev,Senti0-0.20,Senti0.21-0.40,Senti0.41-0.60,Senti0.61-0.80,Senti0.81-1.00,SentiTotal
2.7493674168553177E-4,0.9485345781973613,0.3165122007840329,0.2653791102108636,9.0,5.0,4.0,3.0,1.0,1.1894462423696189E-14