TraitMin,TraitMax,TraitAvg,TraitStdev,TraitTotal
220.0,1480.0,682.2222222222222,423.0518165735408,492.63157894736844
