SentiMin,SentiMax,SentiAvg,SentiStdev,Senti0-0.20,Senti0.21-0.40,Senti0.41-0.60,Senti0.61-0.80,Senti0.81-1.00,SentiTotal
1.680771893916669E-4,0.5755436691302463,0.34845648965494386,0.2111257688435681,2.0,3.0,4.0,0.0,0.0,1.3255293960312173E-8