SentiMin,SentiMax,SentiAvg,SentiStdev,Senti0-0.20,Senti0.21-0.40,Senti0.41-0.60,Senti0.61-0.80,Senti0.81-1.00,SentiTotal
7.385186746525778E-4,0.6660233556994598,0.34091118887198046,0.1842452135558039,4.0,6.0,6.0,1.0,0.0,2.1837684866508953E-9