TimeMin,TimeMax,TimeAvg,TimeStdev,TimeTotal
360.0,1360.0,884.4444444444445,306.6344588561838,7960.0
