TraitMin,TraitMax,TraitAvg,TraitStdev,TraitTotal
228.0,1240.0,733.3148148148148,340.1296134976373,482.44897959183675
