SentiMin,SentiMax,SentiAvg,SentiStdev,Senti0-0.20,Senti0.21-0.40,Senti0.41-0.60,Senti0.61-0.80,Senti0.81-1.00,SentiTotal
6.516549859440298E-4,0.7440786448968312,0.3129178230689319,0.22744034626878348,5.0,4.0,6.0,1.0,0.0,2.8322360016698472E-12