SentiMin,SentiMax,SentiAvg,SentiStdev,Senti0-0.20,Senti0.21-0.40,Senti0.41-0.60,Senti0.61-0.80,Senti0.81-1.00,SentiTotal
0.002349297721987579,0.5755436691302463,0.28675003374344815,0.20328529121520197,6.0,5.0,7.0,0.0,0.0,8.741486222493267E-13