TraitMin,TraitMax,TraitAvg,TraitStdev,TraitTotal
172.0,1680.0,777.2063492063493,477.5402162124957,416.9230769230769
