SentiMin,SentiMax,SentiAvg,SentiStdev,Senti0-0.20,Senti0.21-0.40,Senti0.41-0.60,Senti0.61-0.80,Senti0.81-1.00,SentiTotal
0.008034501796152236,0.8675935892638005,0.35198665081767055,0.24577508610270438,2.0,4.0,3.0,0.0,1.0,6.586257120240283E-7