TraitMin,TraitMax,TraitAvg,TraitStdev,TraitTotal
165.71428571428572,1120.0,455.35064935064935,239.80552595680015,368.5
