SentiMin,SentiMax,SentiAvg,SentiStdev,Senti0-0.20,Senti0.21-0.40,Senti0.41-0.60,Senti0.61-0.80,Senti0.81-1.00,SentiTotal
1.486987463754606E-4,0.9949804368995877,0.34650600606118465,0.27564272561754805,7.0,6.0,9.0,0.0,2.0,4.464433199801859E-14