TraitMin,TraitMax,TraitAvg,TraitStdev,TraitTotal
200.0,1200.0,650.5740740740741,346.46991933912346,478.0487804878049
