SentiMin,SentiMax,SentiAvg,SentiStdev,Senti0-0.20,Senti0.21-0.40,Senti0.41-0.60,Senti0.61-0.80,Senti0.81-1.00,SentiTotal
3.955054883602359E-5,0.5136446707795853,0.2549632270702963,0.19087844395330883,5.0,4.0,5.0,0.0,0.0,9.27211583857186E-13