TraitMin,TraitMax,TraitAvg,TraitStdev,TraitTotal
200.0,600.0,383.8666666666667,140.80208331792065,352.85714285714283
