TraitMin,TraitMax,TraitAvg,TraitStdev,TraitTotal
320.0,1160.0,581.4814814814815,280.5598948448193,497.5
