TimeMin,TimeMax,TimeAvg,TimeStdev,TimeTotal
320.0,1720.0,1204.4444444444443,420.1351928212079,10840.0
