TraitMin,TraitMax,TraitAvg,TraitStdev,TraitTotal
205.71428571428572,2000.0,631.156462585034,444.5951454439273,456.0
