TimeMin,TimeMax,TimeAvg,TimeStdev,TimeTotal
680.0,2200.0,1291.764705882353,467.4365045791234,21960.0
