TimeMin,TimeMax,TimeAvg,TimeStdev,TimeTotal
200.0,2520.0,1088.888888888889,490.7238291984707,19600.0
