TimeMin,TimeMax,TimeAvg,TimeStdev,TimeTotal
520.0,2920.0,1302.857142857143,569.6543885980161,18240.0
