TraitMin,TraitMax,TraitAvg,TraitStdev,TraitTotal
165.0,1240.0,564.9613095238094,330.5130941291164,406.27450980392155
