TraitMin,TraitMax,TraitAvg,TraitStdev,TraitTotal
232.0,1360.0,685.2777777777777,359.3029457019848,474.8936170212766
