SentiMin,SentiMax,SentiAvg,SentiStdev,Senti0-0.20,Senti0.21-0.40,Senti0.41-0.60,Senti0.61-0.80,Senti0.81-1.00,SentiTotal
0.003455637236837535,0.5666140499822833,0.3472284770687917,0.16865894777947915,1.0,4.0,4.0,0.0,0.0,2.583225377521196E-5