TraitMin,TraitMax,TraitAvg,TraitStdev,TraitTotal
280.0,1240.0,666.8627450980392,336.9576893751881,488.0
