TraitMin,TraitMax,TraitAvg,TraitStdev,TraitTotal
150.0,1000.0,562.2222222222222,272.881853872403,441.3114754098361
