TimeMin,TimeMax,TimeAvg,TimeStdev,TimeTotal
520.0,2880.0,1333.3333333333333,638.1918903346303,16000.0
