TraitMin,TraitMax,TraitAvg,TraitStdev,TraitTotal
190.0,560.0,270.42063492063494,94.75772072069061,250.0
