SentiMin,SentiMax,SentiAvg,SentiStdev,Senti0-0.20,Senti0.21-0.40,Senti0.41-0.60,Senti0.61-0.80,Senti0.81-1.00,SentiTotal
0.023086634309918783,0.5755436691302463,0.3560070205396303,0.1626976968546694,1.0,3.0,5.0,0.0,0.0,7.93815866845044E-5