SentiMin,SentiMax,SentiAvg,SentiStdev,Senti0-0.20,Senti0.21-0.40,Senti0.41-0.60,Senti0.61-0.80,Senti0.81-1.00,SentiTotal
2.079655472729771E-4,0.7584786175186949,0.30956168889100344,0.25861721509446933,3.0,1.0,2.0,1.0,0.0,9.30239947942151E-7