SentiMin,SentiMax,SentiAvg,SentiStdev,Senti0-0.20,Senti0.21-0.40,Senti0.41-0.60,Senti0.61-0.80,Senti0.81-1.00,SentiTotal
0.07387050676379797,0.31820487300311295,0.1879963050636642,0.08540464208586761,3.0,3.0,0.0,0.0,0.0,2.5109865229644827E-5