TraitMin,TraitMax,TraitAvg,TraitStdev,TraitTotal
140.0,2960.0,697.4761904761906,692.5120675618734,442.9268292682927
