TraitMin,TraitMax,TraitAvg,TraitStdev,TraitTotal
216.0,1320.0,473.66469428007895,318.91646361283625,348.8888888888889
