SentiMin,SentiMax,SentiAvg,SentiStdev,Senti0-0.20,Senti0.21-0.40,Senti0.41-0.60,Senti0.61-0.80,Senti0.81-1.00,SentiTotal
1.9617773826655764E-6,0.48164547114327055,0.17873286630722016,0.17620649451881376,4.0,1.0,1.0,0.0,0.0,6.95243398078729E-11