TraitMin,TraitMax,TraitAvg,TraitStdev,TraitTotal
210.0,1520.0,463.18934240362813,357.5040536061451,325.2173913043478
