TraitMin,TraitMax,TraitAvg,TraitStdev,TraitTotal
248.0,640.0,389.6666666666667,133.26873435114314,331.42857142857144
