TimeMin,TimeMax,TimeAvg,TimeStdev,TimeTotal
800.0,2960.0,1297.142857142857,535.5294919373665,18160.0
