SentiMin,SentiMax,SentiAvg,SentiStdev,Senti0-0.20,Senti0.21-0.40,Senti0.41-0.60,Senti0.61-0.80,Senti0.81-1.00,SentiTotal
0.001663657233957289,0.4801180056153849,0.17505210235194005,0.15402221033978658,7.0,5.0,2.0,0.0,0.0,1.937278278890853E-15