TraitMin,TraitMax,TraitAvg,TraitStdev,TraitTotal
288.8888888888889,1400.0,556.984126984127,360.06697117888785,420.0
