TimeMin,TimeMax,TimeAvg,TimeStdev,TimeTotal
520.0,3280.0,1449.2307692307693,648.0558088320378,18840.0
