TimeMin,TimeMax,TimeAvg,TimeStdev,TimeTotal
720.0,1480.0,1086.6666666666667,241.5689457599125,6520.0
