TimeMin,TimeMax,TimeAvg,TimeStdev,TimeTotal
760.0,3400.0,1602.857142857143,715.2964277779085,22440.0
