TraitMin,TraitMax,TraitAvg,TraitStdev,TraitTotal
333.3333333333333,1280.0,811.1111111111112,329.61631267315477,652.0
