SentiMin,SentiMax,SentiAvg,SentiStdev,Senti0-0.20,Senti0.21-0.40,Senti0.41-0.60,Senti0.61-0.80,Senti0.81-1.00,SentiTotal
0.005920063497454324,0.7136118913503132,0.2751536448576869,0.2131310155001279,6.0,4.0,3.0,1.0,0.0,1.379433070395676E-10