TimeMin,TimeMax,TimeAvg,TimeStdev,TimeTotal
520.0,3480.0,1412.3076923076924,891.1716906682576,18360.0
