SentiMin,SentiMax,SentiAvg,SentiStdev,Senti0-0.20,Senti0.21-0.40,Senti0.41-0.60,Senti0.61-0.80,Senti0.81-1.00,SentiTotal
0.022482190799504018,0.39697510199130176,0.2014956279869194,0.15731887329219235,3.0,4.0,0.0,0.0,0.0,1.7354778602526251E-6