TraitMin,TraitMax,TraitAvg,TraitStdev,TraitTotal
190.0,1200.0,395.03296703296695,280.8789941930501,289.6385542168675
