TraitMin,TraitMax,TraitAvg,TraitStdev,TraitTotal
206.66666666666666,520.0,386.46258503401356,137.93513053610664,299.1304347826087
