TraitMin,TraitMax,TraitAvg,TraitStdev,TraitTotal
208.0,390.0,292.44444444444446,78.42114857109577,275.0
