TraitMin,TraitMax,TraitAvg,TraitStdev,TraitTotal
160.0,880.0,368.782683982684,190.941582960722,296.25
