TimeMin,TimeMax,TimeAvg,TimeStdev,TimeTotal
800.0,2240.0,1366.6666666666667,540.3291178120568,8200.0
