SentiMin,SentiMax,SentiAvg,SentiStdev,Senti0-0.20,Senti0.21-0.40,Senti0.41-0.60,Senti0.61-0.80,Senti0.81-1.00,SentiTotal
2.756508275852865E-6,0.43796879524747484,0.20469866329292294,0.16578731708343833,3.0,3.0,1.0,0.0,0.0,2.8545454204158126E-10