SentiMin,SentiMax,SentiAvg,SentiStdev,Senti0-0.20,Senti0.21-0.40,Senti0.41-0.60,Senti0.61-0.80,Senti0.81-1.00,SentiTotal
1.4751232741792384E-5,0.9983864964569151,0.24426727520848807,0.27230449931358947,6.0,5.0,1.0,0.0,1.0,4.923133665331291E-13