SentiMin,SentiMax,SentiAvg,SentiStdev,Senti0-0.20,Senti0.21-0.40,Senti0.41-0.60,Senti0.61-0.80,Senti0.81-1.00,SentiTotal
7.439539848676183E-9,0.5023699143180641,0.19761656525007096,0.19827070016841492,8.0,3.0,4.0,0.0,0.0,2.2309574716955028E-31