TraitMin,TraitMax,TraitAvg,TraitStdev,TraitTotal
145.0,560.0,361.1465201465201,116.99492798149666,296.1290322580645
