SentiMin,SentiMax,SentiAvg,SentiStdev,Senti0-0.20,Senti0.21-0.40,Senti0.41-0.60,Senti0.61-0.80,Senti0.81-1.00,SentiTotal
1.892642720083597E-5,0.4668495373307709,0.24074550766065145,0.15667732927336822,5.0,7.0,1.0,0.0,0.0,3.309741676719605E-14