TimeMin,TimeMax,TimeAvg,TimeStdev,TimeTotal
640.0,2400.0,1022.8571428571429,592.8554216842485,7160.0
