TimeMin,TimeMax,TimeAvg,TimeStdev,TimeTotal
760.0,4840.0,1849.2307692307693,1171.2613945818712,24040.0
