SentiMin,SentiMax,SentiAvg,SentiStdev,Senti0-0.20,Senti0.21-0.40,Senti0.41-0.60,Senti0.61-0.80,Senti0.81-1.00,SentiTotal
4.19554023766243E-5,0.22152707866760254,0.07359240365404857,0.079296583342173,5.0,1.0,0.0,0.0,0.0,9.05014753326291E-12