SentiMin,SentiMax,SentiAvg,SentiStdev,Senti0-0.20,Senti0.21-0.40,Senti0.41-0.60,Senti0.61-0.80,Senti0.81-1.00,SentiTotal
5.691662906932114E-4,0.7053820391863074,0.2809820407738543,0.20473372456301395,5.0,5.0,4.0,1.0,0.0,3.036438651294425E-12