TraitMin,TraitMax,TraitAvg,TraitStdev,TraitTotal
172.30769230769232,1040.0,449.74691974691973,261.51261644950125,294.02061855670104
