TimeMin,TimeMax,TimeAvg,TimeStdev,TimeTotal
720.0,7560.0,1901.3333333333333,1670.6959295122765,28520.0
