SentiMin,SentiMax,SentiAvg,SentiStdev,Senti0-0.20,Senti0.21-0.40,Senti0.41-0.60,Senti0.61-0.80,Senti0.81-1.00,SentiTotal
0.010393970993402822,0.43796879524747484,0.20376820435586498,0.17225348000901658,4.0,0.0,2.0,0.0,0.0,6.503507646771172E-6