TimeMin,TimeMax,TimeAvg,TimeStdev,TimeTotal
480.0,1600.0,982.8571428571429,362.1252461201111,6880.0
