TraitMin,TraitMax,TraitAvg,TraitStdev,TraitTotal
286.6666666666667,760.0,461.3812858476725,140.45172378517094,446.60550458715596
