TraitMin,TraitMax,TraitAvg,TraitStdev,TraitTotal
324.44444444444446,760.0,488.44444444444446,163.64550666563338,424.0
