TimeMin,TimeMax,TimeAvg,TimeStdev,TimeTotal
29.0,2520.0,984.9285714285714,554.6981758817408,13789.0
