TraitMin,TraitMax,TraitAvg,TraitStdev,TraitTotal
160.0,840.0,441.77210884353735,185.17507915912478,416.8595041322314
