SentiMin,SentiMax,SentiAvg,SentiStdev,Senti0-0.20,Senti0.21-0.40,Senti0.41-0.60,Senti0.61-0.80,Senti0.81-1.00,SentiTotal
0.12681872549408235,0.848358585308813,0.43455097353308464,0.15859239737548314,1.0,5.0,6.0,0.0,1.0,0.028421733420496503