TraitMin,TraitMax,TraitAvg,TraitStdev,TraitTotal
244.0,960.0,468.5952380952381,229.94272061081813,320.0
