TimeMin,TimeMax,TimeAvg,TimeStdev,TimeTotal
560.0,12120.0,5075.555555555556,4105.43030932098,45680.0
