TimeMin,TimeMax,TimeAvg,TimeStdev,TimeTotal
560.0,5000.0,2043.6363636363637,1295.862455715201,44960.0
