TraitMin,TraitMax,TraitAvg,TraitStdev,TraitTotal
160.0,1000.0,454.0495615495615,214.04386684045966,377.8151260504202
