SentiMin,SentiMax,SentiAvg,SentiStdev,Senti0-0.20,Senti0.21-0.40,Senti0.41-0.60,Senti0.61-0.80,Senti0.81-1.00,SentiTotal
9.14500994498527E-7,0.5457045784627405,0.15372965505504146,0.1809133092610208,9.0,4.0,1.0,0.0,0.0,2.6499199884415826E-26