SentiMin,SentiMax,SentiAvg,SentiStdev,Senti0-0.20,Senti0.21-0.40,Senti0.41-0.60,Senti0.61-0.80,Senti0.81-1.00,SentiTotal
4.808699036958737E-4,0.81679446388411,0.14679816514937155,0.2201541844360925,11.0,2.0,0.0,0.0,1.0,2.8594887926108195E-21