SentiMin,SentiMax,SentiAvg,SentiStdev,Senti0-0.20,Senti0.21-0.40,Senti0.41-0.60,Senti0.61-0.80,Senti0.81-1.00,SentiTotal
0.0036844025423222993,0.9987298259935136,0.41948854633919713,0.33910780602265,3.0,2.0,2.0,0.0,3.0,0.01012993470366074