SentiMin,SentiMax,SentiAvg,SentiStdev,Senti0-0.20,Senti0.21-0.40,Senti0.41-0.60,Senti0.61-0.80,Senti0.81-1.00,SentiTotal
0.0013190963979745713,0.49789225920557484,0.221062528525783,0.17659334595540366,4.0,2.0,1.0,0.0,0.0,2.6065052450004213E-7