SentiMin,SentiMax,SentiAvg,SentiStdev,Senti0-0.20,Senti0.21-0.40,Senti0.41-0.60,Senti0.61-0.80,Senti0.81-1.00,SentiTotal
0.010359025575649338,0.5790306728891398,0.29895381161469425,0.20451383496491568,2.0,3.0,2.0,0.0,0.0,2.335403551139966E-5