TraitMin,TraitMax,TraitAvg,TraitStdev,TraitTotal
120.0,1240.0,501.56783216783225,300.4053546232181,379.23664122137404
