TraitMin,TraitMax,TraitAvg,TraitStdev,TraitTotal
232.0,1101.8181818181818,496.09972743306076,263.67425835145315,543.8095238095239
