TraitMin,TraitMax,TraitAvg,TraitStdev,TraitTotal
395.0,1120.0,587.3722222222223,216.22113709488767,517.7464788732394
