TraitMin,TraitMax,TraitAvg,TraitStdev,TraitTotal
29.0,2520.0,753.8205128205129,636.9449333547075,566.7727272727273
