SentiMin,SentiMax,SentiAvg,SentiStdev,Senti0-0.20,Senti0.21-0.40,Senti0.41-0.60,Senti0.61-0.80,Senti0.81-1.00,SentiTotal
4.009509293702144E-5,0.848358585308813,0.19196109062177502,0.22860940207300928,14.0,5.0,2.0,0.0,1.0,1.0315778869764982E-26