TimeMin,TimeMax,TimeAvg,TimeStdev,TimeTotal
440.0,3520.0,1291.4285714285713,935.5735990202339,9040.0
