SentiMin,SentiMax,SentiAvg,SentiStdev,Senti0-0.20,Senti0.21-0.40,Senti0.41-0.60,Senti0.61-0.80,Senti0.81-1.00,SentiTotal
0.00106101575536769,0.46127768308170247,0.14355929159769187,0.18840413242259021,3.0,0.0,1.0,0.0,0.0,4.60812847066359E-7