TimeMin,TimeMax,TimeAvg,TimeStdev,TimeTotal
400.0,2680.0,1165.7142857142858,692.3016919328315,8160.0
