SentiMin,SentiMax,SentiAvg,SentiStdev,Senti0-0.20,Senti0.21-0.40,Senti0.41-0.60,Senti0.61-0.80,Senti0.81-1.00,SentiTotal
1.6844114969629847E-6,0.693447474877457,0.13114098187743226,0.21500724069255187,7.0,1.0,0.0,1.0,0.0,2.3254666734363994E-16