SentiMin,SentiMax,SentiAvg,SentiStdev,Senti0-0.20,Senti0.21-0.40,Senti0.41-0.60,Senti0.61-0.80,Senti0.81-1.00,SentiTotal
0.0013044468044946086,0.43796879524747484,0.20347508090865588,0.16199589238326703,5.0,2.0,1.0,0.0,0.0,2.301120994616014E-10