TraitMin,TraitMax,TraitAvg,TraitStdev,TraitTotal
240.0,1040.0,627.3015873015873,308.3636376601336,452.0
