TraitMin,TraitMax,TraitAvg,TraitStdev,TraitTotal
250.0,1100.0,525.1000000000001,268.9838971737444,409.06666666666666
