SentiMin,SentiMax,SentiAvg,SentiStdev,Senti0-0.20,Senti0.21-0.40,Senti0.41-0.60,Senti0.61-0.80,Senti0.81-1.00,SentiTotal
0.005095448553550852,0.6479697008262659,0.23211662183646964,0.16776209059284486,11.0,6.0,2.0,1.0,0.0,1.150326203908751E-14