TraitMin,TraitMax,TraitAvg,TraitStdev,TraitTotal
333.3333333333333,1120.0,730.9803921568628,261.6083104801232,614.5454545454545
