TraitMin,TraitMax,TraitAvg,TraitStdev,TraitTotal
293.3333333333333,506.6666666666667,417.45454545454544,81.75935034127737,391.8181818181818
