SentiMin,SentiMax,SentiAvg,SentiStdev,Senti0-0.20,Senti0.21-0.40,Senti0.41-0.60,Senti0.61-0.80,Senti0.81-1.00,SentiTotal
0.03633217955733854,0.6274708568440207,0.31559418613368007,0.19726520196586342,4.0,3.0,2.0,1.0,0.0,2.6531657118594433E-5