TimeMin,TimeMax,TimeAvg,TimeStdev,TimeTotal
1000.0,2760.0,1426.6666666666667,531.3295692045674,12840.0
