SentiMin,SentiMax,SentiAvg,SentiStdev,Senti0-0.20,Senti0.21-0.40,Senti0.41-0.60,Senti0.61-0.80,Senti0.81-1.00,SentiTotal
0.005183205874695382,0.2659387160401671,0.09790641245662116,0.09952991665512109,5.0,2.0,0.0,0.0,0.0,1.6735748641770272E-9