SentiMin,SentiMax,SentiAvg,SentiStdev,Senti0-0.20,Senti0.21-0.40,Senti0.41-0.60,Senti0.61-0.80,Senti0.81-1.00,SentiTotal
0.01159686431931497,0.9061367404599172,0.4086739849789964,0.2501263120287185,2.0,2.0,3.0,1.0,1.0,0.004021456486274591