SentiMin,SentiMax,SentiAvg,SentiStdev,Senti0-0.20,Senti0.21-0.40,Senti0.41-0.60,Senti0.61-0.80,Senti0.81-1.00,SentiTotal
0.08554815475216017,0.8068778607091849,0.33022683028210953,0.23308003779291522,4.0,2.0,2.0,0.0,1.0,2.905781898550959E-4