TraitMin,TraitMax,TraitAvg,TraitStdev,TraitTotal
240.0,1000.0,454.1333333333334,218.69711170170183,380.64516129032256
