TraitMin,TraitMax,TraitAvg,TraitStdev,TraitTotal
224.0,1000.0,540.063492063492,231.11270930896902,443.6363636363636
