SentiMin,SentiMax,SentiAvg,SentiStdev,Senti0-0.20,Senti0.21-0.40,Senti0.41-0.60,Senti0.61-0.80,Senti0.81-1.00,SentiTotal
0.0556276522972128,0.5628056929000496,0.3237191935480076,0.16142496540742335,6.0,5.0,6.0,0.0,0.0,3.348327683645827E-7