TraitMin,TraitMax,TraitAvg,TraitStdev,TraitTotal
304.0,1000.0,604.2539682539682,227.41552522558928,493.84615384615387
