TraitMin,TraitMax,TraitAvg,TraitStdev,TraitTotal
270.0,1120.0,641.6666666666666,326.0103951989534,468.3333333333333
