TimeMin,TimeMax,TimeAvg,TimeStdev,TimeTotal
1000.0,2640.0,1217.7777777777778,508.10711420543277,10960.0
