TimeMin,TimeMax,TimeAvg,TimeStdev,TimeTotal
1000.0,2280.0,1355.5555555555557,456.632872499247,24400.0
