TimeMin,TimeMax,TimeAvg,TimeStdev,TimeTotal
1000.0,2600.0,1651.4285714285713,535.2550412501254,11560.0
