SentiMin,SentiMax,SentiAvg,SentiStdev,Senti0-0.20,Senti0.21-0.40,Senti0.41-0.60,Senti0.61-0.80,Senti0.81-1.00,SentiTotal
0.06806001075660283,0.7379385888299407,0.38319649277440393,0.18939322565107336,3.0,5.0,4.0,1.0,0.0,4.4638341451797237E-4