TraitMin,TraitMax,TraitAvg,TraitStdev,TraitTotal
246.66666666666666,1000.0,471.15646258503403,274.13247528051926,350.3030303030303
