SentiMin,SentiMax,SentiAvg,SentiStdev,Senti0-0.20,Senti0.21-0.40,Senti0.41-0.60,Senti0.61-0.80,Senti0.81-1.00,SentiTotal
2.4062541746301595E-5,0.5628056929000496,0.21678005739134698,0.1957605163331967,7.0,1.0,4.0,0.0,0.0,1.3107157691735326E-14