TraitMin,TraitMax,TraitAvg,TraitStdev,TraitTotal
196.0,680.0,350.3174019607843,132.95410502724022,337.36842105263156
