TraitMin,TraitMax,TraitAvg,TraitStdev,TraitTotal
173.33333333333334,660.0,307.58664021164026,128.3814153945289,303.23353293413174
