SentiMin,SentiMax,SentiAvg,SentiStdev,Senti0-0.20,Senti0.21-0.40,Senti0.41-0.60,Senti0.61-0.80,Senti0.81-1.00,SentiTotal
2.786406379845733E-4,0.07152222736658569,0.03590043400228513,0.03562179336430056,2.0,0.0,0.0,0.0,0.0,2.1651457836332617E-5