TraitMin,TraitMax,TraitAvg,TraitStdev,TraitTotal
135.0,680.0,297.465367965368,144.2572596412479,240.6060606060606
