SentiMin,SentiMax,SentiAvg,SentiStdev,Senti0-0.20,Senti0.21-0.40,Senti0.41-0.60,Senti0.61-0.80,Senti0.81-1.00,SentiTotal
1.1934190120041388E-5,0.49789225920557484,0.16597347309512053,0.23470202446844926,2.0,0.0,1.0,0.0,0.0,1.9528785846292452E-10