TimeMin,TimeMax,TimeAvg,TimeStdev,TimeTotal
440.0,6200.0,2166.6666666666665,1781.9714425944717,26000.0
