TraitMin,TraitMax,TraitAvg,TraitStdev,TraitTotal
186.66666666666666,840.0,405.81837606837604,192.68627620153987,292.13483146067415
