TimeMin,TimeMax,TimeAvg,TimeStdev,TimeTotal
800.0,7840.0,2782.8571428571427,2431.023971708302,19480.0
