SentiMin,SentiMax,SentiAvg,SentiStdev,Senti0-0.20,Senti0.21-0.40,Senti0.41-0.60,Senti0.61-0.80,Senti0.81-1.00,SentiTotal
4.227330657059245E-6,0.49789225920557484,0.1712086083747634,0.16360201294814822,11.0,4.0,3.0,0.0,0.0,3.322218654270765E-26