TraitMin,TraitMax,TraitAvg,TraitStdev,TraitTotal
153.33333333333334,1000.0,588.3760683760685,344.8602186176026,295.0
