TimeMin,TimeMax,TimeAvg,TimeStdev,TimeTotal
1000.0,6760.0,4786.666666666667,2678.374299624473,14360.0
