SentiMin,SentiMax,SentiAvg,SentiStdev,Senti0-0.20,Senti0.21-0.40,Senti0.41-0.60,Senti0.61-0.80,Senti0.81-1.00,SentiTotal
6.9976304601473E-4,0.8613403682833138,0.27028079876190203,0.3372357144571096,10.0,0.0,2.0,2.0,2.0,3.339910510909602E-19