SentiMin,SentiMax,SentiAvg,SentiStdev,Senti0-0.20,Senti0.21-0.40,Senti0.41-0.60,Senti0.61-0.80,Senti0.81-1.00,SentiTotal
5.329348960552494E-6,0.9999686814485694,0.12649542202520522,0.2774734411746523,10.0,1.0,0.0,0.0,1.0,1.5485238525430516E-26