TraitMin,TraitMax,TraitAvg,TraitStdev,TraitTotal
422.5,1000.0,620.8333333333334,268.2064917600285,448.75
