TraitMin,TraitMax,TraitAvg,TraitStdev,TraitTotal
234.66666666666666,1240.0,411.08359133126936,254.80294147624832,399.11764705882354
