TraitMin,TraitMax,TraitAvg,TraitStdev,TraitTotal
211.42857142857142,920.0,499.6190476190477,327.3684534410578,288.0
