TraitMin,TraitMax,TraitAvg,TraitStdev,TraitTotal
336.0,1000.0,598.0461760461761,177.84595959266665,587.4285714285714
