TimeMin,TimeMax,TimeAvg,TimeStdev,TimeTotal
1000.0,10920.0,3738.181818181818,3192.325507958161,41120.0
