SentiMin,SentiMax,SentiAvg,SentiStdev,Senti0-0.20,Senti0.21-0.40,Senti0.41-0.60,Senti0.61-0.80,Senti0.81-1.00,SentiTotal
0.2479179125981681,0.5318834537628724,0.38990068318052024,0.14198277058235215,0.0,1.0,1.0,0.0,0.0,0.6537619826265468