SentiMin,SentiMax,SentiAvg,SentiStdev,Senti0-0.20,Senti0.21-0.40,Senti0.41-0.60,Senti0.61-0.80,Senti0.81-1.00,SentiTotal
0.003097494131884483,0.5628056929000496,0.28043256328736843,0.2173446717270294,4.0,2.0,4.0,0.0,0.0,2.1989334645100726E-8