SentiMin,SentiMax,SentiAvg,SentiStdev,Senti0-0.20,Senti0.21-0.40,Senti0.41-0.60,Senti0.61-0.80,Senti0.81-1.00,SentiTotal
0.011955370067975517,0.49789225920557484,0.30094292197418065,0.15109144986620493,3.0,4.0,4.0,0.0,0.0,4.614190015785108E-6