TraitMin,TraitMax,TraitAvg,TraitStdev,TraitTotal
320.0,946.6666666666666,577.5222222222222,189.34497910193213,571.2280701754386
