TraitMin,TraitMax,TraitAvg,TraitStdev,TraitTotal
373.3333333333333,733.3333333333334,523.4666666666667,116.44390161026995,490.81081081081084
