SentiMin,SentiMax,SentiAvg,SentiStdev,Senti0-0.20,Senti0.21-0.40,Senti0.41-0.60,Senti0.61-0.80,Senti0.81-1.00,SentiTotal
0.005359677207739979,0.49789225920557484,0.29529873352366837,0.2190771456284995,5.0,0.0,6.0,0.0,0.0,6.59851168441186E-8