SentiMin,SentiMax,SentiAvg,SentiStdev,Senti0-0.20,Senti0.21-0.40,Senti0.41-0.60,Senti0.61-0.80,Senti0.81-1.00,SentiTotal
0.024175688604196218,0.5628056929000496,0.2615311013434494,0.19731283984905798,4.0,2.0,3.0,0.0,0.0,7.383251406891774E-5