TraitMin,TraitMax,TraitAvg,TraitStdev,TraitTotal
404.44444444444446,840.0,563.1555555555556,150.38363451806916,503.0769230769231
