SentiMin,SentiMax,SentiAvg,SentiStdev,Senti0-0.20,Senti0.21-0.40,Senti0.41-0.60,Senti0.61-0.80,Senti0.81-1.00,SentiTotal
0.14902308746955298,0.6959033095314103,0.36605844552588473,0.20547708762356123,3.0,1.0,2.0,1.0,0.0,0.00921319947301965