TraitMin,TraitMax,TraitAvg,TraitStdev,TraitTotal
453.3333333333333,1400.0,822.6666666666669,326.3762881728412,646.6666666666666
