SentiMin,SentiMax,SentiAvg,SentiStdev,Senti0-0.20,Senti0.21-0.40,Senti0.41-0.60,Senti0.61-0.80,Senti0.81-1.00,SentiTotal
0.01914569924034344,0.49789225920557484,0.36184012271895555,0.1572820017346644,1.0,3.0,6.0,0.0,0.0,4.0642519152121444E-4