TimeMin,TimeMax,TimeAvg,TimeStdev,TimeTotal
458.0,12800.0,3601.3846153846152,2884.933529122572,46818.0
