TimeMin,TimeMax,TimeAvg,TimeStdev,TimeTotal
1160.0,4720.0,2386.6666666666665,1144.9599701881866,21480.0
