SentiMin,SentiMax,SentiAvg,SentiStdev,Senti0-0.20,Senti0.21-0.40,Senti0.41-0.60,Senti0.61-0.80,Senti0.81-1.00,SentiTotal
0.04907617784927778,0.49789225920557484,0.36424855566690945,0.14577911952260314,2.0,3.0,4.0,0.0,0.0,0.0019730348783324725