SentiMin,SentiMax,SentiAvg,SentiStdev,Senti0-0.20,Senti0.21-0.40,Senti0.41-0.60,Senti0.61-0.80,Senti0.81-1.00,SentiTotal
0.06257336084375094,0.49789225920557484,0.3955455517505046,0.1587222658372249,1.0,1.0,4.0,0.0,0.0,0.030954399913850544