SentiMin,SentiMax,SentiAvg,SentiStdev,Senti0-0.20,Senti0.21-0.40,Senti0.41-0.60,Senti0.61-0.80,Senti0.81-1.00,SentiTotal
0.0988544465863521,0.5136446707795853,0.39875187055653205,0.15068500851120448,2.0,1.0,7.0,0.0,0.0,0.007270634343098796