SentiMin,SentiMax,SentiAvg,SentiStdev,Senti0-0.20,Senti0.21-0.40,Senti0.41-0.60,Senti0.61-0.80,Senti0.81-1.00,SentiTotal
0.03470586291055429,0.48728019602140255,0.2991060944920586,0.15517615676150967,1.0,3.0,1.0,0.0,0.0,0.0037017855046048366