TraitMin,TraitMax,TraitAvg,TraitStdev,TraitTotal
260.0,1760.0,785.0617283950618,426.1890044571717,565.2631578947369
