SentiMin,SentiMax,SentiAvg,SentiStdev,Senti0-0.20,Senti0.21-0.40,Senti0.41-0.60,Senti0.61-0.80,Senti0.81-1.00,SentiTotal
0.09326077085799575,0.5475385610968239,0.4320876407022133,0.1707395826023665,1.0,0.0,4.0,0.0,0.0,0.1222517070350384