TraitMin,TraitMax,TraitAvg,TraitStdev,TraitTotal
400.0,1400.0,730.3703703703704,350.5496370144661,588.1481481481482
