SentiMin,SentiMax,SentiAvg,SentiStdev,Senti0-0.20,Senti0.21-0.40,Senti0.41-0.60,Senti0.61-0.80,Senti0.81-1.00,SentiTotal
0.054734102559530824,0.5318834537628724,0.24318211588518412,0.15069610618374424,5.0,2.0,2.0,0.0,0.0,6.687813433952799E-6