TraitMin,TraitMax,TraitAvg,TraitStdev,TraitTotal
320.0,1240.0,572.3809523809524,297.93849522808483,460.0
