TraitMin,TraitMax,TraitAvg,TraitStdev,TraitTotal
100.0,3200.0,852.452380952381,870.0748854124687,550.7631578947369
