TraitMin,TraitMax,TraitAvg,TraitStdev,TraitTotal
159.4,47836.333333333336,5071.963928571428,14255.363031065475,2178.5131578947367
