TraitMin,TraitMax,TraitAvg,TraitStdev,TraitTotal
134.11111111111111,615.0,269.61161616161615,157.83969520961412,225.135593220339
