TraitMin,TraitMax,TraitAvg,TraitStdev,TraitTotal
229.65217391304347,1025.0,399.7981227883336,213.13571123488632,301.8888888888889
