SentiMin,SentiMax,SentiAvg,SentiStdev,Senti0-0.20,Senti0.21-0.40,Senti0.41-0.60,Senti0.61-0.80,Senti0.81-1.00,SentiTotal
9.117599313814462E-4,0.4801180056153849,0.18270387606299687,0.19776049383096606,6.0,2.0,3.0,0.0,0.0,8.307807003878515E-16