SentiMin,SentiMax,SentiAvg,SentiStdev,Senti0-0.20,Senti0.21-0.40,Senti0.41-0.60,Senti0.61-0.80,Senti0.81-1.00,SentiTotal
0.0061366868187633875,0.4329944827076466,0.1523717870046217,0.17285228447267825,3.0,0.0,1.0,0.0,0.0,1.2101846840697345E-5