SentiMin,SentiMax,SentiAvg,SentiStdev,Senti0-0.20,Senti0.21-0.40,Senti0.41-0.60,Senti0.61-0.80,Senti0.81-1.00,SentiTotal
0.06740517743914978,0.5136446707795853,0.26875900950271314,0.16019797015316814,3.0,2.0,2.0,0.0,0.0,2.602332240875586E-4