SentiMin,SentiMax,SentiAvg,SentiStdev,Senti0-0.20,Senti0.21-0.40,Senti0.41-0.60,Senti0.61-0.80,Senti0.81-1.00,SentiTotal
1.8298128740998325E-6,0.43796879524747484,0.08585133364546374,0.13053764919260727,9.0,0.0,1.0,0.0,0.0,5.849482191354036E-24