TimeMin,TimeMax,TimeAvg,TimeStdev,TimeTotal
237.0,2136.0,1107.142857142857,670.5523157541589,7750.0
