TimeMin,TimeMax,TimeAvg,TimeStdev,TimeTotal
432.0,2352.0,1207.5454545454545,640.3723864974424,13283.0
