SentiMin,SentiMax,SentiAvg,SentiStdev,Senti0-0.20,Senti0.21-0.40,Senti0.41-0.60,Senti0.61-0.80,Senti0.81-1.00,SentiTotal
0.06893506274797105,0.838089618084458,0.31714809743449685,0.24223819391229862,3.0,3.0,0.0,0.0,1.0,0.001530889248192992