TraitMin,TraitMax,TraitAvg,TraitStdev,TraitTotal
268.6,630.6666666666666,394.09761904761905,125.77675499672293,385.02702702702703
