TraitMin,TraitMax,TraitAvg,TraitStdev,TraitTotal
240.0,382.22222222222223,320.25644841269843,51.13795704307839,337.93939393939394
