TraitMin,TraitMax,TraitAvg,TraitStdev,TraitTotal
180.08333333333334,665.0,413.0541666666667,169.43962179498564,318.7837837837838
