TraitMin,TraitMax,TraitAvg,TraitStdev,TraitTotal
188.57142857142858,249.0,216.4908685064935,21.52287665040073,215.97560975609755
