SentiMin,SentiMax,SentiAvg,SentiStdev,Senti0-0.20,Senti0.21-0.40,Senti0.41-0.60,Senti0.61-0.80,Senti0.81-1.00,SentiTotal
7.572101313609419E-6,0.1550824834636149,0.05961593442318191,0.0643606594909286,4.0,0.0,0.0,0.0,0.0,1.6818921923967764E-10