TimeMin,TimeMax,TimeAvg,TimeStdev,TimeTotal
921.0,3784.0,2035.142857142857,1093.545142914474,14246.0
