TimeMin,TimeMax,TimeAvg,TimeStdev,TimeTotal
496.0,3360.0,1470.5454545454545,814.4642816696768,16176.0
