SentiMin,SentiMax,SentiAvg,SentiStdev,Senti0-0.20,Senti0.21-0.40,Senti0.41-0.60,Senti0.61-0.80,Senti0.81-1.00,SentiTotal
1.3949995783603991E-5,0.49789225920557484,0.2653424274380743,0.17598234580429709,4.0,3.0,2.0,0.0,0.0,3.935012879330476E-9