TraitMin,TraitMax,TraitAvg,TraitStdev,TraitTotal
200.0,766.6666666666666,414.7724867724868,162.89782247867268,408.8
