SentiMin,SentiMax,SentiAvg,SentiStdev,Senti0-0.20,Senti0.21-0.40,Senti0.41-0.60,Senti0.61-0.80,Senti0.81-1.00,SentiTotal
0.008926445396661063,0.5628056929000496,0.2640164814040882,0.20001808532906884,4.0,3.0,2.0,0.0,0.0,2.2055564927532E-7