TimeMin,TimeMax,TimeAvg,TimeStdev,TimeTotal
760.0,4960.0,1726.6666666666667,1494.776088769002,10360.0
