TraitMin,TraitMax,TraitAvg,TraitStdev,TraitTotal
313.3333333333333,880.0,577.936507936508,238.4786859412684,398.46153846153845
