TraitMin,TraitMax,TraitAvg,TraitStdev,TraitTotal
352.0,386.6666666666667,369.33333333333337,17.333333333333343,365.0
