TimeMin,TimeMax,TimeAvg,TimeStdev,TimeTotal
880.0,6480.0,2377.777777777778,1578.9854532985398,21400.0
