SentiMin,SentiMax,SentiAvg,SentiStdev,Senti0-0.20,Senti0.21-0.40,Senti0.41-0.60,Senti0.61-0.80,Senti0.81-1.00,SentiTotal
2.5506978606171192E-5,0.5540732120884234,0.17966432802631788,0.21207515659617227,6.0,1.0,2.0,0.0,0.0,1.310742058927486E-13