SentiMin,SentiMax,SentiAvg,SentiStdev,Senti0-0.20,Senti0.21-0.40,Senti0.41-0.60,Senti0.61-0.80,Senti0.81-1.00,SentiTotal
2.0718324497249955E-8,0.48357347728475064,0.12286650071245513,0.16449156561537154,6.0,2.0,1.0,0.0,0.0,8.614842060168561E-21