TraitMin,TraitMax,TraitAvg,TraitStdev,TraitTotal
310.0,580.0,407.18518518518516,86.00073371939537,375.43859649122805
