TraitMin,TraitMax,TraitAvg,TraitStdev,TraitTotal
55.111111111111114,1680.0,724.4567901234568,548.2419850722915,402.90909090909093
