TraitMin,TraitMax,TraitAvg,TraitStdev,TraitTotal
285.0,720.0,430.4199134199134,124.27638720070429,383.82978723404256
