TimeMin,TimeMax,TimeAvg,TimeStdev,TimeTotal
960.0,4600.0,2271.1111111111113,1047.4566492694414,20440.0
