SentiMin,SentiMax,SentiAvg,SentiStdev,Senti0-0.20,Senti0.21-0.40,Senti0.41-0.60,Senti0.61-0.80,Senti0.81-1.00,SentiTotal
0.1723490748620878,0.4801180056153849,0.2943602946511708,0.11472828358974645,1.0,2.0,1.0,0.0,0.0,0.024190238553995908