TraitMin,TraitMax,TraitAvg,TraitStdev,TraitTotal
180.0,920.0,543.7037037037038,233.19807955313493,405.7142857142857
