SentiMin,SentiMax,SentiAvg,SentiStdev,Senti0-0.20,Senti0.21-0.40,Senti0.41-0.60,Senti0.61-0.80,Senti0.81-1.00,SentiTotal
5.674138738717113E-4,0.938950266124926,0.30195597678583347,0.33411313998105596,6.0,2.0,1.0,0.0,2.0,4.491046508623503E-11