TimeMin,TimeMax,TimeAvg,TimeStdev,TimeTotal
560.0,2000.0,1262.2222222222222,423.3668694794616,11360.0
