TraitMin,TraitMax,TraitAvg,TraitStdev,TraitTotal
328.0,653.3333333333334,536.3333333333334,126.63990945458966,504.0
