SentiMin,SentiMax,SentiAvg,SentiStdev,Senti0-0.20,Senti0.21-0.40,Senti0.41-0.60,Senti0.61-0.80,Senti0.81-1.00,SentiTotal
0.0035821484356237257,0.46364466503952073,0.19596891369410976,0.16676277253143848,4.0,2.0,1.0,0.0,0.0,1.8124678726616555E-7