SentiMin,SentiMax,SentiAvg,SentiStdev,Senti0-0.20,Senti0.21-0.40,Senti0.41-0.60,Senti0.61-0.80,Senti0.81-1.00,SentiTotal
4.836411011005743E-7,0.49789225920557484,0.2317916275725044,0.18108812358032905,2.0,3.0,1.0,0.0,0.0,6.954493901017953E-10