TraitMin,TraitMax,TraitAvg,TraitStdev,TraitTotal
288.0,960.0,497.59307359307365,260.20941871222107,361.2903225806452
