SentiMin,SentiMax,SentiAvg,SentiStdev,Senti0-0.20,Senti0.21-0.40,Senti0.41-0.60,Senti0.61-0.80,Senti0.81-1.00,SentiTotal
0.20701091224528864,0.5939166172779966,0.40046376476164264,0.193452852516354,0.0,1.0,1.0,0.0,0.0,0.27799548499818527