TimeMin,TimeMax,TimeAvg,TimeStdev,TimeTotal
840.0,9920.0,3102.8571428571427,2912.2682092226632,21720.0
