SentiMin,SentiMax,SentiAvg,SentiStdev,Senti0-0.20,Senti0.21-0.40,Senti0.41-0.60,Senti0.61-0.80,Senti0.81-1.00,SentiTotal
0.08769112543360744,0.49789225920557484,0.307898171218725,0.14973767689029427,3.0,5.0,3.0,0.0,0.0,2.6959240412369954E-5