TraitMin,TraitMax,TraitAvg,TraitStdev,TraitTotal
248.88888888888889,850.0,581.1111111111111,222.7283126020756,573.8461538461538
