TraitMin,TraitMax,TraitAvg,TraitStdev,TraitTotal
280.0,817.1428571428571,447.07301587301583,197.4662362201801,464.44444444444446
