TraitMin,TraitMax,TraitAvg,TraitStdev,TraitTotal
307.6923076923077,880.0,606.4672364672365,198.9531228979207,441.37931034482756
