TimeMin,TimeMax,TimeAvg,TimeStdev,TimeTotal
240.0,2880.0,996.3636363636364,864.0630524896236,10960.0
