TraitMin,TraitMax,TraitAvg,TraitStdev,TraitTotal
228.57142857142858,1680.0,701.2294372294373,450.5473442694276,573.953488372093
