SentiMin,SentiMax,SentiAvg,SentiStdev,Senti0-0.20,Senti0.21-0.40,Senti0.41-0.60,Senti0.61-0.80,Senti0.81-1.00,SentiTotal
6.649642080172073E-5,0.6155765545157244,0.3680704935127626,0.21283578649242638,2.0,2.0,4.0,1.0,0.0,1.4497934068312242E-8