SentiMin,SentiMax,SentiAvg,SentiStdev,Senti0-0.20,Senti0.21-0.40,Senti0.41-0.60,Senti0.61-0.80,Senti0.81-1.00,SentiTotal
0.0015511598599004788,0.5666140499822833,0.37863444780311944,0.20624814544924924,3.0,1.0,7.0,0.0,0.0,2.1733044312190157E-6