TimeMin,TimeMax,TimeAvg,TimeStdev,TimeTotal
320.0,8720.0,2635.5555555555557,2701.07431758843,23720.0
