SentiMin,SentiMax,SentiAvg,SentiStdev,Senti0-0.20,Senti0.21-0.40,Senti0.41-0.60,Senti0.61-0.80,Senti0.81-1.00,SentiTotal
6.578671848689098E-6,0.588503035178782,0.21210437704177987,0.24757106931039913,4.0,1.0,2.0,0.0,0.0,3.911741845164836E-15