TraitMin,TraitMax,TraitAvg,TraitStdev,TraitTotal
240.0,1100.0,487.12121212121207,275.688386258331,456.6666666666667
