SentiMin,SentiMax,SentiAvg,SentiStdev,Senti0-0.20,Senti0.21-0.40,Senti0.41-0.60,Senti0.61-0.80,Senti0.81-1.00,SentiTotal
5.7785329006492415E-8,0.49789225920557484,0.19034092762289517,0.19125370538087103,5.0,2.0,1.0,0.0,0.0,8.226949986872518E-16