TimeMin,TimeMax,TimeAvg,TimeStdev,TimeTotal
600.0,7000.0,2058.181818181818,2310.4105033986657,22640.0
