SentiMin,SentiMax,SentiAvg,SentiStdev,Senti0-0.20,Senti0.21-0.40,Senti0.41-0.60,Senti0.61-0.80,Senti0.81-1.00,SentiTotal
0.008508270874654668,0.4876160188665008,0.1990637705668265,0.18298809615394654,2.0,1.0,1.0,0.0,0.0,2.06989844986451E-4