TraitMin,TraitMax,TraitAvg,TraitStdev,TraitTotal
250.0,2840.0,961.9523809523807,786.9721662652311,690.0
