SentiMin,SentiMax,SentiAvg,SentiStdev,Senti0-0.20,Senti0.21-0.40,Senti0.41-0.60,Senti0.61-0.80,Senti0.81-1.00,SentiTotal
0.03853639824607062,0.39697510199130176,0.1782971763417962,0.12614214532900148,3.0,2.0,0.0,0.0,0.0,1.2187485849334773E-4