TimeMin,TimeMax,TimeAvg,TimeStdev,TimeTotal
720.0,5880.0,2243.6363636363635,1693.3198845477953,24680.0
