SentiMin,SentiMax,SentiAvg,SentiStdev,Senti0-0.20,Senti0.21-0.40,Senti0.41-0.60,Senti0.61-0.80,Senti0.81-1.00,SentiTotal
0.0030001667111778365,0.5755436691302463,0.39742005010233383,0.17022784685347486,1.0,4.0,6.0,0.0,0.0,1.4577987211957354E-4