TraitMin,TraitMax,TraitAvg,TraitStdev,TraitTotal
193.33333333333334,1080.0,635.8383838383838,311.52482003625744,566.0
