TraitMin,TraitMax,TraitAvg,TraitStdev,TraitTotal
298.6666666666667,600.0,483.9384615384615,123.75753011045471,441.8181818181818
