SentiMin,SentiMax,SentiAvg,SentiStdev,Senti0-0.20,Senti0.21-0.40,Senti0.41-0.60,Senti0.61-0.80,Senti0.81-1.00,SentiTotal
0.1012309136482874,0.49789225920557484,0.39446307219635407,0.14695592329704396,1.0,1.0,4.0,0.0,0.0,0.04231780186581377