TimeMin,TimeMax,TimeAvg,TimeStdev,TimeTotal
480.0,11800.0,3405.714285714286,3611.3743214731862,23840.0
