SentiMin,SentiMax,SentiAvg,SentiStdev,Senti0-0.20,Senti0.21-0.40,Senti0.41-0.60,Senti0.61-0.80,Senti0.81-1.00,SentiTotal
2.2239107412564275E-4,0.5159436667231726,0.1329720919070306,0.20873875980259157,5.0,0.0,2.0,0.0,0.0,1.5125961966675312E-14