TraitMin,TraitMax,TraitAvg,TraitStdev,TraitTotal
251.42857142857142,1685.7142857142858,618.1632653061224,452.51964780932747,644.3243243243244
