TraitMin,TraitMax,TraitAvg,TraitStdev,TraitTotal
160.0,920.0,493.9393939393939,241.52728002700894,405.4054054054054
