TimeMin,TimeMax,TimeAvg,TimeStdev,TimeTotal
680.0,4600.0,2133.3333333333335,1587.2267918885723,12800.0
