SentiMin,SentiMax,SentiAvg,SentiStdev,Senti0-0.20,Senti0.21-0.40,Senti0.41-0.60,Senti0.61-0.80,Senti0.81-1.00,SentiTotal
0.021910833659493336,0.9882673961274195,0.32668327803268576,0.37439446078361605,3.0,0.0,1.0,0.0,1.0,0.006891400824379128