TimeMin,TimeMax,TimeAvg,TimeStdev,TimeTotal
360.0,4920.0,1218.1818181818182,1236.3422458042637,13400.0
