SentiMin,SentiMax,SentiAvg,SentiStdev,Senti0-0.20,Senti0.21-0.40,Senti0.41-0.60,Senti0.61-0.80,Senti0.81-1.00,SentiTotal
0.0010358479857389077,0.4217270523550445,0.28929806380113204,0.1492434833282148,1.0,3.0,1.0,0.0,0.0,1.0779544301617121E-4