SentiMin,SentiMax,SentiAvg,SentiStdev,Senti0-0.20,Senti0.21-0.40,Senti0.41-0.60,Senti0.61-0.80,Senti0.81-1.00,SentiTotal
0.0027916969148932525,0.939754670911283,0.37876912240544375,0.27092520327167285,3.0,2.0,4.0,0.0,1.0,1.2158105850484158E-4