TraitMin,TraitMax,TraitAvg,TraitStdev,TraitTotal
264.0,1146.6666666666667,487.42857142857144,297.1762191283474,472.17391304347825
