TraitMin,TraitMax,TraitAvg,TraitStdev,TraitTotal
260.0,1320.0,638.8571428571429,329.8142403028953,494.85714285714283
