TraitMin,TraitMax,TraitAvg,TraitStdev,TraitTotal
225.0,680.0,358.16402116402116,153.41664421651302,299.1304347826087
