SentiMin,SentiMax,SentiAvg,SentiStdev,Senti0-0.20,Senti0.21-0.40,Senti0.41-0.60,Senti0.61-0.80,Senti0.81-1.00,SentiTotal
4.5246307706843075E-4,0.7235616979083012,0.23313072954852,0.23067328152767907,9.0,3.0,2.0,2.0,0.0,6.194973483200203E-16