TraitMin,TraitMax,TraitAvg,TraitStdev,TraitTotal
170.0,520.0,304.531746031746,95.82214072468442,280.64516129032256
