TraitMin,TraitMax,TraitAvg,TraitStdev,TraitTotal
273.3333333333333,1480.0,609.4557823129252,379.7032606562548,460.8695652173913
