TimeMin,TimeMax,TimeAvg,TimeStdev,TimeTotal
880.0,4240.0,1684.4444444444443,1041.9544787573348,15160.0
