SentiMin,SentiMax,SentiAvg,SentiStdev,Senti0-0.20,Senti0.21-0.40,Senti0.41-0.60,Senti0.61-0.80,Senti0.81-1.00,SentiTotal
8.615298021753443E-4,0.41901263796461236,0.16040118388397118,0.16897412149073857,4.0,2.0,1.0,0.0,0.0,2.585152787498273E-9