SentiMin,SentiMax,SentiAvg,SentiStdev,Senti0-0.20,Senti0.21-0.40,Senti0.41-0.60,Senti0.61-0.80,Senti0.81-1.00,SentiTotal
0.003873243046277094,0.49789225920557484,0.2841551494284298,0.20003701939815216,3.0,2.0,4.0,0.0,0.0,1.2732686378635287E-6