TraitMin,TraitMax,TraitAvg,TraitStdev,TraitTotal
130.0,960.0,412.16450216450215,241.9804069426443,330.0
