TraitMin,TraitMax,TraitAvg,TraitStdev,TraitTotal
270.0,580.0,464.0,125.31560158256433,408.8888888888889
