SentiMin,SentiMax,SentiAvg,SentiStdev,Senti0-0.20,Senti0.21-0.40,Senti0.41-0.60,Senti0.61-0.80,Senti0.81-1.00,SentiTotal
0.05465023974264168,0.4628346527544077,0.24349289685259512,0.1593497023805402,5.0,2.0,2.0,0.0,0.0,4.097716835049317E-6