TimeMin,TimeMax,TimeAvg,TimeStdev,TimeTotal
480.0,3600.0,1765.7142857142858,954.8501324868757,12360.0
