SentiMin,SentiMax,SentiAvg,SentiStdev,Senti0-0.20,Senti0.21-0.40,Senti0.41-0.60,Senti0.61-0.80,Senti0.81-1.00,SentiTotal
0.002737880941273209,0.49789225920557484,0.17831226579314538,0.19180442175440093,6.0,2.0,2.0,0.0,0.0,3.715610554290801E-12