TraitMin,TraitMax,TraitAvg,TraitStdev,TraitTotal
230.0,600.0,417.55555555555554,123.7967270554017,371.16279069767444
