TraitMin,TraitMax,TraitAvg,TraitStdev,TraitTotal
240.0,480.0,360.57142857142856,76.673232490217,316.9230769230769
