SentiMin,SentiMax,SentiAvg,SentiStdev,Senti0-0.20,Senti0.21-0.40,Senti0.41-0.60,Senti0.61-0.80,Senti0.81-1.00,SentiTotal
6.336700959953931E-4,0.587735996639852,0.2660552360421793,0.23644225994566842,5.0,0.0,5.0,0.0,0.0,5.182442834612632E-10