SentiMin,SentiMax,SentiAvg,SentiStdev,Senti0-0.20,Senti0.21-0.40,Senti0.41-0.60,Senti0.61-0.80,Senti0.81-1.00,SentiTotal
0.004681101071809042,0.694565572402746,0.2104958611384281,0.1972028926972634,7.0,2.0,1.0,1.0,0.0,2.6202139596178285E-11