SentiMin,SentiMax,SentiAvg,SentiStdev,Senti0-0.20,Senti0.21-0.40,Senti0.41-0.60,Senti0.61-0.80,Senti0.81-1.00,SentiTotal
0.005566289747614247,0.9611958417475951,0.6111132085615203,0.358354090958804,1.0,0.0,1.0,1.0,2.0,0.48541011269921747