TraitMin,TraitMax,TraitAvg,TraitStdev,TraitTotal
275.0,800.0,405.1904761904762,173.40949399531087,326.8292682926829
