TraitMin,TraitMax,TraitAvg,TraitStdev,TraitTotal
206.66666666666666,920.0,425.3333333333333,208.11642041041463,358.97435897435895
