SentiMin,SentiMax,SentiAvg,SentiStdev,Senti0-0.20,Senti0.21-0.40,Senti0.41-0.60,Senti0.61-0.80,Senti0.81-1.00,SentiTotal
2.9743279488739747E-6,0.34992574308251967,0.060459329062472957,0.10192984237281404,9.0,1.0,0.0,0.0,0.0,2.9754133399314043E-20