TimeMin,TimeMax,TimeAvg,TimeStdev,TimeTotal
520.0,3880.0,1885.7142857142858,1205.0234987970407,13200.0
