SentiMin,SentiMax,SentiAvg,SentiStdev,Senti0-0.20,Senti0.21-0.40,Senti0.41-0.60,Senti0.61-0.80,Senti0.81-1.00,SentiTotal
5.593122718428975E-4,0.7121212627175821,0.18273999101251234,0.21391835145206087,6.0,2.0,0.0,1.0,0.0,4.370703363871752E-11