SentiMin,SentiMax,SentiAvg,SentiStdev,Senti0-0.20,Senti0.21-0.40,Senti0.41-0.60,Senti0.61-0.80,Senti0.81-1.00,SentiTotal
0.002587137298538813,0.4898631585877994,0.24324125256186535,0.18171454872857046,5.0,3.0,3.0,0.0,0.0,5.327888209870941E-9