SentiMin,SentiMax,SentiAvg,SentiStdev,Senti0-0.20,Senti0.21-0.40,Senti0.41-0.60,Senti0.61-0.80,Senti0.81-1.00,SentiTotal
0.021953378644505205,0.9611958417475951,0.3842546997696954,0.29055431158682704,2.0,2.0,2.0,0.0,1.0,0.014746248921012763