SentiMin,SentiMax,SentiAvg,SentiStdev,Senti0-0.20,Senti0.21-0.40,Senti0.41-0.60,Senti0.61-0.80,Senti0.81-1.00,SentiTotal
0.0010766329524783856,0.5159436667231726,0.262820740080388,0.20818804627490048,5.0,0.0,5.0,0.0,0.0,8.546887495149698E-10