TraitMin,TraitMax,TraitAvg,TraitStdev,TraitTotal
190.0,480.0,347.50216450216453,85.51864966654986,331.59420289855075
