TimeMin,TimeMax,TimeAvg,TimeStdev,TimeTotal
800.0,3480.0,1914.2857142857142,986.6372490558472,13400.0
