TimeMin,TimeMax,TimeAvg,TimeStdev,TimeTotal
960.0,3160.0,1476.3636363636363,606.7390142433225,16240.0
