TimeMin,TimeMax,TimeAvg,TimeStdev,TimeTotal
640.0,7080.0,1924.4444444444443,1882.262888187225,17320.0
