TimeMin,TimeMax,TimeAvg,TimeStdev,TimeTotal
720.0,3520.0,1514.2857142857142,873.0710516472814,10600.0
