TraitMin,TraitMax,TraitAvg,TraitStdev,TraitTotal
240.0,610.0,368.33333333333337,106.74476307737277,348.71794871794873
