SentiMin,SentiMax,SentiAvg,SentiStdev,Senti0-0.20,Senti0.21-0.40,Senti0.41-0.60,Senti0.61-0.80,Senti0.81-1.00,SentiTotal
0.01814594921179049,0.49789225920557484,0.26892225354061255,0.2011221272891432,3.0,1.0,2.0,0.0,0.0,1.404287770695841E-4