TimeMin,TimeMax,TimeAvg,TimeStdev,TimeTotal
1200.0,3600.0,2546.6666666666665,1001.5099711047426,7640.0
