TraitMin,TraitMax,TraitAvg,TraitStdev,TraitTotal
146.66666666666666,1640.0,667.7777777777777,509.23932620922426,401.48148148148147
