TraitMin,TraitMax,TraitAvg,TraitStdev,TraitTotal
320.0,1520.0,573.015873015873,394.65318165048166,533.3333333333334
