SentiMin,SentiMax,SentiAvg,SentiStdev,Senti0-0.20,Senti0.21-0.40,Senti0.41-0.60,Senti0.61-0.80,Senti0.81-1.00,SentiTotal
1.0152413911267639E-4,0.5121540415431393,0.20083497023581615,0.18341361926683894,2.0,2.0,1.0,0.0,0.0,3.6027483734525446E-8