TimeMin,TimeMax,TimeAvg,TimeStdev,TimeTotal
480.0,4600.0,1806.6666666666667,1371.6008489676904,10840.0
