TraitMin,TraitMax,TraitAvg,TraitStdev,TraitTotal
253.33333333333334,1240.0,647.8518518518517,283.486891334148,552.8205128205128
