SentiMin,SentiMax,SentiAvg,SentiStdev,Senti0-0.20,Senti0.21-0.40,Senti0.41-0.60,Senti0.61-0.80,Senti0.81-1.00,SentiTotal
0.05045675845485921,0.39697510199130176,0.22371593022308048,0.17325917176822125,1.0,1.0,0.0,0.0,0.0,0.03407512951195114