TraitMin,TraitMax,TraitAvg,TraitStdev,TraitTotal
568.0,600.0,589.3333333333334,15.084944665313014,587.6923076923077
