TraitMin,TraitMax,TraitAvg,TraitStdev,TraitTotal
593.3333333333334,1000.0,776.5090909090909,160.23498630333208,765.1612903225806
