TimeMin,TimeMax,TimeAvg,TimeStdev,TimeTotal
960.0,6440.0,2395.5555555555557,1985.1398557566617,21560.0
