SentiMin,SentiMax,SentiAvg,SentiStdev,Senti0-0.20,Senti0.21-0.40,Senti0.41-0.60,Senti0.61-0.80,Senti0.81-1.00,SentiTotal
9.473666599324831E-4,0.49789225920557484,0.15867695287784492,0.15765753577224068,5.0,3.0,1.0,0.0,0.0,4.098227007308369E-12