SentiMin,SentiMax,SentiAvg,SentiStdev,Senti0-0.20,Senti0.21-0.40,Senti0.41-0.60,Senti0.61-0.80,Senti0.81-1.00,SentiTotal
0.013199861544835498,0.505334075764389,0.32723645418831154,0.17952043118098393,3.0,3.0,5.0,0.0,0.0,1.5947456177209283E-5