SentiMin,SentiMax,SentiAvg,SentiStdev,Senti0-0.20,Senti0.21-0.40,Senti0.41-0.60,Senti0.61-0.80,Senti0.81-1.00,SentiTotal
0.028829078445375838,0.49789225920557484,0.32461761571540226,0.18001583150217185,2.0,3.0,5.0,0.0,0.0,3.0900332698789016E-5