TraitMin,TraitMax,TraitAvg,TraitStdev,TraitTotal
128.0,1000.0,430.71596921596915,266.44812983371776,342.0
