SentiMin,SentiMax,SentiAvg,SentiStdev,Senti0-0.20,Senti0.21-0.40,Senti0.41-0.60,Senti0.61-0.80,Senti0.81-1.00,SentiTotal
8.430899318057513E-5,0.5318834537628724,0.3152018673671483,0.1774489051706805,5.0,3.0,7.0,0.0,0.0,1.4858995327261596E-9