SentiMin,SentiMax,SentiAvg,SentiStdev,Senti0-0.20,Senti0.21-0.40,Senti0.41-0.60,Senti0.61-0.80,Senti0.81-1.00,SentiTotal
0.004921870072351323,0.49789225920557484,0.34242656412411104,0.17758897532913542,1.0,2.0,2.0,0.0,0.0,0.0015382984477761914