TraitMin,TraitMax,TraitAvg,TraitStdev,TraitTotal
215.0,1060.0,537.8080808080808,258.1540430635297,420.0
