TimeMin,TimeMax,TimeAvg,TimeStdev,TimeTotal
640.0,3920.0,1585.7142857142858,1021.4395603804486,22200.0
