TimeMin,TimeMax,TimeAvg,TimeStdev,TimeTotal
640.0,3920.0,1636.6666666666667,1001.9259231877152,19640.0
