TraitMin,TraitMax,TraitAvg,TraitStdev,TraitTotal
185.0,1160.0,713.4126984126984,349.32139158415674,390.90909090909093
