TimeMin,TimeMax,TimeAvg,TimeStdev,TimeTotal
960.0,1520.0,1173.3333333333333,189.97075798366674,7040.0
