TraitMin,TraitMax,TraitAvg,TraitStdev,TraitTotal
206.66666666666666,576.0,427.9583333333333,134.89053561025779,357.0
