TraitMin,TraitMax,TraitAvg,TraitStdev,TraitTotal
240.0,980.0,505.4142857142857,219.65482718705718,452.20338983050846
