TraitMin,TraitMax,TraitAvg,TraitStdev,TraitTotal
246.66666666666666,246.66666666666666,246.66666666666666,0.0,246.66666666666666
