TimeMin,TimeMax,TimeAvg,TimeStdev,TimeTotal
800.0,4280.0,1942.857142857143,1286.9200695094169,13600.0
