SentiMin,SentiMax,SentiAvg,SentiStdev,Senti0-0.20,Senti0.21-0.40,Senti0.41-0.60,Senti0.61-0.80,Senti0.81-1.00,SentiTotal
0.036260242147870686,0.5628056929000496,0.28313339740155496,0.1788061627743494,4.0,5.0,5.0,0.0,0.0,1.0858934986044916E-8