TraitMin,TraitMax,TraitAvg,TraitStdev,TraitTotal
229.0909090909091,800.0,436.68921078921085,159.06831132951618,376.61538461538464
