TimeMin,TimeMax,TimeAvg,TimeStdev,TimeTotal
640.0,2600.0,1228.5714285714287,619.2029109249723,8600.0
