TraitMin,TraitMax,TraitAvg,TraitStdev,TraitTotal
228.57142857142858,1000.0,557.3121693121692,268.98639478615075,408.0
