SentiMin,SentiMax,SentiAvg,SentiStdev,Senti0-0.20,Senti0.21-0.40,Senti0.41-0.60,Senti0.61-0.80,Senti0.81-1.00,SentiTotal
5.123327393162668E-4,0.5318834537628724,0.2980335371679904,0.21135870102124976,4.0,0.0,5.0,0.0,0.0,2.597280815266434E-7