TraitMin,TraitMax,TraitAvg,TraitStdev,TraitTotal
217.77777777777777,920.0,361.5608465608465,181.54439767383232,293.13432835820896
