TraitMin,TraitMax,TraitAvg,TraitStdev,TraitTotal
256.0,480.0,353.2222222222222,77.19184054622342,335.23809523809524
