TimeMin,TimeMax,TimeAvg,TimeStdev,TimeTotal
680.0,5160.0,1937.142857142857,1255.9084849020567,27120.0
