TimeMin,TimeMax,TimeAvg,TimeStdev,TimeTotal
560.0,4040.0,1832.7272727272727,1083.1359430257958,20160.0
