SentiMin,SentiMax,SentiAvg,SentiStdev,Senti0-0.20,Senti0.21-0.40,Senti0.41-0.60,Senti0.61-0.80,Senti0.81-1.00,SentiTotal
0.0464885908244912,0.49789225920557484,0.29826788782404534,0.16990664151528104,6.0,2.0,6.0,0.0,0.0,3.3229937341930225E-7