TraitMin,TraitMax,TraitAvg,TraitStdev,TraitTotal
182.85714285714286,3380.0,767.952380952381,928.8741887378513,555.6756756756756
