SentiMin,SentiMax,SentiAvg,SentiStdev,Senti0-0.20,Senti0.21-0.40,Senti0.41-0.60,Senti0.61-0.80,Senti0.81-1.00,SentiTotal
0.17761752261080538,0.5184174687386771,0.39248099978163764,0.1350664307850002,2.0,2.0,6.0,0.0,0.0,0.007766029434385433