TraitMin,TraitMax,TraitAvg,TraitStdev,TraitTotal
377.14285714285717,1400.0,707.1428571428571,307.2923224367499,687.2727272727273
