TimeMin,TimeMax,TimeAvg,TimeStdev,TimeTotal
520.0,3680.0,1596.3636363636363,1013.7174855431211,17560.0
