TraitMin,TraitMax,TraitAvg,TraitStdev,TraitTotal
123.63636363636364,800.0,355.68282828282827,159.2327797891235,309.42528735632186
