SentiMin,SentiMax,SentiAvg,SentiStdev,Senti0-0.20,Senti0.21-0.40,Senti0.41-0.60,Senti0.61-0.80,Senti0.81-1.00,SentiTotal
0.1552046773812248,0.5656724542279234,0.40405433236181065,0.13984332247153852,2.0,3.0,7.0,0.0,0.0,0.005334213291199768