TimeMin,TimeMax,TimeAvg,TimeStdev,TimeTotal
800.0,4920.0,1794.6666666666667,1043.2632564325374,26920.0
