TraitMin,TraitMax,TraitAvg,TraitStdev,TraitTotal
296.0,760.0,544.5333333333333,183.91418288611314,470.0
