TraitMin,TraitMax,TraitAvg,TraitStdev,TraitTotal
234.28571428571428,1000.0,443.7278911564626,211.9273728123007,356.8421052631579
