TraitMin,TraitMax,TraitAvg,TraitStdev,TraitTotal
273.3333333333333,1700.0,637.2738095238094,419.93553943978173,490.29411764705884
