TimeMin,TimeMax,TimeAvg,TimeStdev,TimeTotal
870.0,1800.0,1353.3333333333333,385.6019824753095,8120.0
