SentiMin,SentiMax,SentiAvg,SentiStdev,Senti0-0.20,Senti0.21-0.40,Senti0.41-0.60,Senti0.61-0.80,Senti0.81-1.00,SentiTotal
0.004530164700076867,0.39697510199130176,0.15072433272604674,0.1631981693072923,5.0,2.0,0.0,0.0,0.0,3.4322520717498343E-9