SentiMin,SentiMax,SentiAvg,SentiStdev,Senti0-0.20,Senti0.21-0.40,Senti0.41-0.60,Senti0.61-0.80,Senti0.81-1.00,SentiTotal
2.7653615677542227E-5,0.49789225920557484,0.18560455369586684,0.19906112069090878,5.0,3.0,2.0,0.0,0.0,8.050863115278475E-22