TimeMin,TimeMax,TimeAvg,TimeStdev,TimeTotal
31.0,3630.0,1755.7857142857142,1061.8007735225385,24581.0
