TraitMin,TraitMax,TraitAvg,TraitStdev,TraitTotal
200.0,770.0,374.8051948051948,182.90823518797163,291.83673469387753
