SentiMin,SentiMax,SentiAvg,SentiStdev,Senti0-0.20,Senti0.21-0.40,Senti0.41-0.60,Senti0.61-0.80,Senti0.81-1.00,SentiTotal
2.4425767097742965E-4,0.49789225920557484,0.12374291506456395,0.17977898502714598,5.0,1.0,1.0,0.0,0.0,4.507556798506041E-15