SentiMin,SentiMax,SentiAvg,SentiStdev,Senti0-0.20,Senti0.21-0.40,Senti0.41-0.60,Senti0.61-0.80,Senti0.81-1.00,SentiTotal
0.006105266666547399,0.5755436691302463,0.28422450555958473,0.18762871633538047,4.0,6.0,2.0,0.0,0.0,9.980500522151582E-8