TraitMin,TraitMax,TraitAvg,TraitStdev,TraitTotal
218.88888888888889,800.0,402.32426303854874,174.4692473081778,321.0
