TraitMin,TraitMax,TraitAvg,TraitStdev,TraitTotal
31.0,1600.0,532.4424603174604,375.34559919392507,409.68333333333334
