TraitMin,TraitMax,TraitAvg,TraitStdev,TraitTotal
196.42857142857142,870.0,428.020489314607,211.96870222977503,286.7032967032967
