SentiMin,SentiMax,SentiAvg,SentiStdev,Senti0-0.20,Senti0.21-0.40,Senti0.41-0.60,Senti0.61-0.80,Senti0.81-1.00,SentiTotal
0.03180562216876473,0.8252338053438915,0.34561055077934694,0.26959712154444077,2.0,2.0,2.0,0.0,1.0,1.7075668261088754E-4