TimeMin,TimeMax,TimeAvg,TimeStdev,TimeTotal
770.0,3080.0,2042.857142857143,642.9777664610692,14300.0
