SentiMin,SentiMax,SentiAvg,SentiStdev,Senti0-0.20,Senti0.21-0.40,Senti0.41-0.60,Senti0.61-0.80,Senti0.81-1.00,SentiTotal
9.5486431315105E-5,0.8824334308991802,0.2729457510491561,0.2922282401987227,5.0,2.0,1.0,0.0,1.0,1.1214021477723177E-10