TimeMin,TimeMax,TimeAvg,TimeStdev,TimeTotal
470.0,4280.0,2006.923076923077,1292.0787342965218,26090.0
