SentiMin,SentiMax,SentiAvg,SentiStdev,Senti0-0.20,Senti0.21-0.40,Senti0.41-0.60,Senti0.61-0.80,Senti0.81-1.00,SentiTotal
0.0015190317937918345,0.8541749375925942,0.3321912664303242,0.25896668707300197,4.0,2.0,3.0,0.0,1.0,1.039056171837171E-6