SentiMin,SentiMax,SentiAvg,SentiStdev,Senti0-0.20,Senti0.21-0.40,Senti0.41-0.60,Senti0.61-0.80,Senti0.81-1.00,SentiTotal
6.246396144825115E-6,0.5628056929000496,0.20529494348601374,0.2237494694074322,7.0,2.0,4.0,0.0,0.0,9.030096561808066E-22