SentiMin,SentiMax,SentiAvg,SentiStdev,Senti0-0.20,Senti0.21-0.40,Senti0.41-0.60,Senti0.61-0.80,Senti0.81-1.00,SentiTotal
1.5822243212737288E-14,0.5136446707795853,0.14763014572493174,0.21217851780713923,6.0,0.0,2.0,0.0,0.0,2.3761038561975557E-34