TimeMin,TimeMax,TimeAvg,TimeStdev,TimeTotal
970.0,4300.0,1923.3333333333333,1131.7783450049847,11540.0
