TimeMin,TimeMax,TimeAvg,TimeStdev,TimeTotal
600.0,4350.0,2016.6666666666667,1330.8643807691299,18150.0
