TraitMin,TraitMax,TraitAvg,TraitStdev,TraitTotal
288.57142857142856,800.0,515.5952380952381,194.53630922628764,412.22222222222223
