TimeMin,TimeMax,TimeAvg,TimeStdev,TimeTotal
700.0,2350.0,1375.7142857142858,606.6973155149619,9630.0
