SentiMin,SentiMax,SentiAvg,SentiStdev,Senti0-0.20,Senti0.21-0.40,Senti0.41-0.60,Senti0.61-0.80,Senti0.81-1.00,SentiTotal
1.3931014551952034E-4,0.5159436667231726,0.22722848890825445,0.20545060395591583,7.0,3.0,4.0,0.0,0.0,1.4189296485272418E-14