TimeMin,TimeMax,TimeAvg,TimeStdev,TimeTotal
600.0,1400.0,1111.6666666666667,259.3528270308401,13340.0
