TraitMin,TraitMax,TraitAvg,TraitStdev,TraitTotal
150.0,750.0,343.82102272727275,189.6748857867875,242.1951219512195
