TraitMin,TraitMax,TraitAvg,TraitStdev,TraitTotal
200.0,1050.0,581.25,284.4741127648232,430.3225806451613
