TimeMin,TimeMax,TimeAvg,TimeStdev,TimeTotal
400.0,3040.0,1404.7058823529412,838.4728249625578,23880.0
