TimeMin,TimeMax,TimeAvg,TimeStdev,TimeTotal
400.0,3880.0,1327.0588235294117,883.9734139326773,22560.0
