SentiMin,SentiMax,SentiAvg,SentiStdev,Senti0-0.20,Senti0.21-0.40,Senti0.41-0.60,Senti0.61-0.80,Senti0.81-1.00,SentiTotal
0.006592038372759264,0.7390932238109696,0.29538609852578795,0.22811557868535096,2.0,3.0,0.0,1.0,0.0,2.327205805520512E-4