TraitMin,TraitMax,TraitAvg,TraitStdev,TraitTotal
200.0,840.0,440.8680555555556,229.80760276412624,312.1212121212121
