SentiMin,SentiMax,SentiAvg,SentiStdev,Senti0-0.20,Senti0.21-0.40,Senti0.41-0.60,Senti0.61-0.80,Senti0.81-1.00,SentiTotal
0.002169348730965002,0.6524636231807621,0.27983380603078223,0.17597974992013368,3.0,5.0,1.0,1.0,0.0,2.5432645650764573E-7