SentiMin,SentiMax,SentiAvg,SentiStdev,Senti0-0.20,Senti0.21-0.40,Senti0.41-0.60,Senti0.61-0.80,Senti0.81-1.00,SentiTotal
0.14921002678623477,0.4737554465528978,0.3521313053590952,0.11238581273731707,2.0,4.0,3.0,0.0,0.0,0.002645940353959713