TimeMin,TimeMax,TimeAvg,TimeStdev,TimeTotal
440.0,3640.0,1150.4761904761904,723.6841996766809,24160.0
