TimeMin,TimeMax,TimeAvg,TimeStdev,TimeTotal
520.0,1600.0,875.5555555555555,350.97043595377124,7880.0
