SentiMin,SentiMax,SentiAvg,SentiStdev,Senti0-0.20,Senti0.21-0.40,Senti0.41-0.60,Senti0.61-0.80,Senti0.81-1.00,SentiTotal
6.619892569105178E-4,0.5628056929000496,0.19403605430977783,0.19584013337226958,10.0,2.0,4.0,0.0,0.0,8.645680103821972E-20