SentiMin,SentiMax,SentiAvg,SentiStdev,Senti0-0.20,Senti0.21-0.40,Senti0.41-0.60,Senti0.61-0.80,Senti0.81-1.00,SentiTotal
0.008195636647996964,0.9447428189219196,0.2765879273843437,0.2863936061143307,4.0,3.0,0.0,0.0,1.0,8.607062189664347E-6