SentiMin,SentiMax,SentiAvg,SentiStdev,Senti0-0.20,Senti0.21-0.40,Senti0.41-0.60,Senti0.61-0.80,Senti0.81-1.00,SentiTotal
1.4789493841498166E-4,0.49789225920557484,0.20116936953839146,0.1473865328255569,13.0,7.0,1.0,0.0,0.0,2.5599762378679312E-20