SentiMin,SentiMax,SentiAvg,SentiStdev,Senti0-0.20,Senti0.21-0.40,Senti0.41-0.60,Senti0.61-0.80,Senti0.81-1.00,SentiTotal
1.2745972257814246E-4,0.4792687081820201,0.16436149091426633,0.17032204483818167,11.0,4.0,2.0,0.0,0.0,3.2387030255818005E-23