TraitMin,TraitMax,TraitAvg,TraitStdev,TraitTotal
173.33333333333334,960.0,345.30254930254927,169.4227068169012,291.0843373493976
