TraitMin,TraitMax,TraitAvg,TraitStdev,TraitTotal
160.0,586.6666666666666,345.9019607843137,121.08592340081701,327.1232876712329
