SentiMin,SentiMax,SentiAvg,SentiStdev,Senti0-0.20,Senti0.21-0.40,Senti0.41-0.60,Senti0.61-0.80,Senti0.81-1.00,SentiTotal
8.497201792926605E-4,0.3951691123600869,0.19902159521209212,0.19119911689055544,2.0,2.0,0.0,0.0,0.0,5.431739288196989E-6