TraitMin,TraitMax,TraitAvg,TraitStdev,TraitTotal
186.66666666666666,800.0,396.00000000000006,188.69166173913604,342.60869565217394
