TraitMin,TraitMax,TraitAvg,TraitStdev,TraitTotal
186.66666666666666,480.0,361.66666666666663,118.35680518387329,265.7142857142857
