TraitMin,TraitMax,TraitAvg,TraitStdev,TraitTotal
180.0,380.0,306.44444444444446,67.74862761126514,297.6
