TraitMin,TraitMax,TraitAvg,TraitStdev,TraitTotal
160.0,480.0,301.9047619047619,93.92427113096483,256.0
