SentiMin,SentiMax,SentiAvg,SentiStdev,Senti0-0.20,Senti0.21-0.40,Senti0.41-0.60,Senti0.61-0.80,Senti0.81-1.00,SentiTotal
9.957479418010531E-4,0.621309760439661,0.21066875685054157,0.21839757867419193,10.0,5.0,3.0,1.0,0.0,9.33974739695964E-24