SentiMin,SentiMax,SentiAvg,SentiStdev,Senti0-0.20,Senti0.21-0.40,Senti0.41-0.60,Senti0.61-0.80,Senti0.81-1.00,SentiTotal
0.017927124653929538,0.49789225920557484,0.18782703276168167,0.17587891298600639,7.0,3.0,1.0,0.0,0.0,3.5668063254951235E-11