SentiMin,SentiMax,SentiAvg,SentiStdev,Senti0-0.20,Senti0.21-0.40,Senti0.41-0.60,Senti0.61-0.80,Senti0.81-1.00,SentiTotal
4.999560189786304E-4,0.43974454113232964,0.1610487887094511,0.13915009350622223,13.0,7.0,1.0,0.0,0.0,4.941727104827235E-26