TraitMin,TraitMax,TraitAvg,TraitStdev,TraitTotal
168.0,620.0,347.8459383753502,127.19529498007842,300.2985074626866
