SentiMin,SentiMax,SentiAvg,SentiStdev,Senti0-0.20,Senti0.21-0.40,Senti0.41-0.60,Senti0.61-0.80,Senti0.81-1.00,SentiTotal
0.019032234010808856,0.8945808700703616,0.2618184532190607,0.23318475919128726,9.0,3.0,3.0,0.0,1.0,2.183709602308778E-10