TimeMin,TimeMax,TimeAvg,TimeStdev,TimeTotal
400.0,2880.0,1435.7894736842106,633.5058325613086,27280.0
