SentiMin,SentiMax,SentiAvg,SentiStdev,Senti0-0.20,Senti0.21-0.40,Senti0.41-0.60,Senti0.61-0.80,Senti0.81-1.00,SentiTotal
3.801577377327913E-5,0.49789225920557484,0.2327875218916834,0.1575069367594667,8.0,6.0,3.0,0.0,0.0,1.4467623474433396E-14