TraitMin,TraitMax,TraitAvg,TraitStdev,TraitTotal
145.0,520.0,299.78684807256235,96.41218764994353,265.17241379310343
