TraitMin,TraitMax,TraitAvg,TraitStdev,TraitTotal
130.0,570.0,305.5563909774436,118.53007552286176,272.8
