TraitMin,TraitMax,TraitAvg,TraitStdev,TraitTotal
184.0,800.0,354.8532647907648,163.72238655943715,290.8695652173913
