TimeMin,TimeMax,TimeAvg,TimeStdev,TimeTotal
440.0,2400.0,1464.7619047619048,521.8978101726799,30760.0
