TimeMin,TimeMax,TimeAvg,TimeStdev,TimeTotal
320.0,4360.0,1909.090909090909,1409.7933732898239,21000.0
