TimeMin,TimeMax,TimeAvg,TimeStdev,TimeTotal
440.0,2920.0,1183.5294117647059,601.3410618478999,20120.0
