SentiMin,SentiMax,SentiAvg,SentiStdev,Senti0-0.20,Senti0.21-0.40,Senti0.41-0.60,Senti0.61-0.80,Senti0.81-1.00,SentiTotal
2.777506983453776E-4,0.4787952525732983,0.21063888417609178,0.19512545122941347,8.0,3.0,5.0,0.0,0.0,2.2000337396561743E-21