TimeMin,TimeMax,TimeAvg,TimeStdev,TimeTotal
520.0,2920.0,1227.8260869565217,582.4607209875905,28240.0
