TraitMin,TraitMax,TraitAvg,TraitStdev,TraitTotal
170.0,740.0,413.5297619047619,163.72232406631582,367.14285714285717
