SentiMin,SentiMax,SentiAvg,SentiStdev,Senti0-0.20,Senti0.21-0.40,Senti0.41-0.60,Senti0.61-0.80,Senti0.81-1.00,SentiTotal
1.5376922961120637E-5,0.49789225920557484,0.20122596609118618,0.18916155613281593,15.0,1.0,7.0,0.0,0.0,2.141352375879398E-29