SentiMin,SentiMax,SentiAvg,SentiStdev,Senti0-0.20,Senti0.21-0.40,Senti0.41-0.60,Senti0.61-0.80,Senti0.81-1.00,SentiTotal
3.5174932329738246E-4,0.6242094968955547,0.240499140076635,0.21316394224251392,8.0,5.0,2.0,1.0,0.0,4.623069196059049E-18