TraitMin,TraitMax,TraitAvg,TraitStdev,TraitTotal
130.0,1280.0,410.21466364323504,299.2383721941743,300.93457943925233
