TimeMin,TimeMax,TimeAvg,TimeStdev,TimeTotal
360.0,1520.0,731.4285714285714,349.17979697033576,5120.0
