TimeMin,TimeMax,TimeAvg,TimeStdev,TimeTotal
400.0,2920.0,1575.6521739130435,735.8392197198264,36240.0
