TraitMin,TraitMax,TraitAvg,TraitStdev,TraitTotal
140.0,760.0,375.52713470104777,169.64012559878256,279.6039603960396
