SentiMin,SentiMax,SentiAvg,SentiStdev,Senti0-0.20,Senti0.21-0.40,Senti0.41-0.60,Senti0.61-0.80,Senti0.81-1.00,SentiTotal
0.10112323270084957,0.49789225920557484,0.3852553649180385,0.13949298858468326,1.0,2.0,4.0,0.0,0.0,0.021289334340575575