TraitMin,TraitMax,TraitAvg,TraitStdev,TraitTotal
160.0,620.0,306.56304112554113,117.69104774286465,270.12345679012344
