SentiMin,SentiMax,SentiAvg,SentiStdev,Senti0-0.20,Senti0.21-0.40,Senti0.41-0.60,Senti0.61-0.80,Senti0.81-1.00,SentiTotal
0.0736401149528525,0.6824837810859113,0.43433170796711484,0.14626836136371305,1.0,4.0,10.0,1.0,0.0,0.00555074724688481