TimeMin,TimeMax,TimeAvg,TimeStdev,TimeTotal
1680.0,4316.0,2528.5555555555557,797.6727414605164,22757.0
