TraitMin,TraitMax,TraitAvg,TraitStdev,TraitTotal
310.5,2073.0,897.9803030303029,546.2951812819031,624.4358974358975
