TraitMin,TraitMax,TraitAvg,TraitStdev,TraitTotal
535.5,2300.0,1050.9933333333333,504.76337510208134,851.7407407407408
