TimeMin,TimeMax,TimeAvg,TimeStdev,TimeTotal
896.0,4179.0,2213.909090909091,844.7180761053794,24353.0
