SentiMin,SentiMax,SentiAvg,SentiStdev,Senti0-0.20,Senti0.21-0.40,Senti0.41-0.60,Senti0.61-0.80,Senti0.81-1.00,SentiTotal
0.49789225920557484,0.8232975942751998,0.6180347598797292,0.10391264429605501,0.0,0.0,6.0,8.0,1.0,0.9995598601235781