TraitMin,TraitMax,TraitAvg,TraitStdev,TraitTotal
332.1666666666667,2302.0,828.68,473.75420968324136,644.2363636363636
