TraitMin,TraitMax,TraitAvg,TraitStdev,TraitTotal
365.5,1582.5,841.0937499999999,411.8210899584292,748.2380952380952
