TimeMin,TimeMax,TimeAvg,TimeStdev,TimeTotal
1186.0,3891.0,2348.5454545454545,760.4408247417311,25834.0
