TraitMin,TraitMax,TraitAvg,TraitStdev,TraitTotal
292.90909090909093,1771.0,602.7263187429853,455.6796804033156,413.76363636363635
