TraitMin,TraitMax,TraitAvg,TraitStdev,TraitTotal
308.5,2301.0,877.3364448051948,521.4385864591532,614.0169491525423
