TimeMin,TimeMax,TimeAvg,TimeStdev,TimeTotal
1663.0,3143.0,2225.6666666666665,472.33450952570564,13354.0
