TraitMin,TraitMax,TraitAvg,TraitStdev,TraitTotal
415.75,1150.0,712.8361111111111,223.65651790534343,667.7
