TraitMin,TraitMax,TraitAvg,TraitStdev,TraitTotal
292.6,1817.5,758.3075757575757,453.76224303062463,600.7906976744187
