SentiMin,SentiMax,SentiAvg,SentiStdev,Senti0-0.20,Senti0.21-0.40,Senti0.41-0.60,Senti0.61-0.80,Senti0.81-1.00,SentiTotal
0.21921412548362115,0.8232975942751998,0.5165195713506102,0.1957190443613021,0.0,2.0,2.0,1.0,1.0,0.6370286247447018