SentiMin,SentiMax,SentiAvg,SentiStdev,Senti0-0.20,Senti0.21-0.40,Senti0.41-0.60,Senti0.61-0.80,Senti0.81-1.00,SentiTotal
0.34322267253793753,0.6824837810859113,0.5341745300213359,0.10075367620597522,0.0,1.0,7.0,3.0,0.0,0.8418365679177626