TraitMin,TraitMax,TraitAvg,TraitStdev,TraitTotal
144.0,1000.0,406.0609523809524,223.77517690652485,315.47169811320754
