TimeMin,TimeMax,TimeAvg,TimeStdev,TimeTotal
1000.0,3400.0,1733.3333333333333,761.0519036176179,31200.0
