SentiMin,SentiMax,SentiAvg,SentiStdev,Senti0-0.20,Senti0.21-0.40,Senti0.41-0.60,Senti0.61-0.80,Senti0.81-1.00,SentiTotal
4.7077380411433706E-6,0.5017543432377519,0.20882968770550842,0.19888243752761653,6.0,2.0,2.0,0.0,0.0,1.7507799531928126E-17