TimeMin,TimeMax,TimeAvg,TimeStdev,TimeTotal
840.0,3240.0,1770.909090909091,749.7084832902422,19480.0
