SentiMin,SentiMax,SentiAvg,SentiStdev,Senti0-0.20,Senti0.21-0.40,Senti0.41-0.60,Senti0.61-0.80,Senti0.81-1.00,SentiTotal
4.5039641571445305E-8,0.6242094968955547,0.13080493098712503,0.17349788587391693,12.0,4.0,1.0,1.0,0.0,2.1709146328455148E-30