TraitMin,TraitMax,TraitAvg,TraitStdev,TraitTotal
260.0,466.6666666666667,340.33333333333337,79.36063955835483,320.0
