TimeMin,TimeMax,TimeAvg,TimeStdev,TimeTotal
840.0,2840.0,1385.7142857142858,590.5168956783816,19400.0
