TraitMin,TraitMax,TraitAvg,TraitStdev,TraitTotal
208.0,1000.0,492.3277310924369,296.7741040749691,354.75409836065575
