SentiMin,SentiMax,SentiAvg,SentiStdev,Senti0-0.20,Senti0.21-0.40,Senti0.41-0.60,Senti0.61-0.80,Senti0.81-1.00,SentiTotal
3.4456282061613974E-4,0.4375601414796781,0.12404643030671214,0.1430823239207268,16.0,3.0,1.0,0.0,0.0,2.30227321754957E-25