TraitMin,TraitMax,TraitAvg,TraitStdev,TraitTotal
226.66666666666666,1000.0,424.9047619047619,250.7846236068745,328.8135593220339
