TraitMin,TraitMax,TraitAvg,TraitStdev,TraitTotal
200.0,1000.0,389.1349206349206,231.24592960129712,300.0
