TraitMin,TraitMax,TraitAvg,TraitStdev,TraitTotal
191.11111111111111,1000.0,400.00634920634917,215.983931263115,325.1063829787234
