SentiMin,SentiMax,SentiAvg,SentiStdev,Senti0-0.20,Senti0.21-0.40,Senti0.41-0.60,Senti0.61-0.80,Senti0.81-1.00,SentiTotal
1.6242099582449655E-4,0.7489921641627953,0.28810522747170586,0.24819240007737528,4.0,3.0,3.0,1.0,0.0,5.257686555009498E-11