TraitMin,TraitMax,TraitAvg,TraitStdev,TraitTotal
190.0,1000.0,381.9320987654321,188.75048356623307,305.88235294117646
