TimeMin,TimeMax,TimeAvg,TimeStdev,TimeTotal
880.0,2600.0,1272.9411764705883,462.87801348014125,21640.0
