SentiMin,SentiMax,SentiAvg,SentiStdev,Senti0-0.20,Senti0.21-0.40,Senti0.41-0.60,Senti0.61-0.80,Senti0.81-1.00,SentiTotal
0.0019157282467467053,0.608634278418159,0.2806152884480853,0.21051895946512514,7.0,4.0,5.0,1.0,0.0,9.606264159326112E-13