SentiMin,SentiMax,SentiAvg,SentiStdev,Senti0-0.20,Senti0.21-0.40,Senti0.41-0.60,Senti0.61-0.80,Senti0.81-1.00,SentiTotal
0.00788700987358805,0.9329758448477142,0.2630647168846163,0.21399185320611544,12.0,6.0,6.0,0.0,1.0,3.7791286412868956E-16