SentiMin,SentiMax,SentiAvg,SentiStdev,Senti0-0.20,Senti0.21-0.40,Senti0.41-0.60,Senti0.61-0.80,Senti0.81-1.00,SentiTotal
6.5208642253281175E-6,0.34322267253793753,0.15301494631863433,0.12926989738480785,8.0,6.0,0.0,0.0,0.0,1.128146534816608E-18