SentiMin,SentiMax,SentiAvg,SentiStdev,Senti0-0.20,Senti0.21-0.40,Senti0.41-0.60,Senti0.61-0.80,Senti0.81-1.00,SentiTotal
1.579734125577009E-5,0.5159436667231726,0.3377774176854466,0.21149367805189714,3.0,1.0,7.0,0.0,0.0,9.747662405396126E-12