SentiMin,SentiMax,SentiAvg,SentiStdev,Senti0-0.20,Senti0.21-0.40,Senti0.41-0.60,Senti0.61-0.80,Senti0.81-1.00,SentiTotal
9.157437097860742E-7,0.671856593746431,0.2525329026584854,0.21624531520023613,6.0,4.0,3.0,1.0,0.0,3.9694343976845524E-16