SentiMin,SentiMax,SentiAvg,SentiStdev,Senti0-0.20,Senti0.21-0.40,Senti0.41-0.60,Senti0.61-0.80,Senti0.81-1.00,SentiTotal
1.651949133932466E-7,0.5181966048090039,0.29071077908172,0.22516815463045287,3.0,2.0,3.0,0.0,0.0,2.5778956816821763E-12