TraitMin,TraitMax,TraitAvg,TraitStdev,TraitTotal
180.0,960.0,336.73333333333335,213.73845907765147,268.6666666666667
