SentiMin,SentiMax,SentiAvg,SentiStdev,Senti0-0.20,Senti0.21-0.40,Senti0.41-0.60,Senti0.61-0.80,Senti0.81-1.00,SentiTotal
0.007051846193795019,0.4630408745453183,0.25419712171300013,0.16693813844480157,3.0,5.0,3.0,0.0,0.0,3.04035458986305E-9