SentiMin,SentiMax,SentiAvg,SentiStdev,Senti0-0.20,Senti0.21-0.40,Senti0.41-0.60,Senti0.61-0.80,Senti0.81-1.00,SentiTotal
8.108419868901878E-6,0.5755436691302463,0.2659943058554451,0.201369628119959,5.0,4.0,4.0,0.0,0.0,8.959538593161167E-16