TimeMin,TimeMax,TimeAvg,TimeStdev,TimeTotal
400.0,9680.0,1996.3636363636363,2547.1526803196357,21960.0
