SentiMin,SentiMax,SentiAvg,SentiStdev,Senti0-0.20,Senti0.21-0.40,Senti0.41-0.60,Senti0.61-0.80,Senti0.81-1.00,SentiTotal
5.3653959062317656E-11,0.37679209754895876,0.1732432892013741,0.1340830498110147,3.0,1.0,0.0,0.0,0.0,1.172910793521482E-12