SentiMin,SentiMax,SentiAvg,SentiStdev,Senti0-0.20,Senti0.21-0.40,Senti0.41-0.60,Senti0.61-0.80,Senti0.81-1.00,SentiTotal
1.4744727364323112E-6,0.43796879524747484,0.1029643403351897,0.13667173242488415,8.0,0.0,1.0,0.0,0.0,1.4169463417613832E-18