TraitMin,TraitMax,TraitAvg,TraitStdev,TraitTotal
36.285714285714285,3600.0,707.1872294372293,1143.2607662853954,227.2923076923077
