SentiMin,SentiMax,SentiAvg,SentiStdev,Senti0-0.20,Senti0.21-0.40,Senti0.41-0.60,Senti0.61-0.80,Senti0.81-1.00,SentiTotal
1.1671259057185667E-6,0.5755436691302463,0.28052689851647783,0.22929254055716683,4.0,1.0,5.0,0.0,0.0,1.9656609751540585E-15