TimeMin,TimeMax,TimeAvg,TimeStdev,TimeTotal
254.0,8000.0,2530.4444444444443,2265.9453318457577,22774.0
