TraitMin,TraitMax,TraitAvg,TraitStdev,TraitTotal
222.85714285714286,1320.0,562.3075630252101,354.4216742015727,310.0
