TimeMin,TimeMax,TimeAvg,TimeStdev,TimeTotal
880.0,6840.0,2653.3333333333335,1823.4034112066367,23880.0
