TraitMin,TraitMax,TraitAvg,TraitStdev,TraitTotal
246.66666666666666,1200.0,516.7985739750446,282.5543583794635,380.8695652173913
