SentiMin,SentiMax,SentiAvg,SentiStdev,Senti0-0.20,Senti0.21-0.40,Senti0.41-0.60,Senti0.61-0.80,Senti0.81-1.00,SentiTotal
0.0016136680901591728,0.5159436667231726,0.15432772832565228,0.19210145800692915,7.0,1.0,2.0,0.0,0.0,5.882247357608758E-13