TraitMin,TraitMax,TraitAvg,TraitStdev,TraitTotal
188.0,800.0,400.39699982557124,220.89405055285016,289.14285714285717
