SentiMin,SentiMax,SentiAvg,SentiStdev,Senti0-0.20,Senti0.21-0.40,Senti0.41-0.60,Senti0.61-0.80,Senti0.81-1.00,SentiTotal
6.271648238308135E-4,0.7185526185045515,0.21885627860620457,0.2471300389376809,5.0,2.0,1.0,1.0,0.0,5.074189736196415E-13