TraitMin,TraitMax,TraitAvg,TraitStdev,TraitTotal
208.0,680.0,420.36111111111114,195.8502455266255,301.8181818181818
