TraitMin,TraitMax,TraitAvg,TraitStdev,TraitTotal
221.8181818181818,800.0,485.5499046408138,198.98615674318827,336.8
