TraitMin,TraitMax,TraitAvg,TraitStdev,TraitTotal
125.71428571428571,1040.0,520.7073112073111,268.7633221495688,426.42857142857144
