TimeMin,TimeMax,TimeAvg,TimeStdev,TimeTotal
680.0,6960.0,1585.4545454545455,1757.1276335716643,17440.0
