TimeMin,TimeMax,TimeAvg,TimeStdev,TimeTotal
560.0,4280.0,1530.909090909091,1104.7126697221445,16840.0
