SentiMin,SentiMax,SentiAvg,SentiStdev,Senti0-0.20,Senti0.21-0.40,Senti0.41-0.60,Senti0.61-0.80,Senti0.81-1.00,SentiTotal
7.842764984749309E-7,0.49789225920557484,0.20712298997856352,0.18542935129008173,6.0,4.0,1.0,0.0,0.0,6.324659368748034E-16