TraitMin,TraitMax,TraitAvg,TraitStdev,TraitTotal
254.54545454545453,900.0,577.979797979798,239.4695358626326,407.6923076923077
