TimeMin,TimeMax,TimeAvg,TimeStdev,TimeTotal
720.0,3720.0,1766.6666666666667,1149.4733093416694,10600.0
