TraitMin,TraitMax,TraitAvg,TraitStdev,TraitTotal
200.0,680.0,324.6926406926407,134.36314792363652,343.125
