SentiMin,SentiMax,SentiAvg,SentiStdev,Senti0-0.20,Senti0.21-0.40,Senti0.41-0.60,Senti0.61-0.80,Senti0.81-1.00,SentiTotal
2.7789352817392395E-5,0.5525571418995822,0.23314192299389563,0.2180304800223673,2.0,2.0,1.0,0.0,0.0,8.161471218255466E-10