SentiMin,SentiMax,SentiAvg,SentiStdev,Senti0-0.20,Senti0.21-0.40,Senti0.41-0.60,Senti0.61-0.80,Senti0.81-1.00,SentiTotal
4.288212424740736E-5,0.39697510199130176,0.11523212976947846,0.146250081997826,4.0,2.0,0.0,0.0,0.0,9.868876965105649E-11