SentiMin,SentiMax,SentiAvg,SentiStdev,Senti0-0.20,Senti0.21-0.40,Senti0.41-0.60,Senti0.61-0.80,Senti0.81-1.00,SentiTotal
6.975905129786373E-7,0.5755436691302463,0.356167371676322,0.18912243116804636,2.0,3.0,7.0,0.0,0.0,2.9053634483545085E-13