TraitMin,TraitMax,TraitAvg,TraitStdev,TraitTotal
213.33333333333334,760.0,382.46320346320346,184.60042628703857,295.55555555555554
