TimeMin,TimeMax,TimeAvg,TimeStdev,TimeTotal
600.0,8640.0,2883.076923076923,2400.7415028098317,37480.0
