TimeMin,TimeMax,TimeAvg,TimeStdev,TimeTotal
520.0,3880.0,1336.6666666666667,1023.7784048426798,16040.0
