TimeMin,TimeMax,TimeAvg,TimeStdev,TimeTotal
680.0,5200.0,2168.5714285714284,1474.1334362109496,30360.0
