SentiMin,SentiMax,SentiAvg,SentiStdev,Senti0-0.20,Senti0.21-0.40,Senti0.41-0.60,Senti0.61-0.80,Senti0.81-1.00,SentiTotal
1.3367894255666168E-9,0.4980970995304631,0.2348165020600184,0.2038116174744822,7.0,2.0,5.0,0.0,0.0,1.571584712064022E-27