TraitMin,TraitMax,TraitAvg,TraitStdev,TraitTotal
165.71428571428572,580.0,350.59523809523813,153.7890208212864,248.69565217391303
