TraitMin,TraitMax,TraitAvg,TraitStdev,TraitTotal
206.66666666666666,429.09090909090907,311.1178390237214,71.52266340442364,310.6666666666667
