TraitMin,TraitMax,TraitAvg,TraitStdev,TraitTotal
169.23076923076923,946.6666666666666,495.7588203651552,229.85656937785566,398.72340425531917
