SentiMin,SentiMax,SentiAvg,SentiStdev,Senti0-0.20,Senti0.21-0.40,Senti0.41-0.60,Senti0.61-0.80,Senti0.81-1.00,SentiTotal
0.04192092869730997,0.6156033789779767,0.39086136605817695,0.1617661164271194,1.0,7.0,3.0,1.0,0.0,0.0011403674466212523