TraitMin,TraitMax,TraitAvg,TraitStdev,TraitTotal
240.0,1320.0,467.0,282.2156385933754,372.57142857142856
