TraitMin,TraitMax,TraitAvg,TraitStdev,TraitTotal
230.0,800.0,377.20238095238096,177.6858098549502,303.75
