SentiMin,SentiMax,SentiAvg,SentiStdev,Senti0-0.20,Senti0.21-0.40,Senti0.41-0.60,Senti0.61-0.80,Senti0.81-1.00,SentiTotal
0.011885195857051613,0.5755436691302463,0.33374181107857587,0.17462549370186703,3.0,5.0,4.0,0.0,0.0,7.04136104702071E-6