TraitMin,TraitMax,TraitAvg,TraitStdev,TraitTotal
280.0,640.0,474.35726495726504,126.87126985498954,455.3333333333333
