TraitMin,TraitMax,TraitAvg,TraitStdev,TraitTotal
300.0,680.0,394.14814814814815,116.97579269582897,348.14814814814815
