SentiMin,SentiMax,SentiAvg,SentiStdev,Senti0-0.20,Senti0.21-0.40,Senti0.41-0.60,Senti0.61-0.80,Senti0.81-1.00,SentiTotal
0.01679780881510572,0.5747636490608886,0.34880042464733496,0.17601960578533643,1.0,2.0,4.0,0.0,0.0,4.816148430956955E-4