SentiMin,SentiMax,SentiAvg,SentiStdev,Senti0-0.20,Senti0.21-0.40,Senti0.41-0.60,Senti0.61-0.80,Senti0.81-1.00,SentiTotal
0.0038136515579899576,0.6483312344494796,0.2604642933787547,0.20392621950866782,6.0,2.0,3.0,1.0,0.0,2.3133819486522985E-9