SentiMin,SentiMax,SentiAvg,SentiStdev,Senti0-0.20,Senti0.21-0.40,Senti0.41-0.60,Senti0.61-0.80,Senti0.81-1.00,SentiTotal
6.198685276250717E-5,0.8787146241975131,0.2392393732775167,0.3146347165324183,5.0,0.0,2.0,0.0,1.0,1.9000064601698316E-15