SentiMin,SentiMax,SentiAvg,SentiStdev,Senti0-0.20,Senti0.21-0.40,Senti0.41-0.60,Senti0.61-0.80,Senti0.81-1.00,SentiTotal
2.561809911392001E-4,0.8460486489504729,0.34846434616467603,0.26411843303375143,2.0,3.0,2.0,0.0,1.0,4.543718487721261E-6