TraitMin,TraitMax,TraitAvg,TraitStdev,TraitTotal
170.0,800.0,404.1666666666667,221.89368074723433,262.22222222222223
