TraitMin,TraitMax,TraitAvg,TraitStdev,TraitTotal
206.66666666666666,920.0,495.15151515151507,213.2024391827211,393.93939393939394
