TraitMin,TraitMax,TraitAvg,TraitStdev,TraitTotal
208.0,377.77777777777777,283.3829365079365,67.82336088021812,283.54430379746833
