TraitMin,TraitMax,TraitAvg,TraitStdev,TraitTotal
250.0,426.6666666666667,356.6897546897547,61.32946443019497,341.2121212121212
