TimeMin,TimeMax,TimeAvg,TimeStdev,TimeTotal
480.0,2960.0,1017.7777777777778,766.6634460479859,9160.0
