TimeMin,TimeMax,TimeAvg,TimeStdev,TimeTotal
440.0,2800.0,1181.8181818181818,650.8989333895112,13000.0
