TraitMin,TraitMax,TraitAvg,TraitStdev,TraitTotal
165.71428571428572,640.0,395.14965986394554,154.88075484271377,347.8787878787879
