SentiMin,SentiMax,SentiAvg,SentiStdev,Senti0-0.20,Senti0.21-0.40,Senti0.41-0.60,Senti0.61-0.80,Senti0.81-1.00,SentiTotal
0.015000142755063513,0.5136446707795853,0.238847326657618,0.1662629853319507,6.0,2.0,3.0,0.0,0.0,5.8641837930279075E-8