TraitMin,TraitMax,TraitAvg,TraitStdev,TraitTotal
93.33333333333333,640.0,335.35714285714283,142.7608901930339,296.5853658536585
