SentiMin,SentiMax,SentiAvg,SentiStdev,Senti0-0.20,Senti0.21-0.40,Senti0.41-0.60,Senti0.61-0.80,Senti0.81-1.00,SentiTotal
6.90760907516335E-7,0.5133994340264058,0.23282845136083163,0.19871688537282778,4.0,2.0,2.0,0.0,0.0,2.2763637754331718E-11