SentiMin,SentiMax,SentiAvg,SentiStdev,Senti0-0.20,Senti0.21-0.40,Senti0.41-0.60,Senti0.61-0.80,Senti0.81-1.00,SentiTotal
0.01703643081943878,0.6707378933945848,0.3261584734483504,0.22109689162578094,3.0,2.0,3.0,1.0,0.0,7.13208798872604E-5