TimeMin,TimeMax,TimeAvg,TimeStdev,TimeTotal
440.0,4720.0,1473.3333333333333,1318.4671234261232,17680.0
