TraitMin,TraitMax,TraitAvg,TraitStdev,TraitTotal
315.55555555555554,560.0,416.44444444444446,86.97495027482708,378.46153846153845
