TimeMin,TimeMax,TimeAvg,TimeStdev,TimeTotal
560.0,2800.0,1497.142857142857,786.996356602826,10480.0
