SentiMin,SentiMax,SentiAvg,SentiStdev,Senti0-0.20,Senti0.21-0.40,Senti0.41-0.60,Senti0.61-0.80,Senti0.81-1.00,SentiTotal
0.03194253765087476,0.7053951871576375,0.3290743535744107,0.21533960817573122,3.0,2.0,3.0,1.0,0.0,4.8378459938646336E-5