SentiMin,SentiMax,SentiAvg,SentiStdev,Senti0-0.20,Senti0.21-0.40,Senti0.41-0.60,Senti0.61-0.80,Senti0.81-1.00,SentiTotal
1.001679544989565E-5,0.5798477581712541,0.24576851946116252,0.1959801091399368,4.0,3.0,3.0,0.0,0.0,3.1819838615602943E-11