TraitMin,TraitMax,TraitAvg,TraitStdev,TraitTotal
175.3846153846154,520.0,340.33974358974353,124.08552790860689,266.04651162790697
