TraitMin,TraitMax,TraitAvg,TraitStdev,TraitTotal
189.0909090909091,960.0,455.4797979797979,233.262269722023,318.0
