TraitMin,TraitMax,TraitAvg,TraitStdev,TraitTotal
184.0,600.0,446.43386243386243,148.60359922429856,366.4
