TraitMin,TraitMax,TraitAvg,TraitStdev,TraitTotal
146.66666666666666,1080.0,507.45202020202015,264.819581686394,376.17021276595744
