TimeMin,TimeMax,TimeAvg,TimeStdev,TimeTotal
360.0,1840.0,1044.4444444444443,488.96969029244684,9400.0
