TimeMin,TimeMax,TimeAvg,TimeStdev,TimeTotal
800.0,3480.0,2047.2727272727273,1000.1917171594554,22520.0
