SentiMin,SentiMax,SentiAvg,SentiStdev,Senti0-0.20,Senti0.21-0.40,Senti0.41-0.60,Senti0.61-0.80,Senti0.81-1.00,SentiTotal
2.5116704391203343E-5,0.5628056929000496,0.26871958181244354,0.21951151246400485,4.0,2.0,4.0,0.0,0.0,7.66941617927596E-12