SentiMin,SentiMax,SentiAvg,SentiStdev,Senti0-0.20,Senti0.21-0.40,Senti0.41-0.60,Senti0.61-0.80,Senti0.81-1.00,SentiTotal
6.257250346453939E-4,0.5136446707795853,0.2680764895183672,0.21438588839698214,3.0,2.0,3.0,0.0,0.0,1.0211071933867356E-8