TraitMin,TraitMax,TraitAvg,TraitStdev,TraitTotal
256.0,600.0,461.4013605442177,120.49930368254097,403.0769230769231
