TraitMin,TraitMax,TraitAvg,TraitStdev,TraitTotal
226.66666666666666,720.0,399.8888888888889,173.76044244310813,308.57142857142856
