TraitMin,TraitMax,TraitAvg,TraitStdev,TraitTotal
160.0,760.0,335.5034876695776,167.9658076069168,298.8034188034188
