TraitMin,TraitMax,TraitAvg,TraitStdev,TraitTotal
128.0,960.0,389.7517006802721,258.5237062603695,269.09090909090907
