SentiMin,SentiMax,SentiAvg,SentiStdev,Senti0-0.20,Senti0.21-0.40,Senti0.41-0.60,Senti0.61-0.80,Senti0.81-1.00,SentiTotal
1.612442236141454E-5,0.49789225920557484,0.16287548677417635,0.18130958903630748,8.0,2.0,2.0,0.0,0.0,1.7866021639153535E-19