SentiMin,SentiMax,SentiAvg,SentiStdev,Senti0-0.20,Senti0.21-0.40,Senti0.41-0.60,Senti0.61-0.80,Senti0.81-1.00,SentiTotal
7.5079322576529135E-6,0.8545795292184399,0.2949866355881878,0.2599499913733172,5.0,3.0,4.0,0.0,1.0,2.7561621645465768E-14