SentiMin,SentiMax,SentiAvg,SentiStdev,Senti0-0.20,Senti0.21-0.40,Senti0.41-0.60,Senti0.61-0.80,Senti0.81-1.00,SentiTotal
3.568206837131313E-6,0.23428426172913622,0.04830738267536462,0.08095666197113283,6.0,1.0,0.0,0.0,0.0,8.41734967302687E-19