TimeMin,TimeMax,TimeAvg,TimeStdev,TimeTotal
440.0,2520.0,1433.3333333333333,716.4418251951018,17200.0
