TraitMin,TraitMax,TraitAvg,TraitStdev,TraitTotal
184.0,800.0,356.375,159.92901528664382,293.3333333333333
