SentiMin,SentiMax,SentiAvg,SentiStdev,Senti0-0.20,Senti0.21-0.40,Senti0.41-0.60,Senti0.61-0.80,Senti0.81-1.00,SentiTotal
4.746546667579985E-5,0.49789225920557484,0.1377333037936889,0.17351836519947325,10.0,2.0,3.0,0.0,0.0,1.980213237416374E-26