TraitMin,TraitMax,TraitAvg,TraitStdev,TraitTotal
180.0,680.0,347.2321187584345,146.41926360045355,290.96774193548384
