SentiMin,SentiMax,SentiAvg,SentiStdev,Senti0-0.20,Senti0.21-0.40,Senti0.41-0.60,Senti0.61-0.80,Senti0.81-1.00,SentiTotal
9.949035173661407E-4,0.9934959630076182,0.36779533116889274,0.3194668563379694,6.0,1.0,5.0,0.0,2.0,5.321250954147291E-7