TimeMin,TimeMax,TimeAvg,TimeStdev,TimeTotal
440.0,5480.0,2056.470588235294,1594.4054439580866,34960.0
