SentiMin,SentiMax,SentiAvg,SentiStdev,Senti0-0.20,Senti0.21-0.40,Senti0.41-0.60,Senti0.61-0.80,Senti0.81-1.00,SentiTotal
0.31820487300311295,0.6503099729519052,0.4462564106766556,0.11820642098347167,0.0,3.0,2.0,1.0,0.0,0.2148626003396821