SentiMin,SentiMax,SentiAvg,SentiStdev,Senti0-0.20,Senti0.21-0.40,Senti0.41-0.60,Senti0.61-0.80,Senti0.81-1.00,SentiTotal
1.2382028211482327E-5,0.9696898046210933,0.3895684741518387,0.3504555512981986,6.0,2.0,4.0,1.0,3.0,4.643946011735788E-12