TimeMin,TimeMax,TimeAvg,TimeStdev,TimeTotal
520.0,3800.0,1594.6666666666667,962.2048753889278,23920.0
