TimeMin,TimeMax,TimeAvg,TimeStdev,TimeTotal
640.0,1560.0,1057.142857142857,319.89794290922066,14800.0
