TimeMin,TimeMax,TimeAvg,TimeStdev,TimeTotal
560.0,5720.0,1898.9473684210527,1414.7713028384412,36080.0
