SentiMin,SentiMax,SentiAvg,SentiStdev,Senti0-0.20,Senti0.21-0.40,Senti0.41-0.60,Senti0.61-0.80,Senti0.81-1.00,SentiTotal
1.0583413549256473E-5,0.49789225920557484,0.16503594524185006,0.19138514608210774,10.0,3.0,3.0,0.0,0.0,9.999501711101331E-27