SentiMin,SentiMax,SentiAvg,SentiStdev,Senti0-0.20,Senti0.21-0.40,Senti0.41-0.60,Senti0.61-0.80,Senti0.81-1.00,SentiTotal
9.665217888594638E-6,0.5713262088186719,0.19419237075622978,0.20494441131506794,8.0,4.0,3.0,0.0,0.0,5.700491178036905E-22