TraitMin,TraitMax,TraitAvg,TraitStdev,TraitTotal
160.0,840.0,348.3697191697192,190.36213410321608,251.78947368421052
