TraitMin,TraitMax,TraitAvg,TraitStdev,TraitTotal
240.0,720.0,410.6666666666667,162.50811945527178,302.60869565217394
