TimeMin,TimeMax,TimeAvg,TimeStdev,TimeTotal
520.0,3560.0,1381.3333333333333,746.3142025239027,20720.0
