TraitMin,TraitMax,TraitAvg,TraitStdev,TraitTotal
200.0,1080.0,353.2888888888889,202.65788519782453,300.45112781954884
