TraitMin,TraitMax,TraitAvg,TraitStdev,TraitTotal
189.0909090909091,880.0,382.6835016835017,200.67695415808427,286.6666666666667
