TraitMin,TraitMax,TraitAvg,TraitStdev,TraitTotal
200.0,1000.0,392.9875082182774,201.81970575823976,322.60869565217394
