SentiMin,SentiMax,SentiAvg,SentiStdev,Senti0-0.20,Senti0.21-0.40,Senti0.41-0.60,Senti0.61-0.80,Senti0.81-1.00,SentiTotal
1.4810125297586466E-4,0.46127768308170247,0.1936999667371293,0.17890870014298846,9.0,7.0,3.0,0.0,0.0,4.5884771699994054E-23