TimeMin,TimeMax,TimeAvg,TimeStdev,TimeTotal
400.0,4520.0,2283.076923076923,1438.9279375519316,29680.0
