SentiMin,SentiMax,SentiAvg,SentiStdev,Senti0-0.20,Senti0.21-0.40,Senti0.41-0.60,Senti0.61-0.80,Senti0.81-1.00,SentiTotal
0.003249997608718157,0.4921999985712278,0.18073493060254012,0.16408401248685842,3.0,2.0,1.0,0.0,0.0,1.8455556931563343E-7