TraitMin,TraitMax,TraitAvg,TraitStdev,TraitTotal
290.0,756.0,494.1970324361629,148.60220941692236,492.7536231884058
