TraitMin,TraitMax,TraitAvg,TraitStdev,TraitTotal
280.0,760.0,456.9135802469136,142.983243406834,419.9047619047619
