TraitMin,TraitMax,TraitAvg,TraitStdev,TraitTotal
213.33333333333334,846.6666666666666,494.81481481481484,202.21272532305892,523.4285714285714
