SentiMin,SentiMax,SentiAvg,SentiStdev,Senti0-0.20,Senti0.21-0.40,Senti0.41-0.60,Senti0.61-0.80,Senti0.81-1.00,SentiTotal
0.053511788630562225,0.5957595452838841,0.26424568708721274,0.22315566156146643,2.0,1.0,1.0,0.0,0.0,0.0031527097302068547