TimeMin,TimeMax,TimeAvg,TimeStdev,TimeTotal
1080.0,8520.0,4857.142857142857,3165.2294626172697,34000.0
