SentiMin,SentiMax,SentiAvg,SentiStdev,Senti0-0.20,Senti0.21-0.40,Senti0.41-0.60,Senti0.61-0.80,Senti0.81-1.00,SentiTotal
1.027309707450145E-6,0.595155460775402,0.17642503563898093,0.1936668605636451,5.0,1.0,1.0,0.0,0.0,5.201081572597279E-12