TraitMin,TraitMax,TraitAvg,TraitStdev,TraitTotal
220.0,1000.0,501.33333333333337,289.28724671355826,322.10526315789474
