TimeMin,TimeMax,TimeAvg,TimeStdev,TimeTotal
1080.0,4800.0,2146.6666666666665,1422.048600513436,12880.0
