TraitMin,TraitMax,TraitAvg,TraitStdev,TraitTotal
280.0,420.0,348.8461538461538,61.801122143735,318.62068965517244
