TimeMin,TimeMax,TimeAvg,TimeStdev,TimeTotal
760.0,3440.0,1959.5555555555557,925.4917144849255,17636.0
