SentiMin,SentiMax,SentiAvg,SentiStdev,Senti0-0.20,Senti0.21-0.40,Senti0.41-0.60,Senti0.61-0.80,Senti0.81-1.00,SentiTotal
0.001132182467082947,0.9206758169545021,0.3875856761370702,0.29109894118207924,3.0,2.0,2.0,1.0,1.0,8.097163838799998E-5