TimeMin,TimeMax,TimeAvg,TimeStdev,TimeTotal
840.0,5120.0,3053.3333333333335,1906.433552182947,18320.0
