SentiMin,SentiMax,SentiAvg,SentiStdev,Senti0-0.20,Senti0.21-0.40,Senti0.41-0.60,Senti0.61-0.80,Senti0.81-1.00,SentiTotal
0.013919303780393646,0.49789225920557484,0.2787628315321338,0.1795683400432775,3.0,2.0,3.0,0.0,0.0,1.7702212452943975E-5