TraitMin,TraitMax,TraitAvg,TraitStdev,TraitTotal
155.0,990.0,498.05555555555554,275.4244759917111,418.42105263157896
