SentiMin,SentiMax,SentiAvg,SentiStdev,Senti0-0.20,Senti0.21-0.40,Senti0.41-0.60,Senti0.61-0.80,Senti0.81-1.00,SentiTotal
1.9996821756130433E-4,0.49789225920557484,0.19362963995720828,0.17334632756869392,6.0,2.0,1.0,0.0,0.0,1.0089097172454858E-11