TraitMin,TraitMax,TraitAvg,TraitStdev,TraitTotal
188.33333333333334,1185.0,605.3787878787879,311.4610737462016,495.0
