TraitMin,TraitMax,TraitAvg,TraitStdev,TraitTotal
123.0,770.0,416.2559523809523,178.3211965996921,335.2857142857143
