TimeMin,TimeMax,TimeAvg,TimeStdev,TimeTotal
900.0,3100.0,1585.5555555555557,712.2594894046084,14270.0
