SentiMin,SentiMax,SentiAvg,SentiStdev,Senti0-0.20,Senti0.21-0.40,Senti0.41-0.60,Senti0.61-0.80,Senti0.81-1.00,SentiTotal
0.005689397758425566,0.16400055965969193,0.08484497870905874,0.07915558095063317,2.0,0.0,0.0,0.0,0.0,0.0011307166078615004