TimeMin,TimeMax,TimeAvg,TimeStdev,TimeTotal
620.0,4380.0,1766.6666666666667,1163.3094553423389,15900.0
