SentiMin,SentiMax,SentiAvg,SentiStdev,Senti0-0.20,Senti0.21-0.40,Senti0.41-0.60,Senti0.61-0.80,Senti0.81-1.00,SentiTotal
0.006982973027175165,0.5660025523295935,0.2989109398679461,0.16906499996724145,4.0,5.0,4.0,0.0,0.0,2.388878017358638E-7