TraitMin,TraitMax,TraitAvg,TraitStdev,TraitTotal
350.0,1116.6666666666667,637.7083333333334,241.49122582979652,674.7619047619048
