SentiMin,SentiMax,SentiAvg,SentiStdev,Senti0-0.20,Senti0.21-0.40,Senti0.41-0.60,Senti0.61-0.80,Senti0.81-1.00,SentiTotal
0.012261690244894523,0.6254530333443508,0.2728890227153196,0.1845858419844519,5.0,3.0,2.0,1.0,0.0,4.5471556600664555E-7