SentiMin,SentiMax,SentiAvg,SentiStdev,Senti0-0.20,Senti0.21-0.40,Senti0.41-0.60,Senti0.61-0.80,Senti0.81-1.00,SentiTotal
5.457395709759633E-4,0.5604661215400841,0.18529182480484693,0.19820003578552575,11.0,1.0,4.0,0.0,0.0,3.0661035464258012E-21