TimeMin,TimeMax,TimeAvg,TimeStdev,TimeTotal
1600.0,11200.0,5381.818181818182,2818.9160333904565,59200.0
