TraitMin,TraitMax,TraitAvg,TraitStdev,TraitTotal
211.42857142857142,800.0,410.27809909388867,166.1159908109155,335.55555555555554
