TraitMin,TraitMax,TraitAvg,TraitStdev,TraitTotal
224.0,840.0,385.25925925925924,184.82168769229062,331.61290322580646
