SentiMin,SentiMax,SentiAvg,SentiStdev,Senti0-0.20,Senti0.21-0.40,Senti0.41-0.60,Senti0.61-0.80,Senti0.81-1.00,SentiTotal
3.804575528095349E-4,0.9727049913179484,0.36827124475283557,0.315430117906119,4.0,2.0,2.0,0.0,2.0,1.1934901099243608E-6