TimeMin,TimeMax,TimeAvg,TimeStdev,TimeTotal
640.0,2840.0,1290.6666666666667,700.3948092960776,19360.0
