TraitMin,TraitMax,TraitAvg,TraitStdev,TraitTotal
268.0,880.0,444.21841557135673,195.11029368215594,367.27272727272725
