TraitMin,TraitMax,TraitAvg,TraitStdev,TraitTotal
228.57142857142858,517.7777777777778,347.12313102342426,95.27369800974051,344.1860465116279
