SentiMin,SentiMax,SentiAvg,SentiStdev,Senti0-0.20,Senti0.21-0.40,Senti0.41-0.60,Senti0.61-0.80,Senti0.81-1.00,SentiTotal
0.022191398929517263,0.511828135009768,0.18881580250273813,0.18513284674967087,6.0,1.0,2.0,0.0,0.0,1.597483927501427E-8