SentiMin,SentiMax,SentiAvg,SentiStdev,Senti0-0.20,Senti0.21-0.40,Senti0.41-0.60,Senti0.61-0.80,Senti0.81-1.00,SentiTotal
0.10130912550990184,0.49789225920557484,0.25645733492298867,0.14018177509268595,3.0,2.0,2.0,0.0,0.0,2.4264117000011737E-4