SentiMin,SentiMax,SentiAvg,SentiStdev,Senti0-0.20,Senti0.21-0.40,Senti0.41-0.60,Senti0.61-0.80,Senti0.81-1.00,SentiTotal
2.2134315874870384E-4,0.6410899855667065,0.20672562224964397,0.19868964224364763,6.0,5.0,1.0,1.0,0.0,1.5200998919859976E-16