TimeMin,TimeMax,TimeAvg,TimeStdev,TimeTotal
840.0,7280.0,2796.923076923077,2207.8161316119413,36360.0
