TraitMin,TraitMax,TraitAvg,TraitStdev,TraitTotal
205.0,840.0,388.7656565656565,171.696576233711,312.258064516129
