TraitMin,TraitMax,TraitAvg,TraitStdev,TraitTotal
179.0,1000.0,445.6126814362108,227.7450971700417,347.9866666666667
