SentiMin,SentiMax,SentiAvg,SentiStdev,Senti0-0.20,Senti0.21-0.40,Senti0.41-0.60,Senti0.61-0.80,Senti0.81-1.00,SentiTotal
1.6199277575471377E-4,0.49789225920557484,0.22031799305666047,0.17880703639064643,5.0,5.0,2.0,0.0,0.0,2.2004664258479878E-14