SentiMin,SentiMax,SentiAvg,SentiStdev,Senti0-0.20,Senti0.21-0.40,Senti0.41-0.60,Senti0.61-0.80,Senti0.81-1.00,SentiTotal
1.1270111032422758E-4,0.4193860150921741,0.16719395424075867,0.16911653014963723,8.0,4.0,1.0,0.0,0.0,5.209567846044587E-21