TimeMin,TimeMax,TimeAvg,TimeStdev,TimeTotal
680.0,7320.0,2787.6923076923076,2333.4561816068654,36240.0
