TimeMin,TimeMax,TimeAvg,TimeStdev,TimeTotal
640.0,5000.0,1649.2307692307693,1113.6251374432788,21440.0
