SentiMin,SentiMax,SentiAvg,SentiStdev,Senti0-0.20,Senti0.21-0.40,Senti0.41-0.60,Senti0.61-0.80,Senti0.81-1.00,SentiTotal
0.09370279111274643,0.2380919143272806,0.16088084645838877,0.05937199525525057,2.0,1.0,0.0,0.0,0.0,0.0058032719182386176