SentiMin,SentiMax,SentiAvg,SentiStdev,Senti0-0.20,Senti0.21-0.40,Senti0.41-0.60,Senti0.61-0.80,Senti0.81-1.00,SentiTotal
3.2907300023979195E-4,0.46765773933634613,0.12048447626610877,0.1664546326670193,9.0,1.0,2.0,0.0,0.0,9.457195886348079E-20