TraitMin,TraitMax,TraitAvg,TraitStdev,TraitTotal
249.23076923076923,824.0,404.32736109206695,144.90400710244035,377.3228346456693
