SentiMin,SentiMax,SentiAvg,SentiStdev,Senti0-0.20,Senti0.21-0.40,Senti0.41-0.60,Senti0.61-0.80,Senti0.81-1.00,SentiTotal
0.0023555026234059625,0.49789225920557484,0.24241794361171226,0.1326493834284092,4.0,7.0,2.0,0.0,0.0,2.1137825166800525E-9