TimeMin,TimeMax,TimeAvg,TimeStdev,TimeTotal
600.0,2720.0,1382.857142857143,793.9362026495271,9680.0
