TimeMin,TimeMax,TimeAvg,TimeStdev,TimeTotal
840.0,2080.0,1142.2222222222222,396.02967839903044,10280.0
