TraitMin,TraitMax,TraitAvg,TraitStdev,TraitTotal
225.45454545454547,760.0,377.2347282347282,142.55512246084606,337.6
