TraitMin,TraitMax,TraitAvg,TraitStdev,TraitTotal
194.28571428571428,840.0,448.66049739733955,213.41947144507975,320.0
