TimeMin,TimeMax,TimeAvg,TimeStdev,TimeTotal
2440.0,5360.0,3993.3333333333335,890.0686615212459,47920.0
