SentiMin,SentiMax,SentiAvg,SentiStdev,Senti0-0.20,Senti0.21-0.40,Senti0.41-0.60,Senti0.61-0.80,Senti0.81-1.00,SentiTotal
7.827310656739142E-4,0.9681419540420287,0.4056791179784086,0.27143657149706024,4.0,5.0,2.0,2.0,2.0,1.8845036505636194E-5