TraitMin,TraitMax,TraitAvg,TraitStdev,TraitTotal
306.6666666666667,1480.0,541.1904761904763,292.37290589207004,491.25
