TraitMin,TraitMax,TraitAvg,TraitStdev,TraitTotal
300.0,1600.0,601.2121212121212,330.93156766820965,571.6129032258065
