SentiMin,SentiMax,SentiAvg,SentiStdev,Senti0-0.20,Senti0.21-0.40,Senti0.41-0.60,Senti0.61-0.80,Senti0.81-1.00,SentiTotal
0.34322267253793753,0.6824837810859113,0.5285926422035264,0.09359984187172789,0.0,1.0,9.0,3.0,0.0,0.8418365679177626