SentiMin,SentiMax,SentiAvg,SentiStdev,Senti0-0.20,Senti0.21-0.40,Senti0.41-0.60,Senti0.61-0.80,Senti0.81-1.00,SentiTotal
0.21921412548362115,0.6824837810859113,0.5503768581854639,0.15930123088464385,0.0,2.0,5.0,7.0,0.0,0.9470203770449056