TimeMin,TimeMax,TimeAvg,TimeStdev,TimeTotal
560.0,2960.0,1122.857142857143,571.2070999387246,15720.0
