TraitMin,TraitMax,TraitAvg,TraitStdev,TraitTotal
264.0,720.0,426.66666666666663,131.84310059537881,393.48837209302326
