TraitMin,TraitMax,TraitAvg,TraitStdev,TraitTotal
272.0,1040.0,602.9629629629629,217.9806563195286,480.0
