TimeMin,TimeMax,TimeAvg,TimeStdev,TimeTotal
480.0,2520.0,1177.7777777777778,574.297208726124,21200.0
