TraitMin,TraitMax,TraitAvg,TraitStdev,TraitTotal
230.0,920.0,390.5072705072705,181.47703053344048,335.59322033898303
