TimeMin,TimeMax,TimeAvg,TimeStdev,TimeTotal
760.0,2480.0,1317.142857142857,527.5201901542804,18440.0
