TraitMin,TraitMax,TraitAvg,TraitStdev,TraitTotal
128.0,1060.0,492.98148148148147,248.90531870925503,385.45454545454544
