TimeMin,TimeMax,TimeAvg,TimeStdev,TimeTotal
640.0,2160.0,1141.5384615384614,449.16754033427304,14840.0
