TimeMin,TimeMax,TimeAvg,TimeStdev,TimeTotal
560.0,3200.0,1610.909090909091,772.8278009475043,17720.0
