TraitMin,TraitMax,TraitAvg,TraitStdev,TraitTotal
230.0,1000.0,461.2820512820513,221.03013857045832,380.5128205128205
