TimeMin,TimeMax,TimeAvg,TimeStdev,TimeTotal
1055.0,7400.0,3167.8888888888887,2162.2465911610666,28511.0
