TimeMin,TimeMax,TimeAvg,TimeStdev,TimeTotal
103.0,5240.0,2180.4166666666665,1518.9670535341515,26165.0
