TimeMin,TimeMax,TimeAvg,TimeStdev,TimeTotal
638.0,6200.0,2682.1666666666665,1689.9450599222318,32186.0
