SentiMin,SentiMax,SentiAvg,SentiStdev,Senti0-0.20,Senti0.21-0.40,Senti0.41-0.60,Senti0.61-0.80,Senti0.81-1.00,SentiTotal
1.407033077729195E-7,0.39697510199130176,0.12882210802686136,0.14227283385091136,8.0,4.0,0.0,0.0,0.0,5.252706551358475E-25