TraitMin,TraitMax,TraitAvg,TraitStdev,TraitTotal
66.66666666666667,994.0,489.443817204301,235.56868260818,406.725
