TraitMin,TraitMax,TraitAvg,TraitStdev,TraitTotal
422.0,780.0,606.0,146.3238417574753,566.2222222222222
