TimeMin,TimeMax,TimeAvg,TimeStdev,TimeTotal
146.0,5922.0,1936.9166666666667,1641.4970534207146,23243.0
