TraitMin,TraitMax,TraitAvg,TraitStdev,TraitTotal
347.0,2080.0,663.3611111111112,439.28785927051194,536.4333333333333
