SentiMin,SentiMax,SentiAvg,SentiStdev,Senti0-0.20,Senti0.21-0.40,Senti0.41-0.60,Senti0.61-0.80,Senti0.81-1.00,SentiTotal
0.3041233943377613,0.3740436645069384,0.33908352942234987,0.034960135084588534,0.0,2.0,0.0,0.0,0.0,0.20846286167663863