TraitMin,TraitMax,TraitAvg,TraitStdev,TraitTotal
170.66666666666666,640.0,414.46875000000006,172.09367370819285,361.6792452830189
