TraitMin,TraitMax,TraitAvg,TraitStdev,TraitTotal
152.0,1280.0,474.85632183908046,303.7747759876674,385.58947368421053
