TraitMin,TraitMax,TraitAvg,TraitStdev,TraitTotal
247.33333333333334,538.0,371.0142110414838,93.5340498746851,359.0190476190476
