SentiMin,SentiMax,SentiAvg,SentiStdev,Senti0-0.20,Senti0.21-0.40,Senti0.41-0.60,Senti0.61-0.80,Senti0.81-1.00,SentiTotal
7.501456455944185E-6,0.39697510199130176,0.07010847594565955,0.12440881928115084,9.0,2.0,0.0,0.0,0.0,3.77484496310554E-29