TraitMin,TraitMax,TraitAvg,TraitStdev,TraitTotal
245.0,1588.0,693.5221304896228,444.6895441088926,452.55555555555554
