SentiMin,SentiMax,SentiAvg,SentiStdev,Senti0-0.20,Senti0.21-0.40,Senti0.41-0.60,Senti0.61-0.80,Senti0.81-1.00,SentiTotal
0.06041987314374913,0.36979257792549686,0.2447786151356691,0.13308949302356018,1.0,2.0,0.0,0.0,0.0,0.016494461845100866