TraitMin,TraitMax,TraitAvg,TraitStdev,TraitTotal
429.3333333333333,564.0,496.66666666666663,67.33333333333334,483.2
