SentiMin,SentiMax,SentiAvg,SentiStdev,Senti0-0.20,Senti0.21-0.40,Senti0.41-0.60,Senti0.61-0.80,Senti0.81-1.00,SentiTotal
0.010235483778884372,0.49789225920557484,0.1746850008851816,0.13972612697547343,8.0,3.0,1.0,0.0,0.0,2.2953174943169467E-11