TraitMin,TraitMax,TraitAvg,TraitStdev,TraitTotal
73.0,976.0,359.8236111111111,218.15254097151893,341.80882352941177
