TraitMin,TraitMax,TraitAvg,TraitStdev,TraitTotal
140.72727272727272,851.0,407.1199443413729,185.88122876340117,361.7951807228916
