TraitMin,TraitMax,TraitAvg,TraitStdev,TraitTotal
183.33333333333334,529.3333333333334,362.54947552447555,104.81129202837573,334.2837837837838
