SentiMin,SentiMax,SentiAvg,SentiStdev,Senti0-0.20,Senti0.21-0.40,Senti0.41-0.60,Senti0.61-0.80,Senti0.81-1.00,SentiTotal
1.6019116233232023E-7,0.1667890474713622,0.05343702512010682,0.05475191216480617,8.0,0.0,0.0,0.0,0.0,5.029394595506385E-19