SentiMin,SentiMax,SentiAvg,SentiStdev,Senti0-0.20,Senti0.21-0.40,Senti0.41-0.60,Senti0.61-0.80,Senti0.81-1.00,SentiTotal
2.2679341691975777E-6,0.37142605093897746,0.08662941377671028,0.12689860349420887,7.0,1.0,0.0,0.0,0.0,1.3859127330844297E-21