SentiMin,SentiMax,SentiAvg,SentiStdev,Senti0-0.20,Senti0.21-0.40,Senti0.41-0.60,Senti0.61-0.80,Senti0.81-1.00,SentiTotal
6.656290878252342E-8,0.4737554465528978,0.13247074567916362,0.1557121460850714,9.0,2.0,1.0,0.0,0.0,3.2538216030344894E-21