SentiMin,SentiMax,SentiAvg,SentiStdev,Senti0-0.20,Senti0.21-0.40,Senti0.41-0.60,Senti0.61-0.80,Senti0.81-1.00,SentiTotal
1.199345537055339E-6,0.6000764322338857,0.14383952054497393,0.19562792528392353,10.0,2.0,1.0,1.0,0.0,2.1898093435284247E-31