SentiMin,SentiMax,SentiAvg,SentiStdev,Senti0-0.20,Senti0.21-0.40,Senti0.41-0.60,Senti0.61-0.80,Senti0.81-1.00,SentiTotal
2.1898111265501425E-9,0.99950635614292,0.3081892162784779,0.2774412300871688,5.0,2.0,4.0,0.0,1.0,1.2324256817326561E-17