TraitMin,TraitMax,TraitAvg,TraitStdev,TraitTotal
103.0,1240.0,475.90740740740745,338.10607472220954,368.5211267605634
