TraitMin,TraitMax,TraitAvg,TraitStdev,TraitTotal
30.0,1000.0,377.35714285714283,337.3040112891426,245.33333333333334
