TimeMin,TimeMax,TimeAvg,TimeStdev,TimeTotal
160.0,6200.0,1607.2727272727273,1632.7394208902185,17680.0
