TraitMin,TraitMax,TraitAvg,TraitStdev,TraitTotal
246.66666666666666,1000.0,592.579365079365,255.67787359114928,465.64102564102564
