TraitMin,TraitMax,TraitAvg,TraitStdev,TraitTotal
200.0,1000.0,556.8761904761905,250.50954983358045,498.5365853658537
