TraitMin,TraitMax,TraitAvg,TraitStdev,TraitTotal
26.666666666666668,500.0,267.8326118326118,115.61513860462176,252.57142857142858
