TraitMin,TraitMax,TraitAvg,TraitStdev,TraitTotal
216.66666666666666,424.0,317.23306595365415,71.27632970196122,312.967032967033
