TraitMin,TraitMax,TraitAvg,TraitStdev,TraitTotal
228.57142857142858,1000.0,442.14805194805194,283.2174876775125,334.0740740740741
