TraitMin,TraitMax,TraitAvg,TraitStdev,TraitTotal
40.0,480.0,284.8037676609105,150.57267538244716,281.37931034482756
