TraitMin,TraitMax,TraitAvg,TraitStdev,TraitTotal
108.57142857142857,395.55555555555554,266.1587301587302,93.62412318643537,271.83673469387753
