TraitMin,TraitMax,TraitAvg,TraitStdev,TraitTotal
152.0,1000.0,458.81818181818176,244.6897587829533,354.1666666666667
