TraitMin,TraitMax,TraitAvg,TraitStdev,TraitTotal
245.0,1200.0,511.24149659863946,286.83781614540925,383.1111111111111
