TimeMin,TimeMax,TimeAvg,TimeStdev,TimeTotal
680.0,2840.0,1287.0588235294117,492.2429422417869,21880.0
