SentiMin,SentiMax,SentiAvg,SentiStdev,Senti0-0.20,Senti0.21-0.40,Senti0.41-0.60,Senti0.61-0.80,Senti0.81-1.00,SentiTotal
0.024320046644763952,0.622969869345919,0.27663259923048716,0.16800199326599577,7.0,6.0,3.0,1.0,0.0,1.8394167053625706E-9