TimeMin,TimeMax,TimeAvg,TimeStdev,TimeTotal
800.0,4120.0,1916.3636363636363,1090.8484831648898,21080.0
