TraitMin,TraitMax,TraitAvg,TraitStdev,TraitTotal
150.0,1020.0,456.125313283208,237.79456313632758,390.5
