TraitMin,TraitMax,TraitAvg,TraitStdev,TraitTotal
240.0,1280.0,555.2721088435374,311.18582898047816,491.42857142857144
