TraitMin,TraitMax,TraitAvg,TraitStdev,TraitTotal
360.0,680.0,522.2222222222222,115.25602204346613,520.0
