TraitMin,TraitMax,TraitAvg,TraitStdev,TraitTotal
128.88888888888889,1040.0,538.9049773755656,272.944758289868,367.536231884058
