TimeMin,TimeMax,TimeAvg,TimeStdev,TimeTotal
680.0,3320.0,1491.764705882353,655.081811631796,25360.0
