TimeMin,TimeMax,TimeAvg,TimeStdev,TimeTotal
680.0,2960.0,1585.7142857142858,671.3069798717199,22200.0
