SentiMin,SentiMax,SentiAvg,SentiStdev,Senti0-0.20,Senti0.21-0.40,Senti0.41-0.60,Senti0.61-0.80,Senti0.81-1.00,SentiTotal
0.0014778585860109065,0.8087266564242535,0.29901318131000887,0.20536153132094756,5.0,6.0,2.0,0.0,1.0,1.1858765321124376E-8