SentiMin,SentiMax,SentiAvg,SentiStdev,Senti0-0.20,Senti0.21-0.40,Senti0.41-0.60,Senti0.61-0.80,Senti0.81-1.00,SentiTotal
2.817282668131767E-4,0.39751759361842637,0.1347708816333337,0.13964632171452745,10.0,4.0,0.0,0.0,0.0,1.3451821985723049E-19