SentiMin,SentiMax,SentiAvg,SentiStdev,Senti0-0.20,Senti0.21-0.40,Senti0.41-0.60,Senti0.61-0.80,Senti0.81-1.00,SentiTotal
8.943418151410584E-4,0.5628056929000496,0.1505654276100451,0.18336801238313793,9.0,3.0,1.0,0.0,0.0,5.111292721615471E-17