TraitMin,TraitMax,TraitAvg,TraitStdev,TraitTotal
176.0,1600.0,548.8666666666667,399.2441803652942,380.5405405405405
