TraitMin,TraitMax,TraitAvg,TraitStdev,TraitTotal
180.0,840.0,427.4036281179138,169.88893483296872,380.0
