SentiMin,SentiMax,SentiAvg,SentiStdev,Senti0-0.20,Senti0.21-0.40,Senti0.41-0.60,Senti0.61-0.80,Senti0.81-1.00,SentiTotal
0.003645319332963229,0.6921459309296395,0.22182055727313793,0.21614697747355124,9.0,3.0,1.0,2.0,0.0,2.8915878681143864E-13