SentiMin,SentiMax,SentiAvg,SentiStdev,Senti0-0.20,Senti0.21-0.40,Senti0.41-0.60,Senti0.61-0.80,Senti0.81-1.00,SentiTotal
3.0406898513119955E-5,0.6226133614705449,0.2728043367701809,0.20366376053980811,6.0,6.0,4.0,1.0,0.0,7.087057488878507E-16