TimeMin,TimeMax,TimeAvg,TimeStdev,TimeTotal
600.0,4760.0,1644.2105263157894,1181.7485518879205,31240.0
