SentiMin,SentiMax,SentiAvg,SentiStdev,Senti0-0.20,Senti0.21-0.40,Senti0.41-0.60,Senti0.61-0.80,Senti0.81-1.00,SentiTotal
0.0015542489740012775,0.8937742352414948,0.29193155824791867,0.22405999242399938,5.0,7.0,2.0,0.0,1.0,3.28906041808619E-10