SentiMin,SentiMax,SentiAvg,SentiStdev,Senti0-0.20,Senti0.21-0.40,Senti0.41-0.60,Senti0.61-0.80,Senti0.81-1.00,SentiTotal
4.399337998338489E-4,0.49789225920557484,0.24537025967140239,0.17660243046902946,9.0,3.0,4.0,0.0,0.0,7.702566232997388E-13