SentiMin,SentiMax,SentiAvg,SentiStdev,Senti0-0.20,Senti0.21-0.40,Senti0.41-0.60,Senti0.61-0.80,Senti0.81-1.00,SentiTotal
0.001379774359051634,0.4801180056153849,0.1315083766853591,0.139244957288201,11.0,4.0,1.0,0.0,0.0,3.222843941276089E-20