TraitMin,TraitMax,TraitAvg,TraitStdev,TraitTotal
240.0,1000.0,512.4705882352941,215.21993793319362,446.53061224489795
