TimeMin,TimeMax,TimeAvg,TimeStdev,TimeTotal
640.0,3160.0,1386.6666666666667,673.4059366797678,20800.0
