TraitMin,TraitMax,TraitAvg,TraitStdev,TraitTotal
226.66666666666666,1000.0,481.3605442176871,241.86122707667286,418.8679245283019
