TimeMin,TimeMax,TimeAvg,TimeStdev,TimeTotal
560.0,4840.0,1470.5882352941176,1052.1041694580451,25000.0
