TimeMin,TimeMax,TimeAvg,TimeStdev,TimeTotal
480.0,4400.0,1571.4285714285713,1154.5120004502653,22000.0
