TraitMin,TraitMax,TraitAvg,TraitStdev,TraitTotal
240.0,1320.0,656.9444444444445,323.49829220836455,503.7837837837838
