SentiMin,SentiMax,SentiAvg,SentiStdev,Senti0-0.20,Senti0.21-0.40,Senti0.41-0.60,Senti0.61-0.80,Senti0.81-1.00,SentiTotal
0.0642794616818368,0.49789225920557484,0.28020694947850294,0.1630129170566294,3.0,1.0,2.0,0.0,0.0,0.00107880611062535