SentiMin,SentiMax,SentiAvg,SentiStdev,Senti0-0.20,Senti0.21-0.40,Senti0.41-0.60,Senti0.61-0.80,Senti0.81-1.00,SentiTotal
0.010894127713481092,0.49789225920557484,0.2006229861750806,0.17223331035059683,6.0,6.0,2.0,0.0,0.0,2.197423960504745E-13