TraitMin,TraitMax,TraitAvg,TraitStdev,TraitTotal
220.0,714.2857142857143,379.5238095238095,113.90643413328965,382.2857142857143
