TraitMin,TraitMax,TraitAvg,TraitStdev,TraitTotal
160.0,1040.0,509.8095238095238,250.71041013601112,379.3103448275862
