TimeMin,TimeMax,TimeAvg,TimeStdev,TimeTotal
640.0,2720.0,1213.3333333333333,575.6542171979441,10920.0
