SentiMin,SentiMax,SentiAvg,SentiStdev,Senti0-0.20,Senti0.21-0.40,Senti0.41-0.60,Senti0.61-0.80,Senti0.81-1.00,SentiTotal
0.006059211479536204,0.46764355068197516,0.22056007787377366,0.15312633106381918,6.0,4.0,3.0,0.0,0.0,1.487823963738811E-10