TraitMin,TraitMax,TraitAvg,TraitStdev,TraitTotal
274.2857142857143,800.0,487.80952380952374,209.38991392715593,385.77777777777777
