TraitMin,TraitMax,TraitAvg,TraitStdev,TraitTotal
260.0,1440.0,619.2994652406417,326.3629448471155,446.984126984127
