SentiMin,SentiMax,SentiAvg,SentiStdev,Senti0-0.20,Senti0.21-0.40,Senti0.41-0.60,Senti0.61-0.80,Senti0.81-1.00,SentiTotal
6.366645291655205E-4,0.5318834537628724,0.23124084279787466,0.15838722805082348,7.0,6.0,1.0,0.0,0.0,1.587447390945178E-11