TimeMin,TimeMax,TimeAvg,TimeStdev,TimeTotal
560.0,1640.0,1065.7142857142858,371.4395602770059,14920.0
