TraitMin,TraitMax,TraitAvg,TraitStdev,TraitTotal
296.0,1200.0,731.0,293.3570066204885,614.1176470588235
