TraitMin,TraitMax,TraitAvg,TraitStdev,TraitTotal
213.33333333333334,620.0,401.8518518518519,133.111956138211,348.2352941176471
