TraitMin,TraitMax,TraitAvg,TraitStdev,TraitTotal
250.0,1480.0,642.2051282051282,383.1755202122662,502.7027027027027
