TraitMin,TraitMax,TraitAvg,TraitStdev,TraitTotal
220.0,1000.0,544.7840909090909,280.74935757056613,399.24528301886795
