TraitMin,TraitMax,TraitAvg,TraitStdev,TraitTotal
296.0,500.0,385.7628205128205,68.79183712975725,377.0
