SentiMin,SentiMax,SentiAvg,SentiStdev,Senti0-0.20,Senti0.21-0.40,Senti0.41-0.60,Senti0.61-0.80,Senti0.81-1.00,SentiTotal
4.624242891952531E-5,0.5498177618412997,0.1997041952170032,0.19735495651268853,6.0,3.0,2.0,0.0,0.0,3.230852595377487E-18