SentiMin,SentiMax,SentiAvg,SentiStdev,Senti0-0.20,Senti0.21-0.40,Senti0.41-0.60,Senti0.61-0.80,Senti0.81-1.00,SentiTotal
3.248169198003914E-4,0.49789225920557484,0.25646151174569604,0.1595511172130662,6.0,4.0,4.0,0.0,0.0,2.7650393411366525E-11