TimeMin,TimeMax,TimeAvg,TimeStdev,TimeTotal
520.0,3560.0,1656.4705882352941,890.1086594374511,28160.0
