SentiMin,SentiMax,SentiAvg,SentiStdev,Senti0-0.20,Senti0.21-0.40,Senti0.41-0.60,Senti0.61-0.80,Senti0.81-1.00,SentiTotal
0.010320231446011024,0.6254377119461758,0.3327268979893064,0.1707138287294406,1.0,6.0,1.0,1.0,0.0,4.020660675220029E-5