SentiMin,SentiMax,SentiAvg,SentiStdev,Senti0-0.20,Senti0.21-0.40,Senti0.41-0.60,Senti0.61-0.80,Senti0.81-1.00,SentiTotal
5.634013788221659E-4,0.49789225920557484,0.28503448189591096,0.15245635341045202,3.0,6.0,1.0,0.0,0.0,5.573287009752757E-8