SentiMin,SentiMax,SentiAvg,SentiStdev,Senti0-0.20,Senti0.21-0.40,Senti0.41-0.60,Senti0.61-0.80,Senti0.81-1.00,SentiTotal
0.007068147501035204,0.5879917222335896,0.24933982739074884,0.20871353402760057,4.0,1.0,3.0,0.0,0.0,5.418190960488763E-7