TraitMin,TraitMax,TraitAvg,TraitStdev,TraitTotal
180.0,1210.0,566.8627450980392,297.4586709101854,446.42857142857144
