TimeMin,TimeMax,TimeAvg,TimeStdev,TimeTotal
400.0,3400.0,1545.4545454545455,896.4207984723939,17000.0
