TraitMin,TraitMax,TraitAvg,TraitStdev,TraitTotal
155.0,1000.0,446.25252525252523,227.6571155689104,369.82456140350877
