SentiMin,SentiMax,SentiAvg,SentiStdev,Senti0-0.20,Senti0.21-0.40,Senti0.41-0.60,Senti0.61-0.80,Senti0.81-1.00,SentiTotal
0.013123434059469214,0.5629329037637746,0.2165627808421588,0.17594981100386622,8.0,3.0,3.0,0.0,0.0,1.2021156466793059E-11