TimeMin,TimeMax,TimeAvg,TimeStdev,TimeTotal
920.0,2160.0,1315.5555555555557,341.7312495420638,11840.0
