SentiMin,SentiMax,SentiAvg,SentiStdev,Senti0-0.20,Senti0.21-0.40,Senti0.41-0.60,Senti0.61-0.80,Senti0.81-1.00,SentiTotal
5.884638956861909E-4,0.45298206371660604,0.19356349431570036,0.16188198059919737,10.0,5.0,2.0,0.0,0.0,9.721735213699653E-20