SentiMin,SentiMax,SentiAvg,SentiStdev,Senti0-0.20,Senti0.21-0.40,Senti0.41-0.60,Senti0.61-0.80,Senti0.81-1.00,SentiTotal
5.555078737615677E-4,0.4898631585877994,0.17638800517233294,0.1610747371658482,9.0,5.0,2.0,0.0,0.0,1.6029541890908404E-17