TimeMin,TimeMax,TimeAvg,TimeStdev,TimeTotal
600.0,3160.0,1381.5384615384614,762.7666863146812,17960.0
