TimeMin,TimeMax,TimeAvg,TimeStdev,TimeTotal
520.0,3360.0,1553.3333333333333,748.4799410954325,18640.0
