TimeMin,TimeMax,TimeAvg,TimeStdev,TimeTotal
600.0,3320.0,1574.2857142857142,692.7555153743871,22040.0
