TraitMin,TraitMax,TraitAvg,TraitStdev,TraitTotal
186.66666666666666,1140.0,526.7619047619048,293.1653920399662,432.5
