TraitMin,TraitMax,TraitAvg,TraitStdev,TraitTotal
170.0,800.0,410.24999999999994,189.2614116624,292.6829268292683
