TraitMin,TraitMax,TraitAvg,TraitStdev,TraitTotal
115.55555555555556,660.0,316.5702075702075,167.30656442489737,268.05970149253733
