TraitMin,TraitMax,TraitAvg,TraitStdev,TraitTotal
205.71428571428572,874.2857142857143,464.4507422402159,175.87516692589617,417.14285714285717
