TraitMin,TraitMax,TraitAvg,TraitStdev,TraitTotal
280.0,1220.0,494.6666666666667,273.02502937765,396.3636363636364
