TraitMin,TraitMax,TraitAvg,TraitStdev,TraitTotal
262.85714285714283,1400.0,575.8441558441558,318.36090021770735,476.22641509433964
