TraitMin,TraitMax,TraitAvg,TraitStdev,TraitTotal
297.14285714285717,365.7142857142857,337.46031746031747,22.428071529719222,342.0
