TraitMin,TraitMax,TraitAvg,TraitStdev,TraitTotal
240.0,1213.3333333333333,549.6296296296297,332.1774196636953,476.1290322580645
