TraitMin,TraitMax,TraitAvg,TraitStdev,TraitTotal
373.3333333333333,1026.6666666666667,748.3333333333334,245.69063655110853,752.7272727272727
