SentiMin,SentiMax,SentiAvg,SentiStdev,Senti0-0.20,Senti0.21-0.40,Senti0.41-0.60,Senti0.61-0.80,Senti0.81-1.00,SentiTotal
0.15585040364727296,0.6021084663808389,0.4714671871630151,0.11622253027880684,1.0,0.0,7.0,1.0,0.0,0.21981514360115254