TraitMin,TraitMax,TraitAvg,TraitStdev,TraitTotal
400.0,680.0,561.6666666666666,114.37025642865174,546.6666666666666
