TimeMin,TimeMax,TimeAvg,TimeStdev,TimeTotal
1320.0,3240.0,2093.3333333333335,827.0966623611106,6280.0
