TimeMin,TimeMax,TimeAvg,TimeStdev,TimeTotal
520.0,2600.0,1093.3333333333333,706.7924416372572,6560.0
