SentiMin,SentiMax,SentiAvg,SentiStdev,Senti0-0.20,Senti0.21-0.40,Senti0.41-0.60,Senti0.61-0.80,Senti0.81-1.00,SentiTotal
0.06310389201013714,0.49789225920557484,0.34294216899724966,0.16111847459301426,1.0,4.0,5.0,0.0,0.0,4.326824486152524E-4