TimeMin,TimeMax,TimeAvg,TimeStdev,TimeTotal
400.0,6760.0,1883.6363636363637,1664.3823464100194,20720.0
