TraitMin,TraitMax,TraitAvg,TraitStdev,TraitTotal
280.0,730.0,498.7638888888889,148.79220987900882,520.0
