TraitMin,TraitMax,TraitAvg,TraitStdev,TraitTotal
320.0,660.0,465.33333333333337,126.72980882351415,413.3333333333333
