TraitMin,TraitMax,TraitAvg,TraitStdev,TraitTotal
360.0,720.0,537.7492877492878,139.5130281851867,518.6666666666666
