TimeMin,TimeMax,TimeAvg,TimeStdev,TimeTotal
480.0,2920.0,1170.6666666666667,688.4133125447887,17560.0
