TraitMin,TraitMax,TraitAvg,TraitStdev,TraitTotal
280.0,920.0,579.1428571428571,209.57161792224812,466.15384615384613
