TimeMin,TimeMax,TimeAvg,TimeStdev,TimeTotal
1600.0,6640.0,3262.8571428571427,1755.950815172829,22840.0
