TraitMin,TraitMax,TraitAvg,TraitStdev,TraitTotal
213.33333333333334,430.0,305.46031746031747,81.5707783898451,303.84615384615387
