TraitMin,TraitMax,TraitAvg,TraitStdev,TraitTotal
264.0,405.0,318.5555555555556,61.82192667075291,330.5263157894737
