TraitMin,TraitMax,TraitAvg,TraitStdev,TraitTotal
152.0,720.0,440.4222222222222,168.0952316800814,358.3673469387755
