TraitMin,TraitMax,TraitAvg,TraitStdev,TraitTotal
250.0,720.0,424.8484848484848,120.19650271693051,401.1111111111111
