SentiMin,SentiMax,SentiAvg,SentiStdev,Senti0-0.20,Senti0.21-0.40,Senti0.41-0.60,Senti0.61-0.80,Senti0.81-1.00,SentiTotal
0.0736401149528525,0.6824837810859113,0.44825338969928097,0.20779149219532952,2.0,0.0,4.0,2.0,0.0,0.06502224766630525