SentiMin,SentiMax,SentiAvg,SentiStdev,Senti0-0.20,Senti0.21-0.40,Senti0.41-0.60,Senti0.61-0.80,Senti0.81-1.00,SentiTotal
0.33082686214434415,0.8232975942751998,0.6312247526629056,0.16616342757199193,0.0,1.0,1.0,3.0,1.0,0.9730498353849938