TraitMin,TraitMax,TraitAvg,TraitStdev,TraitTotal
320.0,640.0,488.6666666666667,128.33290043217028,523.3333333333334
