TraitMin,TraitMax,TraitAvg,TraitStdev,TraitTotal
280.0,880.0,452.04545454545456,157.3768572777191,414.4
