TraitMin,TraitMax,TraitAvg,TraitStdev,TraitTotal
360.0,737.1428571428571,498.5578231292517,110.19710736309078,496.5217391304348
