TimeMin,TimeMax,TimeAvg,TimeStdev,TimeTotal
760.0,4400.0,2294.5454545454545,1079.969390444711,25240.0
