TraitMin,TraitMax,TraitAvg,TraitStdev,TraitTotal
260.0,1120.0,599.2169312169312,246.60939368099153,501.53846153846155
