TraitMin,TraitMax,TraitAvg,TraitStdev,TraitTotal
226.66666666666666,936.0,415.6714285714285,189.18949243781697,409.0566037735849
