TraitMin,TraitMax,TraitAvg,TraitStdev,TraitTotal
222.22222222222223,1880.0,594.6148148148148,398.0494145279398,485.14285714285717
