TraitMin,TraitMax,TraitAvg,TraitStdev,TraitTotal
360.0,973.3333333333334,581.7777777777778,239.791267255194,534.4
