SentiMin,SentiMax,SentiAvg,SentiStdev,Senti0-0.20,Senti0.21-0.40,Senti0.41-0.60,Senti0.61-0.80,Senti0.81-1.00,SentiTotal
0.1740105501457912,0.6824837810859113,0.480480985808144,0.13064655175464085,1.0,0.0,6.0,1.0,0.0,0.3134960551504499