TraitMin,TraitMax,TraitAvg,TraitStdev,TraitTotal
560.0,1000.0,718.4615384615385,173.13674179950004,625.0
