TraitMin,TraitMax,TraitAvg,TraitStdev,TraitTotal
220.0,880.0,510.0,224.72205054244233,429.5652173913044
