TraitMin,TraitMax,TraitAvg,TraitStdev,TraitTotal
300.0,840.0,477.07142857142856,165.04036302847686,412.1212121212121
