TimeMin,TimeMax,TimeAvg,TimeStdev,TimeTotal
400.0,2240.0,1312.7272727272727,531.9789966648702,14440.0
