TimeMin,TimeMax,TimeAvg,TimeStdev,TimeTotal
1520.0,5160.0,2633.3333333333335,1257.5991235507265,15800.0
