TraitMin,TraitMax,TraitAvg,TraitStdev,TraitTotal
213.33333333333334,880.0,482.87878787878793,195.55031245580014,408.375
