TimeMin,TimeMax,TimeAvg,TimeStdev,TimeTotal
720.0,8000.0,2593.3333333333335,2565.662141089941,15560.0
