SentiMin,SentiMax,SentiAvg,SentiStdev,Senti0-0.20,Senti0.21-0.40,Senti0.41-0.60,Senti0.61-0.80,Senti0.81-1.00,SentiTotal
0.34322267253793753,0.8232975942751998,0.5263482172725729,0.14431035065363362,0.0,1.0,4.0,0.0,1.0,0.7106033462385465