TimeMin,TimeMax,TimeAvg,TimeStdev,TimeTotal
640.0,5120.0,2497.777777777778,1616.5929727380892,22480.0
