SentiMin,SentiMax,SentiAvg,SentiStdev,Senti0-0.20,Senti0.21-0.40,Senti0.41-0.60,Senti0.61-0.80,Senti0.81-1.00,SentiTotal
0.016517874003409004,0.4898631585877994,0.24463864535524033,0.22013241349036303,2.0,0.0,2.0,0.0,0.0,4.562956463917914E-4