TraitMin,TraitMax,TraitAvg,TraitStdev,TraitTotal
177.77777777777777,760.0,372.5252525252525,162.27900687972556,271.7241379310345
