SentiMin,SentiMax,SentiAvg,SentiStdev,Senti0-0.20,Senti0.21-0.40,Senti0.41-0.60,Senti0.61-0.80,Senti0.81-1.00,SentiTotal
0.0011999519258194605,0.39697510199130176,0.24170816817000418,0.1759474308308053,5.0,8.0,0.0,0.0,0.0,4.247901761548258E-13