SentiMin,SentiMax,SentiAvg,SentiStdev,Senti0-0.20,Senti0.21-0.40,Senti0.41-0.60,Senti0.61-0.80,Senti0.81-1.00,SentiTotal
2.6590550409127155E-5,0.8896144846920543,0.22625675872583065,0.258976706787857,8.0,5.0,1.0,1.0,1.0,6.449623873604957E-22