TraitMin,TraitMax,TraitAvg,TraitStdev,TraitTotal
240.0,340.0,285.0,45.552167895721496,263.3333333333333
