TimeMin,TimeMax,TimeAvg,TimeStdev,TimeTotal
440.0,3360.0,1170.5263157894738,670.1882978466851,22240.0
