TraitMin,TraitMax,TraitAvg,TraitStdev,TraitTotal
170.0,520.0,293.56892230576443,89.72049725167471,258.6046511627907
