TraitMin,TraitMax,TraitAvg,TraitStdev,TraitTotal
164.44444444444446,800.0,391.7091503267974,151.7971117088786,313.73493975903614
