TraitMin,TraitMax,TraitAvg,TraitStdev,TraitTotal
176.0,920.0,324.1488095238095,170.51178455476958,265.18518518518516
