TimeMin,TimeMax,TimeAvg,TimeStdev,TimeTotal
440.0,3080.0,1083.076923076923,744.4500770097101,14080.0
