SentiMin,SentiMax,SentiAvg,SentiStdev,Senti0-0.20,Senti0.21-0.40,Senti0.41-0.60,Senti0.61-0.80,Senti0.81-1.00,SentiTotal
1.626116812473919E-6,0.48357347728475064,0.26258683394806676,0.1675800301123304,4.0,6.0,1.0,0.0,0.0,1.0937825706653083E-12