SentiMin,SentiMax,SentiAvg,SentiStdev,Senti0-0.20,Senti0.21-0.40,Senti0.41-0.60,Senti0.61-0.80,Senti0.81-1.00,SentiTotal
1.1988269141027164E-6,0.4509522088450872,0.16510410832063857,0.1784701000770897,13.0,3.0,4.0,0.0,0.0,1.078147942410996E-28