TraitMin,TraitMax,TraitAvg,TraitStdev,TraitTotal
145.71428571428572,600.0,380.95238095238096,138.72286955254236,276.078431372549
