SentiMin,SentiMax,SentiAvg,SentiStdev,Senti0-0.20,Senti0.21-0.40,Senti0.41-0.60,Senti0.61-0.80,Senti0.81-1.00,SentiTotal
0.0026305763378368465,0.39697510199130176,0.20692131982777195,0.1613049276558143,1.0,2.0,0.0,0.0,0.0,1.6695838940200067E-4