TraitMin,TraitMax,TraitAvg,TraitStdev,TraitTotal
500.0,1000.0,752.0,215.62931155109686,685.7142857142857
