TraitMin,TraitMax,TraitAvg,TraitStdev,TraitTotal
1005.925925925926,1306.6666666666667,1156.2962962962963,150.37037037037038,1081.111111111111
