SentiMin,SentiMax,SentiAvg,SentiStdev,Senti0-0.20,Senti0.21-0.40,Senti0.41-0.60,Senti0.61-0.80,Senti0.81-1.00,SentiTotal
4.497359122256059E-4,0.49789225920557484,0.20024980222744465,0.2197778741350837,3.0,0.0,2.0,0.0,0.0,3.686311524454891E-7