TraitMin,TraitMax,TraitAvg,TraitStdev,TraitTotal
500.0,1000.0,677.7777777777778,228.25153982415708,600.0
