SentiMin,SentiMax,SentiAvg,SentiStdev,Senti0-0.20,Senti0.21-0.40,Senti0.41-0.60,Senti0.61-0.80,Senti0.81-1.00,SentiTotal
5.49983354021157E-4,0.02400621559604681,0.009360038651361029,0.009019154976035441,5.0,0.0,0.0,0.0,0.0,2.392029646351657E-12