TraitMin,TraitMax,TraitAvg,TraitStdev,TraitTotal
329.2307692307692,1000.0,702.001998001998,274.40457384278085,557.5757575757576
