TraitMin,TraitMax,TraitAvg,TraitStdev,TraitTotal
248.88888888888889,248.88888888888889,248.88888888888889,0.0,248.88888888888889
