SentiMin,SentiMax,SentiAvg,SentiStdev,Senti0-0.20,Senti0.21-0.40,Senti0.41-0.60,Senti0.61-0.80,Senti0.81-1.00,SentiTotal
7.526198228546949E-6,5.539551428380097E-4,2.8074067053327834E-4,2.732144723047314E-4,2.0,0.0,0.0,0.0,0.0,4.2068372134152154E-9