SentiMin,SentiMax,SentiAvg,SentiStdev,Senti0-0.20,Senti0.21-0.40,Senti0.41-0.60,Senti0.61-0.80,Senti0.81-1.00,SentiTotal
4.3180662234435017E-4,0.06397330105830708,0.032202553840325714,0.031770747217981364,2.0,0.0,0.0,0.0,0.0,2.9773919268429354E-5