TraitMin,TraitMax,TraitAvg,TraitStdev,TraitTotal
274.2857142857143,370.90909090909093,322.5974025974026,48.31168831168833,333.3333333333333
