SentiMin,SentiMax,SentiAvg,SentiStdev,Senti0-0.20,Senti0.21-0.40,Senti0.41-0.60,Senti0.61-0.80,Senti0.81-1.00,SentiTotal
0.20128864428733773,0.6959033095314103,0.42133350339589953,0.1286023001287499,0.0,6.0,7.0,1.0,0.0,0.00897746937524961