SentiMin,SentiMax,SentiAvg,SentiStdev,Senti0-0.20,Senti0.21-0.40,Senti0.41-0.60,Senti0.61-0.80,Senti0.81-1.00,SentiTotal
0.21921412548362115,0.6959033095314103,0.3669616559648913,0.1454281086995829,0.0,8.0,4.0,1.0,0.0,1.606671226146994E-4