SentiMin,SentiMax,SentiAvg,SentiStdev,Senti0-0.20,Senti0.21-0.40,Senti0.41-0.60,Senti0.61-0.80,Senti0.81-1.00,SentiTotal
8.364328863766395E-4,0.6959033095314103,0.30975386586527137,0.22277550906353852,5.0,5.0,3.0,2.0,0.0,1.9310308197420486E-10