TimeMin,TimeMax,TimeAvg,TimeStdev,TimeTotal
1000.0,2000.0,1571.4285714285713,494.87165930539356,11000.0
