SentiMin,SentiMax,SentiAvg,SentiStdev,Senti0-0.20,Senti0.21-0.40,Senti0.41-0.60,Senti0.61-0.80,Senti0.81-1.00,SentiTotal
0.13070613108771204,0.49789225920557484,0.3917635121446266,0.1230891917765933,1.0,4.0,7.0,0.0,0.0,1.1111608069197814E-4