TraitMin,TraitMax,TraitAvg,TraitStdev,TraitTotal
166.66666666666666,1000.0,471.5811965811966,305.583048192366,301.58730158730157
