TraitMin,TraitMax,TraitAvg,TraitStdev,TraitTotal
333.3333333333333,1000.0,690.4761904761906,273.5506022160966,555.5555555555555
