SentiMin,SentiMax,SentiAvg,SentiStdev,Senti0-0.20,Senti0.21-0.40,Senti0.41-0.60,Senti0.61-0.80,Senti0.81-1.00,SentiTotal
6.310490964279034E-4,0.6959033095314103,0.2780647403442708,0.23783107187180452,5.0,3.0,3.0,2.0,0.0,8.392399959535575E-12