TraitMin,TraitMax,TraitAvg,TraitStdev,TraitTotal
166.66666666666666,1000.0,541.0922410922411,324.78604889820105,340.4255319148936
