SentiMin,SentiMax,SentiAvg,SentiStdev,Senti0-0.20,Senti0.21-0.40,Senti0.41-0.60,Senti0.61-0.80,Senti0.81-1.00,SentiTotal
0.2110909640982914,0.6959033095314103,0.4313633122686667,0.15937024438225988,0.0,3.0,3.0,1.0,0.0,0.1050486256994889