SentiMin,SentiMax,SentiAvg,SentiStdev,Senti0-0.20,Senti0.21-0.40,Senti0.41-0.60,Senti0.61-0.80,Senti0.81-1.00,SentiTotal
0.21921412548362115,0.6959033095314103,0.45440041825572064,0.13384232061151782,0.0,4.0,3.0,1.0,0.0,0.17849078385274836