TraitMin,TraitMax,TraitAvg,TraitStdev,TraitTotal
285.7142857142857,1000.0,612.2448979591837,270.7876086734033,500.0
