TimeMin,TimeMax,TimeAvg,TimeStdev,TimeTotal
1000.0,3000.0,1461.5384615384614,745.7969011409735,19000.0
