TraitMin,TraitMax,TraitAvg,TraitStdev,TraitTotal
124.33333333333333,2000.0,727.9285714285714,461.3149627943572,545.7666666666667
