TraitMin,TraitMax,TraitAvg,TraitStdev,TraitTotal
166.66666666666666,1000.0,496.8253968253968,318.1183656009628,315.7894736842105
