TimeMin,TimeMax,TimeAvg,TimeStdev,TimeTotal
1000.0,2000.0,1230.7692307692307,421.32504423474313,16000.0
