TimeMin,TimeMax,TimeAvg,TimeStdev,TimeTotal
640.0,6040.0,2272.7272727272725,1577.6454890932241,25000.0
