TraitMin,TraitMax,TraitAvg,TraitStdev,TraitTotal
342.85714285714283,760.0,521.031746031746,135.02118102270822,460.0
