TimeMin,TimeMax,TimeAvg,TimeStdev,TimeTotal
440.0,6840.0,2471.1111111111113,1818.109179244833,22240.0
