TraitMin,TraitMax,TraitAvg,TraitStdev,TraitTotal
290.0,866.6666666666666,533.2952380952381,158.48152578015342,513.0434782608696
