SentiMin,SentiMax,SentiAvg,SentiStdev,Senti0-0.20,Senti0.21-0.40,Senti0.41-0.60,Senti0.61-0.80,Senti0.81-1.00,SentiTotal
2.1054885975483023E-5,0.42507619662732005,0.17962726122599462,0.14192894338081488,8.0,3.0,2.0,0.0,0.0,3.873846485399018E-15