TraitMin,TraitMax,TraitAvg,TraitStdev,TraitTotal
300.0,2320.0,783.016983016983,563.1033502471894,555.5555555555555
