TraitMin,TraitMax,TraitAvg,TraitStdev,TraitTotal
400.0,1200.0,823.2142857142858,321.6291922409832,758.5714285714286
