TraitMin,TraitMax,TraitAvg,TraitStdev,TraitTotal
264.0,684.0,511.8518518518518,125.17790905876218,529.5238095238095
