SentiMin,SentiMax,SentiAvg,SentiStdev,Senti0-0.20,Senti0.21-0.40,Senti0.41-0.60,Senti0.61-0.80,Senti0.81-1.00,SentiTotal
0.008220904029537898,0.5316072455224707,0.2535120860299238,0.19041058592759244,3.0,3.0,2.0,0.0,0.0,2.312783708859985E-6