TraitMin,TraitMax,TraitAvg,TraitStdev,TraitTotal
330.0,1580.0,712.5,419.3670826376338,606.6666666666666
