TraitMin,TraitMax,TraitAvg,TraitStdev,TraitTotal
297.14285714285717,2060.0,713.3699633699633,501.7817012267133,563.6363636363636
