TimeMin,TimeMax,TimeAvg,TimeStdev,TimeTotal
1120.0,4920.0,2384.6153846153848,1183.115934137254,31000.0
