TraitMin,TraitMax,TraitAvg,TraitStdev,TraitTotal
373.3333333333333,800.0,530.8333333333334,136.20603266130811,514.0
