TraitMin,TraitMax,TraitAvg,TraitStdev,TraitTotal
353.84615384615387,1072.0,632.7948717948718,269.53454291145175,566.4516129032259
