SentiMin,SentiMax,SentiAvg,SentiStdev,Senti0-0.20,Senti0.21-0.40,Senti0.41-0.60,Senti0.61-0.80,Senti0.81-1.00,SentiTotal
2.2844047712373478E-5,0.14921002678623477,0.03979372615786112,0.06321883551702456,4.0,0.0,0.0,0.0,0.0,8.680113304524056E-11