TraitMin,TraitMax,TraitAvg,TraitStdev,TraitTotal
209.23076923076923,1480.0,465.77187627187624,329.15622642351906,341.6666666666667
