SentiMin,SentiMax,SentiAvg,SentiStdev,Senti0-0.20,Senti0.21-0.40,Senti0.41-0.60,Senti0.61-0.80,Senti0.81-1.00,SentiTotal
2.6438181439959155E-4,0.9922199639957651,0.27355104077394027,0.31206319653189285,14.0,3.0,4.0,0.0,3.0,1.3204366717186056E-21