SentiMin,SentiMax,SentiAvg,SentiStdev,Senti0-0.20,Senti0.21-0.40,Senti0.41-0.60,Senti0.61-0.80,Senti0.81-1.00,SentiTotal
5.713093948860539E-4,0.31820487300311295,0.10660055663756053,0.14962696191493635,2.0,1.0,0.0,0.0,0.0,2.7852964129401404E-7