TraitMin,TraitMax,TraitAvg,TraitStdev,TraitTotal
188.0,1000.0,380.85088245088247,177.2444911022045,335.7241379310345
