TraitMin,TraitMax,TraitAvg,TraitStdev,TraitTotal
176.0,1000.0,351.93108620339734,173.70690121576024,293.77777777777777
