SentiMin,SentiMax,SentiAvg,SentiStdev,Senti0-0.20,Senti0.21-0.40,Senti0.41-0.60,Senti0.61-0.80,Senti0.81-1.00,SentiTotal
3.0676983900853886E-5,0.5782466775548307,0.18827279470421102,0.1852434468261015,7.0,3.0,2.0,0.0,0.0,6.601527016246989E-16