TraitMin,TraitMax,TraitAvg,TraitStdev,TraitTotal
193.33333333333334,1000.0,492.5925925925926,360.7141217648729,295.0
