SentiMin,SentiMax,SentiAvg,SentiStdev,Senti0-0.20,Senti0.21-0.40,Senti0.41-0.60,Senti0.61-0.80,Senti0.81-1.00,SentiTotal
1.5958209714800717E-5,0.39697510199130176,0.08835617384297458,0.12265146885999839,19.0,4.0,0.0,0.0,0.0,1.0035318338220493E-44