TimeMin,TimeMax,TimeAvg,TimeStdev,TimeTotal
720.0,5520.0,2299.1304347826085,1220.2277515265187,52880.0
