TimeMin,TimeMax,TimeAvg,TimeStdev,TimeTotal
1000.0,7520.0,2564.2105263157896,1503.7858042794373,48720.0
