SentiMin,SentiMax,SentiAvg,SentiStdev,Senti0-0.20,Senti0.21-0.40,Senti0.41-0.60,Senti0.61-0.80,Senti0.81-1.00,SentiTotal
9.884061998224518E-4,0.49789225920557484,0.32271111740712877,0.19137127206069543,2.0,2.0,3.0,0.0,0.0,2.3400044370137853E-5