TraitMin,TraitMax,TraitAvg,TraitStdev,TraitTotal
182.85714285714286,1000.0,720.7142857142857,320.3593326888048,432.72727272727275
