TraitMin,TraitMax,TraitAvg,TraitStdev,TraitTotal
111.11111111111111,1280.0,480.64761904761906,290.80172646534675,346.32911392405066
