TraitMin,TraitMax,TraitAvg,TraitStdev,TraitTotal
200.0,670.0,347.77777777777777,136.51866421486972,333.6842105263158
