TraitMin,TraitMax,TraitAvg,TraitStdev,TraitTotal
71.11111111111111,1000.0,373.7592592592593,238.24164615279003,292.7536231884058
