TimeMin,TimeMax,TimeAvg,TimeStdev,TimeTotal
1000.0,2960.0,1913.3333333333333,856.4785785736591,11480.0
