TraitMin,TraitMax,TraitAvg,TraitStdev,TraitTotal
189.0909090909091,1000.0,422.2762746512746,204.88504056814307,326.92913385826773
