TimeMin,TimeMax,TimeAvg,TimeStdev,TimeTotal
680.0,1520.0,1165.7142857142858,248.81761208088278,8160.0
