TraitMin,TraitMax,TraitAvg,TraitStdev,TraitTotal
350.0,700.0,495.83333333333337,130.24282876398394,466.6666666666667
