SentiMin,SentiMax,SentiAvg,SentiStdev,Senti0-0.20,Senti0.21-0.40,Senti0.41-0.60,Senti0.61-0.80,Senti0.81-1.00,SentiTotal
6.354878174591113E-6,0.7889642849578861,0.12763671609576485,0.2159446226349264,15.0,1.0,2.0,1.0,0.0,1.7747354738370308E-39