SentiMin,SentiMax,SentiAvg,SentiStdev,Senti0-0.20,Senti0.21-0.40,Senti0.41-0.60,Senti0.61-0.80,Senti0.81-1.00,SentiTotal
0.051672512921283026,0.3753587430387689,0.19703294503741833,0.11979686260987357,2.0,2.0,0.0,0.0,0.0,0.0015340671933049127