SentiMin,SentiMax,SentiAvg,SentiStdev,Senti0-0.20,Senti0.21-0.40,Senti0.41-0.60,Senti0.61-0.80,Senti0.81-1.00,SentiTotal
1.6240267754377897E-4,0.49789225920557484,0.09690663272523933,0.1275236963540207,18.0,1.0,1.0,0.0,0.0,5.297555676401347E-31