TraitMin,TraitMax,TraitAvg,TraitStdev,TraitTotal
162.66666666666666,1040.0,441.935123356176,265.54410997492846,333.6986301369863
