TraitMin,TraitMax,TraitAvg,TraitStdev,TraitTotal
177.14285714285714,1000.0,449.26190476190476,246.21171617872588,326.6019417475728
