SentiMin,SentiMax,SentiAvg,SentiStdev,Senti0-0.20,Senti0.21-0.40,Senti0.41-0.60,Senti0.61-0.80,Senti0.81-1.00,SentiTotal
0.002897636514135494,0.49789225920557484,0.12610299734312427,0.17898688807534985,5.0,0.0,1.0,0.0,0.0,6.419671691050396E-10