TimeMin,TimeMax,TimeAvg,TimeStdev,TimeTotal
1000.0,2560.0,1573.3333333333333,700.7297783184487,4720.0
