SentiMin,SentiMax,SentiAvg,SentiStdev,Senti0-0.20,Senti0.21-0.40,Senti0.41-0.60,Senti0.61-0.80,Senti0.81-1.00,SentiTotal
0.021157729620959735,0.5628056929000496,0.26250808057411557,0.17012325355601385,2.0,4.0,2.0,0.0,0.0,2.918345218285304E-6