TraitMin,TraitMax,TraitAvg,TraitStdev,TraitTotal
190.0,1000.0,540.4761904761905,262.1185274813278,370.90909090909093
