SentiMin,SentiMax,SentiAvg,SentiStdev,Senti0-0.20,Senti0.21-0.40,Senti0.41-0.60,Senti0.61-0.80,Senti0.81-1.00,SentiTotal
0.0018194187614436585,0.9998913996007868,0.35164838693684164,0.3012571614873235,7.0,2.0,3.0,1.0,2.0,2.6573792843380514E-4