TimeMin,TimeMax,TimeAvg,TimeStdev,TimeTotal
480.0,3080.0,1606.6666666666667,693.7498748748636,28920.0
