SentiMin,SentiMax,SentiAvg,SentiStdev,Senti0-0.20,Senti0.21-0.40,Senti0.41-0.60,Senti0.61-0.80,Senti0.81-1.00,SentiTotal
6.488711262012284E-7,0.9996302883341628,0.28977653323573577,0.32192546776317127,10.0,4.0,2.0,0.0,3.0,4.851385653298665E-15