TraitMin,TraitMax,TraitAvg,TraitStdev,TraitTotal
168.0,1040.0,420.48717948717956,264.499741178508,279.1489361702128
