TraitMin,TraitMax,TraitAvg,TraitStdev,TraitTotal
216.0,1040.0,450.73526473526476,230.12428092982364,372.1212121212121
