TimeMin,TimeMax,TimeAvg,TimeStdev,TimeTotal
680.0,4360.0,1729.2307692307693,944.90098413669,22480.0
