SentiMin,SentiMax,SentiAvg,SentiStdev,Senti0-0.20,Senti0.21-0.40,Senti0.41-0.60,Senti0.61-0.80,Senti0.81-1.00,SentiTotal
3.456874664385629E-4,0.999164352430556,0.23432646827747514,0.3461427205927357,12.0,2.0,1.0,0.0,3.0,1.5880121206405823E-19