TraitMin,TraitMax,TraitAvg,TraitStdev,TraitTotal
217.5,950.0,387.96486846486846,179.77817062945365,341.26582278481015
