SentiMin,SentiMax,SentiAvg,SentiStdev,Senti0-0.20,Senti0.21-0.40,Senti0.41-0.60,Senti0.61-0.80,Senti0.81-1.00,SentiTotal
5.866714516013339E-7,0.5346180209913838,0.21924671397137496,0.19759446237749978,8.0,2.0,3.0,0.0,0.0,9.611771349293849E-20