TimeMin,TimeMax,TimeAvg,TimeStdev,TimeTotal
480.0,4920.0,2077.777777777778,1261.3553361169156,37400.0
