TraitMin,TraitMax,TraitAvg,TraitStdev,TraitTotal
160.0,1240.0,399.24897324897324,266.7253788395492,352.258064516129
