SentiMin,SentiMax,SentiAvg,SentiStdev,Senti0-0.20,Senti0.21-0.40,Senti0.41-0.60,Senti0.61-0.80,Senti0.81-1.00,SentiTotal
3.2799876718135775E-4,0.9993808428651104,0.35658514243398653,0.2919603393726875,4.0,5.0,1.0,2.0,1.0,1.252971468891703E-7