SentiMin,SentiMax,SentiAvg,SentiStdev,Senti0-0.20,Senti0.21-0.40,Senti0.41-0.60,Senti0.61-0.80,Senti0.81-1.00,SentiTotal
1.2922497477099069E-5,0.8380317415700772,0.12267189689652476,0.232649074657045,10.0,1.0,0.0,0.0,1.0,1.353334821914022E-27