TraitMin,TraitMax,TraitAvg,TraitStdev,TraitTotal
148.0,1000.0,479.3673469387755,277.5205916526635,309.4736842105263
