TraitMin,TraitMax,TraitAvg,TraitStdev,TraitTotal
171.42857142857142,1000.0,457.9014202172097,214.69038231807477,362.0869565217391
