TimeMin,TimeMax,TimeAvg,TimeStdev,TimeTotal
520.0,3680.0,1889.2307692307693,993.6603779690333,24560.0
