SentiMin,SentiMax,SentiAvg,SentiStdev,Senti0-0.20,Senti0.21-0.40,Senti0.41-0.60,Senti0.61-0.80,Senti0.81-1.00,SentiTotal
4.433482918142482E-5,0.7300840865009319,0.16714811421872391,0.2215215597875868,10.0,3.0,0.0,2.0,0.0,1.908433155659476E-23