TraitMin,TraitMax,TraitAvg,TraitStdev,TraitTotal
146.66666666666666,666.6666666666666,354.1644042232278,131.21105642160978,303.7837837837838
