TraitMin,TraitMax,TraitAvg,TraitStdev,TraitTotal
145.0,540.0,264.79268879268875,103.91705516555292,231.36
