TimeMin,TimeMax,TimeAvg,TimeStdev,TimeTotal
360.0,3920.0,1738.6666666666667,1152.9317219833774,26080.0
