TraitMin,TraitMax,TraitAvg,TraitStdev,TraitTotal
116.0,500.0,295.30039894745784,111.40259077975253,268.42105263157896
