TraitMin,TraitMax,TraitAvg,TraitStdev,TraitTotal
200.0,440.0,304.6905982905983,64.98661828908568,298.9010989010989
