SentiMin,SentiMax,SentiAvg,SentiStdev,Senti0-0.20,Senti0.21-0.40,Senti0.41-0.60,Senti0.61-0.80,Senti0.81-1.00,SentiTotal
0.006069039591920878,0.9938523104670189,0.35750715149085094,0.3589476498083801,6.0,1.0,2.0,2.0,2.0,8.236307705353027E-8