TraitMin,TraitMax,TraitAvg,TraitStdev,TraitTotal
280.0,800.0,520.6060606060606,167.60835893078564,454.2857142857143
