TraitMin,TraitMax,TraitAvg,TraitStdev,TraitTotal
330.0,920.0,584.3790849673202,219.0348695587481,440.0
