TimeMin,TimeMax,TimeAvg,TimeStdev,TimeTotal
27.0,1480.0,938.0588235294117,337.595732930281,15947.0
