TimeMin,TimeMax,TimeAvg,TimeStdev,TimeTotal
640.0,4760.0,2205.714285714286,1343.3312233065246,15440.0
