SentiMin,SentiMax,SentiAvg,SentiStdev,Senti0-0.20,Senti0.21-0.40,Senti0.41-0.60,Senti0.61-0.80,Senti0.81-1.00,SentiTotal
0.0013425382477513608,0.8433911604123919,0.2810061248847558,0.2582387724224554,5.0,2.0,2.0,0.0,1.0,2.893355355535973E-9