TimeMin,TimeMax,TimeAvg,TimeStdev,TimeTotal
480.0,2120.0,1231.4285714285713,465.29341192807954,17240.0
