TimeMin,TimeMax,TimeAvg,TimeStdev,TimeTotal
520.0,2560.0,1355.5555555555557,555.0397605599703,12200.0
