TimeMin,TimeMax,TimeAvg,TimeStdev,TimeTotal
480.0,2480.0,1168.5714285714287,661.2850816279416,16360.0
