TraitMin,TraitMax,TraitAvg,TraitStdev,TraitTotal
226.66666666666666,680.0,359.3333333333333,164.01083975016883,281.7391304347826
