SentiMin,SentiMax,SentiAvg,SentiStdev,Senti0-0.20,Senti0.21-0.40,Senti0.41-0.60,Senti0.61-0.80,Senti0.81-1.00,SentiTotal
0.00294645666176463,0.6323720940364075,0.26009917493127055,0.1904952611726116,5.0,5.0,2.0,1.0,0.0,4.2567362884442246E-10