TraitMin,TraitMax,TraitAvg,TraitStdev,TraitTotal
213.33333333333334,920.0,452.7142857142857,198.0910925179072,379.1304347826087
