SentiMin,SentiMax,SentiAvg,SentiStdev,Senti0-0.20,Senti0.21-0.40,Senti0.41-0.60,Senti0.61-0.80,Senti0.81-1.00,SentiTotal
0.013956817316337381,0.6238585349294921,0.41718222582259407,0.21499723385346714,1.0,0.0,3.0,1.0,0.0,0.019338513461304364