SentiMin,SentiMax,SentiAvg,SentiStdev,Senti0-0.20,Senti0.21-0.40,Senti0.41-0.60,Senti0.61-0.80,Senti0.81-1.00,SentiTotal
1.018774670383036E-4,0.43796879524747484,0.2737792513612437,0.1367725873779478,3.0,7.0,3.0,0.0,0.0,1.060408359210367E-9