TraitMin,TraitMax,TraitAvg,TraitStdev,TraitTotal
248.88888888888889,960.0,546.8934240362811,224.30017874320552,399.0243902439024
