TraitMin,TraitMax,TraitAvg,TraitStdev,TraitTotal
253.33333333333334,660.0,459.0,135.12175579413142,363.42857142857144
