SentiMin,SentiMax,SentiAvg,SentiStdev,Senti0-0.20,Senti0.21-0.40,Senti0.41-0.60,Senti0.61-0.80,Senti0.81-1.00,SentiTotal
8.875827184107644E-5,0.49789225920557484,0.13963801709130647,0.18401601914558036,9.0,1.0,3.0,0.0,0.0,1.9846646778934476E-21