TimeMin,TimeMax,TimeAvg,TimeStdev,TimeTotal
880.0,3400.0,1593.3333333333333,870.0702398210285,9560.0
