SentiMin,SentiMax,SentiAvg,SentiStdev,Senti0-0.20,Senti0.21-0.40,Senti0.41-0.60,Senti0.61-0.80,Senti0.81-1.00,SentiTotal
6.972500863051417E-7,0.5994534969101798,0.21673531108778768,0.23413014108745797,4.0,1.0,2.0,0.0,0.0,4.9490948338145746E-12