TraitMin,TraitMax,TraitAvg,TraitStdev,TraitTotal
240.0,880.0,412.9206349206349,173.67929019541035,396.22641509433964
