SentiMin,SentiMax,SentiAvg,SentiStdev,Senti0-0.20,Senti0.21-0.40,Senti0.41-0.60,Senti0.61-0.80,Senti0.81-1.00,SentiTotal
0.01223715213196759,0.8331315989873928,0.4415681902437884,0.28259009841523025,2.0,2.0,2.0,2.0,1.0,0.004912855122600518