SentiMin,SentiMax,SentiAvg,SentiStdev,Senti0-0.20,Senti0.21-0.40,Senti0.41-0.60,Senti0.61-0.80,Senti0.81-1.00,SentiTotal
5.252088918883944E-6,0.6168405620472643,0.15009213780932604,0.17903398494632394,8.0,4.0,0.0,1.0,0.0,1.262934205578455E-21