SentiMin,SentiMax,SentiAvg,SentiStdev,Senti0-0.20,Senti0.21-0.40,Senti0.41-0.60,Senti0.61-0.80,Senti0.81-1.00,SentiTotal
9.546871984030731E-4,0.43796879524747484,0.18927563816531007,0.13669984738448224,5.0,4.0,1.0,0.0,0.0,1.264018040474188E-9