SentiMin,SentiMax,SentiAvg,SentiStdev,Senti0-0.20,Senti0.21-0.40,Senti0.41-0.60,Senti0.61-0.80,Senti0.81-1.00,SentiTotal
2.1794557623795412E-4,0.43796879524747484,0.20578800948121692,0.15993334602863238,2.0,3.0,1.0,0.0,0.0,1.1310986687533003E-7