TimeMin,TimeMax,TimeAvg,TimeStdev,TimeTotal
760.0,4320.0,1790.7692307692307,1137.78774239555,23280.0
