TraitMin,TraitMax,TraitAvg,TraitStdev,TraitTotal
245.71428571428572,1040.0,511.14285714285717,281.474833036016,379.04761904761904
