SentiMin,SentiMax,SentiAvg,SentiStdev,Senti0-0.20,Senti0.21-0.40,Senti0.41-0.60,Senti0.61-0.80,Senti0.81-1.00,SentiTotal
0.023716372585484598,0.43796879524747484,0.2426705653638945,0.12110711830435836,4.0,6.0,1.0,0.0,0.0,1.689026220449345E-8