SentiMin,SentiMax,SentiAvg,SentiStdev,Senti0-0.20,Senti0.21-0.40,Senti0.41-0.60,Senti0.61-0.80,Senti0.81-1.00,SentiTotal
1.202060281349436E-4,0.8872229523865863,0.27893254210033236,0.25652442504154166,7.0,2.0,4.0,0.0,1.0,4.181401537621377E-12