SentiMin,SentiMax,SentiAvg,SentiStdev,Senti0-0.20,Senti0.21-0.40,Senti0.41-0.60,Senti0.61-0.80,Senti0.81-1.00,SentiTotal
4.328212108663175E-4,0.19850612722622302,0.03488199764420057,0.054658034857191486,11.0,0.0,0.0,0.0,0.0,7.578180697148549E-22