TraitMin,TraitMax,TraitAvg,TraitStdev,TraitTotal
230.76923076923077,840.0,483.3566433566434,198.88252731298326,376.5853658536585
