TraitMin,TraitMax,TraitAvg,TraitStdev,TraitTotal
250.0,600.0,411.87500000000006,114.17407974716114,461.96078431372547
