TraitMin,TraitMax,TraitAvg,TraitStdev,TraitTotal
220.0,840.0,487.6699539776463,235.44631548555017,342.2950819672131
