TraitMin,TraitMax,TraitAvg,TraitStdev,TraitTotal
200.0,1000.0,549.8484848484849,276.5977045719505,429.7674418604651
