TraitMin,TraitMax,TraitAvg,TraitStdev,TraitTotal
280.0,920.0,579.4871794871796,215.74694797871462,418.1818181818182
