TraitMin,TraitMax,TraitAvg,TraitStdev,TraitTotal
27.0,1120.0,519.0,260.5719199956052,408.8974358974359
