SentiMin,SentiMax,SentiAvg,SentiStdev,Senti0-0.20,Senti0.21-0.40,Senti0.41-0.60,Senti0.61-0.80,Senti0.81-1.00,SentiTotal
9.274674236643435E-4,0.7002062515138935,0.314981121985406,0.194337542524615,2.0,6.0,1.0,1.0,0.0,1.5132165471122274E-6