TraitMin,TraitMax,TraitAvg,TraitStdev,TraitTotal
217.14285714285714,1440.0,566.4259074259073,338.3339077143786,408.42105263157896
