SentiMin,SentiMax,SentiAvg,SentiStdev,Senti0-0.20,Senti0.21-0.40,Senti0.41-0.60,Senti0.61-0.80,Senti0.81-1.00,SentiTotal
0.39697510199130176,0.9111476339467693,0.6600376110673952,0.19049978460965242,0.0,1.0,1.0,2.0,1.0,0.9928914832696435