SentiMin,SentiMax,SentiAvg,SentiStdev,Senti0-0.20,Senti0.21-0.40,Senti0.41-0.60,Senti0.61-0.80,Senti0.81-1.00,SentiTotal
1.6732354272885807E-4,0.9225570268368554,0.34987222792241623,0.2814207086919622,3.0,3.0,2.0,2.0,1.0,2.9850306780770206E-10