TimeMin,TimeMax,TimeAvg,TimeStdev,TimeTotal
920.0,9240.0,2683.076923076923,2044.9990957883447,34880.0
