TimeMin,TimeMax,TimeAvg,TimeStdev,TimeTotal
560.0,3720.0,1606.1538461538462,963.4356667799199,20880.0
