TraitMin,TraitMax,TraitAvg,TraitStdev,TraitTotal
234.28571428571428,1720.0,508.4021164021164,436.9085348574089,369.6969696969697
