TraitMin,TraitMax,TraitAvg,TraitStdev,TraitTotal
191.11111111111111,960.0,467.5859788359788,323.83530542453616,258.3783783783784
