TimeMin,TimeMax,TimeAvg,TimeStdev,TimeTotal
480.0,2720.0,1156.3636363636363,688.2820870870886,12720.0
