TraitMin,TraitMax,TraitAvg,TraitStdev,TraitTotal
222.85714285714286,760.0,345.88351042896494,145.20372939347442,352.72727272727275
