TimeMin,TimeMax,TimeAvg,TimeStdev,TimeTotal
680.0,2520.0,1061.5384615384614,533.1163266600257,13800.0
