TraitMin,TraitMax,TraitAvg,TraitStdev,TraitTotal
164.44444444444446,1000.0,524.6202844774273,277.3040989025925,361.25
