TraitMin,TraitMax,TraitAvg,TraitStdev,TraitTotal
260.0,1000.0,612.3809523809524,331.39791867008796,407.5
