SentiMin,SentiMax,SentiAvg,SentiStdev,Senti0-0.20,Senti0.21-0.40,Senti0.41-0.60,Senti0.61-0.80,Senti0.81-1.00,SentiTotal
0.0815790130633993,0.46960625996150274,0.3093257901912869,0.1654389374868974,1.0,1.0,1.0,0.0,0.0,0.040207207057217954