TraitMin,TraitMax,TraitAvg,TraitStdev,TraitTotal
253.33333333333334,1000.0,529.9999999999999,256.5454259104137,448.0
