TraitMin,TraitMax,TraitAvg,TraitStdev,TraitTotal
233.33333333333334,1300.0,526.9478182636078,299.6765249783363,400.0
