SentiMin,SentiMax,SentiAvg,SentiStdev,Senti0-0.20,Senti0.21-0.40,Senti0.41-0.60,Senti0.61-0.80,Senti0.81-1.00,SentiTotal
0.034132558532412025,0.4737554465528978,0.30054841231747176,0.16227160229978044,1.0,2.0,2.0,0.0,0.0,0.0036694055270242603