TimeMin,TimeMax,TimeAvg,TimeStdev,TimeTotal
960.0,3360.0,1665.7142857142858,677.4080252352057,23320.0
