TraitMin,TraitMax,TraitAvg,TraitStdev,TraitTotal
296.0,1200.0,632.0,403.8745679869762,423.3333333333333
