SentiMin,SentiMax,SentiAvg,SentiStdev,Senti0-0.20,Senti0.21-0.40,Senti0.41-0.60,Senti0.61-0.80,Senti0.81-1.00,SentiTotal
0.10257850447305794,0.5425813081463245,0.3822698927256405,0.12204612640462897,1.0,6.0,3.0,0.0,0.0,0.004813963494115719