TraitMin,TraitMax,TraitAvg,TraitStdev,TraitTotal
250.0,1000.0,565.5555555555555,297.5615182493481,390.0
