SentiMin,SentiMax,SentiAvg,SentiStdev,Senti0-0.20,Senti0.21-0.40,Senti0.41-0.60,Senti0.61-0.80,Senti0.81-1.00,SentiTotal
0.07792317904374531,0.08048765384579967,0.0792054164447725,0.0012822374010271823,2.0,0.0,0.0,0.0,0.0,0.0074046585329920495