TraitMin,TraitMax,TraitAvg,TraitStdev,TraitTotal
148.57142857142858,1000.0,426.67195767195767,199.18405610343743,348.2352941176471
