TimeMin,TimeMax,TimeAvg,TimeStdev,TimeTotal
1000.0,3560.0,2252.6315789473683,810.151656402177,42800.0
