SentiMin,SentiMax,SentiAvg,SentiStdev,Senti0-0.20,Senti0.21-0.40,Senti0.41-0.60,Senti0.61-0.80,Senti0.81-1.00,SentiTotal
0.04085958026948048,0.6921459309296395,0.27021112686776416,0.21826042823163172,9.0,3.0,4.0,2.0,0.0,3.605068708296946E-11