TimeMin,TimeMax,TimeAvg,TimeStdev,TimeTotal
600.0,2520.0,1315.5555555555557,435.71425680168755,23680.0
