SentiMin,SentiMax,SentiAvg,SentiStdev,Senti0-0.20,Senti0.21-0.40,Senti0.41-0.60,Senti0.61-0.80,Senti0.81-1.00,SentiTotal
0.004250105458381847,0.6921459309296395,0.3483072456912767,0.34383871993674336,2.0,0.0,0.0,2.0,0.0,1.0419120753702928E-4