TraitMin,TraitMax,TraitAvg,TraitStdev,TraitTotal
306.6666666666667,1000.0,672.0,280.39337446602485,495.38461538461536
