SentiMin,SentiMax,SentiAvg,SentiStdev,Senti0-0.20,Senti0.21-0.40,Senti0.41-0.60,Senti0.61-0.80,Senti0.81-1.00,SentiTotal
0.02286847212891141,0.6921459309296395,0.36242337182892703,0.1825709884720784,3.0,7.0,4.0,2.0,0.0,2.9686820016471885E-6