TimeMin,TimeMax,TimeAvg,TimeStdev,TimeTotal
1000.0,3200.0,1651.4285714285713,712.2485234689318,23120.0
