TraitMin,TraitMax,TraitAvg,TraitStdev,TraitTotal
226.66666666666666,620.0,446.66666666666663,176.44640357154728,338.94736842105266
