SentiMin,SentiMax,SentiAvg,SentiStdev,Senti0-0.20,Senti0.21-0.40,Senti0.41-0.60,Senti0.61-0.80,Senti0.81-1.00,SentiTotal
6.279130629274327E-5,0.49789225920557484,0.24175828275804231,0.20196214096769324,7.0,3.0,4.0,0.0,0.0,3.526570409392089E-16