SentiMin,SentiMax,SentiAvg,SentiStdev,Senti0-0.20,Senti0.21-0.40,Senti0.41-0.60,Senti0.61-0.80,Senti0.81-1.00,SentiTotal
0.032579095790849874,0.46364466503952073,0.31578076007139194,0.18356217119974558,2.0,0.0,3.0,0.0,0.0,0.004195015811459685