TimeMin,TimeMax,TimeAvg,TimeStdev,TimeTotal
1200.0,2400.0,1693.3333333333333,512.5968743130957,5080.0
