TimeMin,TimeMax,TimeAvg,TimeStdev,TimeTotal
440.0,2360.0,1337.142857142857,672.6857531187794,9360.0
