SentiMin,SentiMax,SentiAvg,SentiStdev,Senti0-0.20,Senti0.21-0.40,Senti0.41-0.60,Senti0.61-0.80,Senti0.81-1.00,SentiTotal
4.805461095464402E-6,0.4423325756423389,0.06617091703663398,0.11810027048773325,15.0,1.0,1.0,0.0,0.0,5.61595736527729E-47