SentiMin,SentiMax,SentiAvg,SentiStdev,Senti0-0.20,Senti0.21-0.40,Senti0.41-0.60,Senti0.61-0.80,Senti0.81-1.00,SentiTotal
1.2736799432533502E-5,0.6242094968955547,0.15550981961362398,0.2207056797682977,8.0,1.0,1.0,1.0,0.0,1.3079294316623383E-20