TraitMin,TraitMax,TraitAvg,TraitStdev,TraitTotal
174.54545454545453,500.0,334.11833404690555,88.57524724454112,305.0632911392405
