TimeMin,TimeMax,TimeAvg,TimeStdev,TimeTotal
480.0,6760.0,2651.4285714285716,1997.2225612544219,18560.0
