SentiMin,SentiMax,SentiAvg,SentiStdev,Senti0-0.20,Senti0.21-0.40,Senti0.41-0.60,Senti0.61-0.80,Senti0.81-1.00,SentiTotal
1.0783763641042267E-6,0.6423565883590906,0.146202147247077,0.2073006260179007,12.0,1.0,2.0,1.0,0.0,2.6318138141945338E-39