TraitMin,TraitMax,TraitAvg,TraitStdev,TraitTotal
190.0,640.0,384.0476190476191,152.71577797836548,301.8181818181818
