TraitMin,TraitMax,TraitAvg,TraitStdev,TraitTotal
184.0,600.0,279.09090909090907,145.36811826243928,213.02325581395348
