SentiMin,SentiMax,SentiAvg,SentiStdev,Senti0-0.20,Senti0.21-0.40,Senti0.41-0.60,Senti0.61-0.80,Senti0.81-1.00,SentiTotal
0.07926893771417962,0.49789225920557484,0.3612427005682899,0.15154716379192978,2.0,1.0,4.0,0.0,0.0,0.007861137087147611