TimeMin,TimeMax,TimeAvg,TimeStdev,TimeTotal
720.0,5520.0,2437.6470588235293,1294.0748656030173,41440.0
