TraitMin,TraitMax,TraitAvg,TraitStdev,TraitTotal
210.0,1040.0,380.3023643023643,226.56259888033242,308.04597701149424
