TimeMin,TimeMax,TimeAvg,TimeStdev,TimeTotal
440.0,5640.0,2436.3636363636365,1708.6266293949905,26800.0
