TraitMin,TraitMax,TraitAvg,TraitStdev,TraitTotal
220.0,1000.0,617.5,280.7912926000377,554.6666666666666
