TimeMin,TimeMax,TimeAvg,TimeStdev,TimeTotal
1000.0,4560.0,2295.2380952380954,1162.3605663337862,48200.0
