TraitMin,TraitMax,TraitAvg,TraitStdev,TraitTotal
140.0,1000.0,447.8573093573093,317.62959557957953,258.2716049382716
