SentiMin,SentiMax,SentiAvg,SentiStdev,Senti0-0.20,Senti0.21-0.40,Senti0.41-0.60,Senti0.61-0.80,Senti0.81-1.00,SentiTotal
3.778277366636825E-8,0.6929285126246869,0.10502205283213721,0.18040172786782818,13.0,1.0,0.0,1.0,0.0,3.04668647365444E-37