SentiMin,SentiMax,SentiAvg,SentiStdev,Senti0-0.20,Senti0.21-0.40,Senti0.41-0.60,Senti0.61-0.80,Senti0.81-1.00,SentiTotal
1.486804505387605E-7,0.5628056929000496,0.1736432777843132,0.16020016806714682,11.0,4.0,1.0,0.0,0.0,2.1368593154754927E-24