TraitMin,TraitMax,TraitAvg,TraitStdev,TraitTotal
193.68421052631578,1000.0,483.73433583959894,237.20148570508226,331.42857142857144
