TraitMin,TraitMax,TraitAvg,TraitStdev,TraitTotal
190.0,337.77777777777777,260.73295985060685,42.62733289149253,265.64102564102564
