SentiMin,SentiMax,SentiAvg,SentiStdev,Senti0-0.20,Senti0.21-0.40,Senti0.41-0.60,Senti0.61-0.80,Senti0.81-1.00,SentiTotal
0.15084783393513923,0.49789225920557484,0.287791950586103,0.09809687425600654,2.0,5.0,1.0,0.0,0.0,5.217677796824464E-4