SentiMin,SentiMax,SentiAvg,SentiStdev,Senti0-0.20,Senti0.21-0.40,Senti0.41-0.60,Senti0.61-0.80,Senti0.81-1.00,SentiTotal
1.7970872976285618E-4,0.39697510199130176,0.12856190800932984,0.17075665579004548,4.0,2.0,0.0,0.0,0.0,3.3514584333327815E-12