SentiMin,SentiMax,SentiAvg,SentiStdev,Senti0-0.20,Senti0.21-0.40,Senti0.41-0.60,Senti0.61-0.80,Senti0.81-1.00,SentiTotal
6.190453013393104E-7,0.541030581416421,0.07799235433370348,0.1490230592248452,19.0,0.0,2.0,0.0,0.0,1.8721777412077117E-52