TraitMin,TraitMax,TraitAvg,TraitStdev,TraitTotal
168.88888888888889,1000.0,335.32147384778955,221.31311673114246,263.2352941176471
