TimeMin,TimeMax,TimeAvg,TimeStdev,TimeTotal
400.0,4160.0,1506.6666666666667,1032.1067989527266,27120.0
