TraitMin,TraitMax,TraitAvg,TraitStdev,TraitTotal
173.33333333333334,666.6666666666666,319.27298192004076,130.28968328820866,282.5
