SentiMin,SentiMax,SentiAvg,SentiStdev,Senti0-0.20,Senti0.21-0.40,Senti0.41-0.60,Senti0.61-0.80,Senti0.81-1.00,SentiTotal
6.517913140604412E-7,0.39697510199130176,0.12139141978653759,0.1401593160929689,14.0,4.0,0.0,0.0,0.0,1.581603836835483E-33