TraitMin,TraitMax,TraitAvg,TraitStdev,TraitTotal
101.81818181818181,400.0,255.99657287157288,72.97992067560921,247.09677419354838
