TraitMin,TraitMax,TraitAvg,TraitStdev,TraitTotal
177.77777777777777,480.0,320.65719855193544,86.09616968010269,311.90184049079755
