TraitMin,TraitMax,TraitAvg,TraitStdev,TraitTotal
164.0,600.0,336.5509379509379,132.16702326170295,278.65168539325845
