SentiMin,SentiMax,SentiAvg,SentiStdev,Senti0-0.20,Senti0.21-0.40,Senti0.41-0.60,Senti0.61-0.80,Senti0.81-1.00,SentiTotal
0.002223836546042034,0.028857362171965564,0.01452100595928642,0.010968284093054333,3.0,0.0,0.0,0.0,0.0,8.513317837425913E-7