TimeMin,TimeMax,TimeAvg,TimeStdev,TimeTotal
520.0,5200.0,1956.923076923077,1463.4384411398783,25440.0
