SentiMin,SentiMax,SentiAvg,SentiStdev,Senti0-0.20,Senti0.21-0.40,Senti0.41-0.60,Senti0.61-0.80,Senti0.81-1.00,SentiTotal
0.003994194147600127,0.3029968537174699,0.12611963732790857,0.11430122201073459,5.0,3.0,0.0,0.0,0.0,6.873129241464302E-10