SentiMin,SentiMax,SentiAvg,SentiStdev,Senti0-0.20,Senti0.21-0.40,Senti0.41-0.60,Senti0.61-0.80,Senti0.81-1.00,SentiTotal
2.4733526599846253E-8,0.78291140448387,0.23516907527472483,0.24831595588402688,8.0,2.0,4.0,1.0,0.0,1.324533858770514E-22