TraitMin,TraitMax,TraitAvg,TraitStdev,TraitTotal
322.85714285714283,480.0,383.1746031746032,69.15244733584751,366.6666666666667
