SentiMin,SentiMax,SentiAvg,SentiStdev,Senti0-0.20,Senti0.21-0.40,Senti0.41-0.60,Senti0.61-0.80,Senti0.81-1.00,SentiTotal
3.919029624896372E-5,0.5437883649392512,0.14528078101034372,0.19273444389155237,9.0,0.0,2.0,0.0,0.0,7.075848161307143E-20