SentiMin,SentiMax,SentiAvg,SentiStdev,Senti0-0.20,Senti0.21-0.40,Senti0.41-0.60,Senti0.61-0.80,Senti0.81-1.00,SentiTotal
2.0752294644414663E-8,0.49789225920557484,0.20774306254756317,0.19637888375247597,6.0,3.0,3.0,0.0,0.0,9.980436137902858E-23