TraitMin,TraitMax,TraitAvg,TraitStdev,TraitTotal
200.0,640.0,331.749965720554,109.25863142058371,285.65656565656565
