SentiMin,SentiMax,SentiAvg,SentiStdev,Senti0-0.20,Senti0.21-0.40,Senti0.41-0.60,Senti0.61-0.80,Senti0.81-1.00,SentiTotal
5.773661232167141E-4,0.39697510199130176,0.13781449448324268,0.14904119781156733,5.0,2.0,0.0,0.0,0.0,6.728854407073463E-11