TimeMin,TimeMax,TimeAvg,TimeStdev,TimeTotal
440.0,7240.0,2314.285714285714,2233.401359508197,16200.0
