SentiMin,SentiMax,SentiAvg,SentiStdev,Senti0-0.20,Senti0.21-0.40,Senti0.41-0.60,Senti0.61-0.80,Senti0.81-1.00,SentiTotal
1.1058402952074213E-10,0.4678001101927482,0.21396832131146185,0.15811667350672967,6.0,4.0,2.0,0.0,0.0,3.610976638397429E-19