SentiMin,SentiMax,SentiAvg,SentiStdev,Senti0-0.20,Senti0.21-0.40,Senti0.41-0.60,Senti0.61-0.80,Senti0.81-1.00,SentiTotal
2.0926977079672885E-6,0.49789225920557484,0.2520281092434872,0.19413513253744183,4.0,2.0,2.0,0.0,0.0,3.140172987000296E-10