TraitMin,TraitMax,TraitAvg,TraitStdev,TraitTotal
200.0,640.0,347.90187590187594,142.96737082860253,305.66037735849056
