TimeMin,TimeMax,TimeAvg,TimeStdev,TimeTotal
1400.0,12720.0,4098.181818181818,3555.333555971208,45080.0
