TimeMin,TimeMax,TimeAvg,TimeStdev,TimeTotal
360.0,4960.0,1653.3333333333333,1306.1223356009023,24800.0
