TraitMin,TraitMax,TraitAvg,TraitStdev,TraitTotal
306.6666666666667,520.0,394.22222222222223,91.19020956762657,342.0
