SentiMin,SentiMax,SentiAvg,SentiStdev,Senti0-0.20,Senti0.21-0.40,Senti0.41-0.60,Senti0.61-0.80,Senti0.81-1.00,SentiTotal
3.5022624931439406E-9,0.1836672226687598,0.032645074355118105,0.06167204637995315,10.0,0.0,0.0,0.0,0.0,1.3028290629891817E-30