SentiMin,SentiMax,SentiAvg,SentiStdev,Senti0-0.20,Senti0.21-0.40,Senti0.41-0.60,Senti0.61-0.80,Senti0.81-1.00,SentiTotal
2.713175495210559E-4,0.20179170512342545,0.06442439084126159,0.07777296554256123,7.0,1.0,0.0,0.0,0.0,1.7063920246543366E-16