TraitMin,TraitMax,TraitAvg,TraitStdev,TraitTotal
200.0,800.0,367.02910052910056,166.7558544225149,367.59493670886076
