SentiMin,SentiMax,SentiAvg,SentiStdev,Senti0-0.20,Senti0.21-0.40,Senti0.41-0.60,Senti0.61-0.80,Senti0.81-1.00,SentiTotal
2.629326997092619E-4,0.49789225920557484,0.18065527641537155,0.13027732405680165,9.0,3.0,1.0,0.0,0.0,1.2148218532613517E-13