TimeMin,TimeMax,TimeAvg,TimeStdev,TimeTotal
600.0,7400.0,2356.6666666666665,2245.081042833174,28280.0
