TimeMin,TimeMax,TimeAvg,TimeStdev,TimeTotal
400.0,1000.0,652.3076923076923,223.74964877166576,8480.0
