TraitMin,TraitMax,TraitAvg,TraitStdev,TraitTotal
137.77777777777777,560.0,336.2632275132275,131.9024755559771,260.8695652173913
