TimeMin,TimeMax,TimeAvg,TimeStdev,TimeTotal
480.0,1480.0,906.6666666666666,295.14591494904874,16320.0
