SentiMin,SentiMax,SentiAvg,SentiStdev,Senti0-0.20,Senti0.21-0.40,Senti0.41-0.60,Senti0.61-0.80,Senti0.81-1.00,SentiTotal
3.528121459309565E-4,0.5136446707795853,0.16907306495621682,0.15443034296915728,14.0,7.0,2.0,0.0,0.0,8.99015268934964E-28