TimeMin,TimeMax,TimeAvg,TimeStdev,TimeTotal
183.0,2400.0,920.9583333333334,504.80800633893364,22103.0
