SentiMin,SentiMax,SentiAvg,SentiStdev,Senti0-0.20,Senti0.21-0.40,Senti0.41-0.60,Senti0.61-0.80,Senti0.81-1.00,SentiTotal
0.005909406000696405,0.9261906684823746,0.276551056026612,0.23265412003347477,9.0,8.0,3.0,1.0,1.0,9.878468194119972E-15