TraitMin,TraitMax,TraitAvg,TraitStdev,TraitTotal
146.66666666666666,720.0,372.94235588972435,139.06891001461267,340.3921568627451
