SentiMin,SentiMax,SentiAvg,SentiStdev,Senti0-0.20,Senti0.21-0.40,Senti0.41-0.60,Senti0.61-0.80,Senti0.81-1.00,SentiTotal
0.014437208050160046,0.43796879524747484,0.17149249208841258,0.12427664655614838,12.0,3.0,1.0,0.0,0.0,1.474675219585342E-13