SentiMin,SentiMax,SentiAvg,SentiStdev,Senti0-0.20,Senti0.21-0.40,Senti0.41-0.60,Senti0.61-0.80,Senti0.81-1.00,SentiTotal
0.009019547053247791,0.5136446707795853,0.3280854312098275,0.16998507057946075,4.0,6.0,6.0,0.0,0.0,2.136266134401054E-9