TimeMin,TimeMax,TimeAvg,TimeStdev,TimeTotal
400.0,1680.0,733.3333333333334,356.277045756997,6600.0
