TimeMin,TimeMax,TimeAvg,TimeStdev,TimeTotal
160.0,2720.0,913.6842105263158,587.9152331158293,17360.0
