SentiMin,SentiMax,SentiAvg,SentiStdev,Senti0-0.20,Senti0.21-0.40,Senti0.41-0.60,Senti0.61-0.80,Senti0.81-1.00,SentiTotal
0.0017875167217463396,0.9611958417475951,0.39196288494073006,0.24688738625787068,2.0,5.0,4.0,1.0,1.0,1.719652555048153E-5