TraitMin,TraitMax,TraitAvg,TraitStdev,TraitTotal
140.0,520.0,263.5833333333333,93.57791613884598,245.28301886792454
