SentiMin,SentiMax,SentiAvg,SentiStdev,Senti0-0.20,Senti0.21-0.40,Senti0.41-0.60,Senti0.61-0.80,Senti0.81-1.00,SentiTotal
0.0012604115240950873,0.9261906684823746,0.30940577295859634,0.2111286748229154,6.0,7.0,5.0,0.0,1.0,1.6738795829350108E-11