TraitMin,TraitMax,TraitAvg,TraitStdev,TraitTotal
213.33333333333334,600.0,353.33333333333326,112.26071946946745,300.0
