SentiMin,SentiMax,SentiAvg,SentiStdev,Senti0-0.20,Senti0.21-0.40,Senti0.41-0.60,Senti0.61-0.80,Senti0.81-1.00,SentiTotal
0.008907360016217787,0.9611958417475951,0.3197875900812963,0.277731214172427,2.0,5.0,1.0,0.0,1.0,3.704885359339354E-5