SentiMin,SentiMax,SentiAvg,SentiStdev,Senti0-0.20,Senti0.21-0.40,Senti0.41-0.60,Senti0.61-0.80,Senti0.81-1.00,SentiTotal
0.001966866523914972,0.5452304607246627,0.2536847308850306,0.18663661191127878,5.0,3.0,4.0,0.0,0.0,1.2963466138382733E-10