TraitMin,TraitMax,TraitAvg,TraitStdev,TraitTotal
153.33333333333334,600.0,386.25,159.01115876287145,283.6363636363636
