TraitMin,TraitMax,TraitAvg,TraitStdev,TraitTotal
106.66666666666667,680.0,307.33333333333337,134.9666625504239,254.21052631578948
