TraitMin,TraitMax,TraitAvg,TraitStdev,TraitTotal
124.0,640.0,288.67195767195767,142.58683588226447,220.54054054054055
