TraitMin,TraitMax,TraitAvg,TraitStdev,TraitTotal
61.0,1560.0,361.0703933747411,347.7400889324771,226.20212765957447
