TraitMin,TraitMax,TraitAvg,TraitStdev,TraitTotal
153.33333333333334,600.0,373.9583333333333,117.81705893036033,313.3333333333333
