TraitMin,TraitMax,TraitAvg,TraitStdev,TraitTotal
200.0,440.0,341.79487179487177,80.04929447753481,314.0740740740741
