TimeMin,TimeMax,TimeAvg,TimeStdev,TimeTotal
640.0,3280.0,1182.857142857143,683.1380175487294,16560.0
