SentiMin,SentiMax,SentiAvg,SentiStdev,Senti0-0.20,Senti0.21-0.40,Senti0.41-0.60,Senti0.61-0.80,Senti0.81-1.00,SentiTotal
0.008451350777888151,0.47649884101941486,0.1942290101327974,0.15982051791778246,3.0,3.0,1.0,0.0,0.0,8.916290657781919E-7