SentiMin,SentiMax,SentiAvg,SentiStdev,Senti0-0.20,Senti0.21-0.40,Senti0.41-0.60,Senti0.61-0.80,Senti0.81-1.00,SentiTotal
0.011499129573765737,0.7286044470234366,0.36716094330890664,0.2307625623652491,2.0,2.0,2.0,1.0,0.0,0.0014392859979985727