TraitMin,TraitMax,TraitAvg,TraitStdev,TraitTotal
390.0,960.0,596.6666666666666,257.7250904010361,475.55555555555554
