SentiMin,SentiMax,SentiAvg,SentiStdev,Senti0-0.20,Senti0.21-0.40,Senti0.41-0.60,Senti0.61-0.80,Senti0.81-1.00,SentiTotal
4.0440866852084886E-7,0.43796879524747484,0.20107280439510689,0.17605362445114262,5.0,4.0,1.0,0.0,0.0,2.2876201392083488E-15