TraitMin,TraitMax,TraitAvg,TraitStdev,TraitTotal
226.66666666666666,1600.0,526.6868686868687,335.3303818221098,392.11267605633805
