TraitMin,TraitMax,TraitAvg,TraitStdev,TraitTotal
290.0,720.0,514.4444444444445,176.05414430905927,435.0
