TimeMin,TimeMax,TimeAvg,TimeStdev,TimeTotal
760.0,4040.0,1822.857142857143,1018.8749297381792,12760.0
