TraitMin,TraitMax,TraitAvg,TraitStdev,TraitTotal
222.85714285714286,1200.0,608.0,290.54712638926793,476.3636363636364
