SentiMin,SentiMax,SentiAvg,SentiStdev,Senti0-0.20,Senti0.21-0.40,Senti0.41-0.60,Senti0.61-0.80,Senti0.81-1.00,SentiTotal
0.0015630410780841264,0.5755436691302463,0.23956185848922384,0.20518363382465124,3.0,2.0,2.0,0.0,0.0,6.195648585073533E-8