TimeMin,TimeMax,TimeAvg,TimeStdev,TimeTotal
840.0,2160.0,1314.2857142857142,439.4430612509801,9200.0
