SentiMin,SentiMax,SentiAvg,SentiStdev,Senti0-0.20,Senti0.21-0.40,Senti0.41-0.60,Senti0.61-0.80,Senti0.81-1.00,SentiTotal
0.05353104807175129,0.5159436667231726,0.37678123763515275,0.16338824583266676,1.0,2.0,4.0,0.0,0.0,0.003204454276273993