TraitMin,TraitMax,TraitAvg,TraitStdev,TraitTotal
220.0,811.4285714285714,495.3111111111111,185.74167552736998,461.8679245283019
