SentiMin,SentiMax,SentiAvg,SentiStdev,Senti0-0.20,Senti0.21-0.40,Senti0.41-0.60,Senti0.61-0.80,Senti0.81-1.00,SentiTotal
2.300289576794553E-7,0.8947892633036214,0.34636118003089233,0.24023805014464858,4.0,4.0,5.0,0.0,1.0,6.862066579321338E-13