TraitMin,TraitMax,TraitAvg,TraitStdev,TraitTotal
216.0,960.0,473.2380952380953,284.0993406788366,317.2413793103448
