TraitMin,TraitMax,TraitAvg,TraitStdev,TraitTotal
360.0,688.0,477.14285714285717,122.53912328188854,476.3636363636364
