SentiMin,SentiMax,SentiAvg,SentiStdev,Senti0-0.20,Senti0.21-0.40,Senti0.41-0.60,Senti0.61-0.80,Senti0.81-1.00,SentiTotal
0.0010376457618796286,0.43796879524747484,0.21151429553034218,0.18977750472224678,5.0,2.0,3.0,0.0,0.0,8.418508668396277E-12