SentiMin,SentiMax,SentiAvg,SentiStdev,Senti0-0.20,Senti0.21-0.40,Senti0.41-0.60,Senti0.61-0.80,Senti0.81-1.00,SentiTotal
0.03936658363752041,0.7810045397085401,0.34798230585019696,0.24026639106809336,2.0,1.0,2.0,1.0,0.0,0.005383718149933002