TraitMin,TraitMax,TraitAvg,TraitStdev,TraitTotal
272.0,1200.0,718.8571428571429,254.07953117727786,575.3846153846154
