SentiMin,SentiMax,SentiAvg,SentiStdev,Senti0-0.20,Senti0.21-0.40,Senti0.41-0.60,Senti0.61-0.80,Senti0.81-1.00,SentiTotal
0.03640678220734119,0.39697510199130176,0.14167549244328045,0.14793684767380788,3.0,1.0,0.0,0.0,0.0,1.2970928985358538E-4