TimeMin,TimeMax,TimeAvg,TimeStdev,TimeTotal
640.0,1440.0,1068.5714285714287,301.3981027254993,7480.0
