SentiMin,SentiMax,SentiAvg,SentiStdev,Senti0-0.20,Senti0.21-0.40,Senti0.41-0.60,Senti0.61-0.80,Senti0.81-1.00,SentiTotal
5.9104973350768E-9,0.49789225920557484,0.20856865266956262,0.1812651644847774,8.0,4.0,3.0,0.0,0.0,1.3539509738968259E-20