SentiMin,SentiMax,SentiAvg,SentiStdev,Senti0-0.20,Senti0.21-0.40,Senti0.41-0.60,Senti0.61-0.80,Senti0.81-1.00,SentiTotal
6.604948291046458E-9,0.606285870835142,0.059328836438208556,0.15686190431374383,13.0,0.0,0.0,1.0,0.0,4.867098649613736E-43