TraitMin,TraitMax,TraitAvg,TraitStdev,TraitTotal
320.0,840.0,561.1666666666666,180.72869476403326,523.5294117647059
