TimeMin,TimeMax,TimeAvg,TimeStdev,TimeTotal
760.0,1400.0,1066.6666666666667,227.0584848790187,6400.0
