TimeMin,TimeMax,TimeAvg,TimeStdev,TimeTotal
960.0,1760.0,1426.6666666666667,339.93463423951897,4280.0
