TraitMin,TraitMax,TraitAvg,TraitStdev,TraitTotal
224.6153846153846,457.14285714285717,320.0790003647147,68.983192589194,304.390243902439
