TimeMin,TimeMax,TimeAvg,TimeStdev,TimeTotal
800.0,5080.0,2674.285714285714,1173.6981498403989,37440.0
