TimeMin,TimeMax,TimeAvg,TimeStdev,TimeTotal
599.0,5680.0,1631.9333333333334,1372.4019074438636,24479.0
