TraitMin,TraitMax,TraitAvg,TraitStdev,TraitTotal
240.0,840.0,504.3515151515152,181.45658953120858,435.29411764705884
