SentiMin,SentiMax,SentiAvg,SentiStdev,Senti0-0.20,Senti0.21-0.40,Senti0.41-0.60,Senti0.61-0.80,Senti0.81-1.00,SentiTotal
0.05305923959176906,0.6763517683108127,0.37546203663129446,0.2549124072763465,1.0,1.0,0.0,1.0,0.0,0.07269605126284816