TraitMin,TraitMax,TraitAvg,TraitStdev,TraitTotal
240.0,920.0,593.8888888888888,268.6758798162979,426.6666666666667
