SentiMin,SentiMax,SentiAvg,SentiStdev,Senti0-0.20,Senti0.21-0.40,Senti0.41-0.60,Senti0.61-0.80,Senti0.81-1.00,SentiTotal
5.395649404236208E-4,0.49789225920557484,0.19403887567709707,0.1751816611619036,9.0,2.0,4.0,0.0,0.0,7.741839758650074E-17