SentiMin,SentiMax,SentiAvg,SentiStdev,Senti0-0.20,Senti0.21-0.40,Senti0.41-0.60,Senti0.61-0.80,Senti0.81-1.00,SentiTotal
0.23392196953950528,0.4405315848957903,0.35714288547553247,0.08892632678735567,0.0,2.0,1.0,0.0,0.0,0.13865285342249006