SentiMin,SentiMax,SentiAvg,SentiStdev,Senti0-0.20,Senti0.21-0.40,Senti0.41-0.60,Senti0.61-0.80,Senti0.81-1.00,SentiTotal
0.03607472088104934,0.7440786448968312,0.37322053359391094,0.2375704906297933,1.0,1.0,2.0,1.0,0.0,0.00611730745587595