TraitMin,TraitMax,TraitAvg,TraitStdev,TraitTotal
240.0,720.0,440.0,175.64168070250295,372.63157894736844
