TraitMin,TraitMax,TraitAvg,TraitStdev,TraitTotal
185.0,1520.0,513.0952380952382,424.19712078102515,344.86486486486484
