SentiMin,SentiMax,SentiAvg,SentiStdev,Senti0-0.20,Senti0.21-0.40,Senti0.41-0.60,Senti0.61-0.80,Senti0.81-1.00,SentiTotal
1.6485045976052145E-4,0.43796879524747484,0.2644692444751496,0.17198821979330298,3.0,3.0,2.0,0.0,0.0,1.2213222224888682E-9