SentiMin,SentiMax,SentiAvg,SentiStdev,Senti0-0.20,Senti0.21-0.40,Senti0.41-0.60,Senti0.61-0.80,Senti0.81-1.00,SentiTotal
0.0035490023027439925,0.5376077577814209,0.24543863937783056,0.2153164758601539,4.0,0.0,3.0,0.0,0.0,2.1234406231317047E-6