SentiMin,SentiMax,SentiAvg,SentiStdev,Senti0-0.20,Senti0.21-0.40,Senti0.41-0.60,Senti0.61-0.80,Senti0.81-1.00,SentiTotal
0.018150994071473827,0.5628056929000496,0.24961357023635058,0.19875857129644067,5.0,3.0,4.0,0.0,0.0,2.760761055901497E-9