TimeMin,TimeMax,TimeAvg,TimeStdev,TimeTotal
400.0,2600.0,1437.6470588235295,734.170435507793,24440.0
