TimeMin,TimeMax,TimeAvg,TimeStdev,TimeTotal
520.0,2840.0,1207.0588235294117,565.3917403616754,20520.0
