TimeMin,TimeMax,TimeAvg,TimeStdev,TimeTotal
600.0,3320.0,1506.6666666666667,925.3948106379004,9040.0
