TimeMin,TimeMax,TimeAvg,TimeStdev,TimeTotal
480.0,2480.0,1154.2857142857142,601.4947367744351,16160.0
