SentiMin,SentiMax,SentiAvg,SentiStdev,Senti0-0.20,Senti0.21-0.40,Senti0.41-0.60,Senti0.61-0.80,Senti0.81-1.00,SentiTotal
0.013990903961794966,0.47371072416927557,0.24487574854271388,0.15682311401967278,4.0,4.0,1.0,0.0,0.0,1.2581528604176397E-6