TraitMin,TraitMax,TraitAvg,TraitStdev,TraitTotal
193.33333333333334,880.0,334.1836734693878,167.0502077238965,281.3333333333333
