TimeMin,TimeMax,TimeAvg,TimeStdev,TimeTotal
360.0,3080.0,1466.6666666666667,806.1982110843186,22000.0
