TimeMin,TimeMax,TimeAvg,TimeStdev,TimeTotal
880.0,3640.0,1726.1538461538462,872.2520671451878,22440.0
