TimeMin,TimeMax,TimeAvg,TimeStdev,TimeTotal
440.0,4920.0,1382.857142857143,1122.8244270043074,19360.0
