TraitMin,TraitMax,TraitAvg,TraitStdev,TraitTotal
200.0,536.0,345.28911564625844,102.57332103731997,325.2173913043478
