SentiMin,SentiMax,SentiAvg,SentiStdev,Senti0-0.20,Senti0.21-0.40,Senti0.41-0.60,Senti0.61-0.80,Senti0.81-1.00,SentiTotal
0.0015257897158731416,0.49789225920557484,0.20918578496722465,0.15462279718429123,8.0,8.0,3.0,0.0,0.0,1.3037610666060693E-16