TimeMin,TimeMax,TimeAvg,TimeStdev,TimeTotal
440.0,2440.0,1276.3636363636363,517.1824493835935,14040.0
