TraitMin,TraitMax,TraitAvg,TraitStdev,TraitTotal
216.0,600.0,350.8049886621315,135.4312054014363,326.4864864864865
