SentiMin,SentiMax,SentiAvg,SentiStdev,Senti0-0.20,Senti0.21-0.40,Senti0.41-0.60,Senti0.61-0.80,Senti0.81-1.00,SentiTotal
0.005498147559268792,0.49789225920557484,0.21033106234120297,0.172995067494596,9.0,1.0,4.0,0.0,0.0,6.879161551304987E-12