SentiMin,SentiMax,SentiAvg,SentiStdev,Senti0-0.20,Senti0.21-0.40,Senti0.41-0.60,Senti0.61-0.80,Senti0.81-1.00,SentiTotal
0.0015730257890394525,0.9041098809645616,0.27036174745210756,0.26365701089254884,6.0,4.0,2.0,1.0,1.0,4.7803618032162695E-12