SentiMin,SentiMax,SentiAvg,SentiStdev,Senti0-0.20,Senti0.21-0.40,Senti0.41-0.60,Senti0.61-0.80,Senti0.81-1.00,SentiTotal
6.049550082285834E-6,0.5318834537628724,0.2400560574143416,0.17998883139148672,7.0,5.0,4.0,0.0,0.0,6.03344648637568E-16