SentiMin,SentiMax,SentiAvg,SentiStdev,Senti0-0.20,Senti0.21-0.40,Senti0.41-0.60,Senti0.61-0.80,Senti0.81-1.00,SentiTotal
2.041644747365079E-4,0.49789225920557484,0.14952905431132593,0.2205493820996796,5.0,0.0,2.0,0.0,0.0,4.117656872787572E-13