SentiMin,SentiMax,SentiAvg,SentiStdev,Senti0-0.20,Senti0.21-0.40,Senti0.41-0.60,Senti0.61-0.80,Senti0.81-1.00,SentiTotal
0.007052342063574131,0.8324670179131848,0.30062670229365995,0.2805656304767287,7.0,0.0,4.0,1.0,1.0,2.3880525236325673E-9