TraitMin,TraitMax,TraitAvg,TraitStdev,TraitTotal
226.66666666666666,786.6666666666666,325.57142857142856,143.62221324034252,299.25925925925924
