SentiMin,SentiMax,SentiAvg,SentiStdev,Senti0-0.20,Senti0.21-0.40,Senti0.41-0.60,Senti0.61-0.80,Senti0.81-1.00,SentiTotal
0.00898190166851013,0.6921459309296395,0.19610990019715474,0.20048107731582482,10.0,1.0,2.0,1.0,0.0,7.975712615403178E-13