TraitMin,TraitMax,TraitAvg,TraitStdev,TraitTotal
200.0,600.0,319.31292517006807,115.84310837415453,280.0
