TimeMin,TimeMax,TimeAvg,TimeStdev,TimeTotal
680.0,4000.0,1748.5714285714287,1122.3881245098846,12240.0
