TraitMin,TraitMax,TraitAvg,TraitStdev,TraitTotal
240.0,680.0,362.85714285714283,135.82702084576815,298.5365853658537
