SentiMin,SentiMax,SentiAvg,SentiStdev,Senti0-0.20,Senti0.21-0.40,Senti0.41-0.60,Senti0.61-0.80,Senti0.81-1.00,SentiTotal
0.0015420113777331313,0.49789225920557484,0.24656908260220503,0.17795666935781146,7.0,4.0,5.0,0.0,0.0,1.1985189820250996E-12