SentiMin,SentiMax,SentiAvg,SentiStdev,Senti0-0.20,Senti0.21-0.40,Senti0.41-0.60,Senti0.61-0.80,Senti0.81-1.00,SentiTotal
0.0011204952581712075,0.6624055896622104,0.2942888930481939,0.21995671109282153,4.0,2.0,3.0,1.0,0.0,7.381619217531822E-8