TraitMin,TraitMax,TraitAvg,TraitStdev,TraitTotal
213.33333333333334,424.0,281.87012987012986,56.81579232246138,273.45454545454544
