TraitMin,TraitMax,TraitAvg,TraitStdev,TraitTotal
200.0,600.0,395.3703703703704,131.85666345777423,361.6
