TimeMin,TimeMax,TimeAvg,TimeStdev,TimeTotal
560.0,3280.0,1262.857142857143,716.9322399883366,17680.0
