TraitMin,TraitMax,TraitAvg,TraitStdev,TraitTotal
65.6,400.0,291.0096681096681,93.1742618011129,261.72972972972974
