SentiMin,SentiMax,SentiAvg,SentiStdev,Senti0-0.20,Senti0.21-0.40,Senti0.41-0.60,Senti0.61-0.80,Senti0.81-1.00,SentiTotal
0.002549877726998521,0.7714846556340227,0.2583859445576108,0.22137063502746754,8.0,2.0,3.0,1.0,0.0,1.0997866320435404E-10