TimeMin,TimeMax,TimeAvg,TimeStdev,TimeTotal
400.0,3600.0,1602.857142857143,950.2437925638465,22440.0
