TraitMin,TraitMax,TraitAvg,TraitStdev,TraitTotal
195.0,1000.0,418.21212121212125,257.9680613199181,319.09090909090907
