TraitMin,TraitMax,TraitAvg,TraitStdev,TraitTotal
206.66666666666666,680.0,365.9659863945578,133.98729618473473,316.9811320754717
