SentiMin,SentiMax,SentiAvg,SentiStdev,Senti0-0.20,Senti0.21-0.40,Senti0.41-0.60,Senti0.61-0.80,Senti0.81-1.00,SentiTotal
1.1430173050157431E-5,0.7383779132970208,0.3055619780122657,0.28025276980902547,4.0,2.0,1.0,2.0,0.0,9.433534994500674E-11