SentiMin,SentiMax,SentiAvg,SentiStdev,Senti0-0.20,Senti0.21-0.40,Senti0.41-0.60,Senti0.61-0.80,Senti0.81-1.00,SentiTotal
0.004583938014319863,0.5666333828789054,0.16749353641309445,0.1846294889124591,9.0,3.0,2.0,0.0,0.0,1.2842180606647147E-15