SentiMin,SentiMax,SentiAvg,SentiStdev,Senti0-0.20,Senti0.21-0.40,Senti0.41-0.60,Senti0.61-0.80,Senti0.81-1.00,SentiTotal
9.50723120777924E-5,0.6274708568440207,0.11392188409431622,0.18048678384573708,8.0,2.0,0.0,1.0,0.0,2.10298032692837E-19