TraitMin,TraitMax,TraitAvg,TraitStdev,TraitTotal
233.33333333333334,920.0,437.5252525252525,204.0875095640223,341.27659574468083
