TimeMin,TimeMax,TimeAvg,TimeStdev,TimeTotal
600.0,3160.0,1749.090909090909,870.2084864659477,19240.0
