TraitMin,TraitMax,TraitAvg,TraitStdev,TraitTotal
208.0,800.0,406.81232492997196,140.40321939957065,359.4117647058824
