TraitMin,TraitMax,TraitAvg,TraitStdev,TraitTotal
175.0,1000.0,395.969089390142,184.56414804893396,321.8181818181818
