TraitMin,TraitMax,TraitAvg,TraitStdev,TraitTotal
200.0,880.0,407.4152930402931,194.74980042553952,344.11764705882354
