TimeMin,TimeMax,TimeAvg,TimeStdev,TimeTotal
760.0,2120.0,1367.2727272727273,472.9230363886998,15040.0
