TraitMin,TraitMax,TraitAvg,TraitStdev,TraitTotal
171.42857142857142,760.0,359.41758241758237,167.31826383935078,299.4117647058824
