TraitMin,TraitMax,TraitAvg,TraitStdev,TraitTotal
131.42857142857142,640.0,320.8596165739023,156.49511359466072,280.57971014492756
