TimeMin,TimeMax,TimeAvg,TimeStdev,TimeTotal
440.0,2200.0,1205.7142857142858,542.1348578367126,16880.0
