TraitMin,TraitMax,TraitAvg,TraitStdev,TraitTotal
200.0,580.0,380.88888888888886,115.72494126478622,337.35849056603774
