TraitMin,TraitMax,TraitAvg,TraitStdev,TraitTotal
220.0,810.0,403.5750915750916,185.40955035965516,367.8688524590164
