TimeMin,TimeMax,TimeAvg,TimeStdev,TimeTotal
720.0,3880.0,1986.6666666666667,1149.9178714634845,17880.0
