TimeMin,TimeMax,TimeAvg,TimeStdev,TimeTotal
440.0,2240.0,1117.8947368421052,488.77482650493647,21240.0
