TraitMin,TraitMax,TraitAvg,TraitStdev,TraitTotal
240.0,380.0,306.40816326530614,42.41509636713563,301.1764705882353
