TraitMin,TraitMax,TraitAvg,TraitStdev,TraitTotal
200.0,1000.0,414.8444444444445,238.55220305049988,293.3333333333333
