TraitMin,TraitMax,TraitAvg,TraitStdev,TraitTotal
193.33333333333334,640.0,359.2324929971989,132.17438075789227,306.2686567164179
