TimeMin,TimeMax,TimeAvg,TimeStdev,TimeTotal
360.0,3440.0,1422.857142857143,864.8982481146767,19920.0
