TraitMin,TraitMax,TraitAvg,TraitStdev,TraitTotal
150.0,880.0,394.5357142857143,177.40949554625684,317.2881355932203
