SentiMin,SentiMax,SentiAvg,SentiStdev,Senti0-0.20,Senti0.21-0.40,Senti0.41-0.60,Senti0.61-0.80,Senti0.81-1.00,SentiTotal
9.262381835758082E-4,0.9207993875549618,0.2733557145933484,0.3061609938242465,5.0,2.0,1.0,1.0,1.0,1.9419419169598245E-10