SentiMin,SentiMax,SentiAvg,SentiStdev,Senti0-0.20,Senti0.21-0.40,Senti0.41-0.60,Senti0.61-0.80,Senti0.81-1.00,SentiTotal
8.26608656369137E-4,0.7506752957903551,0.20801459739495753,0.22927492121140425,7.0,2.0,1.0,1.0,0.0,1.1282957092792151E-11