TimeMin,TimeMax,TimeAvg,TimeStdev,TimeTotal
480.0,3640.0,1566.1538461538462,799.3606912983021,20360.0
