SentiMin,SentiMax,SentiAvg,SentiStdev,Senti0-0.20,Senti0.21-0.40,Senti0.41-0.60,Senti0.61-0.80,Senti0.81-1.00,SentiTotal
4.886379930915919E-5,0.697900609846419,0.21043698419991566,0.21161372477297016,10.0,3.0,2.0,1.0,0.0,4.804961318095584E-19