SentiMin,SentiMax,SentiAvg,SentiStdev,Senti0-0.20,Senti0.21-0.40,Senti0.41-0.60,Senti0.61-0.80,Senti0.81-1.00,SentiTotal
1.5279538387275107E-5,0.49789225920557484,0.12879345985741647,0.1707593874652072,10.0,2.0,2.0,0.0,0.0,9.80476906081879E-26