TraitMin,TraitMax,TraitAvg,TraitStdev,TraitTotal
142.85714285714286,660.0,312.2834467120182,126.16666382911743,272.8767123287671
