TraitMin,TraitMax,TraitAvg,TraitStdev,TraitTotal
264.0,1560.0,456.08333333333337,301.036900192946,399.1666666666667
