TimeMin,TimeMax,TimeAvg,TimeStdev,TimeTotal
600.0,4120.0,1725.7142857142858,1139.7099523607767,12080.0
