TimeMin,TimeMax,TimeAvg,TimeStdev,TimeTotal
360.0,2800.0,1106.6666666666667,703.7676384211545,9960.0
