TimeMin,TimeMax,TimeAvg,TimeStdev,TimeTotal
560.0,3120.0,1336.6666666666667,726.1695547337565,16040.0
