SentiMin,SentiMax,SentiAvg,SentiStdev,Senti0-0.20,Senti0.21-0.40,Senti0.41-0.60,Senti0.61-0.80,Senti0.81-1.00,SentiTotal
3.414869910933381E-5,0.43796879524747484,0.20498332723006318,0.1584804630535327,9.0,7.0,1.0,0.0,0.0,7.901420411655347E-18