TraitMin,TraitMax,TraitAvg,TraitStdev,TraitTotal
137.33333333333334,253.0,215.28472222222226,40.591748618917094,198.54054054054055
