SentiMin,SentiMax,SentiAvg,SentiStdev,Senti0-0.20,Senti0.21-0.40,Senti0.41-0.60,Senti0.61-0.80,Senti0.81-1.00,SentiTotal
0.08800015527368599,0.49789225920557484,0.2690723675229011,0.15637627213436284,2.0,2.0,2.0,0.0,0.0,9.984066900685382E-4