SentiMin,SentiMax,SentiAvg,SentiStdev,Senti0-0.20,Senti0.21-0.40,Senti0.41-0.60,Senti0.61-0.80,Senti0.81-1.00,SentiTotal
0.04702112237577789,0.49789225920557484,0.34363288066079295,0.15122333424656267,3.0,4.0,6.0,0.0,0.0,4.430518446555913E-5