TraitMin,TraitMax,TraitAvg,TraitStdev,TraitTotal
190.25,444.8,301.21875,107.52901334494565,294.0769230769231
