TraitMin,TraitMax,TraitAvg,TraitStdev,TraitTotal
155.2,632.0,288.6854166666667,198.59942150307026,224.0
