TimeMin,TimeMax,TimeAvg,TimeStdev,TimeTotal
102.0,3626.0,1166.235294117647,1094.728735102997,19826.0
