TimeMin,TimeMax,TimeAvg,TimeStdev,TimeTotal
489.0,1648.0,1224.3333333333333,435.2331431415683,7346.0
