TraitMin,TraitMax,TraitAvg,TraitStdev,TraitTotal
141.1818181818182,291.5,203.3633678050345,43.21716006280205,186.7910447761194
