TraitMin,TraitMax,TraitAvg,TraitStdev,TraitTotal
132.5,1104.0,363.1648148148148,293.92110414111744,312.21875
