SentiMin,SentiMax,SentiAvg,SentiStdev,Senti0-0.20,Senti0.21-0.40,Senti0.41-0.60,Senti0.61-0.80,Senti0.81-1.00,SentiTotal
0.0023643146071996237,0.49789225920557484,0.29168644936575133,0.18307591641221285,4.0,4.0,4.0,0.0,0.0,2.3366315310398062E-8