TimeMin,TimeMax,TimeAvg,TimeStdev,TimeTotal
320.0,3106.0,1390.5555555555557,803.6512664238709,12515.0
