TimeMin,TimeMax,TimeAvg,TimeStdev,TimeTotal
167.0,2305.0,768.1538461538462,575.5820928087759,9986.0
