SentiMin,SentiMax,SentiAvg,SentiStdev,Senti0-0.20,Senti0.21-0.40,Senti0.41-0.60,Senti0.61-0.80,Senti0.81-1.00,SentiTotal
2.4404409532186275E-5,0.49789225920557484,0.26778213234225245,0.17703227282314435,5.0,3.0,3.0,0.0,0.0,6.421077958491724E-10