TimeMin,TimeMax,TimeAvg,TimeStdev,TimeTotal
265.0,2774.0,1110.111111111111,860.1235627570475,9991.0
