SentiMin,SentiMax,SentiAvg,SentiStdev,Senti0-0.20,Senti0.21-0.40,Senti0.41-0.60,Senti0.61-0.80,Senti0.81-1.00,SentiTotal
0.013117647541343454,0.5318834537628724,0.3011311996974404,0.19588980062419367,2.0,2.0,4.0,0.0,0.0,3.0507892632829023E-5