TraitMin,TraitMax,TraitAvg,TraitStdev,TraitTotal
99.33333333333333,649.0,339.18387445887447,168.4287442188027,324.78125
