TraitMin,TraitMax,TraitAvg,TraitStdev,TraitTotal
109.33333333333333,535.875,287.2886363636364,125.75995865303558,317.0943396226415
