SentiMin,SentiMax,SentiAvg,SentiStdev,Senti0-0.20,Senti0.21-0.40,Senti0.41-0.60,Senti0.61-0.80,Senti0.81-1.00,SentiTotal
0.18496441433687433,0.39697510199130176,0.27236129088260314,0.08162746969800119,1.0,3.0,0.0,0.0,0.0,6.374610131497576E-4