TraitMin,TraitMax,TraitAvg,TraitStdev,TraitTotal
122.66666666666667,575.0,309.8495670995671,110.9925926788795,289.7391304347826
