TraitMin,TraitMax,TraitAvg,TraitStdev,TraitTotal
64.5,725.2,301.7383244206774,202.16141822831688,330.43333333333334
