SentiMin,SentiMax,SentiAvg,SentiStdev,Senti0-0.20,Senti0.21-0.40,Senti0.41-0.60,Senti0.61-0.80,Senti0.81-1.00,SentiTotal
0.06062516730565888,0.49789225920557484,0.2518917201877965,0.16225045289921133,5.0,2.0,3.0,0.0,0.0,2.5208751440001668E-6