TimeMin,TimeMax,TimeAvg,TimeStdev,TimeTotal
368.0,2255.0,1211.6363636363637,636.604383032247,13328.0
