TimeMin,TimeMax,TimeAvg,TimeStdev,TimeTotal
298.0,4859.0,1732.1666666666667,1461.9854555440086,20786.0
