TraitMin,TraitMax,TraitAvg,TraitStdev,TraitTotal
125.33333333333333,472.0,294.8397435897436,105.27826610278812,285.3142857142857
