SentiMin,SentiMax,SentiAvg,SentiStdev,Senti0-0.20,Senti0.21-0.40,Senti0.41-0.60,Senti0.61-0.80,Senti0.81-1.00,SentiTotal
0.020045005248446667,0.49789225920557484,0.2418484086288465,0.1668287192659208,5.0,4.0,2.0,0.0,0.0,5.7008942088672087E-8