TraitMin,TraitMax,TraitAvg,TraitStdev,TraitTotal
123.2,380.0,223.65059266130694,70.01530574559062,255.14953271028037
