SentiMin,SentiMax,SentiAvg,SentiStdev,Senti0-0.20,Senti0.21-0.40,Senti0.41-0.60,Senti0.61-0.80,Senti0.81-1.00,SentiTotal
0.1431823146706764,0.9730393511509425,0.3966250199662887,0.19790323066375748,1.0,7.0,5.0,0.0,1.0,0.007350022282930379