TimeMin,TimeMax,TimeAvg,TimeStdev,TimeTotal
320.0,2080.0,1131.4285714285713,503.7978214501917,15840.0
