TraitMin,TraitMax,TraitAvg,TraitStdev,TraitTotal
262.85714285714283,1320.0,653.7414965986394,421.45316263019055,442.0
