SentiMin,SentiMax,SentiAvg,SentiStdev,Senti0-0.20,Senti0.21-0.40,Senti0.41-0.60,Senti0.61-0.80,Senti0.81-1.00,SentiTotal
1.2031491238392128E-5,0.5490224991710708,0.20220304076487317,0.18052046554352383,2.0,3.0,1.0,0.0,0.0,1.7977972145644338E-9