SentiMin,SentiMax,SentiAvg,SentiStdev,Senti0-0.20,Senti0.21-0.40,Senti0.41-0.60,Senti0.61-0.80,Senti0.81-1.00,SentiTotal
2.5024701366249555E-4,0.39697510199130176,0.0716650938954368,0.11929767446947502,8.0,1.0,0.0,0.0,0.0,2.892168091129664E-17