SentiMin,SentiMax,SentiAvg,SentiStdev,Senti0-0.20,Senti0.21-0.40,Senti0.41-0.60,Senti0.61-0.80,Senti0.81-1.00,SentiTotal
0.012626344409611074,0.4662169283079212,0.2562491070618932,0.16916138643646322,4.0,1.0,3.0,0.0,0.0,9.864935665781429E-6