TimeMin,TimeMax,TimeAvg,TimeStdev,TimeTotal
520.0,1840.0,1262.857142857143,402.7659471247108,8840.0
