SentiMin,SentiMax,SentiAvg,SentiStdev,Senti0-0.20,Senti0.21-0.40,Senti0.41-0.60,Senti0.61-0.80,Senti0.81-1.00,SentiTotal
0.0736401149528525,0.39697510199130176,0.2712792964940306,0.1414644018313083,1.0,2.0,0.0,0.0,0.0,0.027060115823597634