TimeMin,TimeMax,TimeAvg,TimeStdev,TimeTotal
400.0,2640.0,1088.888888888889,777.6380826929203,9800.0
