TraitMin,TraitMax,TraitAvg,TraitStdev,TraitTotal
208.88888888888889,1000.0,468.7301587301587,234.46846230048732,377.14285714285717
