SentiMin,SentiMax,SentiAvg,SentiStdev,Senti0-0.20,Senti0.21-0.40,Senti0.41-0.60,Senti0.61-0.80,Senti0.81-1.00,SentiTotal
0.01843125751972654,0.49789225920557484,0.26733655215124635,0.1334713368100777,1.0,7.0,1.0,0.0,0.0,1.5031310882342539E-5