SentiMin,SentiMax,SentiAvg,SentiStdev,Senti0-0.20,Senti0.21-0.40,Senti0.41-0.60,Senti0.61-0.80,Senti0.81-1.00,SentiTotal
4.796179773036583E-6,0.49789225920557484,0.11653335940246315,0.17521894510276972,6.0,2.0,1.0,0.0,0.0,1.070756178029493E-25