TraitMin,TraitMax,TraitAvg,TraitStdev,TraitTotal
182.85714285714286,880.0,486.44155844155836,183.85526323546247,420.0
