SentiMin,SentiMax,SentiAvg,SentiStdev,Senti0-0.20,Senti0.21-0.40,Senti0.41-0.60,Senti0.61-0.80,Senti0.81-1.00,SentiTotal
0.03797221462512862,0.49789225920557484,0.21447898939403376,0.17469398651552873,4.0,1.0,1.0,0.0,0.0,4.363835054659014E-5