TraitMin,TraitMax,TraitAvg,TraitStdev,TraitTotal
295.0,1000.0,566.1111111111111,208.1369444724338,445.45454545454544
