TimeMin,TimeMax,TimeAvg,TimeStdev,TimeTotal
360.0,3920.0,1283.3333333333333,1085.4748065043038,15400.0
