TraitMin,TraitMax,TraitAvg,TraitStdev,TraitTotal
206.66666666666666,740.0,455.4853788187122,174.20290913821364,411.358024691358
