SentiMin,SentiMax,SentiAvg,SentiStdev,Senti0-0.20,Senti0.21-0.40,Senti0.41-0.60,Senti0.61-0.80,Senti0.81-1.00,SentiTotal
2.255481624468404E-4,0.4898631585877994,0.19813480771686443,0.1379427924642826,4.0,6.0,1.0,0.0,0.0,1.0510545413621304E-11