TimeMin,TimeMax,TimeAvg,TimeStdev,TimeTotal
880.0,5320.0,2162.8571428571427,1202.137551978787,30280.0
