SentiMin,SentiMax,SentiAvg,SentiStdev,Senti0-0.20,Senti0.21-0.40,Senti0.41-0.60,Senti0.61-0.80,Senti0.81-1.00,SentiTotal
0.006281722689516,0.49789225920557484,0.20029778263425796,0.17839075840600546,3.0,3.0,1.0,0.0,0.0,1.291579685919969E-8