TimeMin,TimeMax,TimeAvg,TimeStdev,TimeTotal
680.0,9200.0,3702.222222222222,2560.2160402668183,33320.0
