TraitMin,TraitMax,TraitAvg,TraitStdev,TraitTotal
305.0,1000.0,595.1666666666666,217.24504305083403,560.7407407407408
