TraitMin,TraitMax,TraitAvg,TraitStdev,TraitTotal
240.0,1000.0,549.7777777777777,246.41027716261758,464.61538461538464
