TraitMin,TraitMax,TraitAvg,TraitStdev,TraitTotal
260.0,869.0909090909091,524.5804195804196,248.03282723853457,592.4324324324324
