TraitMin,TraitMax,TraitAvg,TraitStdev,TraitTotal
143.52941176470588,1880.0,671.093137254902,416.308855910161,469.2307692307692
