TraitMin,TraitMax,TraitAvg,TraitStdev,TraitTotal
400.0,880.0,580.2962962962963,157.46587149560713,520.0
