SentiMin,SentiMax,SentiAvg,SentiStdev,Senti0-0.20,Senti0.21-0.40,Senti0.41-0.60,Senti0.61-0.80,Senti0.81-1.00,SentiTotal
0.1647449366614609,0.5136446707795853,0.3275603014907813,0.12485099420416088,1.0,3.0,1.0,0.0,0.0,0.020385707019200724