TraitMin,TraitMax,TraitAvg,TraitStdev,TraitTotal
206.66666666666666,1160.0,386.0846560846561,281.0293014401979,289.2857142857143
