TraitMin,TraitMax,TraitAvg,TraitStdev,TraitTotal
289.2307692307692,1000.0,629.5735492577597,255.94423186022698,481.53846153846155
