SentiMin,SentiMax,SentiAvg,SentiStdev,Senti0-0.20,Senti0.21-0.40,Senti0.41-0.60,Senti0.61-0.80,Senti0.81-1.00,SentiTotal
0.0011124944791968436,0.6387765042918215,0.204805714699955,0.17747692689590738,11.0,6.0,1.0,1.0,0.0,5.821361826387198E-18