SentiMin,SentiMax,SentiAvg,SentiStdev,Senti0-0.20,Senti0.21-0.40,Senti0.41-0.60,Senti0.61-0.80,Senti0.81-1.00,SentiTotal
2.2069773882202517E-5,0.628134810479667,0.15913469655600604,0.18612835424303595,7.0,4.0,0.0,1.0,0.0,1.308135945855755E-17