TraitMin,TraitMax,TraitAvg,TraitStdev,TraitTotal
180.0,1000.0,494.94117647058823,233.21465428048242,399.42028985507244
