SentiMin,SentiMax,SentiAvg,SentiStdev,Senti0-0.20,Senti0.21-0.40,Senti0.41-0.60,Senti0.61-0.80,Senti0.81-1.00,SentiTotal
1.124264830493293E-5,0.39697510199130176,0.11985312789225003,0.1598353677592984,7.0,3.0,0.0,0.0,0.0,2.149493783745973E-20