TimeMin,TimeMax,TimeAvg,TimeStdev,TimeTotal
680.0,8600.0,2588.5714285714284,2035.0881242514752,36240.0
