SentiMin,SentiMax,SentiAvg,SentiStdev,Senti0-0.20,Senti0.21-0.40,Senti0.41-0.60,Senti0.61-0.80,Senti0.81-1.00,SentiTotal
0.0014013786413899993,0.6274708568440207,0.19455931665660786,0.2118900051223857,9.0,3.0,2.0,1.0,0.0,8.575295945236438E-18