SentiMin,SentiMax,SentiAvg,SentiStdev,Senti0-0.20,Senti0.21-0.40,Senti0.41-0.60,Senti0.61-0.80,Senti0.81-1.00,SentiTotal
1.4357986536559636E-4,0.49789225920557484,0.27414550446576647,0.18579973591375437,6.0,9.0,3.0,0.0,0.0,9.589950039394987E-17