SentiMin,SentiMax,SentiAvg,SentiStdev,Senti0-0.20,Senti0.21-0.40,Senti0.41-0.60,Senti0.61-0.80,Senti0.81-1.00,SentiTotal
0.030770472022646402,0.19403533773394965,0.1389026190589174,0.07646593424044476,3.0,0.0,0.0,0.0,0.0,1.2689706982958797E-4