SentiMin,SentiMax,SentiAvg,SentiStdev,Senti0-0.20,Senti0.21-0.40,Senti0.41-0.60,Senti0.61-0.80,Senti0.81-1.00,SentiTotal
5.623624138054144E-4,0.6768036420870291,0.24226176556061585,0.19705970387388067,6.0,6.0,0.0,2.0,0.0,7.214179533032741E-12