SentiMin,SentiMax,SentiAvg,SentiStdev,Senti0-0.20,Senti0.21-0.40,Senti0.41-0.60,Senti0.61-0.80,Senti0.81-1.00,SentiTotal
7.718460607521923E-6,0.49789225920557484,0.23309573658957938,0.14498448346523568,6.0,9.0,2.0,0.0,0.0,2.513858411938333E-16