SentiMin,SentiMax,SentiAvg,SentiStdev,Senti0-0.20,Senti0.21-0.40,Senti0.41-0.60,Senti0.61-0.80,Senti0.81-1.00,SentiTotal
8.036593900213377E-8,0.49789225920557484,0.25620151449174416,0.16528562223570092,5.0,10.0,1.0,0.0,0.0,7.358032541939592E-18