TimeMin,TimeMax,TimeAvg,TimeStdev,TimeTotal
360.0,3800.0,1177.7777777777778,937.9146819499543,21200.0
