TraitMin,TraitMax,TraitAvg,TraitStdev,TraitTotal
195.0,1000.0,527.8282828282829,246.28180831980782,378.57142857142856
