TraitMin,TraitMax,TraitAvg,TraitStdev,TraitTotal
200.0,760.0,442.44503598540865,161.88665578994699,389.6774193548387
