TimeMin,TimeMax,TimeAvg,TimeStdev,TimeTotal
360.0,7560.0,1621.1764705882354,1729.6374402574907,27560.0
