TimeMin,TimeMax,TimeAvg,TimeStdev,TimeTotal
720.0,3160.0,1362.857142857143,693.556348225049,19080.0
