TimeMin,TimeMax,TimeAvg,TimeStdev,TimeTotal
560.0,3760.0,1317.8947368421052,800.8914700597106,25040.0
