TraitMin,TraitMax,TraitAvg,TraitStdev,TraitTotal
266.6666666666667,376.0,325.3333333333333,44.992180390555596,347.5
