TimeMin,TimeMax,TimeAvg,TimeStdev,TimeTotal
440.0,5000.0,2386.6666666666665,1758.2061565382169,28640.0
