SentiMin,SentiMax,SentiAvg,SentiStdev,Senti0-0.20,Senti0.21-0.40,Senti0.41-0.60,Senti0.61-0.80,Senti0.81-1.00,SentiTotal
1.6223565195420164E-4,0.5019057133750018,0.3300034483911293,0.1724901902526236,5.0,7.0,7.0,0.0,0.0,1.0101213882652622E-11