SentiMin,SentiMax,SentiAvg,SentiStdev,Senti0-0.20,Senti0.21-0.40,Senti0.41-0.60,Senti0.61-0.80,Senti0.81-1.00,SentiTotal
2.2868007798890843E-8,0.39697510199130176,0.08506185129067603,0.11951795664528214,12.0,2.0,0.0,0.0,0.0,3.1735297331793056E-27