TraitMin,TraitMax,TraitAvg,TraitStdev,TraitTotal
160.0,1000.0,410.4887218045113,283.8264893089474,304.8101265822785
