TraitMin,TraitMax,TraitAvg,TraitStdev,TraitTotal
250.0,720.0,396.44805194805195,146.55348132487035,346.90909090909093
