TraitMin,TraitMax,TraitAvg,TraitStdev,TraitTotal
192.0,440.0,308.1587301587302,65.26657813896993,286.4
