TimeMin,TimeMax,TimeAvg,TimeStdev,TimeTotal
800.0,3760.0,1853.3333333333333,1350.6870679604347,5560.0
