TimeMin,TimeMax,TimeAvg,TimeStdev,TimeTotal
953.0,2906.0,1731.3333333333333,824.5644641600531,10388.0
