TraitMin,TraitMax,TraitAvg,TraitStdev,TraitTotal
121.375,1000.0,417.0726558572147,233.4588786584727,341.5111111111111
