SentiMin,SentiMax,SentiAvg,SentiStdev,Senti0-0.20,Senti0.21-0.40,Senti0.41-0.60,Senti0.61-0.80,Senti0.81-1.00,SentiTotal
0.08176349236117225,0.6196346093544965,0.2945463954527979,0.1987466146338273,1.0,2.0,0.0,1.0,0.0,0.014284327917326088