TraitMin,TraitMax,TraitAvg,TraitStdev,TraitTotal
208.2,545.5,342.90000000000003,145.83239237791673,293.8181818181818
