SentiMin,SentiMax,SentiAvg,SentiStdev,Senti0-0.20,Senti0.21-0.40,Senti0.41-0.60,Senti0.61-0.80,Senti0.81-1.00,SentiTotal
4.4627684218794835E-4,0.7832105919946818,0.27395286689662274,0.24055442186838855,6.0,0.0,3.0,1.0,0.0,2.7788098641490852E-8