SentiMin,SentiMax,SentiAvg,SentiStdev,Senti0-0.20,Senti0.21-0.40,Senti0.41-0.60,Senti0.61-0.80,Senti0.81-1.00,SentiTotal
0.39697510199130176,0.9428985835240862,0.5639850410308359,0.19483138870117747,0.0,1.0,3.0,0.0,1.0,0.9120950937415685