TraitMin,TraitMax,TraitAvg,TraitStdev,TraitTotal
214.28571428571428,1098.0,482.2837301587302,292.23127619037655,358.2068965517241
