TraitMin,TraitMax,TraitAvg,TraitStdev,TraitTotal
216.5,386.2857142857143,311.02834741423453,58.67274154547931,300.3666666666667
