TimeMin,TimeMax,TimeAvg,TimeStdev,TimeTotal
1560.0,5023.0,3516.1666666666665,1294.6158267566825,21097.0
