TraitMin,TraitMax,TraitAvg,TraitStdev,TraitTotal
294.0,1000.0,550.1785714285714,256.0367983712134,448.3666666666667
