TraitMin,TraitMax,TraitAvg,TraitStdev,TraitTotal
226.15384615384616,1088.0,446.53035297443193,282.82243612419313,320.13422818791946
