SentiMin,SentiMax,SentiAvg,SentiStdev,Senti0-0.20,Senti0.21-0.40,Senti0.41-0.60,Senti0.61-0.80,Senti0.81-1.00,SentiTotal
4.1267703342913653E-7,0.7180927362011098,0.33417777606083265,0.27431075242784697,6.0,1.0,2.0,3.0,0.0,1.4771750636560054E-13