SentiMin,SentiMax,SentiAvg,SentiStdev,Senti0-0.20,Senti0.21-0.40,Senti0.41-0.60,Senti0.61-0.80,Senti0.81-1.00,SentiTotal
0.040999601164495345,0.49789225920557484,0.2656000518859386,0.17858708932747802,5.0,2.0,3.0,0.0,0.0,2.5259459484531292E-6