TraitMin,TraitMax,TraitAvg,TraitStdev,TraitTotal
173.45454545454547,508.5,315.5730519480519,102.03187688325869,307.3764705882353
