TraitMin,TraitMax,TraitAvg,TraitStdev,TraitTotal
252.375,1073.0,736.3519230769231,368.2217914614785,387.7083333333333
