SentiMin,SentiMax,SentiAvg,SentiStdev,Senti0-0.20,Senti0.21-0.40,Senti0.41-0.60,Senti0.61-0.80,Senti0.81-1.00,SentiTotal
0.0025987145252269507,0.3318228626708164,0.151899511806631,0.11710711923272367,6.0,3.0,0.0,0.0,0.0,6.725436445998191E-10