SentiMin,SentiMax,SentiAvg,SentiStdev,Senti0-0.20,Senti0.21-0.40,Senti0.41-0.60,Senti0.61-0.80,Senti0.81-1.00,SentiTotal
0.22675483373010366,0.49789225920557484,0.37260436194659824,0.09610235057103522,0.0,4.0,2.0,0.0,0.0,0.037814573628141716