SentiMin,SentiMax,SentiAvg,SentiStdev,Senti0-0.20,Senti0.21-0.40,Senti0.41-0.60,Senti0.61-0.80,Senti0.81-1.00,SentiTotal
7.435473071642245E-14,0.4898631585877994,0.16694808003945513,0.20102643829114533,5.0,1.0,2.0,0.0,0.0,4.145381173497944E-26