SentiMin,SentiMax,SentiAvg,SentiStdev,Senti0-0.20,Senti0.21-0.40,Senti0.41-0.60,Senti0.61-0.80,Senti0.81-1.00,SentiTotal
0.006943868576578416,0.4662169283079212,0.15078123916702332,0.18500394058459305,4.0,1.0,1.0,0.0,0.0,2.9720104856165075E-8