SentiMin,SentiMax,SentiAvg,SentiStdev,Senti0-0.20,Senti0.21-0.40,Senti0.41-0.60,Senti0.61-0.80,Senti0.81-1.00,SentiTotal
0.10959463138292411,0.5330066723347855,0.38363979966392625,0.13110614898922163,1.0,3.0,3.0,0.0,0.0,0.021975171205261892