TimeMin,TimeMax,TimeAvg,TimeStdev,TimeTotal
872.0,4839.0,1921.5714285714287,1274.2774823564985,13451.0
