TraitMin,TraitMax,TraitAvg,TraitStdev,TraitTotal
261.5,443.3333333333333,338.6265432098765,60.94448258311476,341.93589743589746
