TimeMin,TimeMax,TimeAvg,TimeStdev,TimeTotal
1041.0,1100.0,1077.3333333333333,25.952948879762307,3232.0
