SentiMin,SentiMax,SentiAvg,SentiStdev,Senti0-0.20,Senti0.21-0.40,Senti0.41-0.60,Senti0.61-0.80,Senti0.81-1.00,SentiTotal
3.167193691601213E-4,0.49789225920557484,0.19857453312531825,0.16106552861630993,4.0,3.0,1.0,0.0,0.0,6.68392312467307E-9