TraitMin,TraitMax,TraitAvg,TraitStdev,TraitTotal
241.66666666666666,727.6666666666666,357.5398330006153,143.19728714806268,319.922131147541
