TimeMin,TimeMax,TimeAvg,TimeStdev,TimeTotal
480.0,3760.0,1497.142857142857,1148.9835792151787,10480.0
