TraitMin,TraitMax,TraitAvg,TraitStdev,TraitTotal
236.36363636363637,960.0,559.5482093663912,210.80941307465164,402.3529411764706
