TraitMin,TraitMax,TraitAvg,TraitStdev,TraitTotal
220.0,1000.0,481.9166666666667,220.57971285279663,352.5581395348837
