TraitMin,TraitMax,TraitAvg,TraitStdev,TraitTotal
128.0,2106.6666666666665,565.3333333333333,517.5638089127718,400.81632653061223
