SentiMin,SentiMax,SentiAvg,SentiStdev,Senti0-0.20,Senti0.21-0.40,Senti0.41-0.60,Senti0.61-0.80,Senti0.81-1.00,SentiTotal
0.0023926053342638574,0.9607173480953023,0.4499844903491231,0.40771334523185004,2.0,0.0,1.0,0.0,2.0,0.002229383651642127