TimeMin,TimeMax,TimeAvg,TimeStdev,TimeTotal
560.0,7200.0,1466.6666666666667,1753.5741279518875,17600.0
