TraitMin,TraitMax,TraitAvg,TraitStdev,TraitTotal
207.27272727272728,1360.0,538.8047138047137,414.33944684941224,295.3191489361702
