SentiMin,SentiMax,SentiAvg,SentiStdev,Senti0-0.20,Senti0.21-0.40,Senti0.41-0.60,Senti0.61-0.80,Senti0.81-1.00,SentiTotal
6.843527468919877E-7,0.49789225920557484,0.16684561045668045,0.20151600015347856,4.0,1.0,1.0,0.0,0.0,3.061573773240195E-13