TraitMin,TraitMax,TraitAvg,TraitStdev,TraitTotal
160.0,933.3333333333334,477.0238095238095,227.08834950460496,374.0
