TraitMin,TraitMax,TraitAvg,TraitStdev,TraitTotal
191.42857142857142,600.0,359.04761904761904,164.26846010152704,256.969696969697
