TraitMin,TraitMax,TraitAvg,TraitStdev,TraitTotal
240.0,920.0,573.8888888888888,196.42090733805853,498.57142857142856
