SentiMin,SentiMax,SentiAvg,SentiStdev,Senti0-0.20,Senti0.21-0.40,Senti0.41-0.60,Senti0.61-0.80,Senti0.81-1.00,SentiTotal
0.026588655782898044,0.551077815994506,0.3774036779918186,0.15306271811391906,1.0,4.0,4.0,0.0,0.0,0.0019803667736723236