SentiMin,SentiMax,SentiAvg,SentiStdev,Senti0-0.20,Senti0.21-0.40,Senti0.41-0.60,Senti0.61-0.80,Senti0.81-1.00,SentiTotal
9.360570317511146E-5,0.49789225920557484,0.35037765793597775,0.20580996928182832,2.0,0.0,5.0,0.0,0.0,1.3878025697777627E-7