TimeMin,TimeMax,TimeAvg,TimeStdev,TimeTotal
640.0,2040.0,1263.3333333333333,506.87495718591407,15160.0
