TraitMin,TraitMax,TraitAvg,TraitStdev,TraitTotal
214.11764705882354,360.0,296.6013071895425,46.83461476015984,285.6
