TraitMin,TraitMax,TraitAvg,TraitStdev,TraitTotal
166.66666666666666,760.0,430.6900584795322,210.90760468710565,338.46153846153845
