SentiMin,SentiMax,SentiAvg,SentiStdev,Senti0-0.20,Senti0.21-0.40,Senti0.41-0.60,Senti0.61-0.80,Senti0.81-1.00,SentiTotal
0.07305583782124067,0.45581992053432646,0.32073275227715065,0.11662882314409943,1.0,6.0,5.0,0.0,0.0,4.281218190392799E-7