TimeMin,TimeMax,TimeAvg,TimeStdev,TimeTotal
720.0,2160.0,1106.6666666666667,410.09483997945864,9960.0
