SentiMin,SentiMax,SentiAvg,SentiStdev,Senti0-0.20,Senti0.21-0.40,Senti0.41-0.60,Senti0.61-0.80,Senti0.81-1.00,SentiTotal
1.9575585788201771E-4,0.5136446707795853,0.2633072050255877,0.22271632646036146,5.0,0.0,5.0,0.0,0.0,1.0769211342638564E-9