TraitMin,TraitMax,TraitAvg,TraitStdev,TraitTotal
3.0,760.0,437.9166666666667,247.23486078805493,313.0
