SentiMin,SentiMax,SentiAvg,SentiStdev,Senti0-0.20,Senti0.21-0.40,Senti0.41-0.60,Senti0.61-0.80,Senti0.81-1.00,SentiTotal
0.03789225509177361,0.39697510199130176,0.1613983141112677,0.1666433495720066,2.0,1.0,0.0,0.0,0.0,0.0030865302385689425