TraitMin,TraitMax,TraitAvg,TraitStdev,TraitTotal
297.14285714285717,880.0,492.38095238095235,274.0905390245465,331.1111111111111
