SentiMin,SentiMax,SentiAvg,SentiStdev,Senti0-0.20,Senti0.21-0.40,Senti0.41-0.60,Senti0.61-0.80,Senti0.81-1.00,SentiTotal
0.026625249119171496,0.5755436691302463,0.3083939870744749,0.15992996442618096,5.0,4.0,5.0,0.0,0.0,2.3222382512838097E-7