TimeMin,TimeMax,TimeAvg,TimeStdev,TimeTotal
560.0,2800.0,1068.5714285714287,656.8197963657606,14960.0
