TimeMin,TimeMax,TimeAvg,TimeStdev,TimeTotal
520.0,5480.0,1538.6666666666667,1273.2209374478396,23080.0
