SentiMin,SentiMax,SentiAvg,SentiStdev,Senti0-0.20,Senti0.21-0.40,Senti0.41-0.60,Senti0.61-0.80,Senti0.81-1.00,SentiTotal
0.0015102037379992354,0.49789225920557484,0.165229268254973,0.17293448021540928,6.0,2.0,1.0,0.0,0.0,2.2406195851691636E-11