TimeMin,TimeMax,TimeAvg,TimeStdev,TimeTotal
560.0,2680.0,1413.3333333333333,831.9187994563465,8480.0
