TimeMin,TimeMax,TimeAvg,TimeStdev,TimeTotal
1040.0,3880.0,2313.3333333333335,917.2180160075842,13880.0
