SentiMin,SentiMax,SentiAvg,SentiStdev,Senti0-0.20,Senti0.21-0.40,Senti0.41-0.60,Senti0.61-0.80,Senti0.81-1.00,SentiTotal
0.011131069995698158,0.8270121895259922,0.3095037269775317,0.23517101715360197,5.0,3.0,3.0,0.0,1.0,2.2819164282252342E-7