SentiMin,SentiMax,SentiAvg,SentiStdev,Senti0-0.20,Senti0.21-0.40,Senti0.41-0.60,Senti0.61-0.80,Senti0.81-1.00,SentiTotal
2.3142194207368028E-5,0.49789225920557484,0.2306449982568423,0.1752033459553214,5.0,4.0,3.0,0.0,0.0,1.0422377153565559E-12