TimeMin,TimeMax,TimeAvg,TimeStdev,TimeTotal
880.0,3000.0,1986.6666666666667,867.9989759338556,5960.0
