SentiMin,SentiMax,SentiAvg,SentiStdev,Senti0-0.20,Senti0.21-0.40,Senti0.41-0.60,Senti0.61-0.80,Senti0.81-1.00,SentiTotal
0.01223086853247106,0.5755436691302463,0.21590024134624078,0.20293682770886398,8.0,3.0,4.0,0.0,0.0,7.340264114955269E-13