TraitMin,TraitMax,TraitAvg,TraitStdev,TraitTotal
200.0,1040.0,471.8666666666666,266.4108439568063,334.54545454545456
