TraitMin,TraitMax,TraitAvg,TraitStdev,TraitTotal
192.0,920.0,362.0,217.74736240009784,299.5348837209302
