SentiMin,SentiMax,SentiAvg,SentiStdev,Senti0-0.20,Senti0.21-0.40,Senti0.41-0.60,Senti0.61-0.80,Senti0.81-1.00,SentiTotal
4.661691234806814E-6,0.26679558834681444,0.056592589355480435,0.10520212534646825,4.0,1.0,0.0,0.0,0.0,1.738357648276693E-14