TraitMin,TraitMax,TraitAvg,TraitStdev,TraitTotal
208.0,1400.0,515.263613579403,339.6705385139573,383.8805970149254
