TraitMin,TraitMax,TraitAvg,TraitStdev,TraitTotal
272.0,560.0,422.27777777777777,84.64147335878363,415.0
