SentiMin,SentiMax,SentiAvg,SentiStdev,Senti0-0.20,Senti0.21-0.40,Senti0.41-0.60,Senti0.61-0.80,Senti0.81-1.00,SentiTotal
0.00856520062263418,0.49789225920557484,0.2084821353230395,0.17527838406523452,6.0,2.0,2.0,0.0,0.0,9.068249997678088E-9