TimeMin,TimeMax,TimeAvg,TimeStdev,TimeTotal
920.0,3880.0,2352.7272727272725,892.2809474914268,25880.0
