TraitMin,TraitMax,TraitAvg,TraitStdev,TraitTotal
380.0,1120.0,775.7222222222223,275.96286541203284,591.4285714285714
