TimeMin,TimeMax,TimeAvg,TimeStdev,TimeTotal
840.0,3720.0,1898.1818181818182,802.7885284977629,20880.0
