SentiMin,SentiMax,SentiAvg,SentiStdev,Senti0-0.20,Senti0.21-0.40,Senti0.41-0.60,Senti0.61-0.80,Senti0.81-1.00,SentiTotal
0.035933040780446825,0.6750732095846463,0.32789493171581857,0.1991333090679284,3.0,3.0,3.0,1.0,0.0,7.111929915659775E-5