TraitMin,TraitMax,TraitAvg,TraitStdev,TraitTotal
306.6666666666667,1200.0,547.9541446208112,257.91016492199935,499.66101694915255
