SentiMin,SentiMax,SentiAvg,SentiStdev,Senti0-0.20,Senti0.21-0.40,Senti0.41-0.60,Senti0.61-0.80,Senti0.81-1.00,SentiTotal
0.17459073030070024,0.5628056929000496,0.38517887459625905,0.14938696686201103,1.0,4.0,6.0,0.0,0.0,0.003290471485564198