TimeMin,TimeMax,TimeAvg,TimeStdev,TimeTotal
280.0,4320.0,1586.6666666666667,1174.9080342260363,23800.0
