TimeMin,TimeMax,TimeAvg,TimeStdev,TimeTotal
760.0,5120.0,2436.3636363636365,1316.7955092660138,26800.0
