SentiMin,SentiMax,SentiAvg,SentiStdev,Senti0-0.20,Senti0.21-0.40,Senti0.41-0.60,Senti0.61-0.80,Senti0.81-1.00,SentiTotal
0.1451075085758024,0.5494757725541931,0.3525891114142663,0.17397721000036315,1.0,1.0,2.0,0.0,0.0,0.05540196704794574