SentiMin,SentiMax,SentiAvg,SentiStdev,Senti0-0.20,Senti0.21-0.40,Senti0.41-0.60,Senti0.61-0.80,Senti0.81-1.00,SentiTotal
0.055981655015742586,0.49789225920557484,0.2427957633798676,0.19311904325880455,5.0,0.0,3.0,0.0,0.0,9.311502144521015E-6