TraitMin,TraitMax,TraitAvg,TraitStdev,TraitTotal
232.0,1160.0,693.3289760348583,386.78714985905646,417.14285714285717
