TimeMin,TimeMax,TimeAvg,TimeStdev,TimeTotal
976.0,5120.0,2077.818181818182,1397.177792954056,22856.0
