TraitMin,TraitMax,TraitAvg,TraitStdev,TraitTotal
300.0,1340.0,616.8333333333333,346.01216259933216,506.6666666666667
