TraitMin,TraitMax,TraitAvg,TraitStdev,TraitTotal
296.6666666666667,1080.0,556.4267676767677,308.30941566869217,373.3333333333333
