TraitMin,TraitMax,TraitAvg,TraitStdev,TraitTotal
208.88888888888889,1120.0,621.1656565656565,250.52527322250725,501.42857142857144
