TraitMin,TraitMax,TraitAvg,TraitStdev,TraitTotal
306.6666666666667,1240.0,646.0303030303031,302.75504164809956,543.8709677419355
