TraitMin,TraitMax,TraitAvg,TraitStdev,TraitTotal
270.0,880.0,438.50807453416144,170.95925359800117,392.3076923076923
