TimeMin,TimeMax,TimeAvg,TimeStdev,TimeTotal
560.0,3920.0,1316.3636363636363,969.1164929251303,14480.0
