SentiMin,SentiMax,SentiAvg,SentiStdev,Senti0-0.20,Senti0.21-0.40,Senti0.41-0.60,Senti0.61-0.80,Senti0.81-1.00,SentiTotal
1.893224586649835E-4,0.49789225920557484,0.3245405450300321,0.20089271770760617,2.0,1.0,3.0,0.0,0.0,1.1517016027682282E-5