TraitMin,TraitMax,TraitAvg,TraitStdev,TraitTotal
400.0,670.0,498.8297258297258,93.92052140838435,480.64516129032256
