SentiMin,SentiMax,SentiAvg,SentiStdev,Senti0-0.20,Senti0.21-0.40,Senti0.41-0.60,Senti0.61-0.80,Senti0.81-1.00,SentiTotal
0.08906630292783811,0.49789225920557484,0.4001470837562014,0.13040599909567163,1.0,3.0,5.0,0.0,0.0,0.013644085080113838