TraitMin,TraitMax,TraitAvg,TraitStdev,TraitTotal
260.0,1480.0,731.3939393939394,406.01870430572205,535.3846153846154
