SentiMin,SentiMax,SentiAvg,SentiStdev,Senti0-0.20,Senti0.21-0.40,Senti0.41-0.60,Senti0.61-0.80,Senti0.81-1.00,SentiTotal
0.0019877347511550346,0.6058427793488913,0.3625779502092174,0.21831338702309133,2.0,0.0,4.0,1.0,0.0,1.1396754970737009E-4