SentiMin,SentiMax,SentiAvg,SentiStdev,Senti0-0.20,Senti0.21-0.40,Senti0.41-0.60,Senti0.61-0.80,Senti0.81-1.00,SentiTotal
9.318334717821831E-4,0.8439925691239514,0.327890237193615,0.26640745455921827,4.0,1.0,4.0,0.0,1.0,6.972138429864988E-8