TimeMin,TimeMax,TimeAvg,TimeStdev,TimeTotal
680.0,6000.0,2178.4615384615386,1322.8980201049637,28320.0
