SentiMin,SentiMax,SentiAvg,SentiStdev,Senti0-0.20,Senti0.21-0.40,Senti0.41-0.60,Senti0.61-0.80,Senti0.81-1.00,SentiTotal
0.1674465351343007,0.49789225920557484,0.39094202808514716,0.12099726348141016,1.0,3.0,4.0,0.0,0.0,0.020555580476017854