TraitMin,TraitMax,TraitAvg,TraitStdev,TraitTotal
170.0,720.0,510.4988344988345,157.67133044608983,468.75
