TraitMin,TraitMax,TraitAvg,TraitStdev,TraitTotal
257.14285714285717,750.0,425.8058608058608,159.0162923038056,433.22033898305085
