SentiMin,SentiMax,SentiAvg,SentiStdev,Senti0-0.20,Senti0.21-0.40,Senti0.41-0.60,Senti0.61-0.80,Senti0.81-1.00,SentiTotal
0.10267875842370071,0.49789225920557484,0.31682439692076797,0.17069955423192426,4.0,2.0,4.0,0.0,0.0,9.9354930190311E-5