SentiMin,SentiMax,SentiAvg,SentiStdev,Senti0-0.20,Senti0.21-0.40,Senti0.41-0.60,Senti0.61-0.80,Senti0.81-1.00,SentiTotal
0.06217039942805601,0.5376313852628168,0.3615841201598056,0.140794608158708,1.0,7.0,5.0,0.0,0.0,1.8836846491008768E-4