TraitMin,TraitMax,TraitAvg,TraitStdev,TraitTotal
480.0,1120.0,713.8181818181818,245.8641699854711,594.7826086956521
