TraitMin,TraitMax,TraitAvg,TraitStdev,TraitTotal
265.2631578947368,840.0,425.32330827067665,223.5282072059636,325.29411764705884
