TraitMin,TraitMax,TraitAvg,TraitStdev,TraitTotal
260.0,1600.0,648.0908424908425,399.7620293775149,426.6666666666667
