TimeMin,TimeMax,TimeAvg,TimeStdev,TimeTotal
800.0,3280.0,1693.3333333333333,736.7194551222029,20320.0
