SentiMin,SentiMax,SentiAvg,SentiStdev,Senti0-0.20,Senti0.21-0.40,Senti0.41-0.60,Senti0.61-0.80,Senti0.81-1.00,SentiTotal
0.029608885629010394,0.49789225920557484,0.27346565354500674,0.1623068961674544,4.0,4.0,3.0,0.0,0.0,1.0695827821752993E-6