TimeMin,TimeMax,TimeAvg,TimeStdev,TimeTotal
600.0,5160.0,2115.5555555555557,1397.8325373481387,19040.0
