SentiMin,SentiMax,SentiAvg,SentiStdev,Senti0-0.20,Senti0.21-0.40,Senti0.41-0.60,Senti0.61-0.80,Senti0.81-1.00,SentiTotal
0.02624419177980086,0.5628056929000496,0.3325761619614293,0.19376861133401077,4.0,0.0,5.0,0.0,0.0,1.7662410771092902E-4