TraitMin,TraitMax,TraitAvg,TraitStdev,TraitTotal
233.33333333333334,853.3333333333334,456.14736842105265,197.26188582038498,351.7241379310345
