SentiMin,SentiMax,SentiAvg,SentiStdev,Senti0-0.20,Senti0.21-0.40,Senti0.41-0.60,Senti0.61-0.80,Senti0.81-1.00,SentiTotal
0.011043990531898133,0.7910577200419511,0.30132361816728415,0.2253395432081903,3.0,6.0,0.0,2.0,0.0,1.8714148645479119E-6