SentiMin,SentiMax,SentiAvg,SentiStdev,Senti0-0.20,Senti0.21-0.40,Senti0.41-0.60,Senti0.61-0.80,Senti0.81-1.00,SentiTotal
0.0020811414423473106,0.8789964008813648,0.33175975954335396,0.27530064526145176,4.0,2.0,4.0,0.0,1.0,3.481364498382435E-8