SentiMin,SentiMax,SentiAvg,SentiStdev,Senti0-0.20,Senti0.21-0.40,Senti0.41-0.60,Senti0.61-0.80,Senti0.81-1.00,SentiTotal
0.012282983253996446,0.6672509485101296,0.40298536076017677,0.19303090571834122,3.0,2.0,9.0,1.0,0.0,3.335701557565319E-5