SentiMin,SentiMax,SentiAvg,SentiStdev,Senti0-0.20,Senti0.21-0.40,Senti0.41-0.60,Senti0.61-0.80,Senti0.81-1.00,SentiTotal
0.02069103773033079,0.8010361579683232,0.4361205016303946,0.25161838315665025,2.0,1.0,3.0,1.0,1.0,0.017351575465396535