TraitMin,TraitMax,TraitAvg,TraitStdev,TraitTotal
203.33333333333334,400.0,273.7049062049062,53.22225006854731,265.34653465346537
