TimeMin,TimeMax,TimeAvg,TimeStdev,TimeTotal
920.0,8920.0,3275.5555555555557,2638.9522799403685,29480.0
