SentiMin,SentiMax,SentiAvg,SentiStdev,Senti0-0.20,Senti0.21-0.40,Senti0.41-0.60,Senti0.61-0.80,Senti0.81-1.00,SentiTotal
0.001091790265768441,0.9523225840999447,0.35826651632191164,0.26034543814973177,2.0,4.0,4.0,0.0,1.0,6.902729092261769E-6