TraitMin,TraitMax,TraitAvg,TraitStdev,TraitTotal
268.0,1360.0,597.5604395604395,262.7993182096135,506.79245283018867
