TimeMin,TimeMax,TimeAvg,TimeStdev,TimeTotal
840.0,6000.0,1966.1538461538462,1368.4665109954194,25560.0
