TimeMin,TimeMax,TimeAvg,TimeStdev,TimeTotal
600.0,8160.0,2727.2727272727275,2362.3604948098027,30000.0
