SentiMin,SentiMax,SentiAvg,SentiStdev,Senti0-0.20,Senti0.21-0.40,Senti0.41-0.60,Senti0.61-0.80,Senti0.81-1.00,SentiTotal
0.004093736035888573,0.49789225920557484,0.21010518218079036,0.16618369859357257,3.0,3.0,1.0,0.0,0.0,1.4767471338502263E-7