TraitMin,TraitMax,TraitAvg,TraitStdev,TraitTotal
413.3333333333333,1032.0,685.4391534391534,252.54431148948504,576.969696969697
