TraitMin,TraitMax,TraitAvg,TraitStdev,TraitTotal
271.42857142857144,640.0,396.2358276643991,110.70199102032338,349.09090909090907
