SentiMin,SentiMax,SentiAvg,SentiStdev,Senti0-0.20,Senti0.21-0.40,Senti0.41-0.60,Senti0.61-0.80,Senti0.81-1.00,SentiTotal
0.21921412548362115,0.8397162211936369,0.48810778542894845,0.15401000979605756,0.0,3.0,7.0,1.0,1.0,0.4347619816442287