TraitMin,TraitMax,TraitAvg,TraitStdev,TraitTotal
210.0,413.3333333333333,321.7857142857143,75.22029249895348,277.09090909090907
