SentiMin,SentiMax,SentiAvg,SentiStdev,Senti0-0.20,Senti0.21-0.40,Senti0.41-0.60,Senti0.61-0.80,Senti0.81-1.00,SentiTotal
4.649455706571006E-4,0.4801180056153849,0.1950453931400427,0.19954754016434376,5.0,3.0,2.0,0.0,0.0,1.6042937920064322E-14