TraitMin,TraitMax,TraitAvg,TraitStdev,TraitTotal
206.66666666666666,560.0,381.68888888888887,116.50139404665856,354.0
