TimeMin,TimeMax,TimeAvg,TimeStdev,TimeTotal
720.0,1040.0,932.3076923076923,106.85387910267902,12120.0
