SentiMin,SentiMax,SentiAvg,SentiStdev,Senti0-0.20,Senti0.21-0.40,Senti0.41-0.60,Senti0.61-0.80,Senti0.81-1.00,SentiTotal
3.069879502576274E-4,0.8483771802584185,0.2622363107282542,0.26045297824195923,6.0,3.0,1.0,1.0,1.0,4.401495132429035E-12