SentiMin,SentiMax,SentiAvg,SentiStdev,Senti0-0.20,Senti0.21-0.40,Senti0.41-0.60,Senti0.61-0.80,Senti0.81-1.00,SentiTotal
0.08481922408714256,0.49789225920557484,0.31352179594123375,0.13747180474467074,3.0,6.0,4.0,0.0,0.0,1.0585797853993344E-5