TraitMin,TraitMax,TraitAvg,TraitStdev,TraitTotal
300.0,520.0,397.91666666666663,71.4713909352702,369.2307692307692
