TraitMin,TraitMax,TraitAvg,TraitStdev,TraitTotal
244.0,1000.0,445.63520923520923,261.0853219019167,332.5
