SentiMin,SentiMax,SentiAvg,SentiStdev,Senti0-0.20,Senti0.21-0.40,Senti0.41-0.60,Senti0.61-0.80,Senti0.81-1.00,SentiTotal
1.956118207144715E-4,0.5136446707795853,0.3091785892229411,0.15071901244818145,2.0,6.0,2.0,0.0,0.0,2.5510546007607887E-7