TraitMin,TraitMax,TraitAvg,TraitStdev,TraitTotal
200.0,1040.0,700.5128205128204,309.34683368485946,550.9090909090909
