SentiMin,SentiMax,SentiAvg,SentiStdev,Senti0-0.20,Senti0.21-0.40,Senti0.41-0.60,Senti0.61-0.80,Senti0.81-1.00,SentiTotal
1.5863652449901565E-4,0.7304314676750104,0.1628408875793894,0.2213089316441126,11.0,1.0,2.0,1.0,0.0,1.1715312315043304E-19