SentiMin,SentiMax,SentiAvg,SentiStdev,Senti0-0.20,Senti0.21-0.40,Senti0.41-0.60,Senti0.61-0.80,Senti0.81-1.00,SentiTotal
0.2556551794069765,0.49789225920557484,0.37286813216393644,0.08799122478171297,0.0,3.0,1.0,0.0,0.0,0.10631363647044781