SentiMin,SentiMax,SentiAvg,SentiStdev,Senti0-0.20,Senti0.21-0.40,Senti0.41-0.60,Senti0.61-0.80,Senti0.81-1.00,SentiTotal
6.026302787526444E-4,0.8945808700703616,0.2941792036015308,0.3329320195730314,6.0,1.0,0.0,2.0,1.0,1.6382239266112366E-10