SentiMin,SentiMax,SentiAvg,SentiStdev,Senti0-0.20,Senti0.21-0.40,Senti0.41-0.60,Senti0.61-0.80,Senti0.81-1.00,SentiTotal
0.034578341816426744,0.5425813081463245,0.35166295406642845,0.18828385256601599,2.0,2.0,4.0,0.0,0.0,8.963744435543349E-4