TraitMin,TraitMax,TraitAvg,TraitStdev,TraitTotal
205.0,1000.0,478.54844835879317,280.1634260302255,317.5
