TraitMin,TraitMax,TraitAvg,TraitStdev,TraitTotal
253.33333333333334,1200.0,535.7407407407406,285.8851438964359,514.2857142857143
