SentiMin,SentiMax,SentiAvg,SentiStdev,Senti0-0.20,Senti0.21-0.40,Senti0.41-0.60,Senti0.61-0.80,Senti0.81-1.00,SentiTotal
0.002607463744221263,0.9225424588495441,0.3723579840036897,0.32041885789980845,2.0,4.0,1.0,0.0,2.0,9.351668909644603E-6