TimeMin,TimeMax,TimeAvg,TimeStdev,TimeTotal
400.0,5560.0,1996.923076923077,1488.7856931864594,25960.0
