SentiMin,SentiMax,SentiAvg,SentiStdev,Senti0-0.20,Senti0.21-0.40,Senti0.41-0.60,Senti0.61-0.80,Senti0.81-1.00,SentiTotal
0.0026463175029521027,0.47589482758792406,0.24036799312117926,0.17352848680751964,6.0,5.0,2.0,0.0,0.0,1.9011092907288357E-10