TimeMin,TimeMax,TimeAvg,TimeStdev,TimeTotal
520.0,7720.0,2893.3333333333335,2127.408439079498,26040.0
