SentiMin,SentiMax,SentiAvg,SentiStdev,Senti0-0.20,Senti0.21-0.40,Senti0.41-0.60,Senti0.61-0.80,Senti0.81-1.00,SentiTotal
0.06575014815078971,0.6624055896622104,0.33721113305592704,0.20628500361029717,3.0,2.0,2.0,1.0,0.0,7.688145390189751E-4