TraitMin,TraitMax,TraitAvg,TraitStdev,TraitTotal
260.0,910.0,521.4197530864197,206.03366338192956,531.4285714285714
