TraitMin,TraitMax,TraitAvg,TraitStdev,TraitTotal
360.0,1120.0,608.7529137529137,260.9435673899142,519.2
