TraitMin,TraitMax,TraitAvg,TraitStdev,TraitTotal
213.33333333333334,1000.0,533.2058608058608,238.08792604607572,422.60869565217394
