SentiMin,SentiMax,SentiAvg,SentiStdev,Senti0-0.20,Senti0.21-0.40,Senti0.41-0.60,Senti0.61-0.80,Senti0.81-1.00,SentiTotal
8.281263183514554E-4,0.49789225920557484,0.20793595867201717,0.1858442346833554,5.0,4.0,1.0,0.0,0.0,1.0516803975050515E-12