SentiMin,SentiMax,SentiAvg,SentiStdev,Senti0-0.20,Senti0.21-0.40,Senti0.41-0.60,Senti0.61-0.80,Senti0.81-1.00,SentiTotal
0.0019847740078503674,0.58262708536682,0.28116004672979705,0.19085717843876684,3.0,4.0,2.0,0.0,0.0,1.9670639735017904E-7