TimeMin,TimeMax,TimeAvg,TimeStdev,TimeTotal
1000.0,15360.0,5262.857142857143,4395.158746639679,36840.0
