SentiMin,SentiMax,SentiAvg,SentiStdev,Senti0-0.20,Senti0.21-0.40,Senti0.41-0.60,Senti0.61-0.80,Senti0.81-1.00,SentiTotal
4.872050600479862E-4,0.6155765545157244,0.1837867416029354,0.21783915714104277,6.0,1.0,1.0,1.0,0.0,3.5016695163176295E-11