TraitMin,TraitMax,TraitAvg,TraitStdev,TraitTotal
152.0,1000.0,528.1428571428571,259.4810755554797,447.56756756756755
