SentiMin,SentiMax,SentiAvg,SentiStdev,Senti0-0.20,Senti0.21-0.40,Senti0.41-0.60,Senti0.61-0.80,Senti0.81-1.00,SentiTotal
2.442790429279939E-6,0.5950256399606813,0.24170958056804645,0.21795554071196516,4.0,2.0,2.0,0.0,0.0,1.7708991781512744E-13