TraitMin,TraitMax,TraitAvg,TraitStdev,TraitTotal
260.0,1220.0,495.80246913580254,266.9863196187922,437.2093023255814
