TraitMin,TraitMax,TraitAvg,TraitStdev,TraitTotal
270.7692307692308,1053.3333333333333,632.6780626780626,289.44262691821876,539.6078431372549
