TraitMin,TraitMax,TraitAvg,TraitStdev,TraitTotal
265.0,808.421052631579,564.6928034371643,158.20996921860626,603.9344262295082
