TraitMin,TraitMax,TraitAvg,TraitStdev,TraitTotal
50.666666666666664,1000.0,577.1664261664263,336.62120238476257,474.4888888888889
