SentiMin,SentiMax,SentiAvg,SentiStdev,Senti0-0.20,Senti0.21-0.40,Senti0.41-0.60,Senti0.61-0.80,Senti0.81-1.00,SentiTotal
3.8371960255739767E-4,0.5318834537628724,0.2812247227243341,0.208443777080044,4.0,1.0,4.0,0.0,0.0,1.1905925621689263E-8