TimeMin,TimeMax,TimeAvg,TimeStdev,TimeTotal
152.0,8600.0,2372.4444444444443,2631.777393115455,21352.0
