SentiMin,SentiMax,SentiAvg,SentiStdev,Senti0-0.20,Senti0.21-0.40,Senti0.41-0.60,Senti0.61-0.80,Senti0.81-1.00,SentiTotal
2.8820233194052253E-4,0.46364466503952073,0.21578763225331987,0.1650043198874225,3.0,4.0,2.0,0.0,0.0,2.022630445499303E-10