SentiMin,SentiMax,SentiAvg,SentiStdev,Senti0-0.20,Senti0.21-0.40,Senti0.41-0.60,Senti0.61-0.80,Senti0.81-1.00,SentiTotal
0.002132961241159892,0.49789225920557484,0.21044460216519434,0.18936432846228138,4.0,2.0,2.0,0.0,0.0,7.009878125430463E-9