TimeMin,TimeMax,TimeAvg,TimeStdev,TimeTotal
880.0,14720.0,3057.777777777778,4233.038776570636,27520.0
