TraitMin,TraitMax,TraitAvg,TraitStdev,TraitTotal
322.6666666666667,1120.0,629.0833333333334,276.18993816655313,453.84615384615387
