TimeMin,TimeMax,TimeAvg,TimeStdev,TimeTotal
1280.0,4160.0,2088.8888888888887,922.1767057040695,18800.0
