TraitMin,TraitMax,TraitAvg,TraitStdev,TraitTotal
320.0,1080.0,611.4814814814814,270.518985030631,477.10843373493975
