SentiMin,SentiMax,SentiAvg,SentiStdev,Senti0-0.20,Senti0.21-0.40,Senti0.41-0.60,Senti0.61-0.80,Senti0.81-1.00,SentiTotal
1.355927836152209E-5,0.4691305089451463,0.29585280258876373,0.17284102102295115,2.0,1.0,3.0,0.0,0.0,5.222135968592513E-7