SentiMin,SentiMax,SentiAvg,SentiStdev,Senti0-0.20,Senti0.21-0.40,Senti0.41-0.60,Senti0.61-0.80,Senti0.81-1.00,SentiTotal
0.011990273416913009,0.39751759361842637,0.20475393351766968,0.19276366010075668,1.0,1.0,0.0,0.0,0.0,0.00801029589746563