TraitMin,TraitMax,TraitAvg,TraitStdev,TraitTotal
312.72727272727275,312.72727272727275,312.72727272727275,0.0,312.72727272727275
