SentiMin,SentiMax,SentiAvg,SentiStdev,Senti0-0.20,Senti0.21-0.40,Senti0.41-0.60,Senti0.61-0.80,Senti0.81-1.00,SentiTotal
0.007593126925407379,0.5533970533999424,0.2872450230028248,0.19018217671062984,4.0,4.0,3.0,0.0,0.0,3.133210824783873E-7