TimeMin,TimeMax,TimeAvg,TimeStdev,TimeTotal
640.0,10000.0,3628.5714285714284,3309.947900200367,25400.0
