TimeMin,TimeMax,TimeAvg,TimeStdev,TimeTotal
1040.0,13800.0,4003.3333333333335,4003.5470384259115,48040.0
