SentiMin,SentiMax,SentiAvg,SentiStdev,Senti0-0.20,Senti0.21-0.40,Senti0.41-0.60,Senti0.61-0.80,Senti0.81-1.00,SentiTotal
1.669340379746577E-4,0.4833602296066156,0.20218331732512473,0.1758094661785955,6.0,1.0,2.0,0.0,0.0,1.1248766105395393E-10