TraitMin,TraitMax,TraitAvg,TraitStdev,TraitTotal
369.2307692307692,500.0,434.61538461538464,65.38461538461539,386.6666666666667
