TraitMin,TraitMax,TraitAvg,TraitStdev,TraitTotal
250.0,960.0,497.25892857142856,195.5475284310595,415.3488372093023
