TraitMin,TraitMax,TraitAvg,TraitStdev,TraitTotal
240.0,757.1428571428571,449.9123677248677,158.92029477337388,448.97196261682245
