TraitMin,TraitMax,TraitAvg,TraitStdev,TraitTotal
220.0,640.0,387.62770562770567,120.89421700469356,362.85714285714283
