SentiMin,SentiMax,SentiAvg,SentiStdev,Senti0-0.20,Senti0.21-0.40,Senti0.41-0.60,Senti0.61-0.80,Senti0.81-1.00,SentiTotal
5.503065878750993E-5,0.5993088718704095,0.21327621228542337,0.22943747386981442,3.0,0.0,1.0,0.0,0.0,1.7200819713623545E-6