TimeMin,TimeMax,TimeAvg,TimeStdev,TimeTotal
1000.0,18240.0,5308.571428571428,5592.922641470145,37160.0
