SentiMin,SentiMax,SentiAvg,SentiStdev,Senti0-0.20,Senti0.21-0.40,Senti0.41-0.60,Senti0.61-0.80,Senti0.81-1.00,SentiTotal
7.603573490740888E-5,0.49789225920557484,0.12464236944966771,0.17315695334979797,5.0,1.0,1.0,0.0,0.0,2.4438012460369594E-15