SentiMin,SentiMax,SentiAvg,SentiStdev,Senti0-0.20,Senti0.21-0.40,Senti0.41-0.60,Senti0.61-0.80,Senti0.81-1.00,SentiTotal
3.47595868720775E-4,0.49789225920557484,0.1815331638779023,0.17937095624429872,8.0,2.0,2.0,0.0,0.0,4.346337833541385E-16