SentiMin,SentiMax,SentiAvg,SentiStdev,Senti0-0.20,Senti0.21-0.40,Senti0.41-0.60,Senti0.61-0.80,Senti0.81-1.00,SentiTotal
0.0013449348844794908,0.9520476008328821,0.33234352848143095,0.3099920624708246,3.0,1.0,2.0,0.0,1.0,1.6783595505584574E-5