TraitMin,TraitMax,TraitAvg,TraitStdev,TraitTotal
253.33333333333334,1000.0,516.3229699593337,242.2039055112609,388.780487804878
