TraitMin,TraitMax,TraitAvg,TraitStdev,TraitTotal
386.6666666666667,971.4285714285714,610.8874458874459,221.4253881275796,566.6666666666666
