TraitMin,TraitMax,TraitAvg,TraitStdev,TraitTotal
218.46153846153845,1280.0,571.942501942502,330.5473145735472,401.9672131147541
