TraitMin,TraitMax,TraitAvg,TraitStdev,TraitTotal
323.8095238095238,840.0,516.0894660894661,184.29925682726414,375.13513513513516
