TimeMin,TimeMax,TimeAvg,TimeStdev,TimeTotal
480.0,6800.0,2313.3333333333335,2407.257545193054,13880.0
