TraitMin,TraitMax,TraitAvg,TraitStdev,TraitTotal
333.3333333333333,1080.0,542.5858585858585,245.56156646446715,509.041095890411
