SentiMin,SentiMax,SentiAvg,SentiStdev,Senti0-0.20,Senti0.21-0.40,Senti0.41-0.60,Senti0.61-0.80,Senti0.81-1.00,SentiTotal
3.8209659006147374E-5,0.24708836337704929,0.14978567783777572,0.09019220811584489,3.0,2.0,0.0,0.0,0.0,9.222431759124787E-8