TraitMin,TraitMax,TraitAvg,TraitStdev,TraitTotal
118.5,532.0,291.57843137254906,121.01174951930253,239.05555555555554
