SentiMin,SentiMax,SentiAvg,SentiStdev,Senti0-0.20,Senti0.21-0.40,Senti0.41-0.60,Senti0.61-0.80,Senti0.81-1.00,SentiTotal
1.195333575279285E-5,0.5628056929000496,0.24049748433214532,0.21995720363466478,7.0,2.0,4.0,0.0,0.0,1.2189929806482632E-15