TraitMin,TraitMax,TraitAvg,TraitStdev,TraitTotal
96.2,409.0,204.04761904761904,89.30458556125534,179.9375
