TimeMin,TimeMax,TimeAvg,TimeStdev,TimeTotal
210.0,1644.0,616.9285714285714,375.18651824044497,8637.0
