TraitMin,TraitMax,TraitAvg,TraitStdev,TraitTotal
99.71428571428571,1195.0,350.96544566544566,362.0600923080541,232.46341463414635
