TraitMin,TraitMax,TraitAvg,TraitStdev,TraitTotal
93.0,515.5,202.38142135642136,91.78881649538262,201.64341085271317
