SentiMin,SentiMax,SentiAvg,SentiStdev,Senti0-0.20,Senti0.21-0.40,Senti0.41-0.60,Senti0.61-0.80,Senti0.81-1.00,SentiTotal
0.04629637104015654,0.39697510199130176,0.15459088973180235,0.10360622489066318,8.0,3.0,0.0,0.0,0.0,7.463266689354632E-10