SentiMin,SentiMax,SentiAvg,SentiStdev,Senti0-0.20,Senti0.21-0.40,Senti0.41-0.60,Senti0.61-0.80,Senti0.81-1.00,SentiTotal
0.013919303780393646,0.5628056929000496,0.3429719035181577,0.18907196333176088,2.0,4.0,5.0,0.0,0.0,1.6380221892186722E-5