SentiMin,SentiMax,SentiAvg,SentiStdev,Senti0-0.20,Senti0.21-0.40,Senti0.41-0.60,Senti0.61-0.80,Senti0.81-1.00,SentiTotal
0.01906479708790415,0.49789225920557484,0.3792347711568379,0.1440657649177715,2.0,7.0,8.0,0.0,0.0,2.150234080811483E-5