TraitMin,TraitMax,TraitAvg,TraitStdev,TraitTotal
79.5,583.8,222.53644688644687,132.56634252315854,205.1578947368421
