TimeMin,TimeMax,TimeAvg,TimeStdev,TimeTotal
199.0,3155.0,1286.909090909091,943.9934952150171,14156.0
