TraitMin,TraitMax,TraitAvg,TraitStdev,TraitTotal
83.6,799.0,227.13445767195768,162.92010804315692,208.88983050847457
