TimeMin,TimeMax,TimeAvg,TimeStdev,TimeTotal
160.0,2176.0,506.2352941176471,454.24307167648686,8606.0
