TraitMin,TraitMax,TraitAvg,TraitStdev,TraitTotal
72.66666666666667,258.6,169.27934981684982,56.61208830860392,189.0568181818182
