TimeMin,TimeMax,TimeAvg,TimeStdev,TimeTotal
267.0,3699.0,1737.8181818181818,1011.1416426434049,19116.0
