TimeMin,TimeMax,TimeAvg,TimeStdev,TimeTotal
204.0,3648.0,1466.3076923076924,934.8132997157473,19062.0
