SentiMin,SentiMax,SentiAvg,SentiStdev,Senti0-0.20,Senti0.21-0.40,Senti0.41-0.60,Senti0.61-0.80,Senti0.81-1.00,SentiTotal
0.00718288390953819,0.5136446707795853,0.2829648520594608,0.16928408808002196,5.0,7.0,4.0,0.0,0.0,1.2941727276293443E-9