SentiMin,SentiMax,SentiAvg,SentiStdev,Senti0-0.20,Senti0.21-0.40,Senti0.41-0.60,Senti0.61-0.80,Senti0.81-1.00,SentiTotal
0.04849546545403038,0.49789225920557484,0.21573978698815427,0.12634257246668296,4.0,5.0,1.0,0.0,0.0,3.9506217816834653E-7