SentiMin,SentiMax,SentiAvg,SentiStdev,Senti0-0.20,Senti0.21-0.40,Senti0.41-0.60,Senti0.61-0.80,Senti0.81-1.00,SentiTotal
1.1990933993802164E-4,0.5136446707795853,0.24002429690135504,0.1661672846877349,5.0,1.0,2.0,0.0,0.0,5.9192221005117316E-8