TimeMin,TimeMax,TimeAvg,TimeStdev,TimeTotal
423.0,3591.0,1512.4545454545455,1102.8267286334828,16637.0
