SentiMin,SentiMax,SentiAvg,SentiStdev,Senti0-0.20,Senti0.21-0.40,Senti0.41-0.60,Senti0.61-0.80,Senti0.81-1.00,SentiTotal
0.0059931066000362245,0.8439925691239514,0.4253744731511044,0.2081931798368028,2.0,2.0,9.0,0.0,1.0,2.8549017917530914E-4