SentiMin,SentiMax,SentiAvg,SentiStdev,Senti0-0.20,Senti0.21-0.40,Senti0.41-0.60,Senti0.61-0.80,Senti0.81-1.00,SentiTotal
6.678345903761659E-4,0.8868905638690598,0.41135019876500567,0.20738718199724057,7.0,1.0,16.0,1.0,1.0,2.468055746589564E-8