TraitMin,TraitMax,TraitAvg,TraitStdev,TraitTotal
135.0,313.0,221.2005411255411,54.13184544461658,232.0655737704918
