TraitMin,TraitMax,TraitAvg,TraitStdev,TraitTotal
89.33333333333333,384.0,210.1222077922078,78.53130902500902,217.0483870967742
