TraitMin,TraitMax,TraitAvg,TraitStdev,TraitTotal
95.5,473.0,214.46713286713288,93.13716063018994,204.140625
