TraitMin,TraitMax,TraitAvg,TraitStdev,TraitTotal
280.3333333333333,576.0,416.9333333333334,113.29281628692185,477.6666666666667
