SentiMin,SentiMax,SentiAvg,SentiStdev,Senti0-0.20,Senti0.21-0.40,Senti0.41-0.60,Senti0.61-0.80,Senti0.81-1.00,SentiTotal
0.058553252288677915,0.5008071308055985,0.3637756987613976,0.1603794986979848,2.0,3.0,4.0,0.0,0.0,0.0016538420581664176