SentiMin,SentiMax,SentiAvg,SentiStdev,Senti0-0.20,Senti0.21-0.40,Senti0.41-0.60,Senti0.61-0.80,Senti0.81-1.00,SentiTotal
0.002376683638217219,0.48728019602140255,0.17525089451898895,0.1974349697367642,2.0,1.0,1.0,0.0,0.0,4.908685568912742E-6