TraitMin,TraitMax,TraitAvg,TraitStdev,TraitTotal
235.0,502.85714285714283,407.5714285714286,94.13588383740995,418.06451612903226
