TraitMin,TraitMax,TraitAvg,TraitStdev,TraitTotal
272.3076923076923,465.80645161290323,336.0418764031668,69.01807424244939,352.44444444444446
