TimeMin,TimeMax,TimeAvg,TimeStdev,TimeTotal
3520.0,10840.0,6373.333333333333,2474.6896550656384,57360.0
