SentiMin,SentiMax,SentiAvg,SentiStdev,Senti0-0.20,Senti0.21-0.40,Senti0.41-0.60,Senti0.61-0.80,Senti0.81-1.00,SentiTotal
3.64827496161054E-4,0.49789225920557484,0.2213429742394703,0.19758398204316063,3.0,2.0,2.0,0.0,0.0,1.7347010790811916E-8