TimeMin,TimeMax,TimeAvg,TimeStdev,TimeTotal
720.0,2720.0,1373.3333333333333,565.685424949238,12360.0
