TraitMin,TraitMax,TraitAvg,TraitStdev,TraitTotal
294.2857142857143,670.0,427.6288080449571,112.96066101186835,383.7974683544304
