SentiMin,SentiMax,SentiAvg,SentiStdev,Senti0-0.20,Senti0.21-0.40,Senti0.41-0.60,Senti0.61-0.80,Senti0.81-1.00,SentiTotal
1.8442743335947266E-4,0.5628056929000496,0.24351485426369104,0.24279421398187018,3.0,0.0,2.0,0.0,0.0,1.381898469274275E-6