TraitMin,TraitMax,TraitAvg,TraitStdev,TraitTotal
272.0,1280.0,578.5925925925926,329.6037942434799,398.7096774193548
