TraitMin,TraitMax,TraitAvg,TraitStdev,TraitTotal
146.66666666666666,457.77777777777777,322.6121101121101,82.92766200715627,328.2882882882883
