SentiMin,SentiMax,SentiAvg,SentiStdev,Senti0-0.20,Senti0.21-0.40,Senti0.41-0.60,Senti0.61-0.80,Senti0.81-1.00,SentiTotal
0.005666970695291832,0.4894886660404289,0.21803454286647442,0.21295583071375848,3.0,1.0,2.0,0.0,0.0,4.0428585981630263E-7