TimeMin,TimeMax,TimeAvg,TimeStdev,TimeTotal
1600.0,8120.0,4977.142857142857,2077.1251718641893,34840.0
