SentiMin,SentiMax,SentiAvg,SentiStdev,Senti0-0.20,Senti0.21-0.40,Senti0.41-0.60,Senti0.61-0.80,Senti0.81-1.00,SentiTotal
0.007802318726419704,0.06986144698875216,0.03316706015163256,0.02319671227399636,6.0,0.0,0.0,0.0,0.0,2.6706830395004955E-10