TraitMin,TraitMax,TraitAvg,TraitStdev,TraitTotal
333.3333333333333,736.0,501.5555555555555,150.47660906779902,498.41269841269843
