TraitMin,TraitMax,TraitAvg,TraitStdev,TraitTotal
114.28571428571429,751.1111111111111,427.73869648869646,220.01185985141785,401.1267605633803
