TraitMin,TraitMax,TraitAvg,TraitStdev,TraitTotal
268.57142857142856,470.0,347.2951878959469,60.77772341149699,347.6363636363636
