SentiMin,SentiMax,SentiAvg,SentiStdev,Senti0-0.20,Senti0.21-0.40,Senti0.41-0.60,Senti0.61-0.80,Senti0.81-1.00,SentiTotal
7.605203461294516E-4,0.49789225920557484,0.2526645831974275,0.1798912687992874,5.0,5.0,3.0,0.0,0.0,8.50952417722035E-11