TraitMin,TraitMax,TraitAvg,TraitStdev,TraitTotal
249.52380952380952,426.6666666666667,347.5,64.85495328798253,331.53846153846155
