TraitMin,TraitMax,TraitAvg,TraitStdev,TraitTotal
232.0,1800.0,568.8,456.3410810153106,430.7692307692308
