SentiMin,SentiMax,SentiAvg,SentiStdev,Senti0-0.20,Senti0.21-0.40,Senti0.41-0.60,Senti0.61-0.80,Senti0.81-1.00,SentiTotal
0.15193889802784452,0.46239393910378096,0.34356195294587527,0.10033532792070149,1.0,3.0,2.0,0.0,0.0,0.016019087986623895