TraitMin,TraitMax,TraitAvg,TraitStdev,TraitTotal
200.0,1000.0,470.1282051282051,288.7597034524305,328.57142857142856
