TimeMin,TimeMax,TimeAvg,TimeStdev,TimeTotal
560.0,7000.0,1768.888888888889,1908.742718501396,15920.0
