TraitMin,TraitMax,TraitAvg,TraitStdev,TraitTotal
192.0,580.0,447.9047619047619,121.19114042291542,427.2
