TraitMin,TraitMax,TraitAvg,TraitStdev,TraitTotal
215.0,1000.0,601.1098901098901,304.5029929188451,404.25531914893617
