TraitMin,TraitMax,TraitAvg,TraitStdev,TraitTotal
265.0,1000.0,500.7435897435897,240.0402442699245,403.3333333333333
