SentiMin,SentiMax,SentiAvg,SentiStdev,Senti0-0.20,Senti0.21-0.40,Senti0.41-0.60,Senti0.61-0.80,Senti0.81-1.00,SentiTotal
5.238861485605198E-5,0.49789225920557484,0.14328636161760705,0.1619930180248821,6.0,1.0,1.0,0.0,0.0,8.530347300742258E-12