TraitMin,TraitMax,TraitAvg,TraitStdev,TraitTotal
160.0,1040.0,604.2051282051282,304.2948844884486,430.0
