TraitMin,TraitMax,TraitAvg,TraitStdev,TraitTotal
217.14285714285714,1000.0,546.3186813186812,246.27341459226858,408.8888888888889
