TraitMin,TraitMax,TraitAvg,TraitStdev,TraitTotal
240.0,1000.0,604.9230769230769,246.54238566419787,483.8095238095238
