TimeMin,TimeMax,TimeAvg,TimeStdev,TimeTotal
600.0,3800.0,1828.5714285714287,888.7138149584258,25600.0
