TraitMin,TraitMax,TraitAvg,TraitStdev,TraitTotal
250.0,1000.0,461.66666666666663,203.43849739472176,418.8235294117647
