TraitMin,TraitMax,TraitAvg,TraitStdev,TraitTotal
217.14285714285714,1000.0,503.8400814871404,234.38172505319997,409.86301369863014
