SentiMin,SentiMax,SentiAvg,SentiStdev,Senti0-0.20,Senti0.21-0.40,Senti0.41-0.60,Senti0.61-0.80,Senti0.81-1.00,SentiTotal
2.992638456042885E-5,0.39751759361842637,0.2071968836996828,0.15997849542981865,4.0,5.0,0.0,0.0,0.0,3.414605786562058E-12