TimeMin,TimeMax,TimeAvg,TimeStdev,TimeTotal
560.0,4080.0,1857.7777777777778,1010.8937495303383,16720.0
