SentiMin,SentiMax,SentiAvg,SentiStdev,Senti0-0.20,Senti0.21-0.40,Senti0.41-0.60,Senti0.61-0.80,Senti0.81-1.00,SentiTotal
0.004687091267071015,0.5136446707795853,0.19542858290022982,0.14893251751194772,8.0,3.0,1.0,0.0,0.0,1.398201660484807E-10