TimeMin,TimeMax,TimeAvg,TimeStdev,TimeTotal
1000.0,2400.0,1453.3333333333333,489.9886620003455,17440.0
