SentiMin,SentiMax,SentiAvg,SentiStdev,Senti0-0.20,Senti0.21-0.40,Senti0.41-0.60,Senti0.61-0.80,Senti0.81-1.00,SentiTotal
1.0244127469377943E-4,0.5136446707795853,0.25499672478874164,0.20112053067837277,5.0,2.0,4.0,0.0,0.0,3.618965916388808E-14