TimeMin,TimeMax,TimeAvg,TimeStdev,TimeTotal
680.0,2520.0,1556.6666666666667,483.99954086295946,18680.0
