TraitMin,TraitMax,TraitAvg,TraitStdev,TraitTotal
213.33333333333334,1000.0,535.1388888888889,283.7077795314515,398.57142857142856
