TraitMin,TraitMax,TraitAvg,TraitStdev,TraitTotal
180.0,1020.0,616.125,295.22724004381587,461.1320754716981
