SentiMin,SentiMax,SentiAvg,SentiStdev,Senti0-0.20,Senti0.21-0.40,Senti0.41-0.60,Senti0.61-0.80,Senti0.81-1.00,SentiTotal
0.0011894701276335868,0.36023933278675047,0.11342201001546548,0.13209985839455154,7.0,3.0,0.0,0.0,0.0,4.071708388371946E-15