SentiMin,SentiMax,SentiAvg,SentiStdev,Senti0-0.20,Senti0.21-0.40,Senti0.41-0.60,Senti0.61-0.80,Senti0.81-1.00,SentiTotal
3.5535133054004304E-4,0.23977575112261929,0.07910615945239925,0.07361220091470684,8.0,1.0,0.0,0.0,0.0,2.1930809952617105E-14