TraitMin,TraitMax,TraitAvg,TraitStdev,TraitTotal
244.44444444444446,1240.0,644.3636363636364,298.34052468020934,487.8048780487805
