TimeMin,TimeMax,TimeAvg,TimeStdev,TimeTotal
520.0,3800.0,1713.3333333333333,819.566280961393,20560.0
