SentiMin,SentiMax,SentiAvg,SentiStdev,Senti0-0.20,Senti0.21-0.40,Senti0.41-0.60,Senti0.61-0.80,Senti0.81-1.00,SentiTotal
1.2229954992530785E-4,0.49789225920557484,0.17457713283480536,0.1837766034126802,10.0,1.0,3.0,0.0,0.0,7.382663795937532E-19