SentiMin,SentiMax,SentiAvg,SentiStdev,Senti0-0.20,Senti0.21-0.40,Senti0.41-0.60,Senti0.61-0.80,Senti0.81-1.00,SentiTotal
5.8246326318568905E-5,0.616604822445114,0.20617011719789397,0.2413087084002201,6.0,2.0,2.0,1.0,0.0,4.838738798384044E-16