TimeMin,TimeMax,TimeAvg,TimeStdev,TimeTotal
76.0,5560.0,1574.8333333333333,1045.533662245692,37796.0
