SentiMin,SentiMax,SentiAvg,SentiStdev,Senti0-0.20,Senti0.21-0.40,Senti0.41-0.60,Senti0.61-0.80,Senti0.81-1.00,SentiTotal
0.003095173745958281,0.49789225920557484,0.26131634716395624,0.1787285496139856,4.0,2.0,3.0,0.0,0.0,9.425443424820008E-7