SentiMin,SentiMax,SentiAvg,SentiStdev,Senti0-0.20,Senti0.21-0.40,Senti0.41-0.60,Senti0.61-0.80,Senti0.81-1.00,SentiTotal
0.0013689663331853024,0.47276851998752567,0.24048034159282095,0.16372050676697136,7.0,4.0,4.0,0.0,0.0,3.2951237385662955E-12