SentiMin,SentiMax,SentiAvg,SentiStdev,Senti0-0.20,Senti0.21-0.40,Senti0.41-0.60,Senti0.61-0.80,Senti0.81-1.00,SentiTotal
1.397972045699171E-4,0.46127768308170247,0.15586179858858742,0.15955814378370536,7.0,2.0,1.0,0.0,0.0,6.49142654411065E-14