TraitMin,TraitMax,TraitAvg,TraitStdev,TraitTotal
340.0,1040.0,694.4242424242425,265.8171730970649,592.8205128205128
