TraitMin,TraitMax,TraitAvg,TraitStdev,TraitTotal
76.0,2080.0,447.82539682539687,385.20260266452163,370.54901960784315
