TraitMin,TraitMax,TraitAvg,TraitStdev,TraitTotal
180.0,1000.0,437.26190476190476,253.30735746704786,335.23809523809524
