TimeMin,TimeMax,TimeAvg,TimeStdev,TimeTotal
520.0,3320.0,1525.7142857142858,830.401918915639,10680.0
