TraitMin,TraitMax,TraitAvg,TraitStdev,TraitTotal
204.0,840.0,393.65079365079356,179.81694871899936,345.9259259259259
