SentiMin,SentiMax,SentiAvg,SentiStdev,Senti0-0.20,Senti0.21-0.40,Senti0.41-0.60,Senti0.61-0.80,Senti0.81-1.00,SentiTotal
0.002846456433911613,0.7095877248031514,0.24555165086658107,0.22845484614151276,5.0,1.0,1.0,1.0,0.0,1.5641225654968218E-7