SentiMin,SentiMax,SentiAvg,SentiStdev,Senti0-0.20,Senti0.21-0.40,Senti0.41-0.60,Senti0.61-0.80,Senti0.81-1.00,SentiTotal
8.392082181604253E-4,0.49789225920557484,0.21815776079711635,0.19103769604175203,5.0,2.0,3.0,0.0,0.0,1.1983289967996213E-12