TraitMin,TraitMax,TraitAvg,TraitStdev,TraitTotal
288.0,360.0,318.6,25.277482293755263,309.2682926829268
