SentiMin,SentiMax,SentiAvg,SentiStdev,Senti0-0.20,Senti0.21-0.40,Senti0.41-0.60,Senti0.61-0.80,Senti0.81-1.00,SentiTotal
0.010649479823506272,0.39697510199130176,0.17304971743216094,0.12637698914616394,10.0,9.0,0.0,0.0,0.0,2.3190025659808346E-18