TraitMin,TraitMax,TraitAvg,TraitStdev,TraitTotal
307.5,1000.0,515.8333333333333,234.44616663640514,405.4237288135593
