SentiMin,SentiMax,SentiAvg,SentiStdev,Senti0-0.20,Senti0.21-0.40,Senti0.41-0.60,Senti0.61-0.80,Senti0.81-1.00,SentiTotal
0.0021807254117754554,0.5318834537628724,0.19622401609235232,0.20770621530766045,4.0,0.0,2.0,0.0,0.0,7.090547187829432E-7