TraitMin,TraitMax,TraitAvg,TraitStdev,TraitTotal
306.6666666666667,1080.0,672.9166666666666,279.0460975126458,487.27272727272725
