TraitMin,TraitMax,TraitAvg,TraitStdev,TraitTotal
260.0,1000.0,483.5238095238095,248.48013284211186,385.0
