TimeMin,TimeMax,TimeAvg,TimeStdev,TimeTotal
1000.0,2720.0,1489.2307692307693,490.187743286834,19360.0
