TraitMin,TraitMax,TraitAvg,TraitStdev,TraitTotal
212.0,1000.0,606.9333333333334,333.8315210468365,343.44827586206895
