SentiMin,SentiMax,SentiAvg,SentiStdev,Senti0-0.20,Senti0.21-0.40,Senti0.41-0.60,Senti0.61-0.80,Senti0.81-1.00,SentiTotal
1.2357846721267792E-4,0.4189732252461066,0.15060142664323495,0.16827200085587835,6.0,3.0,1.0,0.0,0.0,2.5045483308739588E-17