TimeMin,TimeMax,TimeAvg,TimeStdev,TimeTotal
1000.0,3600.0,1616.842105263158,783.0107388628301,30720.0
