TraitMin,TraitMax,TraitAvg,TraitStdev,TraitTotal
236.36363636363637,1000.0,433.230303030303,245.00050493754304,326.77966101694915
