SentiMin,SentiMax,SentiAvg,SentiStdev,Senti0-0.20,Senti0.21-0.40,Senti0.41-0.60,Senti0.61-0.80,Senti0.81-1.00,SentiTotal
0.006953709161981234,0.5081665078402328,0.21276574232530673,0.18239478342778948,8.0,1.0,3.0,0.0,0.0,9.884721154365577E-11