SentiMin,SentiMax,SentiAvg,SentiStdev,Senti0-0.20,Senti0.21-0.40,Senti0.41-0.60,Senti0.61-0.80,Senti0.81-1.00,SentiTotal
1.1411734391621091E-5,0.39697510199130176,0.18117211443968043,0.15956101812994325,3.0,2.0,0.0,0.0,0.0,2.751815831111359E-9