SentiMin,SentiMax,SentiAvg,SentiStdev,Senti0-0.20,Senti0.21-0.40,Senti0.41-0.60,Senti0.61-0.80,Senti0.81-1.00,SentiTotal
8.38017502173579E-5,0.35037246870997213,0.12641829222902945,0.11361374848554737,9.0,3.0,0.0,0.0,0.0,4.124983203664835E-16