SentiMin,SentiMax,SentiAvg,SentiStdev,Senti0-0.20,Senti0.21-0.40,Senti0.41-0.60,Senti0.61-0.80,Senti0.81-1.00,SentiTotal
0.0015676495165583054,0.49761493864212925,0.21144991146226977,0.16334073300127863,6.0,4.0,1.0,0.0,0.0,1.5528677730298275E-10