SentiMin,SentiMax,SentiAvg,SentiStdev,Senti0-0.20,Senti0.21-0.40,Senti0.41-0.60,Senti0.61-0.80,Senti0.81-1.00,SentiTotal
2.6420539186829343E-6,0.49789225920557484,0.19667822959464265,0.19831874065166136,7.0,3.0,3.0,0.0,0.0,2.0239377130101632E-18