TraitMin,TraitMax,TraitAvg,TraitStdev,TraitTotal
194.28571428571428,960.0,404.42857142857144,225.3977246796279,302.5806451612903
