TraitMin,TraitMax,TraitAvg,TraitStdev,TraitTotal
245.71428571428572,560.0,406.33333333333337,106.00946562793858,393.3333333333333
