TraitMin,TraitMax,TraitAvg,TraitStdev,TraitTotal
253.33333333333334,1000.0,499.72222222222223,245.07163855634408,387.55555555555554
