TimeMin,TimeMax,TimeAvg,TimeStdev,TimeTotal
1000.0,6720.0,2101.818181818182,1567.4288047153018,23120.0
