TraitMin,TraitMax,TraitAvg,TraitStdev,TraitTotal
257.14285714285717,1560.0,636.3982683982683,480.8210265567567,404.0
