SentiMin,SentiMax,SentiAvg,SentiStdev,Senti0-0.20,Senti0.21-0.40,Senti0.41-0.60,Senti0.61-0.80,Senti0.81-1.00,SentiTotal
3.357237078843818E-5,0.23543805406803078,0.04554498450812718,0.06791366065573028,10.0,1.0,0.0,0.0,0.0,5.640270103106614E-25