TimeMin,TimeMax,TimeAvg,TimeStdev,TimeTotal
1000.0,2560.0,1753.3333333333333,502.4827249656339,10520.0
