TraitMin,TraitMax,TraitAvg,TraitStdev,TraitTotal
175.0,1000.0,603.3703703703703,288.69781905484376,392.63157894736844
