TraitMin,TraitMax,TraitAvg,TraitStdev,TraitTotal
274.2857142857143,590.0,419.1428571428571,92.79410151452588,396.1904761904762
