TimeMin,TimeMax,TimeAvg,TimeStdev,TimeTotal
1000.0,3360.0,1727.2727272727273,795.7739618428762,19000.0
