SentiMin,SentiMax,SentiAvg,SentiStdev,Senti0-0.20,Senti0.21-0.40,Senti0.41-0.60,Senti0.61-0.80,Senti0.81-1.00,SentiTotal
0.002262560818554746,0.5318834537628724,0.27605813585223293,0.2018849905565371,6.0,5.0,5.0,0.0,0.0,1.1510191025899588E-12