SentiMin,SentiMax,SentiAvg,SentiStdev,Senti0-0.20,Senti0.21-0.40,Senti0.41-0.60,Senti0.61-0.80,Senti0.81-1.00,SentiTotal
0.0036054677827045078,0.43796879524747484,0.13158628045206222,0.12896034631612502,12.0,1.0,1.0,0.0,0.0,3.3506654887408173E-16