SentiMin,SentiMax,SentiAvg,SentiStdev,Senti0-0.20,Senti0.21-0.40,Senti0.41-0.60,Senti0.61-0.80,Senti0.81-1.00,SentiTotal
5.054131167578691E-6,0.49789225920557484,0.12647287485729808,0.1630121468810189,7.0,2.0,1.0,0.0,0.0,1.914511692419023E-18