SentiMin,SentiMax,SentiAvg,SentiStdev,Senti0-0.20,Senti0.21-0.40,Senti0.41-0.60,Senti0.61-0.80,Senti0.81-1.00,SentiTotal
0.010248491657804502,0.49789225920557484,0.1653093142231194,0.15867685031137257,8.0,4.0,1.0,0.0,0.0,1.1831283596529156E-13