TraitMin,TraitMax,TraitAvg,TraitStdev,TraitTotal
328.0,1000.0,585.0714285714286,252.77759151272696,465.45454545454544
