SentiMin,SentiMax,SentiAvg,SentiStdev,Senti0-0.20,Senti0.21-0.40,Senti0.41-0.60,Senti0.61-0.80,Senti0.81-1.00,SentiTotal
0.001517134515224639,0.5628056929000496,0.17501581823813395,0.19699405941191117,6.0,1.0,2.0,0.0,0.0,6.0977805258658345E-12