SentiMin,SentiMax,SentiAvg,SentiStdev,Senti0-0.20,Senti0.21-0.40,Senti0.41-0.60,Senti0.61-0.80,Senti0.81-1.00,SentiTotal
3.0225691255008457E-6,0.49789225920557484,0.23648930534091223,0.19422558467450543,6.0,4.0,4.0,0.0,0.0,6.39971129384223E-17