TraitMin,TraitMax,TraitAvg,TraitStdev,TraitTotal
222.85714285714286,1000.0,638.1417989417989,304.95194556868796,550.3448275862069
