SentiMin,SentiMax,SentiAvg,SentiStdev,Senti0-0.20,Senti0.21-0.40,Senti0.41-0.60,Senti0.61-0.80,Senti0.81-1.00,SentiTotal
3.672941167770622E-5,0.9036481580688428,0.21432592965368139,0.22987732748370732,8.0,4.0,2.0,0.0,1.0,8.44394965176935E-18