TraitMin,TraitMax,TraitAvg,TraitStdev,TraitTotal
203.63636363636363,560.0,354.9669421487603,111.68441494095676,330.0
