SentiMin,SentiMax,SentiAvg,SentiStdev,Senti0-0.20,Senti0.21-0.40,Senti0.41-0.60,Senti0.61-0.80,Senti0.81-1.00,SentiTotal
0.0021671030447814326,0.49789225920557484,0.28422952506096977,0.20548270794849657,3.0,1.0,4.0,0.0,0.0,7.032224355569469E-7