SentiMin,SentiMax,SentiAvg,SentiStdev,Senti0-0.20,Senti0.21-0.40,Senti0.41-0.60,Senti0.61-0.80,Senti0.81-1.00,SentiTotal
1.345305738343915E-4,0.5318834537628724,0.22904741073698728,0.17835526757262415,10.0,9.0,5.0,0.0,0.0,2.4389738824600412E-25