TimeMin,TimeMax,TimeAvg,TimeStdev,TimeTotal
480.0,5240.0,1782.857142857143,1426.5814711671921,24960.0
