TraitMin,TraitMax,TraitAvg,TraitStdev,TraitTotal
188.0,1000.0,476.3015873015873,226.63208297371713,387.5
