TimeMin,TimeMax,TimeAvg,TimeStdev,TimeTotal
720.0,4320.0,2233.3333333333335,1189.6031084170702,13400.0
