TimeMin,TimeMax,TimeAvg,TimeStdev,TimeTotal
680.0,3320.0,1563.076923076923,910.3117354078776,20320.0
