TraitMin,TraitMax,TraitAvg,TraitStdev,TraitTotal
213.33333333333334,1000.0,543.2301587301587,304.7981564294007,385.18518518518516
