SentiMin,SentiMax,SentiAvg,SentiStdev,Senti0-0.20,Senti0.21-0.40,Senti0.41-0.60,Senti0.61-0.80,Senti0.81-1.00,SentiTotal
9.756011612452226E-5,0.5318834537628724,0.15005790871406594,0.18119430992667726,9.0,2.0,2.0,0.0,0.0,1.4700491094619446E-17