SentiMin,SentiMax,SentiAvg,SentiStdev,Senti0-0.20,Senti0.21-0.40,Senti0.41-0.60,Senti0.61-0.80,Senti0.81-1.00,SentiTotal
0.0010107546763071722,0.49789225920557484,0.15600641754245434,0.16717019431848631,5.0,3.0,1.0,0.0,0.0,2.9113229362636225E-13