SentiMin,SentiMax,SentiAvg,SentiStdev,Senti0-0.20,Senti0.21-0.40,Senti0.41-0.60,Senti0.61-0.80,Senti0.81-1.00,SentiTotal
0.0020871468861801542,0.49789225920557484,0.26529589891173705,0.14514552083359816,4.0,6.0,1.0,0.0,0.0,1.27994569512547E-7