TraitMin,TraitMax,TraitAvg,TraitStdev,TraitTotal
137.77777777777777,1000.0,447.2429792429793,282.2003438468419,315.1515151515151
