TraitMin,TraitMax,TraitAvg,TraitStdev,TraitTotal
226.66666666666666,560.0,343.4074074074074,93.10680616935181,328.69565217391306
