SentiMin,SentiMax,SentiAvg,SentiStdev,Senti0-0.20,Senti0.21-0.40,Senti0.41-0.60,Senti0.61-0.80,Senti0.81-1.00,SentiTotal
5.42988722828779E-4,0.43796879524747484,0.21335561865852437,0.13919611251802452,3.0,3.0,1.0,0.0,0.0,4.185134096524987E-7