SentiMin,SentiMax,SentiAvg,SentiStdev,Senti0-0.20,Senti0.21-0.40,Senti0.41-0.60,Senti0.61-0.80,Senti0.81-1.00,SentiTotal
9.82839598997003E-5,0.78291140448387,0.1966886307901384,0.23845609307836277,8.0,2.0,1.0,1.0,0.0,8.06227528041066E-15