SentiMin,SentiMax,SentiAvg,SentiStdev,Senti0-0.20,Senti0.21-0.40,Senti0.41-0.60,Senti0.61-0.80,Senti0.81-1.00,SentiTotal
0.0022471120290787237,0.49789225920557484,0.2537603685653651,0.16208615501428178,4.0,4.0,2.0,0.0,0.0,1.443644579989654E-7