TimeMin,TimeMax,TimeAvg,TimeStdev,TimeTotal
1000.0,2760.0,1848.888888888889,512.5197978711423,16640.0
