TraitMin,TraitMax,TraitAvg,TraitStdev,TraitTotal
220.0,1000.0,489.3939393939394,261.49847202681696,378.57142857142856
