TimeMin,TimeMax,TimeAvg,TimeStdev,TimeTotal
800.0,2360.0,1461.5384615384614,504.40896340852623,19000.0
