TraitMin,TraitMax,TraitAvg,TraitStdev,TraitTotal
200.0,1000.0,492.2222222222222,293.6719426103611,343.6363636363636
