TraitMin,TraitMax,TraitAvg,TraitStdev,TraitTotal
250.0,520.0,365.8121212121212,96.60100439222553,343.1578947368421
