TraitMin,TraitMax,TraitAvg,TraitStdev,TraitTotal
200.0,1220.0,608.4317460317462,307.7183403891321,488.8888888888889
