TimeMin,TimeMax,TimeAvg,TimeStdev,TimeTotal
760.0,2680.0,1331.4285714285713,650.1742309660118,9320.0
