SentiMin,SentiMax,SentiAvg,SentiStdev,Senti0-0.20,Senti0.21-0.40,Senti0.41-0.60,Senti0.61-0.80,Senti0.81-1.00,SentiTotal
0.0017384928759026526,0.5373435274176195,0.3534409722381848,0.15558946395240159,2.0,5.0,4.0,0.0,0.0,1.8746092389282846E-5