SentiMin,SentiMax,SentiAvg,SentiStdev,Senti0-0.20,Senti0.21-0.40,Senti0.41-0.60,Senti0.61-0.80,Senti0.81-1.00,SentiTotal
0.006980205854670623,0.43796879524747484,0.22291545937799404,0.1457857568211845,5.0,7.0,1.0,0.0,0.0,1.4988183931621984E-10