TimeMin,TimeMax,TimeAvg,TimeStdev,TimeTotal
1440.0,6960.0,2885.714285714286,1742.8290395860663,20200.0
