TimeMin,TimeMax,TimeAvg,TimeStdev,TimeTotal
1000.0,4360.0,1786.6666666666667,1037.8610482890065,21440.0
