TimeMin,TimeMax,TimeAvg,TimeStdev,TimeTotal
1000.0,3760.0,1666.6666666666667,953.3100230250388,15000.0
