SentiMin,SentiMax,SentiAvg,SentiStdev,Senti0-0.20,Senti0.21-0.40,Senti0.41-0.60,Senti0.61-0.80,Senti0.81-1.00,SentiTotal
5.664049002029372E-6,0.29437427910430325,0.10829720693526437,0.1171705596273697,4.0,1.0,0.0,0.0,0.0,2.3465821329916715E-10