TimeMin,TimeMax,TimeAvg,TimeStdev,TimeTotal
440.0,1520.0,963.6363636363636,313.3186796878257,10600.0
