TimeMin,TimeMax,TimeAvg,TimeStdev,TimeTotal
1000.0,1880.0,1213.3333333333333,331.9973226130329,7280.0
