TraitMin,TraitMax,TraitAvg,TraitStdev,TraitTotal
130.0,960.0,411.1212121212122,222.56158683083638,348.47457627118644
