TraitMin,TraitMax,TraitAvg,TraitStdev,TraitTotal
200.0,573.3333333333334,383.91111111111115,105.03493598692666,345.18518518518516
