SentiMin,SentiMax,SentiAvg,SentiStdev,Senti0-0.20,Senti0.21-0.40,Senti0.41-0.60,Senti0.61-0.80,Senti0.81-1.00,SentiTotal
0.037906564440423965,0.49789225920557484,0.25297809252474873,0.16068946295292635,5.0,4.0,3.0,0.0,0.0,1.3883713990690805E-7