TraitMin,TraitMax,TraitAvg,TraitStdev,TraitTotal
288.0,1000.0,557.4814814814815,255.77879675012355,428.57142857142856
