SentiMin,SentiMax,SentiAvg,SentiStdev,Senti0-0.20,Senti0.21-0.40,Senti0.41-0.60,Senti0.61-0.80,Senti0.81-1.00,SentiTotal
9.910340172020803E-4,0.6016686759634929,0.2345408583122442,0.20134907770790528,8.0,3.0,4.0,1.0,0.0,8.838751341976497E-15