TimeMin,TimeMax,TimeAvg,TimeStdev,TimeTotal
880.0,2880.0,1927.2727272727273,697.1773076822764,21200.0
