TimeMin,TimeMax,TimeAvg,TimeStdev,TimeTotal
1000.0,4080.0,1657.7777777777778,925.5122038666874,14920.0
