TimeMin,TimeMax,TimeAvg,TimeStdev,TimeTotal
640.0,2600.0,1485.7142857142858,543.6085025840127,20800.0
