TraitMin,TraitMax,TraitAvg,TraitStdev,TraitTotal
233.33333333333334,1040.0,489.0872763600036,282.16007960577485,339.2857142857143
