TimeMin,TimeMax,TimeAvg,TimeStdev,TimeTotal
800.0,3640.0,1818.1818181818182,911.7198351748413,20000.0
