TraitMin,TraitMax,TraitAvg,TraitStdev,TraitTotal
220.0,1000.0,574.9999999999999,253.8702643302502,495.13513513513516
