TraitMin,TraitMax,TraitAvg,TraitStdev,TraitTotal
176.0,640.0,341.1147842056933,155.66945630663974,298.59154929577466
