SentiMin,SentiMax,SentiAvg,SentiStdev,Senti0-0.20,Senti0.21-0.40,Senti0.41-0.60,Senti0.61-0.80,Senti0.81-1.00,SentiTotal
0.009162899443927145,0.49789225920557484,0.2042604955797979,0.19964159898133682,3.0,2.0,1.0,0.0,0.0,6.020453361806864E-7