TraitMin,TraitMax,TraitAvg,TraitStdev,TraitTotal
191.42857142857142,1000.0,637.9591836734693,358.19669592222095,321.37931034482756
