TraitMin,TraitMax,TraitAvg,TraitStdev,TraitTotal
120.0,1440.0,343.92889463477695,299.5735960670297,286.06060606060606
