SentiMin,SentiMax,SentiAvg,SentiStdev,Senti0-0.20,Senti0.21-0.40,Senti0.41-0.60,Senti0.61-0.80,Senti0.81-1.00,SentiTotal
0.06945588136236745,0.20663116495501635,0.1380435231586919,0.06858764179632446,1.0,1.0,0.0,0.0,0.0,0.019227489068213196