SentiMin,SentiMax,SentiAvg,SentiStdev,Senti0-0.20,Senti0.21-0.40,Senti0.41-0.60,Senti0.61-0.80,Senti0.81-1.00,SentiTotal
0.013919303780393646,0.5008071308055985,0.18559743681059224,0.16590286331928913,8.0,2.0,2.0,0.0,0.0,1.216777742915572E-10