TraitMin,TraitMax,TraitAvg,TraitStdev,TraitTotal
136.0,640.0,453.5333333333334,173.82700212184145,355.2
