TimeMin,TimeMax,TimeAvg,TimeStdev,TimeTotal
480.0,3400.0,1337.142857142857,863.0463368741198,18720.0
