TimeMin,TimeMax,TimeAvg,TimeStdev,TimeTotal
320.0,2360.0,1194.6666666666667,689.5589572730933,17920.0
