TimeMin,TimeMax,TimeAvg,TimeStdev,TimeTotal
440.0,4000.0,1636.923076923077,1064.1528563957095,21280.0
