TimeMin,TimeMax,TimeAvg,TimeStdev,TimeTotal
480.0,2040.0,1218.1818181818182,527.7364731795284,13400.0
