SentiMin,SentiMax,SentiAvg,SentiStdev,Senti0-0.20,Senti0.21-0.40,Senti0.41-0.60,Senti0.61-0.80,Senti0.81-1.00,SentiTotal
0.0015317151024633684,0.5628056929000496,0.3298681352741002,0.20878142564591226,5.0,3.0,9.0,0.0,0.0,3.0080124625838873E-10