TraitMin,TraitMax,TraitAvg,TraitStdev,TraitTotal
153.33333333333334,1120.0,444.39393939393943,295.02291704108455,324.44444444444446
