TimeMin,TimeMax,TimeAvg,TimeStdev,TimeTotal
440.0,1680.0,956.9230769230769,379.622983323528,12440.0
