TraitMin,TraitMax,TraitAvg,TraitStdev,TraitTotal
20.0,1240.0,392.7050960735171,285.6788557961972,298.2857142857143
