SentiMin,SentiMax,SentiAvg,SentiStdev,Senti0-0.20,Senti0.21-0.40,Senti0.41-0.60,Senti0.61-0.80,Senti0.81-1.00,SentiTotal
0.005931050640876341,0.49789225920557484,0.26449025225581924,0.19250658499053921,5.0,3.0,5.0,0.0,0.0,1.440334234912743E-9