SentiMin,SentiMax,SentiAvg,SentiStdev,Senti0-0.20,Senti0.21-0.40,Senti0.41-0.60,Senti0.61-0.80,Senti0.81-1.00,SentiTotal
0.021196772763160426,0.5318834537628724,0.26480631602489957,0.16804220778980553,5.0,3.0,2.0,0.0,0.0,1.5637200828145005E-6