SentiMin,SentiMax,SentiAvg,SentiStdev,Senti0-0.20,Senti0.21-0.40,Senti0.41-0.60,Senti0.61-0.80,Senti0.81-1.00,SentiTotal
0.02240326467531066,0.540222577411058,0.31309242251120667,0.20428984002643907,4.0,2.0,4.0,0.0,0.0,8.037899602117033E-6