SentiMin,SentiMax,SentiAvg,SentiStdev,Senti0-0.20,Senti0.21-0.40,Senti0.41-0.60,Senti0.61-0.80,Senti0.81-1.00,SentiTotal
0.18727607530277232,0.5136446707795853,0.43361108478656446,0.10555501228528721,1.0,3.0,7.0,0.0,0.0,0.04185646257429716