TimeMin,TimeMax,TimeAvg,TimeStdev,TimeTotal
360.0,3760.0,1410.6666666666667,847.7064481424111,21160.0
