TraitMin,TraitMax,TraitAvg,TraitStdev,TraitTotal
173.33333333333334,820.0,406.9444444444444,197.9819093244458,288.8888888888889
