SentiMin,SentiMax,SentiAvg,SentiStdev,Senti0-0.20,Senti0.21-0.40,Senti0.41-0.60,Senti0.61-0.80,Senti0.81-1.00,SentiTotal
0.1288925134774278,0.836749125904228,0.42726771557959864,0.18141537775734723,1.0,4.0,4.0,0.0,1.0,0.04062897114866683