SentiMin,SentiMax,SentiAvg,SentiStdev,Senti0-0.20,Senti0.21-0.40,Senti0.41-0.60,Senti0.61-0.80,Senti0.81-1.00,SentiTotal
0.00856520062263418,0.5318834537628724,0.28254126391634465,0.20323663602115993,5.0,3.0,5.0,0.0,0.0,4.825924842598272E-9