SentiMin,SentiMax,SentiAvg,SentiStdev,Senti0-0.20,Senti0.21-0.40,Senti0.41-0.60,Senti0.61-0.80,Senti0.81-1.00,SentiTotal
0.011049824255744054,0.9656683606203138,0.33730968947323636,0.28205110232382175,4.0,1.0,4.0,0.0,1.0,3.559792199350175E-5