SentiMin,SentiMax,SentiAvg,SentiStdev,Senti0-0.20,Senti0.21-0.40,Senti0.41-0.60,Senti0.61-0.80,Senti0.81-1.00,SentiTotal
0.008347954562970019,0.49789225920557484,0.3013817430030059,0.20429031980463588,6.0,2.0,7.0,0.0,0.0,1.3173019163950545E-9