TraitMin,TraitMax,TraitAvg,TraitStdev,TraitTotal
168.0,700.0,322.9115646258503,164.95633101696788,276.9230769230769
