TraitMin,TraitMax,TraitAvg,TraitStdev,TraitTotal
186.66666666666666,1066.6666666666667,464.0568627450981,263.2900541793362,397.37704918032784
