TraitMin,TraitMax,TraitAvg,TraitStdev,TraitTotal
204.0,880.0,435.4666666666666,206.74080390672762,308.8888888888889
