TraitMin,TraitMax,TraitAvg,TraitStdev,TraitTotal
163.33333333333334,560.0,307.74236874236874,147.33943586548187,232.35294117647058
