SentiMin,SentiMax,SentiAvg,SentiStdev,Senti0-0.20,Senti0.21-0.40,Senti0.41-0.60,Senti0.61-0.80,Senti0.81-1.00,SentiTotal
3.5676112792721963E-4,0.49789225920557484,0.28685026248396006,0.16850767179634044,5.0,4.0,6.0,0.0,0.0,2.1543659363233734E-10