TraitMin,TraitMax,TraitAvg,TraitStdev,TraitTotal
142.85714285714286,720.0,311.3026455026455,177.46483590869204,224.0
