TraitMin,TraitMax,TraitAvg,TraitStdev,TraitTotal
200.0,800.0,466.42857142857144,204.89433701887327,352.3809523809524
