TraitMin,TraitMax,TraitAvg,TraitStdev,TraitTotal
190.0,1893.3333333333333,528.8095238095237,415.1316623098679,485.2631578947368
