TimeMin,TimeMax,TimeAvg,TimeStdev,TimeTotal
400.0,3200.0,1327.2727272727273,963.1491049401994,14600.0
