TraitMin,TraitMax,TraitAvg,TraitStdev,TraitTotal
120.0,1200.0,410.25335775335776,303.2722418100767,267.36842105263156
