TraitMin,TraitMax,TraitAvg,TraitStdev,TraitTotal
120.0,286.6666666666667,203.33333333333334,83.33333333333334,186.66666666666666
