TraitMin,TraitMax,TraitAvg,TraitStdev,TraitTotal
168.0,600.0,312.76190476190476,135.31665055848578,252.5
