TimeMin,TimeMax,TimeAvg,TimeStdev,TimeTotal
560.0,1960.0,1215.3846153846155,484.22206260884036,15800.0
