TimeMin,TimeMax,TimeAvg,TimeStdev,TimeTotal
360.0,1560.0,785.4545454545455,352.97086246893826,8640.0
