SentiMin,SentiMax,SentiAvg,SentiStdev,Senti0-0.20,Senti0.21-0.40,Senti0.41-0.60,Senti0.61-0.80,Senti0.81-1.00,SentiTotal
0.010050045863726818,0.5628056929000496,0.324811959044953,0.18038670397882706,2.0,4.0,2.0,0.0,0.0,1.1348212548489995E-4