SentiMin,SentiMax,SentiAvg,SentiStdev,Senti0-0.20,Senti0.21-0.40,Senti0.41-0.60,Senti0.61-0.80,Senti0.81-1.00,SentiTotal
0.04341773203972755,0.5959684635705874,0.3869917374926653,0.16650306936141107,2.0,4.0,5.0,0.0,0.0,0.0013272334672212803