SentiMin,SentiMax,SentiAvg,SentiStdev,Senti0-0.20,Senti0.21-0.40,Senti0.41-0.60,Senti0.61-0.80,Senti0.81-1.00,SentiTotal
0.008161383534337775,0.5388994659433609,0.3772220464041972,0.18513875873061159,2.0,0.0,5.0,0.0,0.0,0.001630411396068817