TimeMin,TimeMax,TimeAvg,TimeStdev,TimeTotal
440.0,3520.0,1284.4444444444443,1005.6629776875342,11560.0
