TraitMin,TraitMax,TraitAvg,TraitStdev,TraitTotal
184.0,660.0,365.5422602089269,157.56624712467598,289.0
