TraitMin,TraitMax,TraitAvg,TraitStdev,TraitTotal
226.66666666666666,800.0,361.0666666666667,157.2585132830652,321.6666666666667
