TraitMin,TraitMax,TraitAvg,TraitStdev,TraitTotal
145.0,920.0,379.35079365079366,255.52201460361485,234.16666666666666
