SentiMin,SentiMax,SentiAvg,SentiStdev,Senti0-0.20,Senti0.21-0.40,Senti0.41-0.60,Senti0.61-0.80,Senti0.81-1.00,SentiTotal
0.0034725511443631776,0.49789225920557484,0.21796117379199836,0.18107741974389616,6.0,4.0,3.0,0.0,0.0,1.5844010227807598E-12