TimeMin,TimeMax,TimeAvg,TimeStdev,TimeTotal
440.0,3640.0,1381.8181818181818,1098.278141471029,15200.0
