TraitMin,TraitMax,TraitAvg,TraitStdev,TraitTotal
184.0,640.0,381.42424242424244,164.80377624566168,268.1081081081081
