SentiMin,SentiMax,SentiAvg,SentiStdev,Senti0-0.20,Senti0.21-0.40,Senti0.41-0.60,Senti0.61-0.80,Senti0.81-1.00,SentiTotal
0.045204550775272544,0.6323720940364075,0.3658953283185396,0.17644516167805036,2.0,2.0,6.0,1.0,0.0,3.774604126789272E-4