SentiMin,SentiMax,SentiAvg,SentiStdev,Senti0-0.20,Senti0.21-0.40,Senti0.41-0.60,Senti0.61-0.80,Senti0.81-1.00,SentiTotal
0.0536294518775682,0.49789225920557484,0.3711544633364565,0.1378168633398861,1.0,4.0,5.0,0.0,0.0,0.001708238023118802