SentiMin,SentiMax,SentiAvg,SentiStdev,Senti0-0.20,Senti0.21-0.40,Senti0.41-0.60,Senti0.61-0.80,Senti0.81-1.00,SentiTotal
0.030426307321767744,0.5318834537628724,0.30955194473421355,0.16011453968926573,1.0,5.0,3.0,0.0,0.0,1.2735767038073991E-4