TraitMin,TraitMax,TraitAvg,TraitStdev,TraitTotal
154.28571428571428,440.0,291.75324675324674,88.41968292795045,246.85714285714286
