SentiMin,SentiMax,SentiAvg,SentiStdev,Senti0-0.20,Senti0.21-0.40,Senti0.41-0.60,Senti0.61-0.80,Senti0.81-1.00,SentiTotal
0.03305535612862784,0.5628056929000496,0.29268278504531536,0.19089089539720458,6.0,2.0,7.0,0.0,0.0,2.8776315944036795E-8