TraitMin,TraitMax,TraitAvg,TraitStdev,TraitTotal
160.0,480.0,295.4725274725275,109.67421184718346,247.05882352941177
