TraitMin,TraitMax,TraitAvg,TraitStdev,TraitTotal
160.0,580.0,366.0512820512821,132.730808238409,311.0
