SentiMin,SentiMax,SentiAvg,SentiStdev,Senti0-0.20,Senti0.21-0.40,Senti0.41-0.60,Senti0.61-0.80,Senti0.81-1.00,SentiTotal
0.005132229487039944,0.565581293404478,0.32260788391176937,0.22098391008716,4.0,2.0,5.0,0.0,0.0,5.175085724529854E-7