TraitMin,TraitMax,TraitAvg,TraitStdev,TraitTotal
280.0,960.0,447.7777777777778,204.39963277007914,345.0
