SentiMin,SentiMax,SentiAvg,SentiStdev,Senti0-0.20,Senti0.21-0.40,Senti0.41-0.60,Senti0.61-0.80,Senti0.81-1.00,SentiTotal
0.0181960816995246,0.5318834537628724,0.23794181921083657,0.1882345253298938,5.0,4.0,3.0,0.0,0.0,5.149866379468783E-10