TraitMin,TraitMax,TraitAvg,TraitStdev,TraitTotal
170.0,800.0,349.96190476190475,186.4843190990633,278.42105263157896
