TimeMin,TimeMax,TimeAvg,TimeStdev,TimeTotal
520.0,1840.0,901.8181818181819,404.8303389146929,9920.0
