SentiMin,SentiMax,SentiAvg,SentiStdev,Senti0-0.20,Senti0.21-0.40,Senti0.41-0.60,Senti0.61-0.80,Senti0.81-1.00,SentiTotal
0.07644372190088301,0.5318834537628724,0.413154919108349,0.13695384732223673,2.0,3.0,9.0,0.0,0.0,6.15138716453559E-4