TimeMin,TimeMax,TimeAvg,TimeStdev,TimeTotal
760.0,3760.0,1693.3333333333333,806.8594810883877,20320.0
