TimeMin,TimeMax,TimeAvg,TimeStdev,TimeTotal
120.0,3551.0,1485.4166666666667,1067.5358275278425,17825.0
