SentiMin,SentiMax,SentiAvg,SentiStdev,Senti0-0.20,Senti0.21-0.40,Senti0.41-0.60,Senti0.61-0.80,Senti0.81-1.00,SentiTotal
0.02280397616372095,0.5077652078687955,0.31031223050471496,0.21207452093282672,2.0,1.0,3.0,0.0,0.0,3.496246327372249E-4