TraitMin,TraitMax,TraitAvg,TraitStdev,TraitTotal
120.0,355.1,226.2492845117845,63.6402275894747,244.17808219178082
