TraitMin,TraitMax,TraitAvg,TraitStdev,TraitTotal
208.0,1122.75,370.8787878787879,249.66879414990598,436.8536585365854
