TraitMin,TraitMax,TraitAvg,TraitStdev,TraitTotal
147.6153846153846,986.25,316.7129561796229,208.97244666850045,261.55194805194805
