TimeMin,TimeMax,TimeAvg,TimeStdev,TimeTotal
625.0,5635.0,2043.142857142857,1642.600936543838,14302.0
