SentiMin,SentiMax,SentiAvg,SentiStdev,Senti0-0.20,Senti0.21-0.40,Senti0.41-0.60,Senti0.61-0.80,Senti0.81-1.00,SentiTotal
0.15165841359073312,0.5833263616800825,0.3674923876354078,0.21583397404467466,1.0,0.0,1.0,0.0,0.0,0.20152695120153744