TraitMin,TraitMax,TraitAvg,TraitStdev,TraitTotal
211.28571428571428,346.14285714285717,278.7142857142857,67.42857142857144,278.7142857142857
