TraitMin,TraitMax,TraitAvg,TraitStdev,TraitTotal
143.83333333333334,445.0,258.1934116809117,90.60156137856046,250.76237623762376
