TimeMin,TimeMax,TimeAvg,TimeStdev,TimeTotal
1064.0,3945.0,2237.722222222222,896.9807879495621,40279.0
