SentiMin,SentiMax,SentiAvg,SentiStdev,Senti0-0.20,Senti0.21-0.40,Senti0.41-0.60,Senti0.61-0.80,Senti0.81-1.00,SentiTotal
0.027938804784089933,0.5136446707795853,0.3179086330182719,0.16517130480041062,3.0,4.0,4.0,0.0,0.0,2.0192786412417143E-5