TraitMin,TraitMax,TraitAvg,TraitStdev,TraitTotal
75.5,329.8,211.65363247863243,79.54959388009046,235.1290322580645
