TraitMin,TraitMax,TraitAvg,TraitStdev,TraitTotal
220.5,767.0,344.2833333333333,191.49702226676277,284.037037037037
