TimeMin,TimeMax,TimeAvg,TimeStdev,TimeTotal
231.0,8545.0,1921.4545454545455,2445.8238382871905,21136.0
