SentiMin,SentiMax,SentiAvg,SentiStdev,Senti0-0.20,Senti0.21-0.40,Senti0.41-0.60,Senti0.61-0.80,Senti0.81-1.00,SentiTotal
0.01094314511826187,0.49789225920557484,0.20289971088662656,0.15597558046184656,9.0,7.0,2.0,0.0,0.0,4.287613787166557E-15