SentiMin,SentiMax,SentiAvg,SentiStdev,Senti0-0.20,Senti0.21-0.40,Senti0.41-0.60,Senti0.61-0.80,Senti0.81-1.00,SentiTotal
0.030004796298257985,0.5001470900669206,0.29456715957716306,0.16828083016203546,4.0,3.0,4.0,0.0,0.0,6.54277735516593E-6