TraitMin,TraitMax,TraitAvg,TraitStdev,TraitTotal
77.0,544.8888888888889,227.50937950937953,121.62187111021342,285.6216216216216
