SentiMin,SentiMax,SentiAvg,SentiStdev,Senti0-0.20,Senti0.21-0.40,Senti0.41-0.60,Senti0.61-0.80,Senti0.81-1.00,SentiTotal
0.0015504104039834677,0.49789225920557484,0.22089923522574598,0.15290273353342793,8.0,5.0,2.0,0.0,0.0,1.9544359793266037E-12