TimeMin,TimeMax,TimeAvg,TimeStdev,TimeTotal
151.0,2945.0,1214.8333333333333,981.9678230754588,7289.0
