TimeMin,TimeMax,TimeAvg,TimeStdev,TimeTotal
416.0,8982.0,1628.2727272727273,2345.063251362863,17911.0
