TraitMin,TraitMax,TraitAvg,TraitStdev,TraitTotal
208.33333333333334,1127.0,478.8510204081632,285.42527020254,510.7857142857143
