TimeMin,TimeMax,TimeAvg,TimeStdev,TimeTotal
838.0,4217.0,1489.5384615384614,846.6218495958026,19364.0
