TraitMin,TraitMax,TraitAvg,TraitStdev,TraitTotal
180.5,2694.0,785.3333333333333,702.6530711409708,525.8928571428571
