TraitMin,TraitMax,TraitAvg,TraitStdev,TraitTotal
299.0,2000.0,1008.45,532.2192428877407,862.6153846153846
