TimeMin,TimeMax,TimeAvg,TimeStdev,TimeTotal
657.0,3480.0,1486.857142857143,962.0089736099776,10408.0
