TimeMin,TimeMax,TimeAvg,TimeStdev,TimeTotal
657.0,2600.0,1715.923076923077,580.8308984070826,22307.0
