SentiMin,SentiMax,SentiAvg,SentiStdev,Senti0-0.20,Senti0.21-0.40,Senti0.41-0.60,Senti0.61-0.80,Senti0.81-1.00,SentiTotal
1.16303648297335E-7,0.5628056929000496,0.1595139980009155,0.20449190468390993,7.0,2.0,2.0,0.0,0.0,8.160747229823686E-21