TraitMin,TraitMax,TraitAvg,TraitStdev,TraitTotal
273.3333333333333,3037.0,1027.1190476190477,715.0088153061213,748.9444444444445
