TraitMin,TraitMax,TraitAvg,TraitStdev,TraitTotal
209.6,948.0,447.0708791208791,216.26649654242462,391.35087719298247
