TimeMin,TimeMax,TimeAvg,TimeStdev,TimeTotal
379.0,2694.0,1338.6363636363637,709.8872218659772,14725.0
