TraitMin,TraitMax,TraitAvg,TraitStdev,TraitTotal
262.0,1040.0,640.8571428571429,299.19829954225946,495.6190476190476
