TraitMin,TraitMax,TraitAvg,TraitStdev,TraitTotal
210.0,1320.0,773.7535014005601,371.8331383519227,522.7586206896551
