TraitMin,TraitMax,TraitAvg,TraitStdev,TraitTotal
220.0,464.0,335.125,100.01031196831654,321.55882352941177
