SentiMin,SentiMax,SentiAvg,SentiStdev,Senti0-0.20,Senti0.21-0.40,Senti0.41-0.60,Senti0.61-0.80,Senti0.81-1.00,SentiTotal
0.003115655311519668,0.49789225920557484,0.3024759342966944,0.14033250722881963,3.0,7.0,3.0,0.0,0.0,2.7298582363043577E-7