SentiMin,SentiMax,SentiAvg,SentiStdev,Senti0-0.20,Senti0.21-0.40,Senti0.41-0.60,Senti0.61-0.80,Senti0.81-1.00,SentiTotal
2.822593449295397E-5,0.20513512302942302,0.0816661180639418,0.0838034059825574,4.0,1.0,0.0,0.0,0.0,3.2095183822167836E-11