SentiMin,SentiMax,SentiAvg,SentiStdev,Senti0-0.20,Senti0.21-0.40,Senti0.41-0.60,Senti0.61-0.80,Senti0.81-1.00,SentiTotal
0.13755487465065316,0.7440786448968312,0.35527859825919994,0.1685438916438871,2.0,6.0,2.0,1.0,0.0,7.117919020599464E-4