TimeMin,TimeMax,TimeAvg,TimeStdev,TimeTotal
603.0,3800.0,1891.1818181818182,945.2923374839052,20803.0
