SentiMin,SentiMax,SentiAvg,SentiStdev,Senti0-0.20,Senti0.21-0.40,Senti0.41-0.60,Senti0.61-0.80,Senti0.81-1.00,SentiTotal
0.04060204956831599,0.6323720940364075,0.35086023639196845,0.14929456499084648,2.0,8.0,2.0,1.0,0.0,7.490093927325987E-5