TraitMin,TraitMax,TraitAvg,TraitStdev,TraitTotal
76.0,2000.0,869.5523809523809,560.4599245930344,594.5263157894736
