SentiMin,SentiMax,SentiAvg,SentiStdev,Senti0-0.20,Senti0.21-0.40,Senti0.41-0.60,Senti0.61-0.80,Senti0.81-1.00,SentiTotal
0.21921412548362115,0.5755436691302463,0.36628659459843466,0.13552223736108507,0.0,7.0,3.0,0.0,0.0,0.0027787865660999487