TraitMin,TraitMax,TraitAvg,TraitStdev,TraitTotal
300.0,1440.0,835.2102564102564,367.3238035397962,645.4666666666667
