SentiMin,SentiMax,SentiAvg,SentiStdev,Senti0-0.20,Senti0.21-0.40,Senti0.41-0.60,Senti0.61-0.80,Senti0.81-1.00,SentiTotal
3.7190558760305768E-6,0.5628056929000496,0.30349610475721517,0.19722994202868674,3.0,2.0,2.0,0.0,0.0,5.1446908204747836E-8