TraitMin,TraitMax,TraitAvg,TraitStdev,TraitTotal
200.0,603.0,383.59362859362864,139.71588810180884,330.2063492063492
