SentiMin,SentiMax,SentiAvg,SentiStdev,Senti0-0.20,Senti0.21-0.40,Senti0.41-0.60,Senti0.61-0.80,Senti0.81-1.00,SentiTotal
1.0849306000793557E-4,0.7833225771326289,0.3307724539393359,0.23048133742267773,4.0,3.0,2.0,1.0,0.0,2.656680273341548E-7