SentiMin,SentiMax,SentiAvg,SentiStdev,Senti0-0.20,Senti0.21-0.40,Senti0.41-0.60,Senti0.61-0.80,Senti0.81-1.00,SentiTotal
5.50815945796306E-4,0.49789225920557484,0.24717496608279127,0.20294931763963528,4.0,3.0,3.0,0.0,0.0,1.1328908042273345E-9