TimeMin,TimeMax,TimeAvg,TimeStdev,TimeTotal
1062.0,3337.0,1761.6923076923076,724.9501186676315,22902.0
