SentiMin,SentiMax,SentiAvg,SentiStdev,Senti0-0.20,Senti0.21-0.40,Senti0.41-0.60,Senti0.61-0.80,Senti0.81-1.00,SentiTotal
0.030581906772831666,0.49789225920557484,0.287855045420225,0.18012585591997837,2.0,3.0,2.0,0.0,0.0,1.544126154253277E-4