TimeMin,TimeMax,TimeAvg,TimeStdev,TimeTotal
1000.0,4064.0,1660.142857142857,1025.6994029958887,11621.0
