TraitMin,TraitMax,TraitAvg,TraitStdev,TraitTotal
211.28571428571428,1359.0,623.910177404295,364.27108953597065,419.7543859649123
