TimeMin,TimeMax,TimeAvg,TimeStdev,TimeTotal
1000.0,3700.0,1407.4117647058824,664.8458519991045,23926.0
