TimeMin,TimeMax,TimeAvg,TimeStdev,TimeTotal
1005.0,2316.0,1327.0833333333333,395.1509117483541,15925.0
