TraitMin,TraitMax,TraitAvg,TraitStdev,TraitTotal
159.63636363636363,1088.0,565.6826599326599,341.20679936783534,335.6545454545454
