TraitMin,TraitMax,TraitAvg,TraitStdev,TraitTotal
198.11111111111111,1080.0,435.69624819624823,273.09813722277823,315.08988764044943
