TimeMin,TimeMax,TimeAvg,TimeStdev,TimeTotal
1000.0,2675.0,1538.4166666666667,597.8908008342512,18461.0
