SentiMin,SentiMax,SentiAvg,SentiStdev,Senti0-0.20,Senti0.21-0.40,Senti0.41-0.60,Senti0.61-0.80,Senti0.81-1.00,SentiTotal
1.482069633075323E-4,0.5734576952979002,0.2675979646530022,0.20054798010653377,7.0,2.0,4.0,0.0,0.0,1.4612735207979363E-10