SentiMin,SentiMax,SentiAvg,SentiStdev,Senti0-0.20,Senti0.21-0.40,Senti0.41-0.60,Senti0.61-0.80,Senti0.81-1.00,SentiTotal
0.018480230909191733,0.49789225920557484,0.24931779306563187,0.16294767102863442,6.0,5.0,2.0,0.0,0.0,4.212260602186271E-9