TraitMin,TraitMax,TraitAvg,TraitStdev,TraitTotal
185.0,1081.0,387.279304029304,226.7978206519074,327.1714285714286
