SentiMin,SentiMax,SentiAvg,SentiStdev,Senti0-0.20,Senti0.21-0.40,Senti0.41-0.60,Senti0.61-0.80,Senti0.81-1.00,SentiTotal
0.02267535799218081,0.49789225920557484,0.23529112428825533,0.1794444144706621,8.0,1.0,4.0,0.0,0.0,2.644314866087483E-9