SentiMin,SentiMax,SentiAvg,SentiStdev,Senti0-0.20,Senti0.21-0.40,Senti0.41-0.60,Senti0.61-0.80,Senti0.81-1.00,SentiTotal
0.02348190528407946,0.5734576952979002,0.31764748289623235,0.1654082785657333,4.0,6.0,7.0,0.0,0.0,5.807641264242119E-9