SentiMin,SentiMax,SentiAvg,SentiStdev,Senti0-0.20,Senti0.21-0.40,Senti0.41-0.60,Senti0.61-0.80,Senti0.81-1.00,SentiTotal
0.005300182616014859,0.49789225920557484,0.2468689532268774,0.1758498201301374,5.0,5.0,2.0,0.0,0.0,8.346357762862291E-9