SentiMin,SentiMax,SentiAvg,SentiStdev,Senti0-0.20,Senti0.21-0.40,Senti0.41-0.60,Senti0.61-0.80,Senti0.81-1.00,SentiTotal
0.048295498384632075,0.5495980668895217,0.4089574601391673,0.16373214745227252,2.0,2.0,8.0,0.0,0.0,0.0026188732174901035