TraitMin,TraitMax,TraitAvg,TraitStdev,TraitTotal
170.0,1093.0,442.8613636363636,332.2233747159351,282.92063492063494
