TimeMin,TimeMax,TimeAvg,TimeStdev,TimeTotal
1000.0,5535.0,2157.153846153846,1272.1636231333093,28043.0
