SentiMin,SentiMax,SentiAvg,SentiStdev,Senti0-0.20,Senti0.21-0.40,Senti0.41-0.60,Senti0.61-0.80,Senti0.81-1.00,SentiTotal
4.6323264037852504E-7,0.7801923336649343,0.24264062796890393,0.29387471731812576,4.0,0.0,1.0,1.0,0.0,9.901232236282577E-11