TraitMin,TraitMax,TraitAvg,TraitStdev,TraitTotal
200.0,1040.0,398.37037037037044,221.03818885609937,341.4634146341463
