TraitMin,TraitMax,TraitAvg,TraitStdev,TraitTotal
176.0,544.0,336.2332003508474,148.5530994646119,308.0
