SentiMin,SentiMax,SentiAvg,SentiStdev,Senti0-0.20,Senti0.21-0.40,Senti0.41-0.60,Senti0.61-0.80,Senti0.81-1.00,SentiTotal
4.2662152629640703E-4,0.46675357929747696,0.17138544136429304,0.1677877869686107,4.0,1.0,1.0,0.0,0.0,6.714858047877252E-9