SentiMin,SentiMax,SentiAvg,SentiStdev,Senti0-0.20,Senti0.21-0.40,Senti0.41-0.60,Senti0.61-0.80,Senti0.81-1.00,SentiTotal
2.277813757447214E-5,0.9677525920760924,0.29105260228881785,0.2532803354561177,4.0,5.0,2.0,0.0,1.0,2.6164641391390724E-12