SentiMin,SentiMax,SentiAvg,SentiStdev,Senti0-0.20,Senti0.21-0.40,Senti0.41-0.60,Senti0.61-0.80,Senti0.81-1.00,SentiTotal
2.1125624072777075E-4,0.5755436691302463,0.16210354523600418,0.1799963887296799,5.0,2.0,1.0,0.0,0.0,1.6972105036004872E-11