SentiMin,SentiMax,SentiAvg,SentiStdev,Senti0-0.20,Senti0.21-0.40,Senti0.41-0.60,Senti0.61-0.80,Senti0.81-1.00,SentiTotal
3.408882486723219E-7,0.9912478851407123,0.20489713968554024,0.3287605701980901,6.0,1.0,1.0,0.0,1.0,8.08889987478727E-19