TraitMin,TraitMax,TraitAvg,TraitStdev,TraitTotal
232.0,640.0,378.5050505050505,137.19153692668394,320.93023255813955
