TraitMin,TraitMax,TraitAvg,TraitStdev,TraitTotal
184.0,502.5,328.547619047619,105.89133072590265,389.4736842105263
