TraitMin,TraitMax,TraitAvg,TraitStdev,TraitTotal
264.0,1080.0,454.58585858585855,242.20338761324015,402.962962962963
