TimeMin,TimeMax,TimeAvg,TimeStdev,TimeTotal
560.0,10120.0,3591.1111111111113,3313.582969953436,32320.0
