TimeMin,TimeMax,TimeAvg,TimeStdev,TimeTotal
480.0,5560.0,2229.090909090909,1600.8262329494646,24520.0
