TimeMin,TimeMax,TimeAvg,TimeStdev,TimeTotal
1800.0,11120.0,4733.333333333333,3313.702192747897,28400.0
