TraitMin,TraitMax,TraitAvg,TraitStdev,TraitTotal
217.14285714285714,817.7777777777778,433.20368520368527,187.05165129388408,423.6363636363636
