TraitMin,TraitMax,TraitAvg,TraitStdev,TraitTotal
232.0,453.3333333333333,306.61025641025645,66.81216647010231,284.6666666666667
