TraitMin,TraitMax,TraitAvg,TraitStdev,TraitTotal
192.0,560.0,353.80555555555554,145.78880537134853,379.62264150943395
