TraitMin,TraitMax,TraitAvg,TraitStdev,TraitTotal
240.0,800.0,439.3133903133903,195.242443947863,448.8888888888889
