TimeMin,TimeMax,TimeAvg,TimeStdev,TimeTotal
360.0,4960.0,1846.1538461538462,1334.3136435667157,24000.0
