TraitMin,TraitMax,TraitAvg,TraitStdev,TraitTotal
260.0,600.0,393.959319907146,93.1609345474982,394.8235294117647
