TraitMin,TraitMax,TraitAvg,TraitStdev,TraitTotal
160.0,640.0,415.1673469387755,161.08280501283753,430.15384615384613
