SentiMin,SentiMax,SentiAvg,SentiStdev,Senti0-0.20,Senti0.21-0.40,Senti0.41-0.60,Senti0.61-0.80,Senti0.81-1.00,SentiTotal
3.312401667095373E-7,0.39697510199130176,0.05459833326117957,0.11430131140791322,10.0,1.0,0.0,0.0,0.0,3.137038049503351E-35