TimeMin,TimeMax,TimeAvg,TimeStdev,TimeTotal
480.0,8520.0,2417.777777777778,2452.399178028541,21760.0
