TimeMin,TimeMax,TimeAvg,TimeStdev,TimeTotal
480.0,10720.0,3994.285714285714,3913.6057803618437,27960.0
