SentiMin,SentiMax,SentiAvg,SentiStdev,Senti0-0.20,Senti0.21-0.40,Senti0.41-0.60,Senti0.61-0.80,Senti0.81-1.00,SentiTotal
2.9899759987983694E-5,0.43796879524747484,0.12280293811412135,0.15529867218442772,6.0,2.0,1.0,0.0,0.0,5.316464471880101E-19