SentiMin,SentiMax,SentiAvg,SentiStdev,Senti0-0.20,Senti0.21-0.40,Senti0.41-0.60,Senti0.61-0.80,Senti0.81-1.00,SentiTotal
5.642240640982531E-10,0.016396803130831337,0.005268896508277024,0.0056193196613401174,6.0,0.0,0.0,0.0,0.0,9.259344057575888E-24