SentiMin,SentiMax,SentiAvg,SentiStdev,Senti0-0.20,Senti0.21-0.40,Senti0.41-0.60,Senti0.61-0.80,Senti0.81-1.00,SentiTotal
4.819329171150669E-7,0.4889126135423726,0.13294930587069043,0.18030010961464268,8.0,2.0,1.0,0.0,0.0,9.82466039730643E-23