TraitMin,TraitMax,TraitAvg,TraitStdev,TraitTotal
186.66666666666666,720.0,397.9990253411307,171.55680168032464,302.14285714285717
