TraitMin,TraitMax,TraitAvg,TraitStdev,TraitTotal
221.8181818181818,625.4545454545455,338.93698893698894,139.4357278063375,355.0
