TimeMin,TimeMax,TimeAvg,TimeStdev,TimeTotal
600.0,6040.0,1866.6666666666667,1679.343787184612,28000.0
