SentiMin,SentiMax,SentiAvg,SentiStdev,Senti0-0.20,Senti0.21-0.40,Senti0.41-0.60,Senti0.61-0.80,Senti0.81-1.00,SentiTotal
1.8206346420891105E-4,0.697900609846419,0.2450054456194195,0.22389754254802738,7.0,3.0,2.0,1.0,0.0,2.562078186989513E-13