TraitMin,TraitMax,TraitAvg,TraitStdev,TraitTotal
182.85714285714286,600.0,394.11050061050065,166.6208801677392,324.55696202531647
