TimeMin,TimeMax,TimeAvg,TimeStdev,TimeTotal
880.0,5560.0,2053.3333333333335,1460.8368986455828,18480.0
