SentiMin,SentiMax,SentiAvg,SentiStdev,Senti0-0.20,Senti0.21-0.40,Senti0.41-0.60,Senti0.61-0.80,Senti0.81-1.00,SentiTotal
1.5316050238324845E-11,0.7772951448478924,0.26700310169685226,0.3211643215817744,6.0,0.0,2.0,2.0,0.0,1.2123788993765448E-32