TimeMin,TimeMax,TimeAvg,TimeStdev,TimeTotal
640.0,5800.0,2803.6363636363635,1770.8306870827741,30840.0
