TimeMin,TimeMax,TimeAvg,TimeStdev,TimeTotal
480.0,3040.0,1757.3333333333333,799.3953270371856,26360.0
