TraitMin,TraitMax,TraitAvg,TraitStdev,TraitTotal
128.0,620.0,354.50793650793656,151.60837549848623,369.72972972972974
