SentiMin,SentiMax,SentiAvg,SentiStdev,Senti0-0.20,Senti0.21-0.40,Senti0.41-0.60,Senti0.61-0.80,Senti0.81-1.00,SentiTotal
3.6963719899918944E-6,0.9677525920760924,0.3370470188057031,0.26414110948759767,5.0,5.0,3.0,1.0,1.0,2.3545805133893572E-14