SentiMin,SentiMax,SentiAvg,SentiStdev,Senti0-0.20,Senti0.21-0.40,Senti0.41-0.60,Senti0.61-0.80,Senti0.81-1.00,SentiTotal
0.012993357132946642,0.709424483817564,0.35287899279751506,0.22617141685563522,3.0,4.0,2.0,2.0,0.0,1.4246837664400365E-5