TraitMin,TraitMax,TraitAvg,TraitStdev,TraitTotal
200.0,646.1538461538462,470.060606060606,138.08859697583404,473.84615384615387
