TimeMin,TimeMax,TimeAvg,TimeStdev,TimeTotal
640.0,8400.0,3171.4285714285716,3239.3095762233415,22200.0
