SentiMin,SentiMax,SentiAvg,SentiStdev,Senti0-0.20,Senti0.21-0.40,Senti0.41-0.60,Senti0.61-0.80,Senti0.81-1.00,SentiTotal
8.952560716614946E-6,0.5628056929000496,0.09912397834365864,0.18216382626001723,7.0,0.0,1.0,0.0,0.0,1.158523672722252E-16