SentiMin,SentiMax,SentiAvg,SentiStdev,Senti0-0.20,Senti0.21-0.40,Senti0.41-0.60,Senti0.61-0.80,Senti0.81-1.00,SentiTotal
3.4214322909896604E-5,0.5159436667231726,0.14677899644980544,0.19713222935785177,5.0,2.0,1.0,0.0,0.0,5.519220609478201E-16