SentiMin,SentiMax,SentiAvg,SentiStdev,Senti0-0.20,Senti0.21-0.40,Senti0.41-0.60,Senti0.61-0.80,Senti0.81-1.00,SentiTotal
1.0288890242302638E-4,0.42876638146057827,0.12446681970292542,0.19247084280153332,5.0,0.0,2.0,0.0,0.0,5.409750019700688E-16