TimeMin,TimeMax,TimeAvg,TimeStdev,TimeTotal
520.0,6240.0,1752.7272727272727,1508.744757671639,19280.0
