SentiMin,SentiMax,SentiAvg,SentiStdev,Senti0-0.20,Senti0.21-0.40,Senti0.41-0.60,Senti0.61-0.80,Senti0.81-1.00,SentiTotal
6.433257892160642E-6,0.9045017843582801,0.28137595662922765,0.24146525323979826,6.0,4.0,2.0,0.0,1.0,2.8675647434659255E-11