SentiMin,SentiMax,SentiAvg,SentiStdev,Senti0-0.20,Senti0.21-0.40,Senti0.41-0.60,Senti0.61-0.80,Senti0.81-1.00,SentiTotal
2.048228051913391E-5,0.9920381905956808,0.3037988634473431,0.37085439816319377,5.0,2.0,1.0,0.0,2.0,8.74623382647345E-12