SentiMin,SentiMax,SentiAvg,SentiStdev,Senti0-0.20,Senti0.21-0.40,Senti0.41-0.60,Senti0.61-0.80,Senti0.81-1.00,SentiTotal
1.9085292643498567E-6,0.5097112008198836,0.17957656125066362,0.21467719069440233,6.0,1.0,3.0,0.0,0.0,2.7532022750526602E-18