TraitMin,TraitMax,TraitAvg,TraitStdev,TraitTotal
188.57142857142858,576.0,349.0222222222222,113.56528733409868,321.4634146341463
