TraitMin,TraitMax,TraitAvg,TraitStdev,TraitTotal
160.0,1080.0,421.23232323232327,258.21193174155354,335.8904109589041
