SentiMin,SentiMax,SentiAvg,SentiStdev,Senti0-0.20,Senti0.21-0.40,Senti0.41-0.60,Senti0.61-0.80,Senti0.81-1.00,SentiTotal
1.5248078885267203E-5,0.3923409133706233,0.20243246287767214,0.17306157889335974,2.0,3.0,0.0,0.0,0.0,5.181950576654288E-10