TimeMin,TimeMax,TimeAvg,TimeStdev,TimeTotal
1000.0,12040.0,3713.3333333333335,3799.116856440308,22280.0
