TimeMin,TimeMax,TimeAvg,TimeStdev,TimeTotal
1320.0,8400.0,4973.333333333333,2898.3366877496405,29840.0
