TimeMin,TimeMax,TimeAvg,TimeStdev,TimeTotal
14160.0,18240.0,16786.666666666668,1860.848074281067,50360.0
