TraitMin,TraitMax,TraitAvg,TraitStdev,TraitTotal
270.0,626.6666666666666,478.5333333333333,124.59955412796984,511.6666666666667
