TraitMin,TraitMax,TraitAvg,TraitStdev,TraitTotal
390.0,1040.0,690.2380952380952,282.2281365995166,552.0
