SentiMin,SentiMax,SentiAvg,SentiStdev,Senti0-0.20,Senti0.21-0.40,Senti0.41-0.60,Senti0.61-0.80,Senti0.81-1.00,SentiTotal
3.4308670829313035E-5,0.49789225920557484,0.24896328393820208,0.24892897526737276,1.0,0.0,1.0,0.0,0.0,3.4308670829313035E-5