TraitMin,TraitMax,TraitAvg,TraitStdev,TraitTotal
501.6666666666667,1320.0,968.2777777777778,308.5996097466788,636.5714285714286
