TraitMin,TraitMax,TraitAvg,TraitStdev,TraitTotal
376.0,1200.0,851.0,286.83444702476027,749.6296296296297
