TimeMin,TimeMax,TimeAvg,TimeStdev,TimeTotal
1000.0,4120.0,1971.4285714285713,1054.560552639664,13800.0
