TraitMin,TraitMax,TraitAvg,TraitStdev,TraitTotal
330.0,680.0,515.0864875864876,117.80629834096142,514.4827586206897
