TraitMin,TraitMax,TraitAvg,TraitStdev,TraitTotal
720.0,883.3333333333334,801.6666666666667,81.66666666666669,870.7692307692307
