TraitMin,TraitMax,TraitAvg,TraitStdev,TraitTotal
231.42857142857142,420.0,316.0190476190477,66.97377968677652,285.7142857142857
