SentiMin,SentiMax,SentiAvg,SentiStdev,Senti0-0.20,Senti0.21-0.40,Senti0.41-0.60,Senti0.61-0.80,Senti0.81-1.00,SentiTotal
0.013770551102557491,0.5316624617817726,0.24336029640172488,0.21014007316299513,3.0,2.0,2.0,0.0,0.0,2.478575200064794E-6