TraitMin,TraitMax,TraitAvg,TraitStdev,TraitTotal
328.0,893.3333333333334,632.2666666666667,247.23379848052957,466.0
