TraitMin,TraitMax,TraitAvg,TraitStdev,TraitTotal
312.94117647058823,650.8108108108108,501.60153962011555,140.72731065162176,543.5616438356165
