SentiMin,SentiMax,SentiAvg,SentiStdev,Senti0-0.20,Senti0.21-0.40,Senti0.41-0.60,Senti0.61-0.80,Senti0.81-1.00,SentiTotal
2.688996110257759E-9,0.39697510199130176,0.20572916112926345,0.16144991385208762,2.0,4.0,0.0,0.0,0.0,3.991837452038645E-13