SentiMin,SentiMax,SentiAvg,SentiStdev,Senti0-0.20,Senti0.21-0.40,Senti0.41-0.60,Senti0.61-0.80,Senti0.81-1.00,SentiTotal
6.3847673728427724E-6,0.0030952705515361768,0.0011411632370392987,0.0013877508575341011,3.0,0.0,0.0,0.0,0.0,6.4906492601938015E-12