SentiMin,SentiMax,SentiAvg,SentiStdev,Senti0-0.20,Senti0.21-0.40,Senti0.41-0.60,Senti0.61-0.80,Senti0.81-1.00,SentiTotal
0.0025359754106273483,0.2115994889310998,0.09317555911492308,0.09135167592077001,4.0,1.0,0.0,0.0,0.0,1.2822651002461896E-7