SentiMin,SentiMax,SentiAvg,SentiStdev,Senti0-0.20,Senti0.21-0.40,Senti0.41-0.60,Senti0.61-0.80,Senti0.81-1.00,SentiTotal
0.04023026818741195,0.49998215830654646,0.32901786144744166,0.1512478592828114,2.0,4.0,2.0,0.0,0.0,8.186776756809777E-4