SentiMin,SentiMax,SentiAvg,SentiStdev,Senti0-0.20,Senti0.21-0.40,Senti0.41-0.60,Senti0.61-0.80,Senti0.81-1.00,SentiTotal
2.3301678280879426E-5,2.3301678280879426E-5,2.3301678280879426E-5,0.0,1.0,0.0,0.0,0.0,0.0,2.3301678280879426E-5