SentiMin,SentiMax,SentiAvg,SentiStdev,Senti0-0.20,Senti0.21-0.40,Senti0.41-0.60,Senti0.61-0.80,Senti0.81-1.00,SentiTotal
2.381448492704229E-4,0.5591603959478972,0.14015813036807773,0.19806900547826864,5.0,0.0,1.0,0.0,0.0,9.70826606120004E-11