TraitMin,TraitMax,TraitAvg,TraitStdev,TraitTotal
588.3870967741935,855.2380952380952,695.7538518828841,115.00590790952135,680.5405405405405
