TimeMin,TimeMax,TimeAvg,TimeStdev,TimeTotal
5320.0,24080.0,13226.666666666666,7937.108345543034,39680.0
