TraitMin,TraitMax,TraitAvg,TraitStdev,TraitTotal
335.38461538461536,912.0,606.2307692307692,191.23823138688618,706.6666666666666
