SentiMin,SentiMax,SentiAvg,SentiStdev,Senti0-0.20,Senti0.21-0.40,Senti0.41-0.60,Senti0.61-0.80,Senti0.81-1.00,SentiTotal
0.02291700563830533,0.49789225920557484,0.3644750910480634,0.17376568072819512,1.0,1.0,3.0,0.0,0.0,0.010683571044886424