SentiMin,SentiMax,SentiAvg,SentiStdev,Senti0-0.20,Senti0.21-0.40,Senti0.41-0.60,Senti0.61-0.80,Senti0.81-1.00,SentiTotal
6.624589232855181E-6,0.03761150952784189,0.013506762739446752,0.017085571614440204,3.0,0.0,0.0,0.0,0.0,7.663690386071555E-10