SentiMin,SentiMax,SentiAvg,SentiStdev,Senti0-0.20,Senti0.21-0.40,Senti0.41-0.60,Senti0.61-0.80,Senti0.81-1.00,SentiTotal
0.006900123826939655,0.5755436691302463,0.34552187074062796,0.17822800840901104,3.0,4.0,7.0,0.0,0.0,2.3812792175891473E-6