TraitMin,TraitMax,TraitAvg,TraitStdev,TraitTotal
146.66666666666666,880.0,381.41346153846155,271.40094379742334,263.4920634920635
