TraitMin,TraitMax,TraitAvg,TraitStdev,TraitTotal
200.0,1013.3333333333334,659.5416666666666,273.5463315164565,589.4117647058823
