TraitMin,TraitMax,TraitAvg,TraitStdev,TraitTotal
226.66666666666666,593.3333333333334,397.2142857142857,124.01391096719226,336.0
