SentiMin,SentiMax,SentiAvg,SentiStdev,Senti0-0.20,Senti0.21-0.40,Senti0.41-0.60,Senti0.61-0.80,Senti0.81-1.00,SentiTotal
0.00501862257277248,0.5159436667231726,0.28741736751979313,0.16598217325703513,2.0,6.0,5.0,0.0,0.0,2.7557024754971865E-8