SentiMin,SentiMax,SentiAvg,SentiStdev,Senti0-0.20,Senti0.21-0.40,Senti0.41-0.60,Senti0.61-0.80,Senti0.81-1.00,SentiTotal
0.21921412548362115,0.5755436691302463,0.4282194278233728,0.09673799763382225,0.0,6.0,9.0,0.0,0.0,0.05339747681578725