TraitMin,TraitMax,TraitAvg,TraitStdev,TraitTotal
333.3333333333333,1480.0,808.3065953654188,352.63107426928093,540.377358490566
