TraitMin,TraitMax,TraitAvg,TraitStdev,TraitTotal
222.22222222222223,1440.0,768.7962962962964,372.8442724636069,507.6923076923077
