TraitMin,TraitMax,TraitAvg,TraitStdev,TraitTotal
208.0,680.0,364.66535484717303,133.5758257309679,326.15384615384613
