SentiMin,SentiMax,SentiAvg,SentiStdev,Senti0-0.20,Senti0.21-0.40,Senti0.41-0.60,Senti0.61-0.80,Senti0.81-1.00,SentiTotal
1.7761122416874516E-4,0.5136446707795853,0.20144371233809824,0.16845666121237712,10.0,6.0,2.0,0.0,0.0,1.5154393227291927E-18