TraitMin,TraitMax,TraitAvg,TraitStdev,TraitTotal
264.0,1640.0,749.5714285714286,383.3865476225779,581.4285714285714
