SentiMin,SentiMax,SentiAvg,SentiStdev,Senti0-0.20,Senti0.21-0.40,Senti0.41-0.60,Senti0.61-0.80,Senti0.81-1.00,SentiTotal
9.163673707925536E-8,0.7778086039102673,0.34914760718926646,0.27086284277782363,6.0,2.0,4.0,4.0,0.0,1.0970390419556816E-17