SentiMin,SentiMax,SentiAvg,SentiStdev,Senti0-0.20,Senti0.21-0.40,Senti0.41-0.60,Senti0.61-0.80,Senti0.81-1.00,SentiTotal
1.3385700504237605E-5,0.5755436691302463,0.40736372045019303,0.15689671622193171,1.0,4.0,7.0,0.0,0.0,1.032288570189451E-6