TimeMin,TimeMax,TimeAvg,TimeStdev,TimeTotal
1160.0,4320.0,2733.3333333333335,1063.7460014287037,16400.0
