TimeMin,TimeMax,TimeAvg,TimeStdev,TimeTotal
720.0,2040.0,1277.7777777777778,408.24224229623974,23000.0
