TraitMin,TraitMax,TraitAvg,TraitStdev,TraitTotal
160.0,840.0,407.24789915966386,215.42540538035385,326.1904761904762
