TraitMin,TraitMax,TraitAvg,TraitStdev,TraitTotal
205.71428571428572,1360.0,566.3988095238096,369.4200106098011,346.3013698630137
