TraitMin,TraitMax,TraitAvg,TraitStdev,TraitTotal
227.3684210526316,395.0,303.2323436797121,64.4286864907532,277.96610169491527
