TimeMin,TimeMax,TimeAvg,TimeStdev,TimeTotal
480.0,2560.0,1309.3333333333333,632.3655764051537,19640.0
