SentiMin,SentiMax,SentiAvg,SentiStdev,Senti0-0.20,Senti0.21-0.40,Senti0.41-0.60,Senti0.61-0.80,Senti0.81-1.00,SentiTotal
0.030550932846831972,0.39697510199130176,0.15109860401310585,0.12552702949573552,4.0,2.0,0.0,0.0,0.0,1.416439581764515E-6