TraitMin,TraitMax,TraitAvg,TraitStdev,TraitTotal
240.0,1480.0,702.9166666666666,319.88686150991987,600.0
