SentiMin,SentiMax,SentiAvg,SentiStdev,Senti0-0.20,Senti0.21-0.40,Senti0.41-0.60,Senti0.61-0.80,Senti0.81-1.00,SentiTotal
1.1758264343124614E-4,0.41901263796461236,0.14473250201636265,0.14529498470333538,4.0,1.0,1.0,0.0,0.0,3.4122889365320175E-10