TraitMin,TraitMax,TraitAvg,TraitStdev,TraitTotal
173.33333333333334,1400.0,641.2820512820514,350.28569160931994,478.4
