TimeMin,TimeMax,TimeAvg,TimeStdev,TimeTotal
560.0,2480.0,1342.2222222222222,511.4201963981776,24160.0
