SentiMin,SentiMax,SentiAvg,SentiStdev,Senti0-0.20,Senti0.21-0.40,Senti0.41-0.60,Senti0.61-0.80,Senti0.81-1.00,SentiTotal
6.22475654807363E-11,0.49789225920557484,0.2745113339217423,0.19248801176857916,7.0,3.0,6.0,0.0,0.0,2.0932103948558775E-20