TimeMin,TimeMax,TimeAvg,TimeStdev,TimeTotal
600.0,7200.0,1684.7058823529412,1580.521573059531,28640.0
