TimeMin,TimeMax,TimeAvg,TimeStdev,TimeTotal
520.0,4040.0,1313.3333333333333,955.8010020687128,15760.0
