SentiMin,SentiMax,SentiAvg,SentiStdev,Senti0-0.20,Senti0.21-0.40,Senti0.41-0.60,Senti0.61-0.80,Senti0.81-1.00,SentiTotal
0.008034501796152236,0.6489971504842623,0.3549818537135831,0.17296799091850426,2.0,8.0,5.0,1.0,0.0,2.137055078197996E-6