TraitMin,TraitMax,TraitAvg,TraitStdev,TraitTotal
131.42857142857142,1640.0,489.3275613275612,362.28870676674075,315.06849315068496
