TimeMin,TimeMax,TimeAvg,TimeStdev,TimeTotal
760.0,1640.0,1162.857142857143,248.17702700833107,16280.0
