TimeMin,TimeMax,TimeAvg,TimeStdev,TimeTotal
680.0,3120.0,1927.2727272727273,760.8259974180086,21200.0
