TraitMin,TraitMax,TraitAvg,TraitStdev,TraitTotal
160.0,580.0,347.26190476190476,127.92996581209306,298.2716049382716
