TraitMin,TraitMax,TraitAvg,TraitStdev,TraitTotal
290.0,1360.0,830.0,307.5277765232489,755.3846153846154
