TimeMin,TimeMax,TimeAvg,TimeStdev,TimeTotal
840.0,2120.0,1413.3333333333333,444.6221866808818,8480.0
