SentiMin,SentiMax,SentiAvg,SentiStdev,Senti0-0.20,Senti0.21-0.40,Senti0.41-0.60,Senti0.61-0.80,Senti0.81-1.00,SentiTotal
3.7970492551179803E-4,0.7115019939323273,0.3014609254979242,0.2600178850807374,5.0,1.0,5.0,1.0,0.0,1.7262667676979304E-11