SentiMin,SentiMax,SentiAvg,SentiStdev,Senti0-0.20,Senti0.21-0.40,Senti0.41-0.60,Senti0.61-0.80,Senti0.81-1.00,SentiTotal
1.179347040996319E-4,0.49789225920557484,0.17055983896645943,0.20098384745501643,8.0,2.0,3.0,0.0,0.0,1.8927902141939297E-20