TraitMin,TraitMax,TraitAvg,TraitStdev,TraitTotal
253.33333333333334,1560.0,598.1746031746032,359.66759274901665,466.3414634146341
