TimeMin,TimeMax,TimeAvg,TimeStdev,TimeTotal
320.0,3320.0,1444.7058823529412,774.156980942411,24560.0
