TimeMin,TimeMax,TimeAvg,TimeStdev,TimeTotal
560.0,4800.0,1978.6666666666667,1374.733267057852,29680.0
