TraitMin,TraitMax,TraitAvg,TraitStdev,TraitTotal
160.0,800.0,408.0588235294117,175.14581172075398,331.8918918918919
