TimeMin,TimeMax,TimeAvg,TimeStdev,TimeTotal
600.0,4560.0,2485.3333333333335,1022.8187631355919,37280.0
