TimeMin,TimeMax,TimeAvg,TimeStdev,TimeTotal
1000.0,3960.0,1905.4545454545455,949.223257926411,20960.0
