SentiMin,SentiMax,SentiAvg,SentiStdev,Senti0-0.20,Senti0.21-0.40,Senti0.41-0.60,Senti0.61-0.80,Senti0.81-1.00,SentiTotal
1.8495367999407327E-4,0.46364466503952073,0.20242470180131553,0.15655678021950684,7.0,4.0,1.0,0.0,0.0,2.6645141844773623E-15