SentiMin,SentiMax,SentiAvg,SentiStdev,Senti0-0.20,Senti0.21-0.40,Senti0.41-0.60,Senti0.61-0.80,Senti0.81-1.00,SentiTotal
4.60207604336077E-5,0.822924028479181,0.2761883366926478,0.2529436804841362,7.0,2.0,5.0,0.0,1.0,1.3389514867870564E-15