TimeMin,TimeMax,TimeAvg,TimeStdev,TimeTotal
600.0,4000.0,1365.7142857142858,818.7596392951814,19120.0
