SentiMin,SentiMax,SentiAvg,SentiStdev,Senti0-0.20,Senti0.21-0.40,Senti0.41-0.60,Senti0.61-0.80,Senti0.81-1.00,SentiTotal
0.001566968017953487,0.6323720940364075,0.28592887695559355,0.18497097567734253,7.0,5.0,5.0,1.0,0.0,2.152775163098946E-11