TraitMin,TraitMax,TraitAvg,TraitStdev,TraitTotal
243.63636363636363,1520.0,633.4215909090909,337.29649152193923,428.1896551724138
