SentiMin,SentiMax,SentiAvg,SentiStdev,Senti0-0.20,Senti0.21-0.40,Senti0.41-0.60,Senti0.61-0.80,Senti0.81-1.00,SentiTotal
3.901525884737568E-6,0.4898631585877994,0.29631510434130803,0.1673062376578206,5.0,4.0,7.0,0.0,0.0,1.653306878868801E-12