TraitMin,TraitMax,TraitAvg,TraitStdev,TraitTotal
192.0,640.0,341.511544011544,119.77752117432755,324.61538461538464
