TimeMin,TimeMax,TimeAvg,TimeStdev,TimeTotal
520.0,4635.0,1655.6666666666667,975.0467795045641,24835.0
