TraitMin,TraitMax,TraitAvg,TraitStdev,TraitTotal
312.0,1040.0,535.5619047619049,205.8400374021838,449.6969696969697
