SentiMin,SentiMax,SentiAvg,SentiStdev,Senti0-0.20,Senti0.21-0.40,Senti0.41-0.60,Senti0.61-0.80,Senti0.81-1.00,SentiTotal
2.464240104516924E-5,0.3599131410806974,0.08954249820886541,0.11313344881095609,10.0,2.0,0.0,0.0,0.0,4.640208453060893E-22