TraitMin,TraitMax,TraitAvg,TraitStdev,TraitTotal
320.0,1320.0,600.0757575757575,266.8107285624644,508.3333333333333
