TimeMin,TimeMax,TimeAvg,TimeStdev,TimeTotal
440.0,3240.0,1306.6666666666667,691.5361322607968,23520.0
