SentiMin,SentiMax,SentiAvg,SentiStdev,Senti0-0.20,Senti0.21-0.40,Senti0.41-0.60,Senti0.61-0.80,Senti0.81-1.00,SentiTotal
0.020723261842612157,0.46364466503952073,0.24920856357953816,0.15972641451875957,6.0,7.0,2.0,0.0,0.0,2.5682464294916145E-10