TraitMin,TraitMax,TraitAvg,TraitStdev,TraitTotal
208.88888888888889,1000.0,450.5050505050505,213.01552697676874,361.37931034482756
