SentiMin,SentiMax,SentiAvg,SentiStdev,Senti0-0.20,Senti0.21-0.40,Senti0.41-0.60,Senti0.61-0.80,Senti0.81-1.00,SentiTotal
3.2655785677090835E-5,0.39697510199130176,0.09171409128568703,0.13022556149607387,13.0,2.0,0.0,0.0,0.0,1.7701077047808761E-28