TraitMin,TraitMax,TraitAvg,TraitStdev,TraitTotal
222.85714285714286,1000.0,440.07936507936506,173.77598067283563,373.3333333333333
