TimeMin,TimeMax,TimeAvg,TimeStdev,TimeTotal
1000.0,8120.0,3026.6666666666665,2454.130305333349,27240.0
