TimeMin,TimeMax,TimeAvg,TimeStdev,TimeTotal
440.0,2680.0,1301.3333333333333,751.583809180468,19520.0
