SentiMin,SentiMax,SentiAvg,SentiStdev,Senti0-0.20,Senti0.21-0.40,Senti0.41-0.60,Senti0.61-0.80,Senti0.81-1.00,SentiTotal
3.4323694482726717E-4,0.22333358926196867,0.11183841310339797,0.1114951761585707,1.0,1.0,0.0,0.0,0.0,9.955909586438586E-5