SentiMin,SentiMax,SentiAvg,SentiStdev,Senti0-0.20,Senti0.21-0.40,Senti0.41-0.60,Senti0.61-0.80,Senti0.81-1.00,SentiTotal
3.19482531472086E-6,0.49789225920557484,0.2597220769763972,0.1965127680622732,4.0,5.0,3.0,0.0,0.0,2.0668019677799252E-16