TraitMin,TraitMax,TraitAvg,TraitStdev,TraitTotal
264.0,1000.0,538.8650793650794,214.13067568917126,436.6666666666667
