TraitMin,TraitMax,TraitAvg,TraitStdev,TraitTotal
304.61538461538464,640.0,472.3076923076923,167.69230769230768,349.3333333333333
