TraitMin,TraitMax,TraitAvg,TraitStdev,TraitTotal
285.7142857142857,1000.0,489.7142857142857,182.0619116744073,433.77777777777777
