TimeMin,TimeMax,TimeAvg,TimeStdev,TimeTotal
360.0,5240.0,2413.3333333333335,1461.262772019081,14480.0
