SentiMin,SentiMax,SentiAvg,SentiStdev,Senti0-0.20,Senti0.21-0.40,Senti0.41-0.60,Senti0.61-0.80,Senti0.81-1.00,SentiTotal
0.004003190377254496,0.8665624018052258,0.328343418902873,0.3024336815996622,3.0,2.0,0.0,1.0,1.0,1.2226800912247892E-5