SentiMin,SentiMax,SentiAvg,SentiStdev,Senti0-0.20,Senti0.21-0.40,Senti0.41-0.60,Senti0.61-0.80,Senti0.81-1.00,SentiTotal
6.443377052292396E-5,0.8433491148987863,0.18286847212351057,0.2792006626005519,6.0,1.0,0.0,0.0,1.0,3.230028328055542E-14