TraitMin,TraitMax,TraitAvg,TraitStdev,TraitTotal
244.44444444444446,1000.0,461.5351473922902,178.5781173278483,440.9756097560976
