TraitMin,TraitMax,TraitAvg,TraitStdev,TraitTotal
245.71428571428572,540.0,369.1246777913445,101.77393041036673,363.2
