TraitMin,TraitMax,TraitAvg,TraitStdev,TraitTotal
148.57142857142858,600.0,458.7775974025974,147.1370375471498,467.07070707070704
