SentiMin,SentiMax,SentiAvg,SentiStdev,Senti0-0.20,Senti0.21-0.40,Senti0.41-0.60,Senti0.61-0.80,Senti0.81-1.00,SentiTotal
0.004076669972718478,0.36156845393906106,0.14030602907364076,0.14295506073433095,6.0,3.0,0.0,0.0,0.0,8.900965845944065E-12