TraitMin,TraitMax,TraitAvg,TraitStdev,TraitTotal
323.0769230769231,1160.0,575.1566951566952,254.85730890605834,461.8867924528302
