TimeMin,TimeMax,TimeAvg,TimeStdev,TimeTotal
840.0,3400.0,2548.5714285714284,838.9692412449351,17840.0
