TimeMin,TimeMax,TimeAvg,TimeStdev,TimeTotal
1280.0,3960.0,2426.6666666666665,1127.7509575354934,7280.0
