SentiMin,SentiMax,SentiAvg,SentiStdev,Senti0-0.20,Senti0.21-0.40,Senti0.41-0.60,Senti0.61-0.80,Senti0.81-1.00,SentiTotal
6.863373036200016E-4,0.001817111914538471,0.0012517246090792363,5.653873054592346E-4,2.0,0.0,0.0,0.0,0.0,1.2608642452300631E-6