TimeMin,TimeMax,TimeAvg,TimeStdev,TimeTotal
720.0,5800.0,2462.8571428571427,1614.2022734440181,17240.0
