SentiMin,SentiMax,SentiAvg,SentiStdev,Senti0-0.20,Senti0.21-0.40,Senti0.41-0.60,Senti0.61-0.80,Senti0.81-1.00,SentiTotal
8.107714276350594E-5,0.6773728064157734,0.19709982703972784,0.22277836649324237,5.0,2.0,1.0,1.0,0.0,6.168900183477387E-13