TimeMin,TimeMax,TimeAvg,TimeStdev,TimeTotal
680.0,6400.0,2183.3333333333335,1687.1639583105793,26200.0
