TimeMin,TimeMax,TimeAvg,TimeStdev,TimeTotal
600.0,32720.0,7273.333333333333,11484.352639811945,43640.0
