TraitMin,TraitMax,TraitAvg,TraitStdev,TraitTotal
164.0,1000.0,508.41311069882494,258.19428110456397,391.8181818181818
