TraitMin,TraitMax,TraitAvg,TraitStdev,TraitTotal
240.0,420.0,310.5456448313591,72.16999057557379,283.1746031746032
