TraitMin,TraitMax,TraitAvg,TraitStdev,TraitTotal
306.6666666666667,385.0,345.83333333333337,39.16666666666666,363.6363636363636
