SentiMin,SentiMax,SentiAvg,SentiStdev,Senti0-0.20,Senti0.21-0.40,Senti0.41-0.60,Senti0.61-0.80,Senti0.81-1.00,SentiTotal
6.624017467918044E-5,0.5674776680826139,0.23392194284089804,0.18379825004403624,8.0,4.0,2.0,0.0,0.0,1.171870305824264E-13