SentiMin,SentiMax,SentiAvg,SentiStdev,Senti0-0.20,Senti0.21-0.40,Senti0.41-0.60,Senti0.61-0.80,Senti0.81-1.00,SentiTotal
1.4733768884595987E-5,0.9999137257283712,0.3544997465492684,0.3775045084137057,4.0,2.0,1.0,0.0,2.0,3.4120385562417073E-9