SentiMin,SentiMax,SentiAvg,SentiStdev,Senti0-0.20,Senti0.21-0.40,Senti0.41-0.60,Senti0.61-0.80,Senti0.81-1.00,SentiTotal
0.06094314935852756,0.9900981703653693,0.39474548344379273,0.24788946639480458,4.0,6.0,2.0,2.0,1.0,4.255699410062412E-4