TraitMin,TraitMax,TraitAvg,TraitStdev,TraitTotal
311.42857142857144,680.0,492.3721948549535,130.58343555450995,501.60919540229884
