TraitMin,TraitMax,TraitAvg,TraitStdev,TraitTotal
120.0,586.6666666666666,378.38600288600287,143.78899824281075,391.35135135135135
