TraitMin,TraitMax,TraitAvg,TraitStdev,TraitTotal
175.0,900.0,484.86607142857144,260.40771710812317,346.3414634146341
