SentiMin,SentiMax,SentiAvg,SentiStdev,Senti0-0.20,Senti0.21-0.40,Senti0.41-0.60,Senti0.61-0.80,Senti0.81-1.00,SentiTotal
1.898590878772821E-5,0.4025810965722732,0.07624726135984679,0.13324921530390477,8.0,1.0,1.0,0.0,0.0,1.2365209722360978E-23