TimeMin,TimeMax,TimeAvg,TimeStdev,TimeTotal
1000.0,5480.0,2703.3333333333335,1529.168256129964,24330.0
