SentiMin,SentiMax,SentiAvg,SentiStdev,Senti0-0.20,Senti0.21-0.40,Senti0.41-0.60,Senti0.61-0.80,Senti0.81-1.00,SentiTotal
2.1077036645285417E-5,0.37980207379770065,0.09903935112738455,0.1385705398702332,7.0,2.0,0.0,0.0,0.0,2.7441555110539845E-18