SentiMin,SentiMax,SentiAvg,SentiStdev,Senti0-0.20,Senti0.21-0.40,Senti0.41-0.60,Senti0.61-0.80,Senti0.81-1.00,SentiTotal
8.255765956749113E-8,0.6997561305423635,0.09888680802331422,0.21040927078824687,10.0,1.0,0.0,1.0,0.0,1.2917715230736567E-34