TraitMin,TraitMax,TraitAvg,TraitStdev,TraitTotal
191.0,650.0,431.0833333333333,179.7642553457166,264.48275862068965
