SentiMin,SentiMax,SentiAvg,SentiStdev,Senti0-0.20,Senti0.21-0.40,Senti0.41-0.60,Senti0.61-0.80,Senti0.81-1.00,SentiTotal
1.2423172054668738E-6,0.5628056929000496,0.23403406352954517,0.23440513577883748,5.0,2.0,3.0,0.0,0.0,1.7600718606650187E-16