SentiMin,SentiMax,SentiAvg,SentiStdev,Senti0-0.20,Senti0.21-0.40,Senti0.41-0.60,Senti0.61-0.80,Senti0.81-1.00,SentiTotal
2.4392604463126343E-6,0.5827299697860892,0.09806140099269701,0.18070820425281045,13.0,0.0,2.0,0.0,0.0,2.0573049771282304E-40