SentiMin,SentiMax,SentiAvg,SentiStdev,Senti0-0.20,Senti0.21-0.40,Senti0.41-0.60,Senti0.61-0.80,Senti0.81-1.00,SentiTotal
2.2579163047405302E-4,0.43796879524747484,0.1671263288137224,0.1663583404319352,5.0,2.0,1.0,0.0,0.0,1.200826522638571E-12