TimeMin,TimeMax,TimeAvg,TimeStdev,TimeTotal
1000.0,10450.0,3423.076923076923,2812.5990843821764,44500.0
