TraitMin,TraitMax,TraitAvg,TraitStdev,TraitTotal
180.0,502.22222222222223,328.1073280196087,102.70236940027557,304.125
