SentiMin,SentiMax,SentiAvg,SentiStdev,Senti0-0.20,Senti0.21-0.40,Senti0.41-0.60,Senti0.61-0.80,Senti0.81-1.00,SentiTotal
1.0719720531075188E-6,0.43665324368126224,0.06189762571523293,0.14305944812516072,12.0,1.0,1.0,0.0,0.0,5.020589274085805E-41