SentiMin,SentiMax,SentiAvg,SentiStdev,Senti0-0.20,Senti0.21-0.40,Senti0.41-0.60,Senti0.61-0.80,Senti0.81-1.00,SentiTotal
1.0131458048329079E-5,0.6624055896622104,0.24538916888369622,0.27348354884160697,2.0,1.0,0.0,1.0,0.0,4.4410432290613005E-9