TraitMin,TraitMax,TraitAvg,TraitStdev,TraitTotal
263.3333333333333,500.0,371.1111111111111,97.7651506998175,355.7142857142857
