TraitMin,TraitMax,TraitAvg,TraitStdev,TraitTotal
208.33333333333334,412.85714285714283,281.4505135387488,68.29534322373189,279.65811965811963
