TraitMin,TraitMax,TraitAvg,TraitStdev,TraitTotal
184.66666666666666,404.2857142857143,274.29981729533915,53.18958594814697,268.4795321637427
