TraitMin,TraitMax,TraitAvg,TraitStdev,TraitTotal
230.0,720.0,398.0664389167645,146.88260022602407,339.3006993006993
