TimeMin,TimeMax,TimeAvg,TimeStdev,TimeTotal
1050.0,5780.0,2726.6666666666665,1286.1592263617888,32720.0
