TraitMin,TraitMax,TraitAvg,TraitStdev,TraitTotal
50.95238095238095,3950.0,523.4100325600326,941.6000124777518,235.5704697986577
