SentiMin,SentiMax,SentiAvg,SentiStdev,Senti0-0.20,Senti0.21-0.40,Senti0.41-0.60,Senti0.61-0.80,Senti0.81-1.00,SentiTotal
1.1800727233477774E-5,0.203040617533552,0.06896748498928722,0.0948169698824468,2.0,1.0,0.0,0.0,0.0,1.1817452396032385E-8