SentiMin,SentiMax,SentiAvg,SentiStdev,Senti0-0.20,Senti0.21-0.40,Senti0.41-0.60,Senti0.61-0.80,Senti0.81-1.00,SentiTotal
2.5237465856946233E-6,0.328222532414236,0.09937479185380334,0.1263998129927463,9.0,4.0,0.0,0.0,0.0,4.679358082286012E-31