TraitMin,TraitMax,TraitAvg,TraitStdev,TraitTotal
238.42105263157896,1000.0,376.68111493769385,189.86660875354275,337.1212121212121
