TimeMin,TimeMax,TimeAvg,TimeStdev,TimeTotal
1520.0,5550.0,3279.285714285714,1297.3735241727766,45910.0
