SentiMin,SentiMax,SentiAvg,SentiStdev,Senti0-0.20,Senti0.21-0.40,Senti0.41-0.60,Senti0.61-0.80,Senti0.81-1.00,SentiTotal
0.00902515779721492,0.5628056929000496,0.2730105110277556,0.1881005473400701,6.0,5.0,5.0,0.0,0.0,1.151267266434311E-10