SentiMin,SentiMax,SentiAvg,SentiStdev,Senti0-0.20,Senti0.21-0.40,Senti0.41-0.60,Senti0.61-0.80,Senti0.81-1.00,SentiTotal
0.02416815448120269,0.621802383260746,0.21430987419068673,0.174525155058056,8.0,4.0,1.0,1.0,0.0,4.0995971329413727E-11