SentiMin,SentiMax,SentiAvg,SentiStdev,Senti0-0.20,Senti0.21-0.40,Senti0.41-0.60,Senti0.61-0.80,Senti0.81-1.00,SentiTotal
0.029303913108585065,0.925044741766881,0.33153995112010753,0.2637096778972252,2.0,4.0,1.0,0.0,1.0,6.243788397432937E-4