TimeMin,TimeMax,TimeAvg,TimeStdev,TimeTotal
520.0,3080.0,1409.4117647058824,643.74337769967,23960.0
