TimeMin,TimeMax,TimeAvg,TimeStdev,TimeTotal
960.0,1880.0,1428.5714285714287,316.2019504515868,10000.0
