SentiMin,SentiMax,SentiAvg,SentiStdev,Senti0-0.20,Senti0.21-0.40,Senti0.41-0.60,Senti0.61-0.80,Senti0.81-1.00,SentiTotal
0.0038117583374757762,0.7826922720891185,0.26811289759161533,0.22100672419318892,8.0,4.0,3.0,1.0,0.0,1.065999508017613E-12