TimeMin,TimeMax,TimeAvg,TimeStdev,TimeTotal
560.0,4080.0,1766.3157894736842,804.0176125742769,33560.0
