TraitMin,TraitMax,TraitAvg,TraitStdev,TraitTotal
192.0,960.0,371.2559523809524,198.176575044938,307.94520547945206
