TraitMin,TraitMax,TraitAvg,TraitStdev,TraitTotal
186.66666666666666,1640.0,509.96139971139974,361.26083403816193,350.4347826086956
