SentiMin,SentiMax,SentiAvg,SentiStdev,Senti0-0.20,Senti0.21-0.40,Senti0.41-0.60,Senti0.61-0.80,Senti0.81-1.00,SentiTotal
1.8097453464721724E-4,0.49789225920557484,0.2174183929621728,0.19623706549353193,12.0,1.0,6.0,0.0,0.0,5.406225163422063E-19