SentiMin,SentiMax,SentiAvg,SentiStdev,Senti0-0.20,Senti0.21-0.40,Senti0.41-0.60,Senti0.61-0.80,Senti0.81-1.00,SentiTotal
5.561315625698941E-4,0.2794653930830212,0.07335700919993951,0.08765858699384631,13.0,3.0,0.0,0.0,0.0,1.8255795443535166E-26