TraitMin,TraitMax,TraitAvg,TraitStdev,TraitTotal
186.66666666666666,1400.0,476.25000000000006,365.4047888605488,354.54545454545456
