SentiMin,SentiMax,SentiAvg,SentiStdev,Senti0-0.20,Senti0.21-0.40,Senti0.41-0.60,Senti0.61-0.80,Senti0.81-1.00,SentiTotal
0.0021280281356892824,0.5318834537628724,0.26244848457443837,0.20148200488891882,11.0,3.0,10.0,0.0,0.0,4.438558489146957E-20