TraitMin,TraitMax,TraitAvg,TraitStdev,TraitTotal
216.0,2160.0,530.1174603174603,469.1143592407456,380.625
