TraitMin,TraitMax,TraitAvg,TraitStdev,TraitTotal
192.0,368.0,283.5374149659864,65.04235850027332,277.77777777777777
