TraitMin,TraitMax,TraitAvg,TraitStdev,TraitTotal
170.0,840.0,448.40564373897706,183.19811731234336,389.7560975609756
