TraitMin,TraitMax,TraitAvg,TraitStdev,TraitTotal
150.0,680.0,290.2678571428571,127.5131366615162,270.12987012987014
