SentiMin,SentiMax,SentiAvg,SentiStdev,Senti0-0.20,Senti0.21-0.40,Senti0.41-0.60,Senti0.61-0.80,Senti0.81-1.00,SentiTotal
3.6454459452169575E-5,0.9989071902417136,0.3094317712823901,0.25160616005827624,7.0,4.0,6.0,0.0,1.0,1.3406364304605401E-12