TimeMin,TimeMax,TimeAvg,TimeStdev,TimeTotal
480.0,2120.0,1134.2857142857142,389.1697074856801,15880.0
