SentiMin,SentiMax,SentiAvg,SentiStdev,Senti0-0.20,Senti0.21-0.40,Senti0.41-0.60,Senti0.61-0.80,Senti0.81-1.00,SentiTotal
0.051662380217191065,0.351401954191623,0.1930787818829551,0.11383209937460138,4.0,3.0,0.0,0.0,0.0,1.1037816702852226E-5