TraitMin,TraitMax,TraitAvg,TraitStdev,TraitTotal
206.66666666666666,1080.0,420.3958333333333,265.10069414883554,339.0163934426229
