TraitMin,TraitMax,TraitAvg,TraitStdev,TraitTotal
140.0,1200.0,495.7744360902255,282.76292906302035,414.320987654321
