TimeMin,TimeMax,TimeAvg,TimeStdev,TimeTotal
680.0,3360.0,1343.3333333333333,543.4355732027691,32240.0
