TimeMin,TimeMax,TimeAvg,TimeStdev,TimeTotal
360.0,1840.0,974.2222222222222,419.2145506851746,17536.0
