TraitMin,TraitMax,TraitAvg,TraitStdev,TraitTotal
160.0,1060.0,368.0476190476191,218.5297864678775,330.8333333333333
