SentiMin,SentiMax,SentiAvg,SentiStdev,Senti0-0.20,Senti0.21-0.40,Senti0.41-0.60,Senti0.61-0.80,Senti0.81-1.00,SentiTotal
1.2077028948940095E-4,0.5400372398828357,0.20106167274119804,0.16825204628063647,8.0,7.0,2.0,0.0,0.0,3.072782916882887E-17