TimeMin,TimeMax,TimeAvg,TimeStdev,TimeTotal
400.0,5240.0,1775.5555555555557,1225.444237918198,31960.0
