SentiMin,SentiMax,SentiAvg,SentiStdev,Senti0-0.20,Senti0.21-0.40,Senti0.41-0.60,Senti0.61-0.80,Senti0.81-1.00,SentiTotal
0.018129750974788812,0.9089976201648287,0.33777526250532425,0.23729332121862134,6.0,4.0,5.0,0.0,1.0,2.2468035253010538E-7