SentiMin,SentiMax,SentiAvg,SentiStdev,Senti0-0.20,Senti0.21-0.40,Senti0.41-0.60,Senti0.61-0.80,Senti0.81-1.00,SentiTotal
7.248165815563833E-4,0.5316624617817726,0.21211217581574304,0.19453757969711313,4.0,2.0,2.0,0.0,0.0,1.3915079962230678E-10