TimeMin,TimeMax,TimeAvg,TimeStdev,TimeTotal
600.0,3120.0,1862.857142857143,807.3539546959965,13040.0
