SentiMin,SentiMax,SentiAvg,SentiStdev,Senti0-0.20,Senti0.21-0.40,Senti0.41-0.60,Senti0.61-0.80,Senti0.81-1.00,SentiTotal
1.5785946754039114E-5,0.10947497509407252,0.05474538052041328,0.05472959457365924,2.0,0.0,0.0,0.0,0.0,1.9570724744547027E-6