SentiMin,SentiMax,SentiAvg,SentiStdev,Senti0-0.20,Senti0.21-0.40,Senti0.41-0.60,Senti0.61-0.80,Senti0.81-1.00,SentiTotal
4.762586888762314E-6,0.4898631585877994,0.19931862390317773,0.1955820397577392,7.0,3.0,3.0,0.0,0.0,1.0899971021438396E-22