TraitMin,TraitMax,TraitAvg,TraitStdev,TraitTotal
170.0,516.9230769230769,294.4829892329892,107.11895909436996,299.1304347826087
