TraitMin,TraitMax,TraitAvg,TraitStdev,TraitTotal
214.11764705882354,840.0,442.4949708243826,205.65816552695517,358.4496124031008
