TimeMin,TimeMax,TimeAvg,TimeStdev,TimeTotal
360.0,4920.0,1672.9411764705883,1356.2047594227683,28440.0
