TraitMin,TraitMax,TraitAvg,TraitStdev,TraitTotal
180.0,640.0,354.2355593124824,133.35395373252447,327.92792792792795
