TraitMin,TraitMax,TraitAvg,TraitStdev,TraitTotal
488.0,546.6666666666666,517.3333333333333,29.333333333333314,510.0
