SentiMin,SentiMax,SentiAvg,SentiStdev,Senti0-0.20,Senti0.21-0.40,Senti0.41-0.60,Senti0.61-0.80,Senti0.81-1.00,SentiTotal
2.0035035801925995E-4,0.39697510199130176,0.129389301562113,0.1559555200727938,5.0,3.0,0.0,0.0,0.0,3.146803592282666E-14