SentiMin,SentiMax,SentiAvg,SentiStdev,Senti0-0.20,Senti0.21-0.40,Senti0.41-0.60,Senti0.61-0.80,Senti0.81-1.00,SentiTotal
1.293431620923389E-5,0.5175030083291732,0.2800823070465486,0.16105019273156257,6.0,5.0,4.0,0.0,0.0,5.466207401603616E-12