SentiMin,SentiMax,SentiAvg,SentiStdev,Senti0-0.20,Senti0.21-0.40,Senti0.41-0.60,Senti0.61-0.80,Senti0.81-1.00,SentiTotal
2.208656590080409E-5,0.6698086467516731,0.23737228152814757,0.20898465393690877,8.0,5.0,3.0,1.0,0.0,1.1354467678607465E-19