SentiMin,SentiMax,SentiAvg,SentiStdev,Senti0-0.20,Senti0.21-0.40,Senti0.41-0.60,Senti0.61-0.80,Senti0.81-1.00,SentiTotal
8.214862902103155E-4,0.5628056929000496,0.24395330190454007,0.23812603588797857,4.0,1.0,3.0,0.0,0.0,8.114309044051217E-9