TraitMin,TraitMax,TraitAvg,TraitStdev,TraitTotal
257.77777777777777,448.0,346.22222222222223,71.25026068209375,326.0
