TraitMin,TraitMax,TraitAvg,TraitStdev,TraitTotal
210.0,866.6666666666666,414.15008922701236,168.0005611997437,356.30252100840335
