SentiMin,SentiMax,SentiAvg,SentiStdev,Senti0-0.20,Senti0.21-0.40,Senti0.41-0.60,Senti0.61-0.80,Senti0.81-1.00,SentiTotal
4.580729661095245E-12,0.551719542672923,0.1675382556778764,0.16079057372580002,8.0,7.0,1.0,0.0,0.0,3.2598089002694155E-32