TraitMin,TraitMax,TraitAvg,TraitStdev,TraitTotal
168.0,666.6666666666666,354.8210012210012,141.62665164114807,334.93333333333334
