TraitMin,TraitMax,TraitAvg,TraitStdev,TraitTotal
175.3846153846154,670.0,371.79313741813746,156.53747042845367,342.46153846153845
