SentiMin,SentiMax,SentiAvg,SentiStdev,Senti0-0.20,Senti0.21-0.40,Senti0.41-0.60,Senti0.61-0.80,Senti0.81-1.00,SentiTotal
1.1891854586111234E-5,0.31652752060966627,0.05404199249751399,0.1013139798849485,7.0,1.0,0.0,0.0,0.0,6.457240835614118E-21