TimeMin,TimeMax,TimeAvg,TimeStdev,TimeTotal
560.0,14760.0,6146.666666666667,4624.091502362623,36880.0
