TimeMin,TimeMax,TimeAvg,TimeStdev,TimeTotal
240.0,4720.0,1674.6666666666667,1161.5040058284585,25120.0
