TimeMin,TimeMax,TimeAvg,TimeStdev,TimeTotal
760.0,7600.0,3082.6666666666665,1875.5104786578922,46240.0
