SentiMin,SentiMax,SentiAvg,SentiStdev,Senti0-0.20,Senti0.21-0.40,Senti0.41-0.60,Senti0.61-0.80,Senti0.81-1.00,SentiTotal
3.935361588398222E-6,0.827795714023413,0.21336376438507276,0.2506992034708328,8.0,3.0,1.0,0.0,1.0,3.2494923107376436E-22