TraitMin,TraitMax,TraitAvg,TraitStdev,TraitTotal
200.0,600.0,352.33333333333337,135.17314000117693,330.0
