SentiMin,SentiMax,SentiAvg,SentiStdev,Senti0-0.20,Senti0.21-0.40,Senti0.41-0.60,Senti0.61-0.80,Senti0.81-1.00,SentiTotal
5.034751129035793E-4,0.5653185868409526,0.1949437130207872,0.1795124607921445,7.0,2.0,2.0,0.0,0.0,1.1080048397714246E-11