SentiMin,SentiMax,SentiAvg,SentiStdev,Senti0-0.20,Senti0.21-0.40,Senti0.41-0.60,Senti0.61-0.80,Senti0.81-1.00,SentiTotal
0.0010818268290809032,0.6265076294183111,0.24559157373492135,0.18145744072101777,9.0,5.0,4.0,1.0,0.0,9.809848199588655E-15