SentiMin,SentiMax,SentiAvg,SentiStdev,Senti0-0.20,Senti0.21-0.40,Senti0.41-0.60,Senti0.61-0.80,Senti0.81-1.00,SentiTotal
2.0817663803668115E-4,0.5318834537628724,0.3266130979542897,0.18136395576497363,1.0,2.0,3.0,0.0,0.0,2.069257221142258E-5