SentiMin,SentiMax,SentiAvg,SentiStdev,Senti0-0.20,Senti0.21-0.40,Senti0.41-0.60,Senti0.61-0.80,Senti0.81-1.00,SentiTotal
0.014448430840098569,0.36825873144950616,0.20064042925774198,0.14503831412871168,1.0,2.0,0.0,0.0,0.0,0.0024342005614091415