TimeMin,TimeMax,TimeAvg,TimeStdev,TimeTotal
560.0,4240.0,1460.952380952381,877.191974220688,30680.0
