TraitMin,TraitMax,TraitAvg,TraitStdev,TraitTotal
240.0,520.0,398.66666666666663,89.38307073116995,358.0
