TraitMin,TraitMax,TraitAvg,TraitStdev,TraitTotal
274.2857142857143,920.0,426.92517006802717,205.13400908340924,337.5
