TimeMin,TimeMax,TimeAvg,TimeStdev,TimeTotal
480.0,1600.0,853.3333333333334,363.4403512117069,5120.0
