TraitMin,TraitMax,TraitAvg,TraitStdev,TraitTotal
192.0,1040.0,413.3316624895573,207.2020016835195,369.7142857142857
