TraitMin,TraitMax,TraitAvg,TraitStdev,TraitTotal
189.0909090909091,1120.0,393.55371900826447,240.0509605477338,332.5
