TraitMin,TraitMax,TraitAvg,TraitStdev,TraitTotal
220.0,1160.0,486.4920634920635,242.46249083274998,409.06666666666666
