TraitMin,TraitMax,TraitAvg,TraitStdev,TraitTotal
200.0,1066.6666666666667,435.4888888888889,208.06348864863816,380.625
