TimeMin,TimeMax,TimeAvg,TimeStdev,TimeTotal
600.0,4160.0,1362.1052631578948,816.3047608607205,25880.0
