TimeMin,TimeMax,TimeAvg,TimeStdev,TimeTotal
680.0,920.0,813.3333333333334,99.77753031397178,2440.0
