SentiMin,SentiMax,SentiAvg,SentiStdev,Senti0-0.20,Senti0.21-0.40,Senti0.41-0.60,Senti0.61-0.80,Senti0.81-1.00,SentiTotal
0.06597199003933545,0.39697510199130176,0.2685204251285325,0.10244791992067791,2.0,8.0,0.0,0.0,0.0,1.4932920680651074E-5