SentiMin,SentiMax,SentiAvg,SentiStdev,Senti0-0.20,Senti0.21-0.40,Senti0.41-0.60,Senti0.61-0.80,Senti0.81-1.00,SentiTotal
0.0022492786669308334,0.6921459309296395,0.2421809082531531,0.18778360469205824,10.0,7.0,2.0,1.0,0.0,5.702405515631785E-15