TraitMin,TraitMax,TraitAvg,TraitStdev,TraitTotal
280.0,680.0,422.22222222222223,182.60123185932565,348.57142857142856
