TimeMin,TimeMax,TimeAvg,TimeStdev,TimeTotal
400.0,2760.0,1157.142857142857,611.2215938059567,16200.0
