SentiMin,SentiMax,SentiAvg,SentiStdev,Senti0-0.20,Senti0.21-0.40,Senti0.41-0.60,Senti0.61-0.80,Senti0.81-1.00,SentiTotal
3.7810697013878574E-6,0.49789225920557484,0.23855374945204294,0.18010969563691767,5.0,7.0,2.0,0.0,0.0,6.0478671812372384E-18