SentiMin,SentiMax,SentiAvg,SentiStdev,Senti0-0.20,Senti0.21-0.40,Senti0.41-0.60,Senti0.61-0.80,Senti0.81-1.00,SentiTotal
0.26287357984472953,0.6066027326497363,0.4168993854817816,0.14131802797114207,0.0,2.0,1.0,1.0,0.0,0.19350758590003192