TimeMin,TimeMax,TimeAvg,TimeStdev,TimeTotal
720.0,2240.0,1450.909090909091,514.25947722658,15960.0
