TraitMin,TraitMax,TraitAvg,TraitStdev,TraitTotal
257.14285714285717,670.0,391.07142857142856,168.16044027496295,370.90909090909093
