TraitMin,TraitMax,TraitAvg,TraitStdev,TraitTotal
226.66666666666666,1560.0,522.4615384615385,338.0037307855988,449.7560975609756
