SentiMin,SentiMax,SentiAvg,SentiStdev,Senti0-0.20,Senti0.21-0.40,Senti0.41-0.60,Senti0.61-0.80,Senti0.81-1.00,SentiTotal
0.0866347519867565,0.39697510199130176,0.24180492698902914,0.15517017500227265,1.0,1.0,0.0,0.0,0.0,0.05924013014333304