SentiMin,SentiMax,SentiAvg,SentiStdev,Senti0-0.20,Senti0.21-0.40,Senti0.41-0.60,Senti0.61-0.80,Senti0.81-1.00,SentiTotal
0.0880064746269439,0.6921459309296395,0.35623859964168,0.18895307250197774,1.0,3.0,1.0,1.0,0.0,0.004682986007271658