TimeMin,TimeMax,TimeAvg,TimeStdev,TimeTotal
480.0,1880.0,866.6666666666666,477.5865250285951,5200.0
