TimeMin,TimeMax,TimeAvg,TimeStdev,TimeTotal
440.0,2320.0,956.3636363636364,574.7295447310647,10520.0
