SentiMin,SentiMax,SentiAvg,SentiStdev,Senti0-0.20,Senti0.21-0.40,Senti0.41-0.60,Senti0.61-0.80,Senti0.81-1.00,SentiTotal
0.014720873441575298,0.15735306529632184,0.07563347491776395,0.056724378953578486,4.0,0.0,0.0,0.0,0.0,1.0237253575385721E-5