TraitMin,TraitMax,TraitAvg,TraitStdev,TraitTotal
224.0,600.0,410.42424242424244,119.86904394018143,362.7586206896552
