TraitMin,TraitMax,TraitAvg,TraitStdev,TraitTotal
213.33333333333334,1120.0,555.6190476190477,293.95927340665526,441.0810810810811
