SentiMin,SentiMax,SentiAvg,SentiStdev,Senti0-0.20,Senti0.21-0.40,Senti0.41-0.60,Senti0.61-0.80,Senti0.81-1.00,SentiTotal
0.003978276069249232,0.36825873144950616,0.17264236267975225,0.1151701690041129,4.0,3.0,0.0,0.0,0.0,2.977144644782939E-7