TimeMin,TimeMax,TimeAvg,TimeStdev,TimeTotal
400.0,3920.0,1418.4615384615386,1135.1302612736442,18440.0
