TraitMin,TraitMax,TraitAvg,TraitStdev,TraitTotal
170.0,1000.0,432.85714285714295,247.41475088788889,390.0
