TimeMin,TimeMax,TimeAvg,TimeStdev,TimeTotal
400.0,2000.0,891.4285714285714,520.0941829934974,6240.0
