TraitMin,TraitMax,TraitAvg,TraitStdev,TraitTotal
332.3076923076923,400.0,366.1538461538462,33.84615384615384,337.14285714285717
