SentiMin,SentiMax,SentiAvg,SentiStdev,Senti0-0.20,Senti0.21-0.40,Senti0.41-0.60,Senti0.61-0.80,Senti0.81-1.00,SentiTotal
0.006993660860750506,0.49789225920557484,0.21126622493987385,0.13593706524119234,5.0,5.0,1.0,0.0,0.0,8.798169166482127E-9