TraitMin,TraitMax,TraitAvg,TraitStdev,TraitTotal
146.66666666666666,640.0,254.28571428571428,162.53658231170348,205.45454545454547
