SentiMin,SentiMax,SentiAvg,SentiStdev,Senti0-0.20,Senti0.21-0.40,Senti0.41-0.60,Senti0.61-0.80,Senti0.81-1.00,SentiTotal
0.028020207708951465,0.46364466503952073,0.23082194140431134,0.17170291498354068,4.0,0.0,2.0,0.0,0.0,9.367590512218018E-5