TraitMin,TraitMax,TraitAvg,TraitStdev,TraitTotal
240.0,440.0,339.3333333333333,77.12904050284101,346.6666666666667
