TraitMin,TraitMax,TraitAvg,TraitStdev,TraitTotal
248.0,560.0,410.5,110.38203859525537,391.1111111111111
