SentiMin,SentiMax,SentiAvg,SentiStdev,Senti0-0.20,Senti0.21-0.40,Senti0.41-0.60,Senti0.61-0.80,Senti0.81-1.00,SentiTotal
0.008657753336622295,0.5571498841836826,0.30013323730119673,0.20493061023442455,2.0,3.0,2.0,0.0,0.0,3.1633445770484334E-5