TimeMin,TimeMax,TimeAvg,TimeStdev,TimeTotal
400.0,960.0,645.7142857142857,192.9364916129615,4520.0
