SentiMin,SentiMax,SentiAvg,SentiStdev,Senti0-0.20,Senti0.21-0.40,Senti0.41-0.60,Senti0.61-0.80,Senti0.81-1.00,SentiTotal
1.0398455827060548E-6,0.49789225920557484,0.05969235044793699,0.13843249807530184,11.0,0.0,1.0,0.0,0.0,4.561053264714061E-36