SentiMin,SentiMax,SentiAvg,SentiStdev,Senti0-0.20,Senti0.21-0.40,Senti0.41-0.60,Senti0.61-0.80,Senti0.81-1.00,SentiTotal
1.5604477572241349E-7,0.7216357600812883,0.18071049092962532,0.22897311719295438,6.0,1.0,0.0,1.0,0.0,1.3448782724413451E-14