SentiMin,SentiMax,SentiAvg,SentiStdev,Senti0-0.20,Senti0.21-0.40,Senti0.41-0.60,Senti0.61-0.80,Senti0.81-1.00,SentiTotal
2.6660419259665686E-11,0.46764355068197516,0.06042449458033967,0.12731408473606773,11.0,0.0,1.0,0.0,0.0,1.0634450560267112E-37