SentiMin,SentiMax,SentiAvg,SentiStdev,Senti0-0.20,Senti0.21-0.40,Senti0.41-0.60,Senti0.61-0.80,Senti0.81-1.00,SentiTotal
0.028243159224844057,0.49789225920557484,0.26306770921520944,0.2348245499903654,1.0,0.0,1.0,0.0,0.0,0.028243159224844057