TraitMin,TraitMax,TraitAvg,TraitStdev,TraitTotal
250.0,920.0,393.7336252508666,187.44354012073453,340.1652892561983
