SentiMin,SentiMax,SentiAvg,SentiStdev,Senti0-0.20,Senti0.21-0.40,Senti0.41-0.60,Senti0.61-0.80,Senti0.81-1.00,SentiTotal
7.521640658889656E-7,0.49789225920557484,0.14672325047644366,0.17925740729772618,7.0,4.0,1.0,0.0,0.0,3.2836504709175127E-28