SentiMin,SentiMax,SentiAvg,SentiStdev,Senti0-0.20,Senti0.21-0.40,Senti0.41-0.60,Senti0.61-0.80,Senti0.81-1.00,SentiTotal
2.5803727404314706E-6,0.6387765042918215,0.262756326460128,0.26886681737637613,3.0,0.0,2.0,1.0,0.0,1.9092411552472435E-12