TimeMin,TimeMax,TimeAvg,TimeStdev,TimeTotal
680.0,9560.0,2529.4117647058824,2156.5780917332777,43000.0
