TraitMin,TraitMax,TraitAvg,TraitStdev,TraitTotal
170.0,920.0,386.5331384015595,178.7055591101929,334.44444444444446
