SentiMin,SentiMax,SentiAvg,SentiStdev,Senti0-0.20,Senti0.21-0.40,Senti0.41-0.60,Senti0.61-0.80,Senti0.81-1.00,SentiTotal
3.943183720231144E-4,0.3244781599232771,0.10243211471349159,0.10596475193733158,7.0,2.0,0.0,0.0,0.0,1.6126100214044778E-13