TimeMin,TimeMax,TimeAvg,TimeStdev,TimeTotal
560.0,9880.0,3064.6153846153848,2545.3203376592455,39840.0
