TraitMin,TraitMax,TraitAvg,TraitStdev,TraitTotal
220.0,1000.0,362.375,247.25590867560678,269.2857142857143
