SentiMin,SentiMax,SentiAvg,SentiStdev,Senti0-0.20,Senti0.21-0.40,Senti0.41-0.60,Senti0.61-0.80,Senti0.81-1.00,SentiTotal
1.1105077084512423E-5,0.08686960591458152,0.016843151137179508,0.031397461705001524,6.0,0.0,0.0,0.0,0.0,6.056318889135749E-17