TraitMin,TraitMax,TraitAvg,TraitStdev,TraitTotal
240.0,1000.0,426.5740740740741,261.7864427971263,307.2
