TraitMin,TraitMax,TraitAvg,TraitStdev,TraitTotal
176.0,920.0,400.11951447245565,187.50876403115564,344.0
