TraitMin,TraitMax,TraitAvg,TraitStdev,TraitTotal
408.8888888888889,480.0,444.44444444444446,35.55555555555554,416.0
