TimeMin,TimeMax,TimeAvg,TimeStdev,TimeTotal
520.0,2920.0,1755.5555555555557,800.9870454093376,15800.0
