TraitMin,TraitMax,TraitAvg,TraitStdev,TraitTotal
207.5,840.0,414.1388888888889,213.95011569562857,295.13513513513516
