TraitMin,TraitMax,TraitAvg,TraitStdev,TraitTotal
165.71428571428572,333.3333333333333,242.2784992784993,60.89157564864339,241.76991150442478
