TimeMin,TimeMax,TimeAvg,TimeStdev,TimeTotal
560.0,5000.0,2193.3333333333335,1449.582315320137,26320.0
