TraitMin,TraitMax,TraitAvg,TraitStdev,TraitTotal
200.0,302.85714285714283,252.22981366459626,30.934631761224985,246.31578947368422
