SentiMin,SentiMax,SentiAvg,SentiStdev,Senti0-0.20,Senti0.21-0.40,Senti0.41-0.60,Senti0.61-0.80,Senti0.81-1.00,SentiTotal
0.0017412972213606982,0.431210786217786,0.12997690303222303,0.17612605228873696,4.0,1.0,1.0,0.0,0.0,5.44424129478585E-10