TraitMin,TraitMax,TraitAvg,TraitStdev,TraitTotal
130.0,417.14285714285717,294.80278980278985,87.973562845016,292.5925925925926
