SentiMin,SentiMax,SentiAvg,SentiStdev,Senti0-0.20,Senti0.21-0.40,Senti0.41-0.60,Senti0.61-0.80,Senti0.81-1.00,SentiTotal
0.06310389201013714,0.6824837810859113,0.4895096709192743,0.14480774632059157,1.0,0.0,9.0,1.0,0.0,0.21583329465875295