SentiMin,SentiMax,SentiAvg,SentiStdev,Senti0-0.20,Senti0.21-0.40,Senti0.41-0.60,Senti0.61-0.80,Senti0.81-1.00,SentiTotal
0.49789225920557484,0.8536314787730905,0.5580840994752163,0.11991668980838255,0.0,0.0,11.0,1.0,2.0,0.9807967269885254