TraitMin,TraitMax,TraitAvg,TraitStdev,TraitTotal
229.8,1150.0,556.1379013143719,214.62386126827448,495.9252336448598
