TraitMin,TraitMax,TraitAvg,TraitStdev,TraitTotal
605.7777777777778,726.5555555555555,666.1666666666667,60.38888888888886,666.1666666666666
