TraitMin,TraitMax,TraitAvg,TraitStdev,TraitTotal
287.5,1151.0,525.4427095127095,199.6184689963749,472.43801652892563
