TraitMin,TraitMax,TraitAvg,TraitStdev,TraitTotal
261.1,2299.0,933.4666666666667,621.3784678259923,572.4634146341464
