SentiMin,SentiMax,SentiAvg,SentiStdev,Senti0-0.20,Senti0.21-0.40,Senti0.41-0.60,Senti0.61-0.80,Senti0.81-1.00,SentiTotal
0.15585040364727296,0.7811784161188501,0.5268581092452814,0.14803165260741183,2.0,0.0,11.0,6.0,0.0,0.8760084284121863