TraitMin,TraitMax,TraitAvg,TraitStdev,TraitTotal
460.6,767.6666666666666,563.4676190476191,109.80382682120188,540.92
