TraitMin,TraitMax,TraitAvg,TraitStdev,TraitTotal
287.5,766.6666666666666,502.574074074074,158.78880124845216,458.6279069767442
