TimeMin,TimeMax,TimeAvg,TimeStdev,TimeTotal
2301.0,6515.0,4297.727272727273,1451.6555496090468,47275.0
