TraitMin,TraitMax,TraitAvg,TraitStdev,TraitTotal
191.75,2302.0,616.5282809295967,591.7219952377548,408.37391304347824
