TimeMin,TimeMax,TimeAvg,TimeStdev,TimeTotal
2300.0,6810.0,3502.8888888888887,1577.7068059155029,31526.0
