TraitMin,TraitMax,TraitAvg,TraitStdev,TraitTotal
408.5,2299.0,1076.5916666666667,723.9491350974413,799.5384615384615
