TimeMin,TimeMax,TimeAvg,TimeStdev,TimeTotal
1323.0,2300.0,2191.222222222222,306.96354390049413,19721.0
