TraitMin,TraitMax,TraitAvg,TraitStdev,TraitTotal
314.15,912.8571428571429,512.1742320810503,227.65729295688035,445.99056603773585
