SentiMin,SentiMax,SentiAvg,SentiStdev,Senti0-0.20,Senti0.21-0.40,Senti0.41-0.60,Senti0.61-0.80,Senti0.81-1.00,SentiTotal
0.0736401149528525,0.9099063185805033,0.494230575730818,0.18429032171213636,2.0,0.0,11.0,1.0,1.0,0.36265589666485243