TraitMin,TraitMax,TraitAvg,TraitStdev,TraitTotal
230.0,2302.0,823.9833333333335,781.1444379730233,456.54545454545456
