TimeMin,TimeMax,TimeAvg,TimeStdev,TimeTotal
2298.0,5579.0,3121.4117647058824,1116.1975399080961,53064.0
