SentiMin,SentiMax,SentiAvg,SentiStdev,Senti0-0.20,Senti0.21-0.40,Senti0.41-0.60,Senti0.61-0.80,Senti0.81-1.00,SentiTotal
0.01175632788923623,0.5318834537628724,0.25795516646091304,0.18129267248015044,6.0,4.0,3.0,0.0,0.0,7.27936445811573E-9