SentiMin,SentiMax,SentiAvg,SentiStdev,Senti0-0.20,Senti0.21-0.40,Senti0.41-0.60,Senti0.61-0.80,Senti0.81-1.00,SentiTotal
0.03739963090306227,0.5136446707795853,0.42625204811661327,0.1467613604144359,1.0,2.0,6.0,0.0,0.0,0.01791531492687953