TraitMin,TraitMax,TraitAvg,TraitStdev,TraitTotal
149.33333333333334,1200.0,462.4693877551021,326.08380690809884,343.4920634920635
