SentiMin,SentiMax,SentiAvg,SentiStdev,Senti0-0.20,Senti0.21-0.40,Senti0.41-0.60,Senti0.61-0.80,Senti0.81-1.00,SentiTotal
1.2818054634826877E-4,0.5933386789809975,0.21858186878870486,0.2296585711400115,7.0,2.0,4.0,0.0,0.0,1.71775120108863E-18