SentiMin,SentiMax,SentiAvg,SentiStdev,Senti0-0.20,Senti0.21-0.40,Senti0.41-0.60,Senti0.61-0.80,Senti0.81-1.00,SentiTotal
0.018644399657760526,0.24154907255048844,0.14536862493475472,0.07225887392715653,6.0,4.0,0.0,0.0,0.0,2.9637295382922605E-9