TraitMin,TraitMax,TraitAvg,TraitStdev,TraitTotal
177.14285714285714,960.0,452.37503607503606,206.24969882635472,375.13513513513516
