TimeMin,TimeMax,TimeAvg,TimeStdev,TimeTotal
520.0,3640.0,2024.6153846153845,1009.0712819573282,26320.0
