TraitMin,TraitMax,TraitAvg,TraitStdev,TraitTotal
240.0,660.0,410.23809523809524,120.7415203615932,369.12280701754383
