TraitMin,TraitMax,TraitAvg,TraitStdev,TraitTotal
360.0,1200.0,693.3333333333334,272.6006440034783,582.6086956521739
