SentiMin,SentiMax,SentiAvg,SentiStdev,Senti0-0.20,Senti0.21-0.40,Senti0.41-0.60,Senti0.61-0.80,Senti0.81-1.00,SentiTotal
0.013447815470908066,0.5136446707795853,0.30022945685423696,0.17404958009153218,3.0,7.0,4.0,0.0,0.0,2.2083918091309538E-8