TimeMin,TimeMax,TimeAvg,TimeStdev,TimeTotal
680.0,7440.0,2174.5454545454545,1903.6632801778578,23920.0
