TraitMin,TraitMax,TraitAvg,TraitStdev,TraitTotal
346.6666666666667,900.0,572.827523353839,174.99998089262755,460.0
