TimeMin,TimeMax,TimeAvg,TimeStdev,TimeTotal
920.0,2760.0,1488.888888888889,548.3803312066553,13400.0
