TimeMin,TimeMax,TimeAvg,TimeStdev,TimeTotal
520.0,4400.0,2227.6923076923076,1211.776533385552,28960.0
