TimeMin,TimeMax,TimeAvg,TimeStdev,TimeTotal
640.0,3400.0,1352.7272727272727,727.5999263967542,14880.0
