SentiMin,SentiMax,SentiAvg,SentiStdev,Senti0-0.20,Senti0.21-0.40,Senti0.41-0.60,Senti0.61-0.80,Senti0.81-1.00,SentiTotal
5.4432243920302966E-5,0.9192215372869482,0.21828276545172057,0.3040471216687681,5.0,1.0,1.0,0.0,1.0,1.7030428938303468E-11