TraitMin,TraitMax,TraitAvg,TraitStdev,TraitTotal
307.6923076923077,1630.0,628.81327006327,433.4044600026248,478.51851851851853
