SentiMin,SentiMax,SentiAvg,SentiStdev,Senti0-0.20,Senti0.21-0.40,Senti0.41-0.60,Senti0.61-0.80,Senti0.81-1.00,SentiTotal
0.0018571742177927648,0.6274708568440207,0.3228741719786502,0.18262357111324376,3.0,5.0,1.0,1.0,0.0,3.785896397243074E-6