SentiMin,SentiMax,SentiAvg,SentiStdev,Senti0-0.20,Senti0.21-0.40,Senti0.41-0.60,Senti0.61-0.80,Senti0.81-1.00,SentiTotal
7.332068166112861E-5,0.6688127329475976,0.2060314580061334,0.22449368480046467,3.0,2.0,0.0,1.0,0.0,2.658632477260324E-8