SentiMin,SentiMax,SentiAvg,SentiStdev,Senti0-0.20,Senti0.21-0.40,Senti0.41-0.60,Senti0.61-0.80,Senti0.81-1.00,SentiTotal
9.999785929293182E-5,0.49789225920557484,0.2413736654644684,0.17510756881835957,2.0,3.0,1.0,0.0,0.0,3.701542637000842E-7