TraitMin,TraitMax,TraitAvg,TraitStdev,TraitTotal
144.0,502.22222222222223,348.2986111111111,132.61841010466185,368.94736842105266
