TraitMin,TraitMax,TraitAvg,TraitStdev,TraitTotal
320.0,1120.0,646.8831168831168,264.05628383398596,551.1111111111111
