TimeMin,TimeMax,TimeAvg,TimeStdev,TimeTotal
1240.0,18880.0,6693.333333333333,6167.772873754531,40160.0
