SentiMin,SentiMax,SentiAvg,SentiStdev,Senti0-0.20,Senti0.21-0.40,Senti0.41-0.60,Senti0.61-0.80,Senti0.81-1.00,SentiTotal
5.661433658162498E-6,0.8481587961906272,0.22672324172935748,0.29765624215930303,5.0,1.0,1.0,0.0,1.0,1.0331179445508187E-15