SentiMin,SentiMax,SentiAvg,SentiStdev,Senti0-0.20,Senti0.21-0.40,Senti0.41-0.60,Senti0.61-0.80,Senti0.81-1.00,SentiTotal
0.0054809245366678775,0.49789225920557484,0.300819904769642,0.13265463124225987,2.0,7.0,2.0,0.0,0.0,3.5371872551791414E-6