TraitMin,TraitMax,TraitAvg,TraitStdev,TraitTotal
494.7368421052632,1320.0,864.6783625730994,280.791627912592,595.3846153846154
