TraitMin,TraitMax,TraitAvg,TraitStdev,TraitTotal
293.3333333333333,1000.0,613.3333333333334,278.15720118563996,486.3157894736842
