TraitMin,TraitMax,TraitAvg,TraitStdev,TraitTotal
386.6666666666667,1200.0,593.3333333333334,231.72994073295484,523.2
