TraitMin,TraitMax,TraitAvg,TraitStdev,TraitTotal
146.66666666666666,1000.0,408.0,205.58887694811295,360.655737704918
