SentiMin,SentiMax,SentiAvg,SentiStdev,Senti0-0.20,Senti0.21-0.40,Senti0.41-0.60,Senti0.61-0.80,Senti0.81-1.00,SentiTotal
0.0038754039652649473,0.9961799733684621,0.2384937819314885,0.3392848962475132,9.0,2.0,0.0,0.0,2.0,8.461573109925979E-12