SentiMin,SentiMax,SentiAvg,SentiStdev,Senti0-0.20,Senti0.21-0.40,Senti0.41-0.60,Senti0.61-0.80,Senti0.81-1.00,SentiTotal
0.0011569404935224772,0.4775216348363286,0.18508843812269454,0.1466192268972564,3.0,3.0,1.0,0.0,0.0,2.552778529042445E-8