TraitMin,TraitMax,TraitAvg,TraitStdev,TraitTotal
256.0,1080.0,472.9107744107744,263.0430675240609,371.25
