TraitMin,TraitMax,TraitAvg,TraitStdev,TraitTotal
256.0,460.0,374.96296296296293,69.13869482485946,376.55172413793105
