TraitMin,TraitMax,TraitAvg,TraitStdev,TraitTotal
272.0,660.0,496.7083333333333,112.82366249791949,484.2857142857143
