TraitMin,TraitMax,TraitAvg,TraitStdev,TraitTotal
300.0,640.0,512.0,114.96086290559931,436.9230769230769
