TimeMin,TimeMax,TimeAvg,TimeStdev,TimeTotal
360.0,3800.0,1692.3076923076924,841.4470488953386,22000.0
