TimeMin,TimeMax,TimeAvg,TimeStdev,TimeTotal
1160.0,2200.0,1453.3333333333333,337.83625224853137,13080.0
