TraitMin,TraitMax,TraitAvg,TraitStdev,TraitTotal
264.61538461538464,1000.0,766.3247863247863,331.061510919014,422.0
