SentiMin,SentiMax,SentiAvg,SentiStdev,Senti0-0.20,Senti0.21-0.40,Senti0.41-0.60,Senti0.61-0.80,Senti0.81-1.00,SentiTotal
0.0148756403067758,0.9890886024323492,0.3753551692988684,0.2506063545493011,2.0,5.0,4.0,0.0,1.0,4.681690328369194E-4