TraitMin,TraitMax,TraitAvg,TraitStdev,TraitTotal
260.0,626.6666666666666,425.9259259259259,151.70182290500773,422.85714285714283
