SentiMin,SentiMax,SentiAvg,SentiStdev,Senti0-0.20,Senti0.21-0.40,Senti0.41-0.60,Senti0.61-0.80,Senti0.81-1.00,SentiTotal
4.413191662457527E-6,0.33697404783957957,0.20230582716095444,0.10017064936346949,1.0,5.0,0.0,0.0,0.0,4.823651032713884E-9