TraitMin,TraitMax,TraitAvg,TraitStdev,TraitTotal
250.0,2020.0,761.7222222222222,458.77780132396805,621.6666666666666
