SentiMin,SentiMax,SentiAvg,SentiStdev,Senti0-0.20,Senti0.21-0.40,Senti0.41-0.60,Senti0.61-0.80,Senti0.81-1.00,SentiTotal
0.0015150541403407907,0.9512716494329235,0.4017521860074173,0.40184848592645833,1.0,1.0,0.0,0.0,1.0,0.010072029129347012