TraitMin,TraitMax,TraitAvg,TraitStdev,TraitTotal
368.8888888888889,449.2307692307692,401.5954415954416,34.4563073555749,410.0
