TimeMin,TimeMax,TimeAvg,TimeStdev,TimeTotal
2320.0,5840.0,3826.6666666666665,1481.0206690732653,11480.0
