SentiMin,SentiMax,SentiAvg,SentiStdev,Senti0-0.20,Senti0.21-0.40,Senti0.41-0.60,Senti0.61-0.80,Senti0.81-1.00,SentiTotal
0.003430316966421579,0.7440786448968312,0.38897810429152263,0.23582196867978228,3.0,3.0,4.0,2.0,0.0,5.064689021825268E-6