TimeMin,TimeMax,TimeAvg,TimeStdev,TimeTotal
680.0,4040.0,1243.3333333333333,876.8821028064276,14920.0
