SentiMin,SentiMax,SentiAvg,SentiStdev,Senti0-0.20,Senti0.21-0.40,Senti0.41-0.60,Senti0.61-0.80,Senti0.81-1.00,SentiTotal
0.020655542769344483,0.27040599589858644,0.18287829775994421,0.11482838164888591,1.0,2.0,0.0,0.0,0.0,0.0027504927355819684