TraitMin,TraitMax,TraitAvg,TraitStdev,TraitTotal
182.22222222222223,840.0,567.2685185185186,205.27677019916774,472.3809523809524
