SentiMin,SentiMax,SentiAvg,SentiStdev,Senti0-0.20,Senti0.21-0.40,Senti0.41-0.60,Senti0.61-0.80,Senti0.81-1.00,SentiTotal
0.050302542474313365,0.5755436691302463,0.2812626714779462,0.19723147217296497,4.0,2.0,3.0,0.0,0.0,1.889659058454634E-5