TimeMin,TimeMax,TimeAvg,TimeStdev,TimeTotal
680.0,4720.0,1653.3333333333333,1128.1055900146148,19840.0
