TimeMin,TimeMax,TimeAvg,TimeStdev,TimeTotal
920.0,7040.0,2426.6666666666665,1850.0210209015945,21840.0
