SentiMin,SentiMax,SentiAvg,SentiStdev,Senti0-0.20,Senti0.21-0.40,Senti0.41-0.60,Senti0.61-0.80,Senti0.81-1.00,SentiTotal
0.05329532495802117,0.5159436667231726,0.2721053051720082,0.1870760257409366,4.0,1.0,3.0,0.0,0.0,4.325032367018669E-5