SentiMin,SentiMax,SentiAvg,SentiStdev,Senti0-0.20,Senti0.21-0.40,Senti0.41-0.60,Senti0.61-0.80,Senti0.81-1.00,SentiTotal
1.8422386036309946E-4,0.6265076294183111,0.25231358482729854,0.240894031103077,10.0,2.0,3.0,3.0,0.0,3.2662289253129987E-21