TraitMin,TraitMax,TraitAvg,TraitStdev,TraitTotal
257.77777777777777,700.0,442.22222222222223,136.18252095017803,390.7692307692308
