SentiMin,SentiMax,SentiAvg,SentiStdev,Senti0-0.20,Senti0.21-0.40,Senti0.41-0.60,Senti0.61-0.80,Senti0.81-1.00,SentiTotal
0.010895808514806822,0.5159436667231726,0.1492054645632664,0.1616284593356972,6.0,2.0,1.0,0.0,0.0,1.204530518797314E-10