TraitMin,TraitMax,TraitAvg,TraitStdev,TraitTotal
192.72727272727272,466.6666666666667,314.97902097902096,64.38490531403421,298.61386138613864
