SentiMin,SentiMax,SentiAvg,SentiStdev,Senti0-0.20,Senti0.21-0.40,Senti0.41-0.60,Senti0.61-0.80,Senti0.81-1.00,SentiTotal
5.879058663333084E-4,0.6258059830673762,0.2284431493718201,0.21803909370504376,7.0,1.0,4.0,1.0,0.0,2.829189076344122E-15