TimeMin,TimeMax,TimeAvg,TimeStdev,TimeTotal
1000.0,5640.0,3389.090909090909,1780.7120871129287,37280.0
