TraitMin,TraitMax,TraitAvg,TraitStdev,TraitTotal
163.33333333333334,1000.0,395.9781545209177,199.15137820481053,304.42105263157896
