TraitMin,TraitMax,TraitAvg,TraitStdev,TraitTotal
200.0,640.0,362.4761904761905,151.3784058863994,286.8421052631579
