TimeMin,TimeMax,TimeAvg,TimeStdev,TimeTotal
600.0,5560.0,1781.3333333333333,1147.7390334430945,26720.0
