SentiMin,SentiMax,SentiAvg,SentiStdev,Senti0-0.20,Senti0.21-0.40,Senti0.41-0.60,Senti0.61-0.80,Senti0.81-1.00,SentiTotal
3.6034697846945495E-7,0.7177064474353367,0.23375852172374195,0.25636856677302944,6.0,1.0,2.0,1.0,0.0,1.1473317992683082E-17