SentiMin,SentiMax,SentiAvg,SentiStdev,Senti0-0.20,Senti0.21-0.40,Senti0.41-0.60,Senti0.61-0.80,Senti0.81-1.00,SentiTotal
2.7176996341768744E-5,0.595155460775402,0.1054426664650953,0.19104606730872187,8.0,1.0,1.0,0.0,0.0,4.676880707339268E-21