TraitMin,TraitMax,TraitAvg,TraitStdev,TraitTotal
186.66666666666666,1600.0,404.36423054070116,347.7993265537035,297.9020979020979
