TimeMin,TimeMax,TimeAvg,TimeStdev,TimeTotal
320.0,3880.0,1191.111111111111,1096.7066299146575,10720.0
