TraitMin,TraitMax,TraitAvg,TraitStdev,TraitTotal
111.11111111111111,413.3333333333333,317.43617493617495,89.06487128635749,324.17391304347825
