TraitMin,TraitMax,TraitAvg,TraitStdev,TraitTotal
93.33333333333333,560.0,274.3001443001443,127.93486733783794,241.29032258064515
