SentiMin,SentiMax,SentiAvg,SentiStdev,Senti0-0.20,Senti0.21-0.40,Senti0.41-0.60,Senti0.61-0.80,Senti0.81-1.00,SentiTotal
5.908648883677108E-5,0.9554163626021448,0.26155189076694035,0.2673180738593551,8.0,3.0,3.0,0.0,1.0,1.1206473798960508E-14