SentiMin,SentiMax,SentiAvg,SentiStdev,Senti0-0.20,Senti0.21-0.40,Senti0.41-0.60,Senti0.61-0.80,Senti0.81-1.00,SentiTotal
8.433346884239763E-4,0.7984437392506931,0.2119542829053068,0.2541364623439437,9.0,1.0,3.0,1.0,0.0,1.0644508341776277E-16