TraitMin,TraitMax,TraitAvg,TraitStdev,TraitTotal
136.0,1160.0,414.79861111111114,283.24966416777517,306.50602409638554
