TraitMin,TraitMax,TraitAvg,TraitStdev,TraitTotal
200.0,440.0,324.5425842131725,76.0192142671667,305.45454545454544
