TimeMin,TimeMax,TimeAvg,TimeStdev,TimeTotal
640.0,7520.0,3042.8571428571427,2006.1314177556071,42600.0
