TimeMin,TimeMax,TimeAvg,TimeStdev,TimeTotal
520.0,4320.0,1962.2222222222222,1312.4682241891317,35320.0
