SentiMin,SentiMax,SentiAvg,SentiStdev,Senti0-0.20,Senti0.21-0.40,Senti0.41-0.60,Senti0.61-0.80,Senti0.81-1.00,SentiTotal
0.0010201060055922914,0.78291140448387,0.25471618768449084,0.2390979371351994,3.0,4.0,0.0,1.0,0.0,1.2656952610537416E-8