SentiMin,SentiMax,SentiAvg,SentiStdev,Senti0-0.20,Senti0.21-0.40,Senti0.41-0.60,Senti0.61-0.80,Senti0.81-1.00,SentiTotal
2.0533263041695927E-4,0.9983864964569151,0.3967588716419653,0.32316981923636684,6.0,3.0,4.0,0.0,3.0,4.797797073313516E-6