SentiMin,SentiMax,SentiAvg,SentiStdev,Senti0-0.20,Senti0.21-0.40,Senti0.41-0.60,Senti0.61-0.80,Senti0.81-1.00,SentiTotal
8.473423078269056E-5,0.20943830213492487,0.046501955097609265,0.0667864281648007,10.0,1.0,0.0,0.0,0.0,3.9809614816262465E-26