SentiMin,SentiMax,SentiAvg,SentiStdev,Senti0-0.20,Senti0.21-0.40,Senti0.41-0.60,Senti0.61-0.80,Senti0.81-1.00,SentiTotal
4.2279200871673054E-6,0.998425661970233,0.390252327128128,0.3161924059553933,3.0,2.0,1.0,2.0,1.0,4.724833667189891E-7