SentiMin,SentiMax,SentiAvg,SentiStdev,Senti0-0.20,Senti0.21-0.40,Senti0.41-0.60,Senti0.61-0.80,Senti0.81-1.00,SentiTotal
1.6476874443191657E-6,0.49789225920557484,0.18826433902456477,0.2144244467322841,3.0,1.0,1.0,0.0,0.0,1.1501677810352765E-11