TimeMin,TimeMax,TimeAvg,TimeStdev,TimeTotal
1000.0,8920.0,2542.8571428571427,2693.132611904977,17800.0
