TraitMin,TraitMax,TraitAvg,TraitStdev,TraitTotal
297.14285714285717,1080.0,621.2698412698413,333.4714755323177,448.69565217391306
