TraitMin,TraitMax,TraitAvg,TraitStdev,TraitTotal
170.9090909090909,2240.0,972.4664031620554,784.4098436361932,699.5555555555555
