SentiMin,SentiMax,SentiAvg,SentiStdev,Senti0-0.20,Senti0.21-0.40,Senti0.41-0.60,Senti0.61-0.80,Senti0.81-1.00,SentiTotal
0.0035691158070706116,0.6357489289948075,0.30408291811411,0.23622779355172327,4.0,2.0,3.0,1.0,0.0,2.181684256300646E-7