TraitMin,TraitMax,TraitAvg,TraitStdev,TraitTotal
697.1428571428571,1408.0,1052.5714285714284,355.42857142857144,993.3333333333334
