SentiMin,SentiMax,SentiAvg,SentiStdev,Senti0-0.20,Senti0.21-0.40,Senti0.41-0.60,Senti0.61-0.80,Senti0.81-1.00,SentiTotal
5.483989941569823E-7,0.49789225920557484,0.1871100075477857,0.18419258817744041,4.0,2.0,1.0,0.0,0.0,1.2322063391070746E-12