TimeMin,TimeMax,TimeAvg,TimeStdev,TimeTotal
1000.0,10960.0,3582.8571428571427,3249.745986933723,25080.0
