TraitMin,TraitMax,TraitAvg,TraitStdev,TraitTotal
346.6666666666667,1840.0,917.5,547.4048623581392,820.8
