SentiMin,SentiMax,SentiAvg,SentiStdev,Senti0-0.20,Senti0.21-0.40,Senti0.41-0.60,Senti0.61-0.80,Senti0.81-1.00,SentiTotal
0.008631089141877265,0.43796879524747484,0.22619509168274918,0.13544914061505897,2.0,4.0,2.0,0.0,0.0,6.054901289823481E-7