SentiMin,SentiMax,SentiAvg,SentiStdev,Senti0-0.20,Senti0.21-0.40,Senti0.41-0.60,Senti0.61-0.80,Senti0.81-1.00,SentiTotal
1.6332769801278514E-5,0.43796879524747484,0.10952279498684382,0.18962838825529826,3.0,0.0,1.0,0.0,0.0,2.6816271076599677E-14