SentiMin,SentiMax,SentiAvg,SentiStdev,Senti0-0.20,Senti0.21-0.40,Senti0.41-0.60,Senti0.61-0.80,Senti0.81-1.00,SentiTotal
9.237200831982825E-6,0.49789225920557484,0.21518914599486177,0.23166222087600263,3.0,0.0,2.0,0.0,0.0,1.1979701359994083E-8