TraitMin,TraitMax,TraitAvg,TraitStdev,TraitTotal
291.42857142857144,556.3636363636364,423.8961038961039,132.46753246753246,453.3333333333333
