TimeMin,TimeMax,TimeAvg,TimeStdev,TimeTotal
760.0,6840.0,3133.3333333333335,2170.7551169530334,28200.0
