SentiMin,SentiMax,SentiAvg,SentiStdev,Senti0-0.20,Senti0.21-0.40,Senti0.41-0.60,Senti0.61-0.80,Senti0.81-1.00,SentiTotal
8.397550421779235E-7,0.8983147309833872,0.34604613488191266,0.36788567459116606,2.0,0.0,1.0,0.0,1.0,1.6424800442089667E-7