SentiMin,SentiMax,SentiAvg,SentiStdev,Senti0-0.20,Senti0.21-0.40,Senti0.41-0.60,Senti0.61-0.80,Senti0.81-1.00,SentiTotal
0.005703952409330665,0.9607173480953023,0.3272797651191034,0.44792556621250845,2.0,0.0,0.0,0.0,1.0,0.002229383651642127