TraitMin,TraitMax,TraitAvg,TraitStdev,TraitTotal
264.0,1960.0,954.9444444444445,579.3300915180149,637.3333333333334
