TraitMin,TraitMax,TraitAvg,TraitStdev,TraitTotal
287.27272727272725,1633.3333333333333,984.121212121212,426.10576078665486,798.0
