TraitMin,TraitMax,TraitAvg,TraitStdev,TraitTotal
208.0,1000.0,439.0833333333333,240.711200288737,354.7826086956522
