TraitMin,TraitMax,TraitAvg,TraitStdev,TraitTotal
190.76923076923077,1240.0,693.7637362637363,488.2275325149282,334.468085106383
