TraitMin,TraitMax,TraitAvg,TraitStdev,TraitTotal
301.1764705882353,400.0,360.5718954248366,38.852000272276726,360.0
