TraitMin,TraitMax,TraitAvg,TraitStdev,TraitTotal
253.33333333333334,1000.0,600.1120448179272,335.5441165297546,358.75
