TimeMin,TimeMax,TimeAvg,TimeStdev,TimeTotal
1000.0,38400.0,8074.285714285715,12475.75804412342,56520.0
