SentiMin,SentiMax,SentiAvg,SentiStdev,Senti0-0.20,Senti0.21-0.40,Senti0.41-0.60,Senti0.61-0.80,Senti0.81-1.00,SentiTotal
9.332005824669616E-4,0.551077815994506,0.3149839961881949,0.1958605363299176,2.0,3.0,3.0,0.0,0.0,3.026625481319203E-6