SentiMin,SentiMax,SentiAvg,SentiStdev,Senti0-0.20,Senti0.21-0.40,Senti0.41-0.60,Senti0.61-0.80,Senti0.81-1.00,SentiTotal
1.4033488182996686E-8,0.49789225920557484,0.2182653972303324,0.21243813734164968,4.0,1.0,2.0,0.0,0.0,1.1258574307097153E-15