SentiMin,SentiMax,SentiAvg,SentiStdev,Senti0-0.20,Senti0.21-0.40,Senti0.41-0.60,Senti0.61-0.80,Senti0.81-1.00,SentiTotal
5.384847127281365E-4,0.49789225920557484,0.2774611174140376,0.1413340260513357,2.0,5.0,2.0,0.0,0.0,6.716718143773017E-7