TraitMin,TraitMax,TraitAvg,TraitStdev,TraitTotal
168.0,2173.3333333333335,696.9333333333334,562.1353099269488,480.81632653061223
