SentiMin,SentiMax,SentiAvg,SentiStdev,Senti0-0.20,Senti0.21-0.40,Senti0.41-0.60,Senti0.61-0.80,Senti0.81-1.00,SentiTotal
0.017835585299000565,0.515876481315953,0.21488906653254128,0.13154512618060038,5.0,3.0,1.0,0.0,0.0,2.3222382512838097E-7