TraitMin,TraitMax,TraitAvg,TraitStdev,TraitTotal
253.33333333333334,1710.0,763.8888888888889,437.77777777777777,705.0
