SentiMin,SentiMax,SentiAvg,SentiStdev,Senti0-0.20,Senti0.21-0.40,Senti0.41-0.60,Senti0.61-0.80,Senti0.81-1.00,SentiTotal
8.00914616891192E-7,0.002369782836226435,0.0011871812858237623,8.527147622130166E-4,4.0,0.0,0.0,0.0,0.0,8.875955997233517E-16