TraitMin,TraitMax,TraitAvg,TraitStdev,TraitTotal
176.0,2490.0,818.5,696.3869254947281,730.6666666666666
