SentiMin,SentiMax,SentiAvg,SentiStdev,Senti0-0.20,Senti0.21-0.40,Senti0.41-0.60,Senti0.61-0.80,Senti0.81-1.00,SentiTotal
0.011131069995698158,0.7897832843672765,0.2720765852720382,0.24100415723467694,4.0,2.0,1.0,1.0,0.0,3.2120027051391958E-6