TimeMin,TimeMax,TimeAvg,TimeStdev,TimeTotal
1000.0,6520.0,2506.6666666666665,1587.6187619618674,22560.0
