TraitMin,TraitMax,TraitAvg,TraitStdev,TraitTotal
301.8181818181818,1840.0,815.4718614718614,433.72036394151695,609.7297297297297
