SentiMin,SentiMax,SentiAvg,SentiStdev,Senti0-0.20,Senti0.21-0.40,Senti0.41-0.60,Senti0.61-0.80,Senti0.81-1.00,SentiTotal
8.531827771113444E-4,0.5755436691302463,0.17277716298842713,0.2180108463325829,5.0,1.0,2.0,0.0,0.0,9.389932204254926E-12