TraitMin,TraitMax,TraitAvg,TraitStdev,TraitTotal
280.0,1920.0,885.7904761904762,572.0393129854863,618.75
