SentiMin,SentiMax,SentiAvg,SentiStdev,Senti0-0.20,Senti0.21-0.40,Senti0.41-0.60,Senti0.61-0.80,Senti0.81-1.00,SentiTotal
0.02288007184474401,0.5425813081463245,0.24940186158524097,0.19668682381907135,4.0,2.0,2.0,0.0,0.0,4.29601251089071E-6