SentiMin,SentiMax,SentiAvg,SentiStdev,Senti0-0.20,Senti0.21-0.40,Senti0.41-0.60,Senti0.61-0.80,Senti0.81-1.00,SentiTotal
0.0013162938606696162,0.5296600223699609,0.31627555048912587,0.17912134234153465,4.0,3.0,5.0,0.0,0.0,3.6901756459558884E-7