TimeMin,TimeMax,TimeAvg,TimeStdev,TimeTotal
760.0,9720.0,2597.3333333333335,2272.8292696304507,38960.0
