TraitMin,TraitMax,TraitAvg,TraitStdev,TraitTotal
170.9090909090909,320.0,228.89610389610388,51.627452260907354,212.97297297297297
