TraitMin,TraitMax,TraitAvg,TraitStdev,TraitTotal
208.0,465.0,295.1468253968254,76.25798482823282,271.219512195122
