TraitMin,TraitMax,TraitAvg,TraitStdev,TraitTotal
215.0,1000.0,375.7179487179487,241.35037198282203,304.53333333333336
