TimeMin,TimeMax,TimeAvg,TimeStdev,TimeTotal
840.0,5120.0,2433.846153846154,1314.0515062000977,31640.0
