TimeMin,TimeMax,TimeAvg,TimeStdev,TimeTotal
350.0,3160.0,1483.3333333333333,829.1360965888932,13350.0
