TraitMin,TraitMax,TraitAvg,TraitStdev,TraitTotal
188.57142857142858,800.0,364.757326007326,203.47426920813118,296.81159420289856
