SentiMin,SentiMax,SentiAvg,SentiStdev,Senti0-0.20,Senti0.21-0.40,Senti0.41-0.60,Senti0.61-0.80,Senti0.81-1.00,SentiTotal
0.12066407274581296,0.56464801274641,0.41615092261079845,0.1568433439026868,1.0,1.0,3.0,0.0,0.0,0.10753824259951114