TraitMin,TraitMax,TraitAvg,TraitStdev,TraitTotal
175.0,560.0,277.8881920548587,91.86193263999851,261.28205128205127
