SentiMin,SentiMax,SentiAvg,SentiStdev,Senti0-0.20,Senti0.21-0.40,Senti0.41-0.60,Senti0.61-0.80,Senti0.81-1.00,SentiTotal
0.011641060665909038,0.49789225920557484,0.2169949027471581,0.19098861850966134,5.0,1.0,3.0,0.0,0.0,3.4884936704317554E-8