TimeMin,TimeMax,TimeAvg,TimeStdev,TimeTotal
720.0,4520.0,2106.6666666666665,1273.8742306662598,18960.0
