TraitMin,TraitMax,TraitAvg,TraitStdev,TraitTotal
244.0,720.0,374.1693121693122,139.6884542599006,326.8965517241379
