TraitMin,TraitMax,TraitAvg,TraitStdev,TraitTotal
148.57142857142858,365.7142857142857,253.23928208543595,63.798074113503056,251.11111111111111
