TimeMin,TimeMax,TimeAvg,TimeStdev,TimeTotal
1000.0,5200.0,2382.8571428571427,1256.4543569188688,33360.0
