TraitMin,TraitMax,TraitAvg,TraitStdev,TraitTotal
191.11111111111111,920.0,395.1044313100041,203.47244532342378,347.85714285714283
