SentiMin,SentiMax,SentiAvg,SentiStdev,Senti0-0.20,Senti0.21-0.40,Senti0.41-0.60,Senti0.61-0.80,Senti0.81-1.00,SentiTotal
1.0605271187424952E-4,0.3939334937029284,0.1801748122464686,0.13958805036091967,6.0,8.0,0.0,0.0,0.0,6.966904231195908E-16