TraitMin,TraitMax,TraitAvg,TraitStdev,TraitTotal
200.0,640.0,365.1111111111111,150.71451223266743,313.1034482758621
