SentiMin,SentiMax,SentiAvg,SentiStdev,Senti0-0.20,Senti0.21-0.40,Senti0.41-0.60,Senti0.61-0.80,Senti0.81-1.00,SentiTotal
0.0016850831368320925,0.49789225920557484,0.12317269684600612,0.15553084123691718,6.0,1.0,1.0,0.0,0.0,1.2611111684634428E-10