SentiMin,SentiMax,SentiAvg,SentiStdev,Senti0-0.20,Senti0.21-0.40,Senti0.41-0.60,Senti0.61-0.80,Senti0.81-1.00,SentiTotal
0.005693264356217637,0.5136446707795853,0.2433123339959557,0.17905505472505012,4.0,2.0,2.0,0.0,0.0,5.601648239920335E-7