TraitMin,TraitMax,TraitAvg,TraitStdev,TraitTotal
184.6153846153846,400.0,296.56540989874327,63.29136825702492,278.35616438356163
