SentiMin,SentiMax,SentiAvg,SentiStdev,Senti0-0.20,Senti0.21-0.40,Senti0.41-0.60,Senti0.61-0.80,Senti0.81-1.00,SentiTotal
0.013919303780393646,0.9631579619803796,0.22616329743519895,0.2656404338076351,8.0,2.0,2.0,0.0,1.0,5.5264964505891864E-11