TimeMin,TimeMax,TimeAvg,TimeStdev,TimeTotal
600.0,3440.0,1406.6666666666667,759.2686539617507,16880.0
