TraitMin,TraitMax,TraitAvg,TraitStdev,TraitTotal
50.0,920.0,436.2345679012345,255.2910302686917,317.85714285714283
