SentiMin,SentiMax,SentiAvg,SentiStdev,Senti0-0.20,Senti0.21-0.40,Senti0.41-0.60,Senti0.61-0.80,Senti0.81-1.00,SentiTotal
0.012389406578829356,0.49789225920557484,0.24913377619013194,0.16488730656697967,7.0,5.0,3.0,0.0,0.0,3.996638056263193E-10