TimeMin,TimeMax,TimeAvg,TimeStdev,TimeTotal
840.0,4720.0,2264.4444444444443,1047.5910049156812,40760.0
