TraitMin,TraitMax,TraitAvg,TraitStdev,TraitTotal
174.28571428571428,720.0,309.63864468864466,143.51012970070005,262.9126213592233
