TraitMin,TraitMax,TraitAvg,TraitStdev,TraitTotal
224.6153846153846,573.3333333333334,342.9321985204338,99.76870556819274,327.2289156626506
