TimeMin,TimeMax,TimeAvg,TimeStdev,TimeTotal
520.0,2240.0,1186.5555555555557,552.8728226497404,21358.0
