SentiMin,SentiMax,SentiAvg,SentiStdev,Senti0-0.20,Senti0.21-0.40,Senti0.41-0.60,Senti0.61-0.80,Senti0.81-1.00,SentiTotal
0.02504881510368458,0.5606158907468071,0.36865419238621155,0.18860157829400062,3.0,2.0,6.0,0.0,0.0,1.0354447765078635E-4