TraitMin,TraitMax,TraitAvg,TraitStdev,TraitTotal
240.0,1560.0,555.4834054834055,357.8365132536547,428.3076923076923
