TraitMin,TraitMax,TraitAvg,TraitStdev,TraitTotal
180.0,660.0,371.0683760683761,136.96963889209422,333.6842105263158
