TimeMin,TimeMax,TimeAvg,TimeStdev,TimeTotal
600.0,5040.0,1690.6666666666667,1114.220006202645,25360.0
