TimeMin,TimeMax,TimeAvg,TimeStdev,TimeTotal
440.0,2640.0,1631.111111111111,772.3620976436787,14680.0
