TraitMin,TraitMax,TraitAvg,TraitStdev,TraitTotal
180.0,496.0,311.833918128655,90.1746210625785,288.39506172839504
