TraitMin,TraitMax,TraitAvg,TraitStdev,TraitTotal
222.22222222222223,880.0,461.4885361552028,170.47489182302493,355.96666666666664
