TimeMin,TimeMax,TimeAvg,TimeStdev,TimeTotal
440.0,3760.0,1851.4285714285713,878.3658296019063,25920.0
