SentiMin,SentiMax,SentiAvg,SentiStdev,Senti0-0.20,Senti0.21-0.40,Senti0.41-0.60,Senti0.61-0.80,Senti0.81-1.00,SentiTotal
0.0015642807963925337,0.49789225920557484,0.3208892910250248,0.16629384060176594,2.0,5.0,3.0,0.0,0.0,3.441101678354378E-6