TraitMin,TraitMax,TraitAvg,TraitStdev,TraitTotal
214.54545454545453,760.0,400.9686662543805,174.78887024476282,341.05263157894734
