SentiMin,SentiMax,SentiAvg,SentiStdev,Senti0-0.20,Senti0.21-0.40,Senti0.41-0.60,Senti0.61-0.80,Senti0.81-1.00,SentiTotal
0.004723634933825671,0.49789225920557484,0.3381116643375511,0.1634225407754882,2.0,4.0,3.0,0.0,0.0,6.557274641318381E-5