SentiMin,SentiMax,SentiAvg,SentiStdev,Senti0-0.20,Senti0.21-0.40,Senti0.41-0.60,Senti0.61-0.80,Senti0.81-1.00,SentiTotal
0.0027864180462700322,0.5318834537628724,0.2799748050388925,0.20028395819568923,5.0,5.0,6.0,0.0,0.0,6.79252123636483E-13