SentiMin,SentiMax,SentiAvg,SentiStdev,Senti0-0.20,Senti0.21-0.40,Senti0.41-0.60,Senti0.61-0.80,Senti0.81-1.00,SentiTotal
0.016835522753558027,0.5136446707795853,0.259333923740458,0.18027183000129077,4.0,4.0,3.0,0.0,0.0,1.354250332912329E-7