TraitMin,TraitMax,TraitAvg,TraitStdev,TraitTotal
150.0,760.0,340.27513227513225,171.71445559241434,266.90909090909093
