TraitMin,TraitMax,TraitAvg,TraitStdev,TraitTotal
224.0,600.0,354.5809884559884,104.02752899262097,312.64367816091954
