SentiMin,SentiMax,SentiAvg,SentiStdev,Senti0-0.20,Senti0.21-0.40,Senti0.41-0.60,Senti0.61-0.80,Senti0.81-1.00,SentiTotal
0.019437173414843287,0.5628056929000496,0.2965614685335611,0.20827124971679015,6.0,2.0,7.0,0.0,0.0,4.0502730273192826E-9