TraitMin,TraitMax,TraitAvg,TraitStdev,TraitTotal
192.0,466.6666666666667,323.0,130.67474464826358,255.23809523809524
