SentiMin,SentiMax,SentiAvg,SentiStdev,Senti0-0.20,Senti0.21-0.40,Senti0.41-0.60,Senti0.61-0.80,Senti0.81-1.00,SentiTotal
6.17724451946758E-5,0.4737554465528978,0.21054401601742345,0.21332310586993466,2.0,1.0,1.0,0.0,0.0,3.5662969202112186E-8