SentiMin,SentiMax,SentiAvg,SentiStdev,Senti0-0.20,Senti0.21-0.40,Senti0.41-0.60,Senti0.61-0.80,Senti0.81-1.00,SentiTotal
1.2195477730151407E-5,0.4171084832741637,0.19049617893536808,0.14537362734044587,5.0,3.0,1.0,0.0,0.0,3.0877716370773386E-12