TimeMin,TimeMax,TimeAvg,TimeStdev,TimeTotal
520.0,2840.0,1425.7142857142858,618.6819432784308,19960.0
