TraitMin,TraitMax,TraitAvg,TraitStdev,TraitTotal
225.0,600.0,344.9183673469388,113.5878258368898,324.0
