TraitMin,TraitMax,TraitAvg,TraitStdev,TraitTotal
244.44444444444446,600.0,379.6794584500467,90.49501301132173,339.3939393939394
