TimeMin,TimeMax,TimeAvg,TimeStdev,TimeTotal
680.0,3320.0,1722.857142857143,659.2574672791088,24120.0
