SentiMin,SentiMax,SentiAvg,SentiStdev,Senti0-0.20,Senti0.21-0.40,Senti0.41-0.60,Senti0.61-0.80,Senti0.81-1.00,SentiTotal
6.273323841088127E-4,0.3943151639691319,0.18779247714308625,0.13891301434652428,8.0,8.0,0.0,0.0,0.0,3.197454812428948E-17