SentiMin,SentiMax,SentiAvg,SentiStdev,Senti0-0.20,Senti0.21-0.40,Senti0.41-0.60,Senti0.61-0.80,Senti0.81-1.00,SentiTotal
0.006684232925809949,0.9041098809645616,0.28866007085084405,0.2524404742820871,5.0,3.0,0.0,0.0,1.0,8.278325221759778E-6