TraitMin,TraitMax,TraitAvg,TraitStdev,TraitTotal
205.0,760.0,481.25,188.9540839286977,353.5483870967742
