SentiMin,SentiMax,SentiAvg,SentiStdev,Senti0-0.20,Senti0.21-0.40,Senti0.41-0.60,Senti0.61-0.80,Senti0.81-1.00,SentiTotal
0.0012101418495196606,0.5558316929262065,0.3086314674993306,0.22379813823313557,2.0,2.0,2.0,0.0,0.0,6.004736816606934E-7