SentiMin,SentiMax,SentiAvg,SentiStdev,Senti0-0.20,Senti0.21-0.40,Senti0.41-0.60,Senti0.61-0.80,Senti0.81-1.00,SentiTotal
5.830301481731971E-4,0.46127768308170247,0.13721731685057728,0.16754708676771807,5.0,1.0,1.0,0.0,0.0,2.4490426317564124E-10