TraitMin,TraitMax,TraitAvg,TraitStdev,TraitTotal
264.0,613.3333333333334,395.22127255460583,119.62587738480333,355.6521739130435
