TraitMin,TraitMax,TraitAvg,TraitStdev,TraitTotal
185.0,840.0,367.0574102944345,140.0502965009587,318.44144144144144
