TraitMin,TraitMax,TraitAvg,TraitStdev,TraitTotal
184.0,1200.0,433.00891265597147,255.53932357597046,352.621359223301
