TraitMin,TraitMax,TraitAvg,TraitStdev,TraitTotal
216.0,640.0,396.7407407407407,144.00289587089694,308.69565217391306
