TimeMin,TimeMax,TimeAvg,TimeStdev,TimeTotal
880.0,4560.0,1817.7777777777778,1099.6744748412068,16360.0
