TimeMin,TimeMax,TimeAvg,TimeStdev,TimeTotal
760.0,4680.0,2079.235294117647,1265.8872512479034,35347.0
