SentiMin,SentiMax,SentiAvg,SentiStdev,Senti0-0.20,Senti0.21-0.40,Senti0.41-0.60,Senti0.61-0.80,Senti0.81-1.00,SentiTotal
0.004987381493587849,0.49789225920557484,0.18828707283650575,0.17876138654045723,9.0,3.0,2.0,0.0,0.0,1.7453286687177828E-13