TraitMin,TraitMax,TraitAvg,TraitStdev,TraitTotal
188.0,333.3333333333333,280.4444444444444,65.59433881022521,228.57142857142858
