TraitMin,TraitMax,TraitAvg,TraitStdev,TraitTotal
180.0,547.5,321.6041744085222,141.714047289779,260.96938775510205
