TraitMin,TraitMax,TraitAvg,TraitStdev,TraitTotal
245.0,712.0,466.46831955922863,134.5697986089758,452.44444444444446
