TraitMin,TraitMax,TraitAvg,TraitStdev,TraitTotal
237.5,1080.0,417.11011904761904,264.4819313796118,339.1025641025641
