TimeMin,TimeMax,TimeAvg,TimeStdev,TimeTotal
880.0,7640.0,2841.6666666666665,2356.1998594724046,25575.0
