TraitMin,TraitMax,TraitAvg,TraitStdev,TraitTotal
173.33333333333334,2440.0,562.2014652014652,589.4137138977748,381.2439024390244
