TraitMin,TraitMax,TraitAvg,TraitStdev,TraitTotal
166.66666666666666,1096.0,395.42335442335445,228.7130750494204,363.1046511627907
