TimeMin,TimeMax,TimeAvg,TimeStdev,TimeTotal
320.0,1880.0,1066.6666666666667,638.6096007908292,3200.0
