TimeMin,TimeMax,TimeAvg,TimeStdev,TimeTotal
672.0,4520.0,1645.909090909091,1068.3976493750267,18105.0
