TimeMin,TimeMax,TimeAvg,TimeStdev,TimeTotal
712.0,6840.0,2591.2727272727275,1897.7022034272293,28504.0
