TimeMin,TimeMax,TimeAvg,TimeStdev,TimeTotal
1600.0,5000.0,3177.1428571428573,1299.8210237865637,22240.0
