TraitMin,TraitMax,TraitAvg,TraitStdev,TraitTotal
208.0,500.0,337.7215007215007,100.25390747117991,316.0
