TimeMin,TimeMax,TimeAvg,TimeStdev,TimeTotal
480.0,7160.0,2402.076923076923,1843.736359492216,31227.0
