TraitMin,TraitMax,TraitAvg,TraitStdev,TraitTotal
207.61904761904762,1172.0,456.4761904761904,269.56122069147904,331.36
