TraitMin,TraitMax,TraitAvg,TraitStdev,TraitTotal
179.3846153846154,653.3333333333334,339.30144365438485,152.357815345079,325.82456140350877
