SentiMin,SentiMax,SentiAvg,SentiStdev,Senti0-0.20,Senti0.21-0.40,Senti0.41-0.60,Senti0.61-0.80,Senti0.81-1.00,SentiTotal
0.49789225920557484,0.9963569496030713,0.6352039301167618,0.20051130884745394,0.0,0.0,4.0,0.0,2.0,0.9992224354097704