TimeMin,TimeMax,TimeAvg,TimeStdev,TimeTotal
720.0,6920.0,2653.1428571428573,1938.1602048313337,18572.0
