TimeMin,TimeMax,TimeAvg,TimeStdev,TimeTotal
480.0,8720.0,2761.3333333333335,2097.7920668063257,33136.0
