SentiMin,SentiMax,SentiAvg,SentiStdev,Senti0-0.20,Senti0.21-0.40,Senti0.41-0.60,Senti0.61-0.80,Senti0.81-1.00,SentiTotal
0.08945398555791219,0.7264240096332016,0.4458447234020383,0.15805247389240862,2.0,1.0,9.0,1.0,0.0,0.025163596020655793