TimeMin,TimeMax,TimeAvg,TimeStdev,TimeTotal
320.0,9000.0,3122.8888888888887,3064.7462263780935,28106.0
