TraitMin,TraitMax,TraitAvg,TraitStdev,TraitTotal
193.33333333333334,1120.0,450.64718614718606,275.5927501347558,369.48979591836735
