TraitMin,TraitMax,TraitAvg,TraitStdev,TraitTotal
240.0,880.0,413.875,269.7360689173771,274.48275862068965
