TraitMin,TraitMax,TraitAvg,TraitStdev,TraitTotal
175.71428571428572,666.6666666666666,407.6989010989011,164.68890759042017,338.25742574257424
