TraitMin,TraitMax,TraitAvg,TraitStdev,TraitTotal
150.0,1063.6,478.72648809523815,304.7713570333318,417.44444444444446
