TraitMin,TraitMax,TraitAvg,TraitStdev,TraitTotal
160.0,1680.0,442.5486353550869,449.63074399843043,295.85263157894735
