TraitMin,TraitMax,TraitAvg,TraitStdev,TraitTotal
3.076923076923077,400.0,260.43956043956047,121.47721941103077,234.04255319148936
