SentiMin,SentiMax,SentiAvg,SentiStdev,Senti0-0.20,Senti0.21-0.40,Senti0.41-0.60,Senti0.61-0.80,Senti0.81-1.00,SentiTotal
0.34322267253793753,0.8232975942751998,0.5854876215170659,0.14577938385071873,0.0,2.0,5.0,4.0,2.0,0.9938642781247004