TimeMin,TimeMax,TimeAvg,TimeStdev,TimeTotal
40.0,4200.0,1154.4827586206898,1194.2263004134882,33480.0
