TraitMin,TraitMax,TraitAvg,TraitStdev,TraitTotal
172.30769230769232,500.0,276.97134238310707,117.80295290607948,226.9090909090909
