TimeMin,TimeMax,TimeAvg,TimeStdev,TimeTotal
400.0,8080.0,4098.461538461538,2370.2575197769484,53280.0
