TraitMin,TraitMax,TraitAvg,TraitStdev,TraitTotal
207.5,452.3076923076923,299.60615977160097,74.89037064069639,298.0487804878049
