SentiMin,SentiMax,SentiAvg,SentiStdev,Senti0-0.20,Senti0.21-0.40,Senti0.41-0.60,Senti0.61-0.80,Senti0.81-1.00,SentiTotal
0.34322267253793753,0.8002472815327033,0.5578375798077211,0.14433466888883914,0.0,2.0,4.0,3.0,1.0,0.933332168575833