TraitMin,TraitMax,TraitAvg,TraitStdev,TraitTotal
257.14285714285717,1000.0,478.2261904761905,209.26814318946936,420.38461538461536
