SentiMin,SentiMax,SentiAvg,SentiStdev,Senti0-0.20,Senti0.21-0.40,Senti0.41-0.60,Senti0.61-0.80,Senti0.81-1.00,SentiTotal
0.3725123196158991,0.6824837810859113,0.6013754575136689,0.10763361706651821,0.0,1.0,3.0,6.0,0.0,0.9870258321065423