TraitMin,TraitMax,TraitAvg,TraitStdev,TraitTotal
285.7142857142857,1080.0,489.9364400305577,245.0138819043123,374.0845070422535
