TraitMin,TraitMax,TraitAvg,TraitStdev,TraitTotal
40.0,500.0,183.0,184.52913049163809,127.05882352941177
