TraitMin,TraitMax,TraitAvg,TraitStdev,TraitTotal
50.0,650.0,418.82077922077923,192.83921809218984,460.8
