TraitMin,TraitMax,TraitAvg,TraitStdev,TraitTotal
70.0,454.54545454545456,268.6363636363636,183.94944059228578,325.2173913043478
