SentiMin,SentiMax,SentiAvg,SentiStdev,Senti0-0.20,Senti0.21-0.40,Senti0.41-0.60,Senti0.61-0.80,Senti0.81-1.00,SentiTotal
0.14389922552047418,0.8002472815327033,0.4704238276956624,0.13719422320267124,1.0,8.0,14.0,1.0,2.0,0.049320718461325144