TraitMin,TraitMax,TraitAvg,TraitStdev,TraitTotal
181.8181818181818,333.3333333333333,232.56876456876452,57.54339832237444,216.4102564102564
