TraitMin,TraitMax,TraitAvg,TraitStdev,TraitTotal
40.0,577.1428571428571,397.7146187146187,167.8844615336031,400.6015037593985
