TimeMin,TimeMax,TimeAvg,TimeStdev,TimeTotal
40.0,5000.0,1571.4285714285713,1549.298722200546,11000.0
