TraitMin,TraitMax,TraitAvg,TraitStdev,TraitTotal
3.076923076923077,1000.0,267.2000183724321,253.17006118894489,186.0
