TimeMin,TimeMax,TimeAvg,TimeStdev,TimeTotal
680.0,4720.0,1794.2857142857142,1261.6413022369727,25120.0
