SentiMin,SentiMax,SentiAvg,SentiStdev,Senti0-0.20,Senti0.21-0.40,Senti0.41-0.60,Senti0.61-0.80,Senti0.81-1.00,SentiTotal
2.179142120213594E-6,0.5628056929000496,0.2117864027898679,0.1989660026128905,8.0,2.0,3.0,0.0,0.0,5.962025624794927E-19