TimeMin,TimeMax,TimeAvg,TimeStdev,TimeTotal
760.0,8360.0,1901.5384615384614,1955.7955145348287,24720.0
