TimeMin,TimeMax,TimeAvg,TimeStdev,TimeTotal
520.0,1720.0,926.6666666666666,315.3128957436125,11120.0
