TraitMin,TraitMax,TraitAvg,TraitStdev,TraitTotal
280.0,840.0,473.1025641025641,156.2065276803144,432.5
