SentiMin,SentiMax,SentiAvg,SentiStdev,Senti0-0.20,Senti0.21-0.40,Senti0.41-0.60,Senti0.61-0.80,Senti0.81-1.00,SentiTotal
0.007190480702505338,0.5628056929000496,0.29155249526606625,0.14061909759896604,3.0,6.0,1.0,0.0,0.0,8.983922033308484E-6