TimeMin,TimeMax,TimeAvg,TimeStdev,TimeTotal
440.0,2760.0,1461.5384615384614,688.6536044937604,19000.0
