TraitMin,TraitMax,TraitAvg,TraitStdev,TraitTotal
165.71428571428572,760.0,384.5714285714286,215.2771983021972,270.0
