TraitMin,TraitMax,TraitAvg,TraitStdev,TraitTotal
133.33333333333334,760.0,330.3768453768454,153.16490168129104,271.42857142857144
