TraitMin,TraitMax,TraitAvg,TraitStdev,TraitTotal
224.6153846153846,1000.0,461.8934911242604,249.80241377111244,363.52941176470586
