TraitMin,TraitMax,TraitAvg,TraitStdev,TraitTotal
200.0,800.0,434.9206349206349,194.36830384849867,327.05882352941177
