SentiMin,SentiMax,SentiAvg,SentiStdev,Senti0-0.20,Senti0.21-0.40,Senti0.41-0.60,Senti0.61-0.80,Senti0.81-1.00,SentiTotal
7.331339947835432E-8,0.9119696790199737,0.16436555768511876,0.26568886457062696,10.0,1.0,1.0,0.0,1.0,1.6815283592232285E-25