TraitMin,TraitMax,TraitAvg,TraitStdev,TraitTotal
234.28571428571428,1000.0,457.4489795918367,226.60640014094622,353.80281690140845
