SentiMin,SentiMax,SentiAvg,SentiStdev,Senti0-0.20,Senti0.21-0.40,Senti0.41-0.60,Senti0.61-0.80,Senti0.81-1.00,SentiTotal
3.2430858300767543E-4,0.39697510199130176,0.18398023569905977,0.15514243515940088,5.0,5.0,0.0,0.0,0.0,8.5367530308907E-12