TimeMin,TimeMax,TimeAvg,TimeStdev,TimeTotal
520.0,3560.0,1876.3636363636363,943.4103775642219,20640.0
