SentiMin,SentiMax,SentiAvg,SentiStdev,Senti0-0.20,Senti0.21-0.40,Senti0.41-0.60,Senti0.61-0.80,Senti0.81-1.00,SentiTotal
1.4044532263845428E-4,0.7709233324943349,0.27163019840309177,0.27820011459612215,5.0,1.0,1.0,2.0,0.0,1.4550898781363566E-9