SentiMin,SentiMax,SentiAvg,SentiStdev,Senti0-0.20,Senti0.21-0.40,Senti0.41-0.60,Senti0.61-0.80,Senti0.81-1.00,SentiTotal
0.013919303780393646,0.8335923783720517,0.3682839388462719,0.2860070113628203,2.0,3.0,0.0,1.0,1.0,4.243764198188116E-4