SentiMin,SentiMax,SentiAvg,SentiStdev,Senti0-0.20,Senti0.21-0.40,Senti0.41-0.60,Senti0.61-0.80,Senti0.81-1.00,SentiTotal
0.026959568266908374,0.8727721211262076,0.29901392116190906,0.22853162667631952,4.0,4.0,3.0,0.0,1.0,1.0556431944594833E-6