TraitMin,TraitMax,TraitAvg,TraitStdev,TraitTotal
290.0,680.0,451.8968253968254,146.21467342788677,430.0
