SentiMin,SentiMax,SentiAvg,SentiStdev,Senti0-0.20,Senti0.21-0.40,Senti0.41-0.60,Senti0.61-0.80,Senti0.81-1.00,SentiTotal
0.0011577925239136498,0.5242825885162832,0.13320660208338866,0.22579267642455056,3.0,0.0,1.0,0.0,0.0,1.5047312783050093E-8