TraitMin,TraitMax,TraitAvg,TraitStdev,TraitTotal
205.33333333333334,720.0,465.6334776334777,173.83581415806844,355.86206896551727
