TraitMin,TraitMax,TraitAvg,TraitStdev,TraitTotal
246.66666666666666,251.42857142857142,249.04761904761904,2.3809523809523796,249.23076923076923
