TimeMin,TimeMax,TimeAvg,TimeStdev,TimeTotal
560.0,1680.0,1073.3333333333333,373.3928523984119,6440.0
