SentiMin,SentiMax,SentiAvg,SentiStdev,Senti0-0.20,Senti0.21-0.40,Senti0.41-0.60,Senti0.61-0.80,Senti0.81-1.00,SentiTotal
5.9317639257186866E-5,0.8833450544913645,0.34339369142264925,0.2276524984763579,4.0,6.0,4.0,1.0,1.0,3.750416515790949E-11