SentiMin,SentiMax,SentiAvg,SentiStdev,Senti0-0.20,Senti0.21-0.40,Senti0.41-0.60,Senti0.61-0.80,Senti0.81-1.00,SentiTotal
0.0024734403045170235,0.04331526035534638,0.0228943503299317,0.020420910025414678,2.0,0.0,0.0,0.0,0.0,1.1320390911842654E-4