SentiMin,SentiMax,SentiAvg,SentiStdev,Senti0-0.20,Senti0.21-0.40,Senti0.41-0.60,Senti0.61-0.80,Senti0.81-1.00,SentiTotal
4.127225367469834E-7,0.6323720940364075,0.20615438547801065,0.22758971832678082,9.0,2.0,3.0,1.0,0.0,1.0360072143641308E-30