SentiMin,SentiMax,SentiAvg,SentiStdev,Senti0-0.20,Senti0.21-0.40,Senti0.41-0.60,Senti0.61-0.80,Senti0.81-1.00,SentiTotal
0.03260491284540774,0.6603655590758859,0.29920024461619743,0.21708618418166753,4.0,3.0,2.0,1.0,0.0,6.375849254870171E-6