SentiMin,SentiMax,SentiAvg,SentiStdev,Senti0-0.20,Senti0.21-0.40,Senti0.41-0.60,Senti0.61-0.80,Senti0.81-1.00,SentiTotal
1.8918945691474544E-6,0.43796879524747484,0.24501404898345708,0.1592984010887941,6.0,8.0,4.0,0.0,0.0,1.1220977461355794E-21