TimeMin,TimeMax,TimeAvg,TimeStdev,TimeTotal
520.0,1920.0,1251.4285714285713,453.9171910453829,8760.0
