TimeMin,TimeMax,TimeAvg,TimeStdev,TimeTotal
680.0,3560.0,1724.4444444444443,851.9664979212779,15520.0
