TraitMin,TraitMax,TraitAvg,TraitStdev,TraitTotal
272.72727272727275,840.0,509.68849332485695,176.84802340935042,460.44444444444446
