SentiMin,SentiMax,SentiAvg,SentiStdev,Senti0-0.20,Senti0.21-0.40,Senti0.41-0.60,Senti0.61-0.80,Senti0.81-1.00,SentiTotal
0.04640310555318117,0.6095724806806677,0.32798779311692444,0.2815846875637433,1.0,0.0,0.0,1.0,0.0,0.07116512338830296