SentiMin,SentiMax,SentiAvg,SentiStdev,Senti0-0.20,Senti0.21-0.40,Senti0.41-0.60,Senti0.61-0.80,Senti0.81-1.00,SentiTotal
5.851575605222356E-5,0.49789225920557484,0.224127985007049,0.2023761379562699,4.0,3.0,2.0,0.0,0.0,1.678146450654453E-13