TimeMin,TimeMax,TimeAvg,TimeStdev,TimeTotal
400.0,4720.0,1693.3333333333333,1513.318648974278,15240.0
