SentiMin,SentiMax,SentiAvg,SentiStdev,Senti0-0.20,Senti0.21-0.40,Senti0.41-0.60,Senti0.61-0.80,Senti0.81-1.00,SentiTotal
1.3954714984536358E-5,0.5159436667231726,0.3207409352031014,0.19067249473968037,3.0,4.0,4.0,0.0,0.0,3.5465992300087555E-9