TraitMin,TraitMax,TraitAvg,TraitStdev,TraitTotal
290.0,700.0,420.0,134.41513520221068,380.8695652173913
