TimeMin,TimeMax,TimeAvg,TimeStdev,TimeTotal
600.0,3120.0,1548.5714285714287,819.9552003690476,10840.0
