TimeMin,TimeMax,TimeAvg,TimeStdev,TimeTotal
640.0,2480.0,1549.090909090909,677.7697992876684,17040.0
