SentiMin,SentiMax,SentiAvg,SentiStdev,Senti0-0.20,Senti0.21-0.40,Senti0.41-0.60,Senti0.61-0.80,Senti0.81-1.00,SentiTotal
0.016479628546110636,0.39697510199130176,0.26846609351084816,0.1480283768496018,1.0,3.0,0.0,0.0,0.0,0.0027418595484548476