SentiMin,SentiMax,SentiAvg,SentiStdev,Senti0-0.20,Senti0.21-0.40,Senti0.41-0.60,Senti0.61-0.80,Senti0.81-1.00,SentiTotal
1.643241723453854E-4,0.6211250523800235,0.2385243266205892,0.2177243591990803,5.0,3.0,2.0,1.0,0.0,2.193808753600469E-13