SentiMin,SentiMax,SentiAvg,SentiStdev,Senti0-0.20,Senti0.21-0.40,Senti0.41-0.60,Senti0.61-0.80,Senti0.81-1.00,SentiTotal
0.009186031517145617,0.6746655567623655,0.2924258464262206,0.23619014308666023,4.0,1.0,3.0,1.0,0.0,1.4450582012199472E-6