TraitMin,TraitMax,TraitAvg,TraitStdev,TraitTotal
234.28571428571428,1120.0,554.8214285714286,219.72461860597676,451.8181818181818
