TimeMin,TimeMax,TimeAvg,TimeStdev,TimeTotal
520.0,7720.0,1883.6363636363637,1975.0041322270822,20720.0
