TimeMin,TimeMax,TimeAvg,TimeStdev,TimeTotal
400.0,7360.0,2192.7272727272725,2118.992431704237,24120.0
