TraitMin,TraitMax,TraitAvg,TraitStdev,TraitTotal
270.0,680.0,451.2962962962963,160.0162371733634,397.94871794871796
