SentiMin,SentiMax,SentiAvg,SentiStdev,Senti0-0.20,Senti0.21-0.40,Senti0.41-0.60,Senti0.61-0.80,Senti0.81-1.00,SentiTotal
1.135424655252886E-5,0.39697510199130176,0.07767575429675222,0.1275414629010482,9.0,2.0,0.0,0.0,0.0,3.199321048181669E-29