TraitMin,TraitMax,TraitAvg,TraitStdev,TraitTotal
260.0,520.0,347.7142857142857,86.99706774321976,309.7142857142857
