TraitMin,TraitMax,TraitAvg,TraitStdev,TraitTotal
200.0,720.0,382.9208322541656,148.41022158672186,297.63440860215053
