SentiMin,SentiMax,SentiAvg,SentiStdev,Senti0-0.20,Senti0.21-0.40,Senti0.41-0.60,Senti0.61-0.80,Senti0.81-1.00,SentiTotal
0.02201234051531052,0.34322267253793753,0.18350939062320173,0.10528423015627215,2.0,4.0,0.0,0.0,0.0,2.3027212894253735E-5