TraitMin,TraitMax,TraitAvg,TraitStdev,TraitTotal
306.6666666666667,920.0,651.1111111111112,255.5941999766982,536.6666666666666
