TraitMin,TraitMax,TraitAvg,TraitStdev,TraitTotal
184.0,880.0,410.7922077922078,182.21513861351136,360.0
