TraitMin,TraitMax,TraitAvg,TraitStdev,TraitTotal
177.14285714285714,800.0,437.42328042328046,173.92591369313158,381.0
