TimeMin,TimeMax,TimeAvg,TimeStdev,TimeTotal
480.0,4160.0,1537.7777777777778,1225.0875504113328,27680.0
