TraitMin,TraitMax,TraitAvg,TraitStdev,TraitTotal
246.66666666666666,580.0,412.59407259407254,109.29491696620481,414.44444444444446
