TraitMin,TraitMax,TraitAvg,TraitStdev,TraitTotal
224.0,560.0,373.9894179894179,104.4673438923537,368.64864864864865
