TraitMin,TraitMax,TraitAvg,TraitStdev,TraitTotal
205.71428571428572,1680.0,527.0920634920634,427.1559819847151,364.13793103448273
