TimeMin,TimeMax,TimeAvg,TimeStdev,TimeTotal
480.0,9240.0,4069.090909090909,3063.1696434351807,44760.0
