TraitMin,TraitMax,TraitAvg,TraitStdev,TraitTotal
266.6666666666667,520.0,397.6666666666667,113.3269606051446,364.70588235294116
