TraitMin,TraitMax,TraitAvg,TraitStdev,TraitTotal
262.85714285714283,1620.0,687.2751322751323,414.4504215216133,579.5121951219512
