TraitMin,TraitMax,TraitAvg,TraitStdev,TraitTotal
143.33333333333334,346.6666666666667,234.48888888888888,67.8941660069389,208.75
