TimeMin,TimeMax,TimeAvg,TimeStdev,TimeTotal
400.0,3480.0,1290.909090909091,748.737780843741,14200.0
