TimeMin,TimeMax,TimeAvg,TimeStdev,TimeTotal
720.0,2760.0,1288.5714285714287,505.32672800952884,18040.0
