TraitMin,TraitMax,TraitAvg,TraitStdev,TraitTotal
151.11111111111111,1080.0,367.40668062096637,249.3536861987621,249.6969696969697
