TraitMin,TraitMax,TraitAvg,TraitStdev,TraitTotal
181.8181818181818,1320.0,601.3131313131313,353.9241152553031,391.7241379310345
