SentiMin,SentiMax,SentiAvg,SentiStdev,Senti0-0.20,Senti0.21-0.40,Senti0.41-0.60,Senti0.61-0.80,Senti0.81-1.00,SentiTotal
2.8316826666792937E-4,0.49789225920557484,0.27103881212516145,0.15184197028631585,2.0,5.0,2.0,0.0,0.0,2.4376684966220345E-7