TraitMin,TraitMax,TraitAvg,TraitStdev,TraitTotal
123.07692307692308,1080.0,387.37062937062933,245.04740657709792,244.82758620689654
