SentiMin,SentiMax,SentiAvg,SentiStdev,Senti0-0.20,Senti0.21-0.40,Senti0.41-0.60,Senti0.61-0.80,Senti0.81-1.00,SentiTotal
1.204170738985462E-8,0.6250480127412248,0.16276482233052567,0.20688099737000548,9.0,3.0,1.0,1.0,0.0,2.346300908496908E-33