TraitMin,TraitMax,TraitAvg,TraitStdev,TraitTotal
230.0,960.0,611.25,228.9889462397694,514.6666666666666
