TraitMin,TraitMax,TraitAvg,TraitStdev,TraitTotal
213.33333333333334,1200.0,622.4444444444445,346.7100400217044,378.75
