TraitMin,TraitMax,TraitAvg,TraitStdev,TraitTotal
169.23076923076923,1280.0,547.6208791208791,355.4100151975479,341.4736842105263
