TimeMin,TimeMax,TimeAvg,TimeStdev,TimeTotal
960.0,2000.0,1262.2222222222222,290.35525281886356,11360.0
