SentiMin,SentiMax,SentiAvg,SentiStdev,Senti0-0.20,Senti0.21-0.40,Senti0.41-0.60,Senti0.61-0.80,Senti0.81-1.00,SentiTotal
0.03713940373230433,0.39697510199130176,0.21835137643489388,0.1137949448703045,1.0,4.0,0.0,0.0,0.0,5.809023246569793E-4