SentiMin,SentiMax,SentiAvg,SentiStdev,Senti0-0.20,Senti0.21-0.40,Senti0.41-0.60,Senti0.61-0.80,Senti0.81-1.00,SentiTotal
4.899129033865496E-6,0.49789225920557484,0.24065232994053098,0.183264864454049,5.0,6.0,3.0,0.0,0.0,6.846525474802801E-16