TraitMin,TraitMax,TraitAvg,TraitStdev,TraitTotal
265.0,1000.0,583.5128205128206,289.1204645092208,403.8095238095238
