TimeMin,TimeMax,TimeAvg,TimeStdev,TimeTotal
440.0,4840.0,1765.7142857142858,1032.8166362339603,24720.0
