TraitMin,TraitMax,TraitAvg,TraitStdev,TraitTotal
165.0,600.0,354.75757575757575,150.58968876320787,285.7142857142857
