SentiMin,SentiMax,SentiAvg,SentiStdev,Senti0-0.20,Senti0.21-0.40,Senti0.41-0.60,Senti0.61-0.80,Senti0.81-1.00,SentiTotal
2.0782425334332191E-4,0.9890886024323492,0.3182008241997215,0.3054663167855197,5.0,0.0,5.0,0.0,1.0,2.0030353437642484E-9