TimeMin,TimeMax,TimeAvg,TimeStdev,TimeTotal
1080.0,2520.0,1746.6666666666667,467.71311244774347,20960.0
