TraitMin,TraitMax,TraitAvg,TraitStdev,TraitTotal
205.0,1200.0,586.1772486772487,329.8699942446064,395.0
