TimeMin,TimeMax,TimeAvg,TimeStdev,TimeTotal
600.0,1560.0,1090.909090909091,263.730390755909,12000.0
