TraitMin,TraitMax,TraitAvg,TraitStdev,TraitTotal
188.0,293.3333333333333,240.66666666666666,52.66666666666666,227.5
