SentiMin,SentiMax,SentiAvg,SentiStdev,Senti0-0.20,Senti0.21-0.40,Senti0.41-0.60,Senti0.61-0.80,Senti0.81-1.00,SentiTotal
0.0024070088808698484,0.5159436667231726,0.3195061158048968,0.14603531854762053,5.0,7.0,6.0,0.0,0.0,1.93138938672416E-8