TimeMin,TimeMax,TimeAvg,TimeStdev,TimeTotal
720.0,2720.0,1304.6153846153845,596.7168557340741,16960.0
