TraitMin,TraitMax,TraitAvg,TraitStdev,TraitTotal
88.88888888888889,1120.0,415.0190476190476,292.0966525170917,272.60869565217394
