SentiMin,SentiMax,SentiAvg,SentiStdev,Senti0-0.20,Senti0.21-0.40,Senti0.41-0.60,Senti0.61-0.80,Senti0.81-1.00,SentiTotal
8.645284617881222E-4,0.889243850661152,0.2552516620846704,0.25664501644792515,13.0,0.0,8.0,0.0,1.0,6.199498890315693E-21