SentiMin,SentiMax,SentiAvg,SentiStdev,Senti0-0.20,Senti0.21-0.40,Senti0.41-0.60,Senti0.61-0.80,Senti0.81-1.00,SentiTotal
0.0011553315640345668,0.8585324558784276,0.16269351545809338,0.23981823686598377,9.0,2.0,0.0,0.0,1.0,1.7293043415911352E-17