SentiMin,SentiMax,SentiAvg,SentiStdev,Senti0-0.20,Senti0.21-0.40,Senti0.41-0.60,Senti0.61-0.80,Senti0.81-1.00,SentiTotal
0.016295830875662918,0.43796879524747484,0.24780582326124148,0.16072695513433635,5.0,6.0,2.0,0.0,0.0,6.395699929868481E-10