SentiMin,SentiMax,SentiAvg,SentiStdev,Senti0-0.20,Senti0.21-0.40,Senti0.41-0.60,Senti0.61-0.80,Senti0.81-1.00,SentiTotal
0.0625494152441777,0.4898631585877994,0.35417223026749906,0.12708109509973545,1.0,5.0,2.0,0.0,0.0,0.0033772952944897145