TraitMin,TraitMax,TraitAvg,TraitStdev,TraitTotal
64.33333333333333,265.0,186.4074074074074,70.7926511108544,173.6
