SentiMin,SentiMax,SentiAvg,SentiStdev,Senti0-0.20,Senti0.21-0.40,Senti0.41-0.60,Senti0.61-0.80,Senti0.81-1.00,SentiTotal
0.007849188067568612,0.540222577411058,0.33155311722506736,0.17923817677784545,3.0,2.0,4.0,0.0,0.0,5.8450067301780256E-5