TimeMin,TimeMax,TimeAvg,TimeStdev,TimeTotal
193.0,2295.0,747.8181818181819,600.7551033614913,8226.0
