TraitMin,TraitMax,TraitAvg,TraitStdev,TraitTotal
82.25,425.0,229.04365079365076,98.29942895910467,251.77358490566039
