SentiMin,SentiMax,SentiAvg,SentiStdev,Senti0-0.20,Senti0.21-0.40,Senti0.41-0.60,Senti0.61-0.80,Senti0.81-1.00,SentiTotal
0.005770803566913911,0.49789225920557484,0.24317790992629093,0.13962091917805264,6.0,5.0,3.0,0.0,0.0,2.014021654836693E-9