TraitMin,TraitMax,TraitAvg,TraitStdev,TraitTotal
62.5,358.0,176.59895833333334,83.62665548493187,168.38095238095238
