SentiMin,SentiMax,SentiAvg,SentiStdev,Senti0-0.20,Senti0.21-0.40,Senti0.41-0.60,Senti0.61-0.80,Senti0.81-1.00,SentiTotal
0.011143250471258555,0.5159436667231726,0.31048876860501196,0.18460457365908006,6.0,2.0,7.0,0.0,0.0,3.416817878906101E-8