SentiMin,SentiMax,SentiAvg,SentiStdev,Senti0-0.20,Senti0.21-0.40,Senti0.41-0.60,Senti0.61-0.80,Senti0.81-1.00,SentiTotal
0.13979297269741645,0.49789225920557484,0.31884261595149566,0.1790496432540792,1.0,0.0,1.0,0.0,0.0,0.13979297269741645