TimeMin,TimeMax,TimeAvg,TimeStdev,TimeTotal
184.0,6057.0,1371.2857142857142,1733.8356088070598,19198.0
