SentiMin,SentiMax,SentiAvg,SentiStdev,Senti0-0.20,Senti0.21-0.40,Senti0.41-0.60,Senti0.61-0.80,Senti0.81-1.00,SentiTotal
1.9057581344280756E-4,0.49789225920557484,0.25366021542419015,0.18544941839309448,4.0,5.0,2.0,0.0,0.0,2.2715885288529158E-10