TimeMin,TimeMax,TimeAvg,TimeStdev,TimeTotal
192.0,784.0,385.77777777777777,217.0835874740817,3472.0
