SentiMin,SentiMax,SentiAvg,SentiStdev,Senti0-0.20,Senti0.21-0.40,Senti0.41-0.60,Senti0.61-0.80,Senti0.81-1.00,SentiTotal
8.9124441620573E-4,0.5469156199912305,0.14524743969159426,0.1518504796307728,10.0,6.0,1.0,0.0,0.0,2.542329509134599E-22