TraitMin,TraitMax,TraitAvg,TraitStdev,TraitTotal
184.0,920.0,427.78554778554786,209.6669778960764,349.04761904761904
