TraitMin,TraitMax,TraitAvg,TraitStdev,TraitTotal
270.0,780.0,483.452380952381,170.02613344548467,434.44444444444446
