TraitMin,TraitMax,TraitAvg,TraitStdev,TraitTotal
266.6666666666667,880.0,425.94708994709,224.58030108941472,342.22222222222223
