TraitMin,TraitMax,TraitAvg,TraitStdev,TraitTotal
240.0,960.0,415.20779220779224,188.86055306088764,358.0952380952381
