SentiMin,SentiMax,SentiAvg,SentiStdev,Senti0-0.20,Senti0.21-0.40,Senti0.41-0.60,Senti0.61-0.80,Senti0.81-1.00,SentiTotal
1.5330583536212654E-4,0.551077815994506,0.2158722932679705,0.19692640351350615,13.0,3.0,6.0,0.0,0.0,8.162408220541828E-21