TraitMin,TraitMax,TraitAvg,TraitStdev,TraitTotal
216.0,1080.0,489.375,274.8394701912373,355.1515151515151
