SentiMin,SentiMax,SentiAvg,SentiStdev,Senti0-0.20,Senti0.21-0.40,Senti0.41-0.60,Senti0.61-0.80,Senti0.81-1.00,SentiTotal
0.0046822124203378754,0.3802584585551978,0.1591491960830817,0.13219333725525614,9.0,5.0,0.0,0.0,0.0,3.763344626644627E-14