TimeMin,TimeMax,TimeAvg,TimeStdev,TimeTotal
480.0,3160.0,1303.3333333333333,766.1955073971366,15640.0
