TimeMin,TimeMax,TimeAvg,TimeStdev,TimeTotal
600.0,3200.0,1371.111111111111,674.0663410219838,24680.0
