TimeMin,TimeMax,TimeAvg,TimeStdev,TimeTotal
680.0,2120.0,1026.6666666666667,450.57987329908804,9240.0
