SentiMin,SentiMax,SentiAvg,SentiStdev,Senti0-0.20,Senti0.21-0.40,Senti0.41-0.60,Senti0.61-0.80,Senti0.81-1.00,SentiTotal
3.5773824919459333E-6,0.36288076649000006,0.10863973164742668,0.11490298627312116,7.0,1.0,0.0,0.0,0.0,3.2134947222192106E-14