SentiMin,SentiMax,SentiAvg,SentiStdev,Senti0-0.20,Senti0.21-0.40,Senti0.41-0.60,Senti0.61-0.80,Senti0.81-1.00,SentiTotal
8.862520599093591E-4,0.9992197088769532,0.2182439074201042,0.30032412061702224,7.0,1.0,1.0,0.0,1.0,1.3582508879216653E-8