TimeMin,TimeMax,TimeAvg,TimeStdev,TimeTotal
400.0,3240.0,1191.578947368421,667.7634560538613,22640.0
