SentiMin,SentiMax,SentiAvg,SentiStdev,Senti0-0.20,Senti0.21-0.40,Senti0.41-0.60,Senti0.61-0.80,Senti0.81-1.00,SentiTotal
0.030379369635995003,0.5368671069234354,0.26370570908840313,0.1746216793964275,4.0,5.0,3.0,0.0,0.0,1.2433153406528992E-7