TraitMin,TraitMax,TraitAvg,TraitStdev,TraitTotal
192.0,920.0,423.72222222222223,205.50933789724246,349.7142857142857
