TraitMin,TraitMax,TraitAvg,TraitStdev,TraitTotal
173.33333333333334,880.0,419.3237639553429,223.8486082499935,332.94117647058823
