TimeMin,TimeMax,TimeAvg,TimeStdev,TimeTotal
480.0,2800.0,1098.1818181818182,763.9826054875879,12080.0
