SentiMin,SentiMax,SentiAvg,SentiStdev,Senti0-0.20,Senti0.21-0.40,Senti0.41-0.60,Senti0.61-0.80,Senti0.81-1.00,SentiTotal
2.7811587648050126E-5,0.4075761008926586,0.3060705793395629,0.13390258702718336,2.0,5.0,4.0,0.0,0.0,4.533476481342261E-8