TraitMin,TraitMax,TraitAvg,TraitStdev,TraitTotal
230.0,960.0,581.7142857142857,246.4152791446147,516.9230769230769
