TraitMin,TraitMax,TraitAvg,TraitStdev,TraitTotal
240.0,720.0,445.1515151515152,142.35652806795656,431.42857142857144
