TimeMin,TimeMax,TimeAvg,TimeStdev,TimeTotal
720.0,4440.0,1734.2857142857142,937.7915873073771,24280.0
