SentiMin,SentiMax,SentiAvg,SentiStdev,Senti0-0.20,Senti0.21-0.40,Senti0.41-0.60,Senti0.61-0.80,Senti0.81-1.00,SentiTotal
0.006879705557857131,0.9611958417475951,0.36505121768687765,0.3301505370857996,6.0,4.0,0.0,2.0,3.0,4.83096447707963E-7