TimeMin,TimeMax,TimeAvg,TimeStdev,TimeTotal
480.0,2760.0,1367.2727272727273,692.9920753723852,15040.0
