TraitMin,TraitMax,TraitAvg,TraitStdev,TraitTotal
200.0,480.0,298.8888888888889,87.65125323219038,287.77777777777777
