SentiMin,SentiMax,SentiAvg,SentiStdev,Senti0-0.20,Senti0.21-0.40,Senti0.41-0.60,Senti0.61-0.80,Senti0.81-1.00,SentiTotal
4.900284378239896E-4,0.9611958417475951,0.24864544193586852,0.2400741822452626,10.0,3.0,4.0,0.0,1.0,9.48249387720864E-18