TimeMin,TimeMax,TimeAvg,TimeStdev,TimeTotal
384.0,3800.0,1473.7777777777778,951.3071449067421,13264.0
