SentiMin,SentiMax,SentiAvg,SentiStdev,Senti0-0.20,Senti0.21-0.40,Senti0.41-0.60,Senti0.61-0.80,Senti0.81-1.00,SentiTotal
0.050837666743796375,0.6921459309296395,0.3099748044870783,0.1863823031635112,4.0,4.0,2.0,1.0,0.0,1.4325593624531312E-5