TimeMin,TimeMax,TimeAvg,TimeStdev,TimeTotal
520.0,2920.0,1218.8235294117646,652.5414780861346,20720.0
