TraitMin,TraitMax,TraitAvg,TraitStdev,TraitTotal
180.0,1000.0,422.0680272108844,214.19607627386515,379.375
