SentiMin,SentiMax,SentiAvg,SentiStdev,Senti0-0.20,Senti0.21-0.40,Senti0.41-0.60,Senti0.61-0.80,Senti0.81-1.00,SentiTotal
0.0675278385274605,0.5226224626226535,0.2517979844848131,0.1288538585316152,2.0,4.0,1.0,0.0,0.0,2.1236325946737432E-4