TraitMin,TraitMax,TraitAvg,TraitStdev,TraitTotal
72.0,1200.0,404.65476190476187,354.39358136946134,262.8888888888889
