SentiMin,SentiMax,SentiAvg,SentiStdev,Senti0-0.20,Senti0.21-0.40,Senti0.41-0.60,Senti0.61-0.80,Senti0.81-1.00,SentiTotal
4.0612130622106566E-4,0.5136446707795853,0.20310314934577348,0.16573178865725516,5.0,4.0,2.0,0.0,0.0,1.4910566846293345E-11