SentiMin,SentiMax,SentiAvg,SentiStdev,Senti0-0.20,Senti0.21-0.40,Senti0.41-0.60,Senti0.61-0.80,Senti0.81-1.00,SentiTotal
0.0020672413236048127,0.43796879524747484,0.1776182955233427,0.1273351207971993,10.0,5.0,1.0,0.0,0.0,9.124375671139433E-15