TimeMin,TimeMax,TimeAvg,TimeStdev,TimeTotal
440.0,5560.0,2418.6666666666665,1637.355048715933,36280.0
