TimeMin,TimeMax,TimeAvg,TimeStdev,TimeTotal
1000.0,7480.0,4228.571428571428,2099.1115710593144,29600.0
