TraitMin,TraitMax,TraitAvg,TraitStdev,TraitTotal
240.0,840.0,429.6825396825397,156.57926891702894,384.91803278688525
