TimeMin,TimeMax,TimeAvg,TimeStdev,TimeTotal
720.0,4760.0,2134.5454545454545,1276.3895361267594,23480.0
