SentiMin,SentiMax,SentiAvg,SentiStdev,Senti0-0.20,Senti0.21-0.40,Senti0.41-0.60,Senti0.61-0.80,Senti0.81-1.00,SentiTotal
1.2559598962588974E-5,0.3951691123600869,0.12277328140286367,0.15319505101182251,5.0,2.0,0.0,0.0,0.0,3.939782666923405E-15