SentiMin,SentiMax,SentiAvg,SentiStdev,Senti0-0.20,Senti0.21-0.40,Senti0.41-0.60,Senti0.61-0.80,Senti0.81-1.00,SentiTotal
1.886485302936947E-9,0.2554252706648898,0.07577399708860266,0.08480481293052622,6.0,1.0,0.0,0.0,0.0,1.3368780950960265E-17