SentiMin,SentiMax,SentiAvg,SentiStdev,Senti0-0.20,Senti0.21-0.40,Senti0.41-0.60,Senti0.61-0.80,Senti0.81-1.00,SentiTotal
8.633218548612206E-8,0.5460952661648919,0.15086290496308155,0.18959266316521414,9.0,1.0,2.0,0.0,0.0,2.0687783226952788E-24