TraitMin,TraitMax,TraitAvg,TraitStdev,TraitTotal
322.22222222222223,540.0,399.27946127946126,83.26767062400671,388.57142857142856
