SentiMin,SentiMax,SentiAvg,SentiStdev,Senti0-0.20,Senti0.21-0.40,Senti0.41-0.60,Senti0.61-0.80,Senti0.81-1.00,SentiTotal
1.4723130059196417E-11,0.41272037033486636,0.12242946193764948,0.15767688751192208,4.0,0.0,1.0,0.0,0.0,1.734758106534027E-16