TraitMin,TraitMax,TraitAvg,TraitStdev,TraitTotal
294.11764705882354,731.4285714285714,436.63655462184875,173.21087010152158,443.84615384615387
