SentiMin,SentiMax,SentiAvg,SentiStdev,Senti0-0.20,Senti0.21-0.40,Senti0.41-0.60,Senti0.61-0.80,Senti0.81-1.00,SentiTotal
3.6612621673205754E-6,0.49789225920557484,0.21644996637933053,0.22529582297501763,3.0,0.0,2.0,0.0,0.0,9.543897934968342E-9