SentiMin,SentiMax,SentiAvg,SentiStdev,Senti0-0.20,Senti0.21-0.40,Senti0.41-0.60,Senti0.61-0.80,Senti0.81-1.00,SentiTotal
6.82325210159416E-4,0.37142605093897746,0.08767860806034035,0.11959363708618728,7.0,1.0,0.0,0.0,0.0,1.4000383882587363E-14