SentiMin,SentiMax,SentiAvg,SentiStdev,Senti0-0.20,Senti0.21-0.40,Senti0.41-0.60,Senti0.61-0.80,Senti0.81-1.00,SentiTotal
7.90678306554282E-5,0.6928831512412611,0.10826500115419055,0.22285481039853122,7.0,0.0,0.0,1.0,0.0,1.7496685545904998E-16