SentiMin,SentiMax,SentiAvg,SentiStdev,Senti0-0.20,Senti0.21-0.40,Senti0.41-0.60,Senti0.61-0.80,Senti0.81-1.00,SentiTotal
8.634070294577561E-5,0.5706222121367613,0.20881605733320152,0.2143692859175257,5.0,2.0,2.0,0.0,0.0,5.904187726222273E-12