TraitMin,TraitMax,TraitAvg,TraitStdev,TraitTotal
156.0,645.3333333333334,447.4263305322129,186.10831723051874,480.57142857142856
