TimeMin,TimeMax,TimeAvg,TimeStdev,TimeTotal
2160.0,8760.0,4533.333333333333,2187.8045819699914,27200.0
