TraitMin,TraitMax,TraitAvg,TraitStdev,TraitTotal
240.0,540.0,353.6666666666667,112.36992480196825,337.14285714285717
