TraitMin,TraitMax,TraitAvg,TraitStdev,TraitTotal
146.66666666666666,1000.0,457.0666666666666,296.38371525214853,285.4054054054054
