SentiMin,SentiMax,SentiAvg,SentiStdev,Senti0-0.20,Senti0.21-0.40,Senti0.41-0.60,Senti0.61-0.80,Senti0.81-1.00,SentiTotal
1.5082142043831465E-4,0.8934038278657666,0.35121148318801676,0.3075976710743522,4.0,3.0,1.0,2.0,1.0,7.873043576627548E-9