TraitMin,TraitMax,TraitAvg,TraitStdev,TraitTotal
110.0,893.3333333333334,352.56613756613757,192.73320503586095,353.0232558139535
