TraitMin,TraitMax,TraitAvg,TraitStdev,TraitTotal
305.0,666.6666666666666,461.3376623376624,130.09775477642708,443.38028169014086
