TraitMin,TraitMax,TraitAvg,TraitStdev,TraitTotal
343.3333333333333,1000.0,488.3040935672515,214.4340999541937,394.6666666666667
