SentiMin,SentiMax,SentiAvg,SentiStdev,Senti0-0.20,Senti0.21-0.40,Senti0.41-0.60,Senti0.61-0.80,Senti0.81-1.00,SentiTotal
1.1940400091780076E-8,0.42445003564084227,0.12567564499057696,0.17542738640877592,3.0,0.0,1.0,0.0,0.0,2.3265144095178724E-14