TimeMin,TimeMax,TimeAvg,TimeStdev,TimeTotal
1080.0,9120.0,4497.142857142857,2823.724563083883,31480.0
