SentiMin,SentiMax,SentiAvg,SentiStdev,Senti0-0.20,Senti0.21-0.40,Senti0.41-0.60,Senti0.61-0.80,Senti0.81-1.00,SentiTotal
0.005532030964898276,0.5318834537628724,0.35545208803864253,0.17532928212484844,3.0,3.0,6.0,0.0,0.0,1.448149117801619E-5