SentiMin,SentiMax,SentiAvg,SentiStdev,Senti0-0.20,Senti0.21-0.40,Senti0.41-0.60,Senti0.61-0.80,Senti0.81-1.00,SentiTotal
0.1358707299743463,0.49789225920557484,0.30585270015535343,0.12314055365509055,2.0,3.0,1.0,0.0,0.0,0.004866386291212974