TraitMin,TraitMax,TraitAvg,TraitStdev,TraitTotal
122.0,1169.0,422.66249999999997,272.6644130344418,313.8666666666667
