TraitMin,TraitMax,TraitAvg,TraitStdev,TraitTotal
203.2,1066.0,403.6148148148148,253.94973419275448,302.23333333333335
