TraitMin,TraitMax,TraitAvg,TraitStdev,TraitTotal
193.16666666666666,421.0,326.86904761904765,76.28619204762903,293.0
