SentiMin,SentiMax,SentiAvg,SentiStdev,Senti0-0.20,Senti0.21-0.40,Senti0.41-0.60,Senti0.61-0.80,Senti0.81-1.00,SentiTotal
0.1288925134774278,0.5558316929262065,0.36854618501329894,0.15758081010522104,2.0,4.0,6.0,0.0,0.0,6.136955792288342E-4