TimeMin,TimeMax,TimeAvg,TimeStdev,TimeTotal
439.0,2520.0,1007.4444444444445,577.3479811673587,9067.0
