TraitMin,TraitMax,TraitAvg,TraitStdev,TraitTotal
258.85714285714283,1418.0,605.0019841269841,353.5481022793291,476.4375
