TraitMin,TraitMax,TraitAvg,TraitStdev,TraitTotal
470.0,1280.0,836.25,279.5106711339976,691.4285714285714
