SentiMin,SentiMax,SentiAvg,SentiStdev,Senti0-0.20,Senti0.21-0.40,Senti0.41-0.60,Senti0.61-0.80,Senti0.81-1.00,SentiTotal
0.015997150060014634,0.5017289145910016,0.14588274653262337,0.13976386191633663,8.0,4.0,1.0,0.0,0.0,3.8899735044535345E-14