SentiMin,SentiMax,SentiAvg,SentiStdev,Senti0-0.20,Senti0.21-0.40,Senti0.41-0.60,Senti0.61-0.80,Senti0.81-1.00,SentiTotal
0.05852045779677777,0.5318834537628724,0.3237269202696924,0.12956880768344606,1.0,8.0,2.0,0.0,0.0,1.0264024750791456E-4