SentiMin,SentiMax,SentiAvg,SentiStdev,Senti0-0.20,Senti0.21-0.40,Senti0.41-0.60,Senti0.61-0.80,Senti0.81-1.00,SentiTotal
2.5560954176461566E-5,0.6179218016796508,0.2094091357435635,0.1967353666734563,4.0,2.0,0.0,1.0,0.0,2.035814372849972E-9