TraitMin,TraitMax,TraitAvg,TraitStdev,TraitTotal
250.0,1760.0,590.5814536340853,343.8600534862481,487.14285714285717
