TimeMin,TimeMax,TimeAvg,TimeStdev,TimeTotal
840.0,2000.0,1363.1666666666667,384.95493964301266,16358.0
