SentiMin,SentiMax,SentiAvg,SentiStdev,Senti0-0.20,Senti0.21-0.40,Senti0.41-0.60,Senti0.61-0.80,Senti0.81-1.00,SentiTotal
0.007113016962636275,0.49789225920557484,0.2700525249881963,0.15839737015390354,3.0,3.0,2.0,0.0,0.0,1.2482671391933931E-5