SentiMin,SentiMax,SentiAvg,SentiStdev,Senti0-0.20,Senti0.21-0.40,Senti0.41-0.60,Senti0.61-0.80,Senti0.81-1.00,SentiTotal
0.03733848859396196,0.7600086621670809,0.2881218609065018,0.1947033032862142,6.0,4.0,3.0,1.0,0.0,1.5669190904285116E-7