TraitMin,TraitMax,TraitAvg,TraitStdev,TraitTotal
340.0,760.0,599.0,156.4704444935209,517.6470588235294
