SentiMin,SentiMax,SentiAvg,SentiStdev,Senti0-0.20,Senti0.21-0.40,Senti0.41-0.60,Senti0.61-0.80,Senti0.81-1.00,SentiTotal
2.2231105534931275E-4,0.48357347728475064,0.15774421942531844,0.14211112701698683,12.0,5.0,2.0,0.0,0.0,1.2791048447781846E-21