TimeMin,TimeMax,TimeAvg,TimeStdev,TimeTotal
1240.0,3880.0,2245.714285714286,897.5977008955967,15720.0
