TraitMin,TraitMax,TraitAvg,TraitStdev,TraitTotal
277.14285714285717,1840.0,830.1190476190477,601.4209718443061,447.27272727272725
