TraitMin,TraitMax,TraitAvg,TraitStdev,TraitTotal
485.0,1240.0,684.5238095238095,244.2785202690826,582.2222222222222
