TimeMin,TimeMax,TimeAvg,TimeStdev,TimeTotal
1000.0,4520.0,2153.684210526316,923.4501127853762,40920.0
