SentiMin,SentiMax,SentiAvg,SentiStdev,Senti0-0.20,Senti0.21-0.40,Senti0.41-0.60,Senti0.61-0.80,Senti0.81-1.00,SentiTotal
0.010503673355196558,0.5318834537628724,0.12046041366786718,0.1593035756391686,7.0,0.0,1.0,0.0,0.0,2.553165212669423E-10