TimeMin,TimeMax,TimeAvg,TimeStdev,TimeTotal
1400.0,4560.0,2468.5714285714284,915.8201409732399,34560.0
