TraitMin,TraitMax,TraitAvg,TraitStdev,TraitTotal
360.0,1400.0,661.875,309.19186498839196,544.4444444444445
