SentiMin,SentiMax,SentiAvg,SentiStdev,Senti0-0.20,Senti0.21-0.40,Senti0.41-0.60,Senti0.61-0.80,Senti0.81-1.00,SentiTotal
0.0071940760356512465,0.6710808274002297,0.3024774694350382,0.20665122155918703,5.0,5.0,3.0,2.0,0.0,2.8249238114135954E-9