TraitMin,TraitMax,TraitAvg,TraitStdev,TraitTotal
344.0,840.0,553.4517704517705,176.04247737122367,469.25373134328356
