TimeMin,TimeMax,TimeAvg,TimeStdev,TimeTotal
400.0,3560.0,1588.5714285714287,765.0103373984764,22240.0
