SentiMin,SentiMax,SentiAvg,SentiStdev,Senti0-0.20,Senti0.21-0.40,Senti0.41-0.60,Senti0.61-0.80,Senti0.81-1.00,SentiTotal
3.384014605022918E-5,0.39697510199130176,0.0851665762400717,0.11223424205825486,12.0,2.0,0.0,0.0,0.0,2.2015457685583907E-25