SentiMin,SentiMax,SentiAvg,SentiStdev,Senti0-0.20,Senti0.21-0.40,Senti0.41-0.60,Senti0.61-0.80,Senti0.81-1.00,SentiTotal
0.0012521865650497448,0.6328493334452107,0.2497149154844995,0.2354950555475934,8.0,2.0,4.0,2.0,0.0,1.2895597376794211E-15