TraitMin,TraitMax,TraitAvg,TraitStdev,TraitTotal
196.0,680.0,350.28674500103074,127.74833787672154,297.2151898734177
