TraitMin,TraitMax,TraitAvg,TraitStdev,TraitTotal
153.33333333333334,560.0,287.8730158730159,107.27412127734249,250.09345794392524
