TraitMin,TraitMax,TraitAvg,TraitStdev,TraitTotal
320.0,480.0,378.2142857142857,65.10098121458725,354.6666666666667
