TraitMin,TraitMax,TraitAvg,TraitStdev,TraitTotal
220.0,640.0,372.72014790764786,101.65892312355467,325.45454545454544
