SentiMin,SentiMax,SentiAvg,SentiStdev,Senti0-0.20,Senti0.21-0.40,Senti0.41-0.60,Senti0.61-0.80,Senti0.81-1.00,SentiTotal
0.0029397281312227436,0.6242094968955547,0.21822148533395838,0.2402720543320349,3.0,0.0,0.0,1.0,0.0,9.3536543976345E-5