TraitMin,TraitMax,TraitAvg,TraitStdev,TraitTotal
160.0,500.0,291.19413919413915,103.07006898532953,277.05882352941177
