TimeMin,TimeMax,TimeAvg,TimeStdev,TimeTotal
520.0,3920.0,1677.142857142857,983.8076798950129,23480.0
