SentiMin,SentiMax,SentiAvg,SentiStdev,Senti0-0.20,Senti0.21-0.40,Senti0.41-0.60,Senti0.61-0.80,Senti0.81-1.00,SentiTotal
1.919060136199339E-6,0.48439634580644964,0.15167400328842692,0.14419705532695776,10.0,2.0,1.0,0.0,0.0,7.548163675941543E-17