SentiMin,SentiMax,SentiAvg,SentiStdev,Senti0-0.20,Senti0.21-0.40,Senti0.41-0.60,Senti0.61-0.80,Senti0.81-1.00,SentiTotal
3.184274676312916E-6,0.852710107312676,0.23271552313949972,0.2737036451294684,8.0,4.0,2.0,1.0,1.0,2.2514844476433338E-24