SentiMin,SentiMax,SentiAvg,SentiStdev,Senti0-0.20,Senti0.21-0.40,Senti0.41-0.60,Senti0.61-0.80,Senti0.81-1.00,SentiTotal
1.0155953100125644E-4,0.9611958417475951,0.21767543912474574,0.2093887208107301,11.0,7.0,1.0,0.0,1.0,3.670230912068862E-19