TraitMin,TraitMax,TraitAvg,TraitStdev,TraitTotal
194.28571428571428,720.0,368.9579831932773,131.0358296704522,309.53846153846155
