TraitMin,TraitMax,TraitAvg,TraitStdev,TraitTotal
184.0,530.0,339.3636363636364,110.80128889067451,315.1219512195122
