TimeMin,TimeMax,TimeAvg,TimeStdev,TimeTotal
560.0,4520.0,1449.2307692307693,1132.148818285636,18840.0
