TimeMin,TimeMax,TimeAvg,TimeStdev,TimeTotal
400.0,2880.0,1183.5294117647059,651.9558012488322,20120.0
