TraitMin,TraitMax,TraitAvg,TraitStdev,TraitTotal
140.0,426.6666666666667,263.9115646258504,83.75847942109382,234.10526315789474
