SentiMin,SentiMax,SentiAvg,SentiStdev,Senti0-0.20,Senti0.21-0.40,Senti0.41-0.60,Senti0.61-0.80,Senti0.81-1.00,SentiTotal
2.408873245817405E-5,0.960728968985107,0.19495265453972643,0.24192990225194283,10.0,2.0,1.0,0.0,1.0,2.225776113689101E-17