TraitMin,TraitMax,TraitAvg,TraitStdev,TraitTotal
160.0,640.0,333.5090452847806,133.5133871291375,275.1515151515151
