SentiMin,SentiMax,SentiAvg,SentiStdev,Senti0-0.20,Senti0.21-0.40,Senti0.41-0.60,Senti0.61-0.80,Senti0.81-1.00,SentiTotal
1.9430756532261327E-4,0.5782466775548307,0.22221858957806084,0.18411514792124686,8.0,6.0,3.0,0.0,0.0,6.071794047437181E-17