TraitMin,TraitMax,TraitAvg,TraitStdev,TraitTotal
116.0,520.0,274.20115440115444,114.6278619154256,220.1834862385321
