TraitMin,TraitMax,TraitAvg,TraitStdev,TraitTotal
165.71428571428572,520.0,274.540380254666,85.89223174520089,250.2127659574468
