TraitMin,TraitMax,TraitAvg,TraitStdev,TraitTotal
46.666666666666664,425.0,254.19833253166584,94.67007008032806,248.04123711340208
