SentiMin,SentiMax,SentiAvg,SentiStdev,Senti0-0.20,Senti0.21-0.40,Senti0.41-0.60,Senti0.61-0.80,Senti0.81-1.00,SentiTotal
2.5579072727085316E-7,0.5244306098349514,0.14367348023549703,0.16957229705961996,6.0,1.0,1.0,0.0,0.0,1.2838311349793562E-17