SentiMin,SentiMax,SentiAvg,SentiStdev,Senti0-0.20,Senti0.21-0.40,Senti0.41-0.60,Senti0.61-0.80,Senti0.81-1.00,SentiTotal
8.257868288501201E-8,0.9429085162657574,0.24519237418339745,0.2835866912000475,7.0,1.0,3.0,0.0,1.0,8.352175958592953E-19