SentiMin,SentiMax,SentiAvg,SentiStdev,Senti0-0.20,Senti0.21-0.40,Senti0.41-0.60,Senti0.61-0.80,Senti0.81-1.00,SentiTotal
1.6088099024220216E-5,0.4256802990606485,0.1489571659602203,0.1456754010318847,12.0,6.0,1.0,0.0,0.0,9.71289903176995E-30