TraitMin,TraitMax,TraitAvg,TraitStdev,TraitTotal
260.0,680.0,376.41657376439986,126.12956363044847,333.9130434782609
