SentiMin,SentiMax,SentiAvg,SentiStdev,Senti0-0.20,Senti0.21-0.40,Senti0.41-0.60,Senti0.61-0.80,Senti0.81-1.00,SentiTotal
0.0021572056336579405,0.5152154230798143,0.12470155728769357,0.13448768844885967,14.0,3.0,1.0,0.0,0.0,4.956176456400567E-24