SentiMin,SentiMax,SentiAvg,SentiStdev,Senti0-0.20,Senti0.21-0.40,Senti0.41-0.60,Senti0.61-0.80,Senti0.81-1.00,SentiTotal
8.353826194028153E-5,0.44679474525557694,0.07525137253721852,0.1289895139130071,9.0,0.0,1.0,0.0,0.0,2.697950689513705E-18