TraitMin,TraitMax,TraitAvg,TraitStdev,TraitTotal
120.0,640.0,299.1845238095238,144.6438035193418,253.6
