TimeMin,TimeMax,TimeAvg,TimeStdev,TimeTotal
400.0,3560.0,1156.923076923077,810.4641084008082,15040.0
