TraitMin,TraitMax,TraitAvg,TraitStdev,TraitTotal
220.0,520.0,316.7380952380952,90.06736896557462,300.0
