TraitMin,TraitMax,TraitAvg,TraitStdev,TraitTotal
170.0,440.0,259.34249084249086,80.57522762416491,231.3846153846154
