TraitMin,TraitMax,TraitAvg,TraitStdev,TraitTotal
185.0,480.0,285.5597923379878,96.32174199067936,260.6622516556291
