SentiMin,SentiMax,SentiAvg,SentiStdev,Senti0-0.20,Senti0.21-0.40,Senti0.41-0.60,Senti0.61-0.80,Senti0.81-1.00,SentiTotal
1.3335872486973075E-8,0.49789225920557484,0.1590397683372572,0.16762099095472296,10.0,4.0,2.0,0.0,0.0,1.142201470044114E-25