SentiMin,SentiMax,SentiAvg,SentiStdev,Senti0-0.20,Senti0.21-0.40,Senti0.41-0.60,Senti0.61-0.80,Senti0.81-1.00,SentiTotal
7.208070858863802E-6,0.5299970059738371,0.13631099405771727,0.15764179574736056,13.0,6.0,2.0,0.0,0.0,4.529006433830836E-32