TraitMin,TraitMax,TraitAvg,TraitStdev,TraitTotal
136.0,560.0,277.38345252630967,107.15173808123279,245.2336448598131
