TraitMin,TraitMax,TraitAvg,TraitStdev,TraitTotal
115.0,460.0,239.53079668869142,78.31686180926727,223.36283185840708
