TimeMin,TimeMax,TimeAvg,TimeStdev,TimeTotal
640.0,5840.0,1948.235294117647,1223.361979494202,33120.0
