TimeMin,TimeMax,TimeAvg,TimeStdev,TimeTotal
440.0,8080.0,2363.076923076923,1991.5799086515156,30720.0
