TimeMin,TimeMax,TimeAvg,TimeStdev,TimeTotal
400.0,9320.0,2493.3333333333335,2565.947951321088,29920.0
