TraitMin,TraitMax,TraitAvg,TraitStdev,TraitTotal
49.23076923076923,920.0,352.20020951270953,226.12530192303913,278.1818181818182
