TimeMin,TimeMax,TimeAvg,TimeStdev,TimeTotal
480.0,6200.0,1874.2857142857142,1371.952280957501,39360.0
