SentiMin,SentiMax,SentiAvg,SentiStdev,Senti0-0.20,Senti0.21-0.40,Senti0.41-0.60,Senti0.61-0.80,Senti0.81-1.00,SentiTotal
0.129130586725025,0.6624055896622104,0.3684927786916134,0.17459475666730925,1.0,2.0,2.0,1.0,0.0,0.023902779992655783