TimeMin,TimeMax,TimeAvg,TimeStdev,TimeTotal
400.0,4840.0,1809.6666666666667,1562.8821310500532,10858.0
