TimeMin,TimeMax,TimeAvg,TimeStdev,TimeTotal
152.0,5000.0,2575.818181818182,1366.4617759469043,28334.0
