SentiMin,SentiMax,SentiAvg,SentiStdev,Senti0-0.20,Senti0.21-0.40,Senti0.41-0.60,Senti0.61-0.80,Senti0.81-1.00,SentiTotal
1.6026612986852686E-5,0.5224608282804026,0.21133695081151305,0.1870279468376789,3.0,2.0,2.0,0.0,0.0,3.698057830733381E-10