TraitMin,TraitMax,TraitAvg,TraitStdev,TraitTotal
325.7142857142857,1396.0,670.4393939393939,309.34004890890003,542.3148148148148
