TraitMin,TraitMax,TraitAvg,TraitStdev,TraitTotal
50.666666666666664,792.0,486.3394988849534,196.63253268410475,523.4047619047619
