TimeMin,TimeMax,TimeAvg,TimeStdev,TimeTotal
1000.0,6600.0,2662.2727272727275,1594.0637657434531,29285.0
