TimeMin,TimeMax,TimeAvg,TimeStdev,TimeTotal
152.0,4560.0,2075.176470588235,1058.6849909366817,35278.0
