SentiMin,SentiMax,SentiAvg,SentiStdev,Senti0-0.20,Senti0.21-0.40,Senti0.41-0.60,Senti0.61-0.80,Senti0.81-1.00,SentiTotal
0.004696853165192437,0.5318834537628724,0.2361521626962702,0.18279836368693553,6.0,2.0,3.0,0.0,0.0,8.819226274443393E-10