TraitMin,TraitMax,TraitAvg,TraitStdev,TraitTotal
480.0,1013.3333333333334,683.9666666666667,185.21808167070998,660.6666666666666
