SentiMin,SentiMax,SentiAvg,SentiStdev,Senti0-0.20,Senti0.21-0.40,Senti0.41-0.60,Senti0.61-0.80,Senti0.81-1.00,SentiTotal
6.331932433673677E-4,0.6242094968955547,0.17455651341888398,0.18037116292015284,12.0,3.0,1.0,1.0,0.0,4.356176904804305E-19