TimeMin,TimeMax,TimeAvg,TimeStdev,TimeTotal
840.0,3860.0,1778.111111111111,948.9728300108309,16003.0
