TimeMin,TimeMax,TimeAvg,TimeStdev,TimeTotal
152.0,7160.0,3996.909090909091,2211.2353377712343,43966.0
