TraitMin,TraitMax,TraitAvg,TraitStdev,TraitTotal
152.0,1368.0,800.9766666666667,372.03552460305,661.6666666666666
