TraitMin,TraitMax,TraitAvg,TraitStdev,TraitTotal
160.0,1000.0,417.2331691297209,260.7692695110834,370.0943396226415
