SentiMin,SentiMax,SentiAvg,SentiStdev,Senti0-0.20,Senti0.21-0.40,Senti0.41-0.60,Senti0.61-0.80,Senti0.81-1.00,SentiTotal
6.798448392559011E-4,0.6615796710358065,0.1545478311107257,0.22969757662112397,8.0,1.0,1.0,1.0,0.0,2.1542193154411916E-18