SentiMin,SentiMax,SentiAvg,SentiStdev,Senti0-0.20,Senti0.21-0.40,Senti0.41-0.60,Senti0.61-0.80,Senti0.81-1.00,SentiTotal
0.0018984580764552425,0.39697510199130176,0.13507075112362005,0.13932084911015385,8.0,3.0,0.0,0.0,0.0,3.909788970704527E-14