TraitMin,TraitMax,TraitAvg,TraitStdev,TraitTotal
280.0,1000.0,570.4642857142858,222.75507458917298,551.8275862068965
