TraitMin,TraitMax,TraitAvg,TraitStdev,TraitTotal
152.0,1320.0,504.92920168067235,293.7580311787902,440.975
