TraitMin,TraitMax,TraitAvg,TraitStdev,TraitTotal
243.5,1640.0,617.5,519.0177260942058,484.0344827586207
