TimeMin,TimeMax,TimeAvg,TimeStdev,TimeTotal
795.0,11860.0,2802.1428571428573,3716.0576817209862,19615.0
