SentiMin,SentiMax,SentiAvg,SentiStdev,Senti0-0.20,Senti0.21-0.40,Senti0.41-0.60,Senti0.61-0.80,Senti0.81-1.00,SentiTotal
0.018222462613379356,0.6040107436970424,0.2709200351098461,0.1907741362634423,4.0,4.0,1.0,1.0,0.0,1.0031640805995173E-6