TraitMin,TraitMax,TraitAvg,TraitStdev,TraitTotal
30.4,1480.0,712.0363636363636,400.6092444745803,578.2448979591836
