SentiMin,SentiMax,SentiAvg,SentiStdev,Senti0-0.20,Senti0.21-0.40,Senti0.41-0.60,Senti0.61-0.80,Senti0.81-1.00,SentiTotal
0.01322947963821585,0.3041233943377613,0.15867643698798858,0.14544695734977273,1.0,1.0,0.0,0.0,0.0,0.005874177770172405