SentiMin,SentiMax,SentiAvg,SentiStdev,Senti0-0.20,Senti0.21-0.40,Senti0.41-0.60,Senti0.61-0.80,Senti0.81-1.00,SentiTotal
0.2300994389231331,0.5008071308055985,0.38931858453096113,0.11246079174732108,0.0,3.0,4.0,0.0,0.0,0.03516540283045529