TimeMin,TimeMax,TimeAvg,TimeStdev,TimeTotal
528.0,2071.0,1030.2857142857142,464.22276496333535,7212.0
