TraitMin,TraitMax,TraitAvg,TraitStdev,TraitTotal
107.75,1264.0,514.6071428571429,358.1349969221218,359.4736842105263
