SentiMin,SentiMax,SentiAvg,SentiStdev,Senti0-0.20,Senti0.21-0.40,Senti0.41-0.60,Senti0.61-0.80,Senti0.81-1.00,SentiTotal
0.11723694433641699,0.49789225920557484,0.32595194204371586,0.1480435239536579,3.0,2.0,4.0,0.0,0.0,5.991739522218515E-4