TimeMin,TimeMax,TimeAvg,TimeStdev,TimeTotal
431.0,1760.0,975.7142857142857,489.0047368411284,6830.0
