TraitMin,TraitMax,TraitAvg,TraitStdev,TraitTotal
270.4,1348.0,739.3777777777779,382.76204741101435,551.6315789473684
