TraitMin,TraitMax,TraitAvg,TraitStdev,TraitTotal
56.0,3440.0,1194.0836940836941,1202.7595429755168,405.8333333333333
