TraitMin,TraitMax,TraitAvg,TraitStdev,TraitTotal
296.0,880.0,460.9166666666667,174.59634000873112,374.11764705882354
