SentiMin,SentiMax,SentiAvg,SentiStdev,Senti0-0.20,Senti0.21-0.40,Senti0.41-0.60,Senti0.61-0.80,Senti0.81-1.00,SentiTotal
0.03080582721554975,0.49789225920557484,0.2527005373009229,0.15177401736648366,3.0,5.0,2.0,0.0,0.0,3.8654378321541777E-7