SentiMin,SentiMax,SentiAvg,SentiStdev,Senti0-0.20,Senti0.21-0.40,Senti0.41-0.60,Senti0.61-0.80,Senti0.81-1.00,SentiTotal
2.5063786454451194E-4,0.4898631585877994,0.20010300946794607,0.1447003108859423,5.0,2.0,1.0,0.0,0.0,2.2071978737566946E-8