SentiMin,SentiMax,SentiAvg,SentiStdev,Senti0-0.20,Senti0.21-0.40,Senti0.41-0.60,Senti0.61-0.80,Senti0.81-1.00,SentiTotal
0.013998009238718178,0.49789225920557484,0.2976759365437764,0.19883808132254213,3.0,2.0,4.0,0.0,0.0,4.801114351200299E-6