SentiMin,SentiMax,SentiAvg,SentiStdev,Senti0-0.20,Senti0.21-0.40,Senti0.41-0.60,Senti0.61-0.80,Senti0.81-1.00,SentiTotal
1.659782058879297E-5,0.49789225920557484,0.22694806595353909,0.19600782908435951,6.0,3.0,4.0,0.0,0.0,1.6272608469466883E-17