SentiMin,SentiMax,SentiAvg,SentiStdev,Senti0-0.20,Senti0.21-0.40,Senti0.41-0.60,Senti0.61-0.80,Senti0.81-1.00,SentiTotal
0.03569766358106436,0.5136446707795853,0.28269207157580545,0.18062449601064798,3.0,3.0,3.0,0.0,0.0,1.801188406646849E-5