SentiMin,SentiMax,SentiAvg,SentiStdev,Senti0-0.20,Senti0.21-0.40,Senti0.41-0.60,Senti0.61-0.80,Senti0.81-1.00,SentiTotal
0.0011482854932222388,0.49789225920557484,0.27069168154307,0.13750067130390278,3.0,6.0,2.0,0.0,0.0,1.2590105547467787E-7