TraitMin,TraitMax,TraitAvg,TraitStdev,TraitTotal
302.85714285714283,800.0,516.9126984126983,165.39850999203037,477.77777777777777
