TraitMin,TraitMax,TraitAvg,TraitStdev,TraitTotal
391.42857142857144,1240.0,670.8730158730159,294.04210306931395,459.09090909090907
