TraitMin,TraitMax,TraitAvg,TraitStdev,TraitTotal
360.0,1000.0,692.5714285714286,264.3260200925349,518.9473684210526
