TimeMin,TimeMax,TimeAvg,TimeStdev,TimeTotal
760.0,3160.0,1733.3333333333333,765.0127086816561,15600.0
