TraitMin,TraitMax,TraitAvg,TraitStdev,TraitTotal
250.66666666666666,640.0,422.22222222222223,162.27031250659394,299.04761904761904
