TraitMin,TraitMax,TraitAvg,TraitStdev,TraitTotal
264.0,700.0,474.4615384615385,155.76571695941843,410.5882352941176
