TraitMin,TraitMax,TraitAvg,TraitStdev,TraitTotal
271.42857142857144,1640.0,916.7460317460318,536.242085677731,465.6
