TraitMin,TraitMax,TraitAvg,TraitStdev,TraitTotal
200.0,1040.0,471.1111111111111,242.21957185094337,361.14285714285717
