TraitMin,TraitMax,TraitAvg,TraitStdev,TraitTotal
262.85714285714283,920.0,520.0523809523809,242.91815708811046,375.27272727272725
