SentiMin,SentiMax,SentiAvg,SentiStdev,Senti0-0.20,Senti0.21-0.40,Senti0.41-0.60,Senti0.61-0.80,Senti0.81-1.00,SentiTotal
0.026954817906842662,0.49789225920557484,0.2850307157963072,0.18022297551014113,2.0,3.0,2.0,0.0,0.0,1.186655107978178E-4