SentiMin,SentiMax,SentiAvg,SentiStdev,Senti0-0.20,Senti0.21-0.40,Senti0.41-0.60,Senti0.61-0.80,Senti0.81-1.00,SentiTotal
0.11959691940033572,0.6518298141834895,0.43553828931129024,0.14221192118610007,1.0,2.0,6.0,1.0,0.0,0.044646408342484234