TraitMin,TraitMax,TraitAvg,TraitStdev,TraitTotal
360.0,1200.0,669.2444444444445,289.72002151076396,598.5714285714286
