SentiMin,SentiMax,SentiAvg,SentiStdev,Senti0-0.20,Senti0.21-0.40,Senti0.41-0.60,Senti0.61-0.80,Senti0.81-1.00,SentiTotal
0.006987839905702075,0.5136446707795853,0.2220320781261787,0.23282262161452688,3.0,0.0,2.0,0.0,0.0,1.1103568913342485E-5