TimeMin,TimeMax,TimeAvg,TimeStdev,TimeTotal
1000.0,6720.0,2232.7272727272725,1554.1445522396552,24560.0
