TraitMin,TraitMax,TraitAvg,TraitStdev,TraitTotal
220.0,1080.0,405.65726086778716,212.04162660024795,329.4117647058824
