TraitMin,TraitMax,TraitAvg,TraitStdev,TraitTotal
428.57142857142856,1640.0,861.9880952380953,368.545469239313,625.0
