SentiMin,SentiMax,SentiAvg,SentiStdev,Senti0-0.20,Senti0.21-0.40,Senti0.41-0.60,Senti0.61-0.80,Senti0.81-1.00,SentiTotal
7.252307601460827E-5,0.49789225920557484,0.2895919317470457,0.1870595341224431,4.0,3.0,5.0,0.0,0.0,1.6214579989937262E-9