TraitMin,TraitMax,TraitAvg,TraitStdev,TraitTotal
216.66666666666666,800.0,406.6772486772487,209.9774427623687,312.0
