TraitMin,TraitMax,TraitAvg,TraitStdev,TraitTotal
265.0,1000.0,482.63279857397504,218.55906783926167,377.84615384615387
