TimeMin,TimeMax,TimeAvg,TimeStdev,TimeTotal
1040.0,6960.0,2493.3333333333335,1952.5026675184508,22440.0
