SentiMin,SentiMax,SentiAvg,SentiStdev,Senti0-0.20,Senti0.21-0.40,Senti0.41-0.60,Senti0.61-0.80,Senti0.81-1.00,SentiTotal
0.043973413251646276,0.3996580091506196,0.2283282804646356,0.15180630530381603,2.0,3.0,0.0,0.0,0.0,4.944642149950099E-4