TraitMin,TraitMax,TraitAvg,TraitStdev,TraitTotal
142.13333333333333,952.0,431.39431596329996,276.07937178481444,326.11009174311926
