SentiMin,SentiMax,SentiAvg,SentiStdev,Senti0-0.20,Senti0.21-0.40,Senti0.41-0.60,Senti0.61-0.80,Senti0.81-1.00,SentiTotal
4.785755902402149E-5,0.47674935833294274,0.26856504022563005,0.16673900906246436,3.0,3.0,2.0,0.0,0.0,1.3172421131150123E-7