TraitMin,TraitMax,TraitAvg,TraitStdev,TraitTotal
151.5,587.4,285.7469246031746,126.59973018640264,285.1363636363636
