TraitMin,TraitMax,TraitAvg,TraitStdev,TraitTotal
1.0,2014.0,526.4964285714286,620.7194825617138,319.4931506849315
