TraitMin,TraitMax,TraitAvg,TraitStdev,TraitTotal
95.28571428571429,730.6666666666666,300.39935064935065,160.6597591776411,259.8125
