SentiMin,SentiMax,SentiAvg,SentiStdev,Senti0-0.20,Senti0.21-0.40,Senti0.41-0.60,Senti0.61-0.80,Senti0.81-1.00,SentiTotal
2.680197208695274E-7,0.7219700872106688,0.1831288557580944,0.23973225347271557,5.0,2.0,0.0,1.0,0.0,1.8503040996346133E-17