TimeMin,TimeMax,TimeAvg,TimeStdev,TimeTotal
529.0,9887.0,3271.5555555555557,2983.946570534142,29444.0
