TraitMin,TraitMax,TraitAvg,TraitStdev,TraitTotal
124.0,624.8,319.224761904762,125.08704890627818,324.95081967213116
