SentiMin,SentiMax,SentiAvg,SentiStdev,Senti0-0.20,Senti0.21-0.40,Senti0.41-0.60,Senti0.61-0.80,Senti0.81-1.00,SentiTotal
0.004562885018547497,0.7745982578167736,0.41363780702538894,0.18834252097336207,1.0,3.0,5.0,1.0,0.0,0.0011563388643724604