TimeMin,TimeMax,TimeAvg,TimeStdev,TimeTotal
232.0,3640.0,1334.0666666666666,745.8197697090691,20011.0
