TraitMin,TraitMax,TraitAvg,TraitStdev,TraitTotal
198.8,721.0,423.3151251526251,181.53528028525358,343.85
