SentiMin,SentiMax,SentiAvg,SentiStdev,Senti0-0.20,Senti0.21-0.40,Senti0.41-0.60,Senti0.61-0.80,Senti0.81-1.00,SentiTotal
1.6373837128423554E-5,0.5262971153419007,0.2218981865751998,0.19730386582808387,6.0,6.0,2.0,0.0,0.0,9.353249238412998E-18