SentiMin,SentiMax,SentiAvg,SentiStdev,Senti0-0.20,Senti0.21-0.40,Senti0.41-0.60,Senti0.61-0.80,Senti0.81-1.00,SentiTotal
0.03380211872493466,0.47611962928659424,0.22283781175094053,0.1565937843625191,3.0,4.0,1.0,0.0,0.0,2.5071096921470726E-6