SentiMin,SentiMax,SentiAvg,SentiStdev,Senti0-0.20,Senti0.21-0.40,Senti0.41-0.60,Senti0.61-0.80,Senti0.81-1.00,SentiTotal
2.3912965108021804E-4,0.9996912407041564,0.30102551127124616,0.331708952278602,7.0,1.0,2.0,0.0,2.0,9.643052135472515E-9