TimeMin,TimeMax,TimeAvg,TimeStdev,TimeTotal
1.0,7019.0,2020.3333333333333,2140.608843815755,24244.0
