SentiMin,SentiMax,SentiAvg,SentiStdev,Senti0-0.20,Senti0.21-0.40,Senti0.41-0.60,Senti0.61-0.80,Senti0.81-1.00,SentiTotal
2.4104399517052966E-5,0.7834895325951853,0.16486843415894437,0.25460006393016454,6.0,2.0,0.0,1.0,0.0,4.971201136789099E-22