TraitMin,TraitMax,TraitAvg,TraitStdev,TraitTotal
198.3,821.6666666666666,420.99394841269844,204.78180926088515,319.6341463414634
