SentiMin,SentiMax,SentiAvg,SentiStdev,Senti0-0.20,Senti0.21-0.40,Senti0.41-0.60,Senti0.61-0.80,Senti0.81-1.00,SentiTotal
5.217793064259842E-9,0.6624055896622104,0.17920071685765562,0.23545285522372933,8.0,0.0,2.0,1.0,0.0,1.0780744753541075E-20