SentiMin,SentiMax,SentiAvg,SentiStdev,Senti0-0.20,Senti0.21-0.40,Senti0.41-0.60,Senti0.61-0.80,Senti0.81-1.00,SentiTotal
0.0033082539142885213,0.9983864964569151,0.3250239835646333,0.3520171252543124,5.0,2.0,1.0,0.0,2.0,2.56172119997728E-5