TraitMin,TraitMax,TraitAvg,TraitStdev,TraitTotal
63.4,726.5,281.5772095959596,146.150423670332,289.14285714285717
