TraitMin,TraitMax,TraitAvg,TraitStdev,TraitTotal
106.5,549.2777777777778,381.5706077872744,153.98057806486133,403.3424657534247
