SentiMin,SentiMax,SentiAvg,SentiStdev,Senti0-0.20,Senti0.21-0.40,Senti0.41-0.60,Senti0.61-0.80,Senti0.81-1.00,SentiTotal
3.0097691938132183E-4,0.49789225920557484,0.1122554901900917,0.1610000028015623,8.0,2.0,1.0,0.0,0.0,5.633457449812535E-21