TraitMin,TraitMax,TraitAvg,TraitStdev,TraitTotal
149.875,570.3333333333334,295.28204447068083,102.40564102018463,278.6969696969697
