SentiMin,SentiMax,SentiAvg,SentiStdev,Senti0-0.20,Senti0.21-0.40,Senti0.41-0.60,Senti0.61-0.80,Senti0.81-1.00,SentiTotal
7.46452352930447E-6,0.9915453054080046,0.1522245092216058,0.29359569929491974,14.0,0.0,0.0,0.0,2.0,6.320448133051097E-29