SentiMin,SentiMax,SentiAvg,SentiStdev,Senti0-0.20,Senti0.21-0.40,Senti0.41-0.60,Senti0.61-0.80,Senti0.81-1.00,SentiTotal
1.1217003168203081E-8,0.7410042912827477,0.16885943178325105,0.24182749749810564,7.0,3.0,0.0,1.0,0.0,1.5169707898189728E-31