SentiMin,SentiMax,SentiAvg,SentiStdev,Senti0-0.20,Senti0.21-0.40,Senti0.41-0.60,Senti0.61-0.80,Senti0.81-1.00,SentiTotal
6.19803437203337E-5,0.5628056929000496,0.16590607938443444,0.19014040561319737,8.0,2.0,1.0,0.0,0.0,1.7010662950851399E-18