SentiMin,SentiMax,SentiAvg,SentiStdev,Senti0-0.20,Senti0.21-0.40,Senti0.41-0.60,Senti0.61-0.80,Senti0.81-1.00,SentiTotal
1.1297496503130348E-5,0.9068294513427481,0.24459144316432246,0.2582360495043354,9.0,2.0,3.0,0.0,1.0,2.644235576415439E-17