TraitMin,TraitMax,TraitAvg,TraitStdev,TraitTotal
116.0,656.0,334.1595767195767,148.56486320892336,263.30263157894734
