TraitMin,TraitMax,TraitAvg,TraitStdev,TraitTotal
175.0,1100.0,449.3646825396826,232.46451525931715,388.5571428571429
