TraitMin,TraitMax,TraitAvg,TraitStdev,TraitTotal
185.125,746.0,352.00669642857144,161.14802294259002,302.9016393442623
