TimeMin,TimeMax,TimeAvg,TimeStdev,TimeTotal
760.0,8240.0,2449.230769230769,1959.287396119241,31840.0
