TraitMin,TraitMax,TraitAvg,TraitStdev,TraitTotal
260.0,1000.0,506.52941176470597,188.58929233697216,447.0175438596491
