TraitMin,TraitMax,TraitAvg,TraitStdev,TraitTotal
249.23076923076923,1000.0,457.4279054279055,218.78271637539896,370.3448275862069
