SentiMin,SentiMax,SentiAvg,SentiStdev,Senti0-0.20,Senti0.21-0.40,Senti0.41-0.60,Senti0.61-0.80,Senti0.81-1.00,SentiTotal
9.597803744412878E-6,0.5744730467943153,0.1742221011653476,0.19900359294784406,7.0,3.0,1.0,0.0,0.0,2.1415706465387066E-19