TraitMin,TraitMax,TraitAvg,TraitStdev,TraitTotal
221.8181818181818,800.0,457.98694638694633,173.24874590790373,379.4871794871795
