TimeMin,TimeMax,TimeAvg,TimeStdev,TimeTotal
560.0,2640.0,1301.8181818181818,621.1692520315389,14320.0
