TraitMin,TraitMax,TraitAvg,TraitStdev,TraitTotal
29.0,1413.3333333333333,672.6666666666666,364.77496868312903,626.3333333333334
