TimeMin,TimeMax,TimeAvg,TimeStdev,TimeTotal
1000.0,4000.0,1952.7272727272727,1026.743226367996,21480.0
