TraitMin,TraitMax,TraitAvg,TraitStdev,TraitTotal
190.0,1000.0,465.81904761904764,247.55641863656712,368.2758620689655
