SentiMin,SentiMax,SentiAvg,SentiStdev,Senti0-0.20,Senti0.21-0.40,Senti0.41-0.60,Senti0.61-0.80,Senti0.81-1.00,SentiTotal
5.441248620284623E-9,0.3772948714605888,0.16908152525843598,0.16922281785933818,5.0,5.0,0.0,0.0,0.0,4.056945926543581E-25