TraitMin,TraitMax,TraitAvg,TraitStdev,TraitTotal
248.0,1000.0,612.8484848484849,219.2824092875597,477.3333333333333
