SentiMin,SentiMax,SentiAvg,SentiStdev,Senti0-0.20,Senti0.21-0.40,Senti0.41-0.60,Senti0.61-0.80,Senti0.81-1.00,SentiTotal
9.265037631135684E-4,0.9864394566474399,0.3349314194677202,0.2533535881068938,5.0,3.0,8.0,0.0,1.0,1.2048995658137032E-9