SentiMin,SentiMax,SentiAvg,SentiStdev,Senti0-0.20,Senti0.21-0.40,Senti0.41-0.60,Senti0.61-0.80,Senti0.81-1.00,SentiTotal
0.0010943865632424988,0.2659387160401671,0.09219716557103962,0.07782428444181948,9.0,1.0,0.0,0.0,0.0,1.0215292791612302E-13