TimeMin,TimeMax,TimeAvg,TimeStdev,TimeTotal
680.0,4080.0,1778.8235294117646,898.4292328865922,30240.0
