SentiMin,SentiMax,SentiAvg,SentiStdev,Senti0-0.20,Senti0.21-0.40,Senti0.41-0.60,Senti0.61-0.80,Senti0.81-1.00,SentiTotal
7.020723159888028E-7,0.8240022014681972,0.3208310799026154,0.26935188602029747,5.0,2.0,4.0,1.0,1.0,3.742036039945931E-15