SentiMin,SentiMax,SentiAvg,SentiStdev,Senti0-0.20,Senti0.21-0.40,Senti0.41-0.60,Senti0.61-0.80,Senti0.81-1.00,SentiTotal
0.3041233943377613,0.8693667631897425,0.46552070967187315,0.15215352829328455,0.0,6.0,6.0,1.0,1.0,0.23687300323037305