TraitMin,TraitMax,TraitAvg,TraitStdev,TraitTotal
235.0,1240.0,635.3921568627451,303.56255582328055,504.0
