SentiMin,SentiMax,SentiAvg,SentiStdev,Senti0-0.20,Senti0.21-0.40,Senti0.41-0.60,Senti0.61-0.80,Senti0.81-1.00,SentiTotal
0.011918307497261402,0.5657124225880442,0.3099537701633219,0.19343343369649693,4.0,2.0,4.0,0.0,0.0,9.359439974505807E-6