TraitMin,TraitMax,TraitAvg,TraitStdev,TraitTotal
205.0,1000.0,378.5462454212454,239.50413297908378,305.7142857142857
