TraitMin,TraitMax,TraitAvg,TraitStdev,TraitTotal
226.66666666666666,1160.0,612.7083333333333,281.4273360676093,466.0
