TraitMin,TraitMax,TraitAvg,TraitStdev,TraitTotal
280.0,720.0,421.9166666666667,145.47295949572361,380.0
