TraitMin,TraitMax,TraitAvg,TraitStdev,TraitTotal
344.0,1000.0,541.3809523809524,240.16663244062127,435.55555555555554
