TimeMin,TimeMax,TimeAvg,TimeStdev,TimeTotal
840.0,3440.0,1556.3636363636363,895.3137868141561,17120.0
