TraitMin,TraitMax,TraitAvg,TraitStdev,TraitTotal
248.0,1600.0,559.2857142857143,317.0818795947617,450.0
