TraitMin,TraitMax,TraitAvg,TraitStdev,TraitTotal
270.0,1520.0,662.7445887445887,370.51246189225327,480.8695652173913
