SentiMin,SentiMax,SentiAvg,SentiStdev,Senti0-0.20,Senti0.21-0.40,Senti0.41-0.60,Senti0.61-0.80,Senti0.81-1.00,SentiTotal
1.5822179672347965E-5,0.49789225920557484,0.25145604957294726,0.18053018827068115,3.0,5.0,2.0,0.0,0.0,1.8522665838265206E-11