SentiMin,SentiMax,SentiAvg,SentiStdev,Senti0-0.20,Senti0.21-0.40,Senti0.41-0.60,Senti0.61-0.80,Senti0.81-1.00,SentiTotal
0.026886836087453587,0.49789225920557484,0.22618858717344667,0.17871178101476545,4.0,2.0,2.0,0.0,0.0,1.9795564846014004E-6