TraitMin,TraitMax,TraitAvg,TraitStdev,TraitTotal
266.6666666666667,880.0,478.63167388167386,166.71875586967423,437.3626373626374
