SentiMin,SentiMax,SentiAvg,SentiStdev,Senti0-0.20,Senti0.21-0.40,Senti0.41-0.60,Senti0.61-0.80,Senti0.81-1.00,SentiTotal
0.13252746967989648,0.5982847095582557,0.324241698775459,0.13633324379833084,2.0,9.0,2.0,0.0,0.0,3.0386268684248136E-5