TimeMin,TimeMax,TimeAvg,TimeStdev,TimeTotal
480.0,6320.0,1768.888888888889,1715.682206033147,15920.0
