SentiMin,SentiMax,SentiAvg,SentiStdev,Senti0-0.20,Senti0.21-0.40,Senti0.41-0.60,Senti0.61-0.80,Senti0.81-1.00,SentiTotal
1.773161173778003E-5,0.49789225920557484,0.24736840275116356,0.1520546992994167,5.0,6.0,3.0,0.0,0.0,3.2013540076654025E-12