TraitMin,TraitMax,TraitAvg,TraitStdev,TraitTotal
206.66666666666666,1320.0,579.1666666666665,312.0863929534043,452.8301886792453
