TraitMin,TraitMax,TraitAvg,TraitStdev,TraitTotal
320.0,1280.0,606.3133903133903,296.4443601122834,497.5
