TraitMin,TraitMax,TraitAvg,TraitStdev,TraitTotal
300.0,1360.0,638.3873015873016,320.486718790559,605.4545454545455
