SentiMin,SentiMax,SentiAvg,SentiStdev,Senti0-0.20,Senti0.21-0.40,Senti0.41-0.60,Senti0.61-0.80,Senti0.81-1.00,SentiTotal
0.08416240590792011,0.96818178353872,0.43156939660618876,0.2502681198824497,2.0,7.0,1.0,3.0,1.0,0.03317892623055023