SentiMin,SentiMax,SentiAvg,SentiStdev,Senti0-0.20,Senti0.21-0.40,Senti0.41-0.60,Senti0.61-0.80,Senti0.81-1.00,SentiTotal
0.09413178442589475,0.49789225920557484,0.3136360851176194,0.15094662048324056,3.0,6.0,4.0,0.0,0.0,8.730495510717567E-6