SentiMin,SentiMax,SentiAvg,SentiStdev,Senti0-0.20,Senti0.21-0.40,Senti0.41-0.60,Senti0.61-0.80,Senti0.81-1.00,SentiTotal
6.664833529889876E-4,0.5159436667231726,0.2428933928679191,0.20146647140817178,9.0,2.0,5.0,0.0,0.0,2.113881186964035E-14