TraitMin,TraitMax,TraitAvg,TraitStdev,TraitTotal
206.66666666666666,960.0,630.5494505494505,203.06613992271073,569.7297297297297
