SentiMin,SentiMax,SentiAvg,SentiStdev,Senti0-0.20,Senti0.21-0.40,Senti0.41-0.60,Senti0.61-0.80,Senti0.81-1.00,SentiTotal
0.0023758682650193946,0.6423079235659549,0.3328015226739549,0.21002501397803253,2.0,3.0,4.0,1.0,0.0,3.6734796043807428E-6