SentiMin,SentiMax,SentiAvg,SentiStdev,Senti0-0.20,Senti0.21-0.40,Senti0.41-0.60,Senti0.61-0.80,Senti0.81-1.00,SentiTotal
1.1877193125420753E-6,0.5136446707795853,0.1398367041766022,0.21343351780941588,6.0,0.0,2.0,0.0,0.0,3.974409678879339E-21