SentiMin,SentiMax,SentiAvg,SentiStdev,Senti0-0.20,Senti0.21-0.40,Senti0.41-0.60,Senti0.61-0.80,Senti0.81-1.00,SentiTotal
0.001166907306017768,0.49559055995447765,0.28147417561360455,0.18977059732727214,2.0,2.0,3.0,0.0,0.0,6.684478761499844E-8