TimeMin,TimeMax,TimeAvg,TimeStdev,TimeTotal
680.0,3360.0,1342.857142857143,859.7294306219551,9400.0
