SentiMin,SentiMax,SentiAvg,SentiStdev,Senti0-0.20,Senti0.21-0.40,Senti0.41-0.60,Senti0.61-0.80,Senti0.81-1.00,SentiTotal
9.31138126040075E-4,0.5628056929000496,0.32870877281658106,0.2064153661471514,2.0,2.0,5.0,0.0,0.0,1.2445593656420755E-6