TraitMin,TraitMax,TraitAvg,TraitStdev,TraitTotal
246.66666666666666,1000.0,581.7316017316017,251.0735033556005,391.6666666666667
