TraitMin,TraitMax,TraitAvg,TraitStdev,TraitTotal
309.09090909090907,1440.0,693.9173553719008,340.1522297085905,462.7027027027027
