TraitMin,TraitMax,TraitAvg,TraitStdev,TraitTotal
221.53846153846155,1320.0,515.8119658119658,378.40715064078034,316.3636363636364
