SentiMin,SentiMax,SentiAvg,SentiStdev,Senti0-0.20,Senti0.21-0.40,Senti0.41-0.60,Senti0.61-0.80,Senti0.81-1.00,SentiTotal
0.003647161011686711,0.5012687387308409,0.2914151643464997,0.16984209681099754,4.0,7.0,4.0,0.0,0.0,1.2825392045356535E-10