TimeMin,TimeMax,TimeAvg,TimeStdev,TimeTotal
520.0,3840.0,1621.5384615384614,1080.2410425729859,21080.0
