TimeMin,TimeMax,TimeAvg,TimeStdev,TimeTotal
520.0,7040.0,2206.6666666666665,1801.912564163114,26480.0
