TraitMin,TraitMax,TraitAvg,TraitStdev,TraitTotal
397.77777777777777,460.0,435.60334528076464,27.11891109518848,437.53846153846155
