SentiMin,SentiMax,SentiAvg,SentiStdev,Senti0-0.20,Senti0.21-0.40,Senti0.41-0.60,Senti0.61-0.80,Senti0.81-1.00,SentiTotal
1.7423734685880691E-4,0.08720970112016174,0.01889809943636648,0.03422041845542056,5.0,0.0,0.0,0.0,0.0,3.609553519010105E-14