SentiMin,SentiMax,SentiAvg,SentiStdev,Senti0-0.20,Senti0.21-0.40,Senti0.41-0.60,Senti0.61-0.80,Senti0.81-1.00,SentiTotal
4.012492331214973E-4,0.5587345051899553,0.251104920911816,0.21995928164953593,3.0,1.0,2.0,0.0,0.0,1.1459424712909727E-6