TraitMin,TraitMax,TraitAvg,TraitStdev,TraitTotal
614.1176470588235,827.8260869565217,720.9718670076727,106.8542199488491,737.0
