SentiMin,SentiMax,SentiAvg,SentiStdev,Senti0-0.20,Senti0.21-0.40,Senti0.41-0.60,Senti0.61-0.80,Senti0.81-1.00,SentiTotal
2.663789669252893E-4,0.024222511683524073,0.012244445325224682,0.011978066358299391,2.0,0.0,0.0,0.0,0.0,6.670258390189601E-6