SentiMin,SentiMax,SentiAvg,SentiStdev,Senti0-0.20,Senti0.21-0.40,Senti0.41-0.60,Senti0.61-0.80,Senti0.81-1.00,SentiTotal
0.0010301019294268918,0.018082259261242857,0.0057396056420302615,0.007160045197984744,4.0,0.0,0.0,0.0,0.0,5.849683419352998E-11