SentiMin,SentiMax,SentiAvg,SentiStdev,Senti0-0.20,Senti0.21-0.40,Senti0.41-0.60,Senti0.61-0.80,Senti0.81-1.00,SentiTotal
2.9735306707272334E-5,0.4532571726492947,0.12098525118672646,0.1692012744782922,4.0,0.0,1.0,0.0,0.0,2.0311758877626705E-9