TraitMin,TraitMax,TraitAvg,TraitStdev,TraitTotal
458.0,668.5714285714286,583.3744588744589,79.0199902344692,590.3157894736842
