TraitMin,TraitMax,TraitAvg,TraitStdev,TraitTotal
263.1578947368421,793.0434782608696,595.161454360539,199.38032182460105,604.5569620253165
