TraitMin,TraitMax,TraitAvg,TraitStdev,TraitTotal
209.0909090909091,600.0,344.7705627705628,137.8543364184693,281.7391304347826
