TraitMin,TraitMax,TraitAvg,TraitStdev,TraitTotal
320.0,877.5,518.4325396825396,176.74128853194568,545.9154929577464
