TraitMin,TraitMax,TraitAvg,TraitStdev,TraitTotal
188.57142857142858,760.0,388.4090569561157,184.00573948700563,323.1111111111111
