TraitMin,TraitMax,TraitAvg,TraitStdev,TraitTotal
460.95238095238096,974.5454545454545,591.7344150891062,193.7038002753708,549.0196078431372
