SentiMin,SentiMax,SentiAvg,SentiStdev,Senti0-0.20,Senti0.21-0.40,Senti0.41-0.60,Senti0.61-0.80,Senti0.81-1.00,SentiTotal
1.0423683464267425E-6,0.015171875655234016,0.0044672016125391805,0.006266622492017753,4.0,0.0,0.0,0.0,0.0,4.523531648399505E-15