SentiMin,SentiMax,SentiAvg,SentiStdev,Senti0-0.20,Senti0.21-0.40,Senti0.41-0.60,Senti0.61-0.80,Senti0.81-1.00,SentiTotal
2.348271042008744E-4,3.780893171691966E-4,3.064582106850355E-4,7.16311064841611E-5,2.0,0.0,0.0,0.0,0.0,8.95922331930304E-8