SentiMin,SentiMax,SentiAvg,SentiStdev,Senti0-0.20,Senti0.21-0.40,Senti0.41-0.60,Senti0.61-0.80,Senti0.81-1.00,SentiTotal
0.08342021031862229,0.39697510199130176,0.27792081924340467,0.12096240878132267,3.0,6.0,0.0,0.0,0.0,6.47115957522596E-5