TimeMin,TimeMax,TimeAvg,TimeStdev,TimeTotal
800.0,6720.0,2297.777777777778,1924.6343247356413,20680.0
