TraitMin,TraitMax,TraitAvg,TraitStdev,TraitTotal
530.0,1000.0,685.7142857142857,164.60961858473595,621.1764705882352
