TraitMin,TraitMax,TraitAvg,TraitStdev,TraitTotal
480.0,1840.0,928.6666666666666,535.6636589834666,668.5714285714286
