TraitMin,TraitMax,TraitAvg,TraitStdev,TraitTotal
560.0,910.0,735.0666666666667,149.4497165530192,805.4054054054054
