SentiMin,SentiMax,SentiAvg,SentiStdev,Senti0-0.20,Senti0.21-0.40,Senti0.41-0.60,Senti0.61-0.80,Senti0.81-1.00,SentiTotal
0.0011294993051532555,0.5389190122855524,0.3276017919215336,0.21844688105333993,1.0,1.0,2.0,0.0,0.0,4.94191982670621E-4