TraitMin,TraitMax,TraitAvg,TraitStdev,TraitTotal
320.0,747.6923076923077,508.5897435897436,181.22324328111293,594.7826086956521
