TimeMin,TimeMax,TimeAvg,TimeStdev,TimeTotal
1000.0,6440.0,3148.5714285714284,1891.057365386802,22040.0
