TraitMin,TraitMax,TraitAvg,TraitStdev,TraitTotal
414.54545454545456,1000.0,632.4545454545455,157.31227680453028,593.0769230769231
