SentiMin,SentiMax,SentiAvg,SentiStdev,Senti0-0.20,Senti0.21-0.40,Senti0.41-0.60,Senti0.61-0.80,Senti0.81-1.00,SentiTotal
1.8336816040002428E-7,0.46364466503952073,0.1879101576823631,0.1744504060675457,5.0,2.0,1.0,0.0,0.0,1.242420032441091E-12