SentiMin,SentiMax,SentiAvg,SentiStdev,Senti0-0.20,Senti0.21-0.40,Senti0.41-0.60,Senti0.61-0.80,Senti0.81-1.00,SentiTotal
0.0011430461607821526,0.5957399490333923,0.2956552493012144,0.2148476905572621,4.0,2.0,4.0,0.0,0.0,2.7375866114138398E-8