SentiMin,SentiMax,SentiAvg,SentiStdev,Senti0-0.20,Senti0.21-0.40,Senti0.41-0.60,Senti0.61-0.80,Senti0.81-1.00,SentiTotal
1.4190835026368217E-5,0.5388548909213534,0.1933785462107721,0.18700338412104436,3.0,1.0,1.0,0.0,0.0,5.743081218392785E-8