TimeMin,TimeMax,TimeAvg,TimeStdev,TimeTotal
1240.0,8160.0,5366.666666666667,2652.135407972644,32200.0
