TraitMin,TraitMax,TraitAvg,TraitStdev,TraitTotal
292.0,1000.0,623.1088435374149,213.97031469643105,520.0
