SentiMin,SentiMax,SentiAvg,SentiStdev,Senti0-0.20,Senti0.21-0.40,Senti0.41-0.60,Senti0.61-0.80,Senti0.81-1.00,SentiTotal
0.0047683321031395205,0.31093497599174147,0.15325362363055303,0.13296027961443732,2.0,2.0,0.0,0.0,0.0,3.178135606003345E-5