TraitMin,TraitMax,TraitAvg,TraitStdev,TraitTotal
375.0,853.3333333333334,665.6216931216932,179.93725995609176,666.6666666666666
