TraitMin,TraitMax,TraitAvg,TraitStdev,TraitTotal
302.85714285714283,686.6666666666666,493.6309523809524,140.68803386979883,494.4
