TraitMin,TraitMax,TraitAvg,TraitStdev,TraitTotal
310.0,755.0,590.8105413105413,154.86923990023664,631.3725490196078
