SentiMin,SentiMax,SentiAvg,SentiStdev,Senti0-0.20,Senti0.21-0.40,Senti0.41-0.60,Senti0.61-0.80,Senti0.81-1.00,SentiTotal
2.6501638251560418E-5,0.46364466503952073,0.17589812604990693,0.1535595630960657,5.0,1.0,1.0,0.0,0.0,1.5206749285599938E-10