SentiMin,SentiMax,SentiAvg,SentiStdev,Senti0-0.20,Senti0.21-0.40,Senti0.41-0.60,Senti0.61-0.80,Senti0.81-1.00,SentiTotal
0.1293752142400619,0.9300206450306887,0.43853003029339854,0.24491364934288437,1.0,3.0,1.0,0.0,1.0,0.2598986204990831