TraitMin,TraitMax,TraitAvg,TraitStdev,TraitTotal
43.0,1000.0,594.375,286.34582032822556,531.5357142857143
