TraitMin,TraitMax,TraitAvg,TraitStdev,TraitTotal
265.45454545454544,600.0,409.4071825610287,113.67601371601721,359.4366197183099
