TimeMin,TimeMax,TimeAvg,TimeStdev,TimeTotal
680.0,3320.0,2034.2857142857142,789.1923021646362,14240.0
