SentiMin,SentiMax,SentiAvg,SentiStdev,Senti0-0.20,Senti0.21-0.40,Senti0.41-0.60,Senti0.61-0.80,Senti0.81-1.00,SentiTotal
2.9296929378736132E-5,0.8807526424838346,0.23949122800811048,0.2920907522754271,6.0,1.0,3.0,0.0,1.0,2.463500753709445E-18