TimeMin,TimeMax,TimeAvg,TimeStdev,TimeTotal
320.0,2520.0,1042.857142857143,720.0736923738984,14600.0
