SentiMin,SentiMax,SentiAvg,SentiStdev,Senti0-0.20,Senti0.21-0.40,Senti0.41-0.60,Senti0.61-0.80,Senti0.81-1.00,SentiTotal
0.0014370184852001997,0.9466405553788102,0.3122696142977977,0.24721401034144683,6.0,2.0,6.0,0.0,1.0,2.817987780058438E-9