SentiMin,SentiMax,SentiAvg,SentiStdev,Senti0-0.20,Senti0.21-0.40,Senti0.41-0.60,Senti0.61-0.80,Senti0.81-1.00,SentiTotal
8.80138595583979E-5,0.49789225920557484,0.25669698307888666,0.181151654254238,3.0,3.0,2.0,0.0,0.0,6.034856509197243E-9