TraitMin,TraitMax,TraitAvg,TraitStdev,TraitTotal
250.0,826.6666666666666,409.7985347985349,140.538746359958,366.0869565217391
