TraitMin,TraitMax,TraitAvg,TraitStdev,TraitTotal
248.57142857142858,1640.0,619.2380952380952,430.0308589886773,401.1111111111111
