TraitMin,TraitMax,TraitAvg,TraitStdev,TraitTotal
160.0,520.0,286.4313725490196,104.52960525570846,253.95348837209303
