SentiMin,SentiMax,SentiAvg,SentiStdev,Senti0-0.20,Senti0.21-0.40,Senti0.41-0.60,Senti0.61-0.80,Senti0.81-1.00,SentiTotal
2.1056833650281794E-4,0.7773592955631967,0.3030913547711438,0.2361875023505959,5.0,6.0,0.0,3.0,0.0,2.947040138906044E-12