TimeMin,TimeMax,TimeAvg,TimeStdev,TimeTotal
480.0,4160.0,1769.2307692307693,1213.0727769306247,23000.0
