TraitMin,TraitMax,TraitAvg,TraitStdev,TraitTotal
168.0,660.0,372.8085561497327,131.21759809591575,339.4736842105263
