TimeMin,TimeMax,TimeAvg,TimeStdev,TimeTotal
960.0,7400.0,2590.769230769231,1606.2304726784844,33680.0
