TraitMin,TraitMax,TraitAvg,TraitStdev,TraitTotal
186.66666666666666,600.0,316.78787878787875,121.64090825107697,268.0
