SentiMin,SentiMax,SentiAvg,SentiStdev,Senti0-0.20,Senti0.21-0.40,Senti0.41-0.60,Senti0.61-0.80,Senti0.81-1.00,SentiTotal
1.4338280579894991E-5,0.680415850716663,0.21521962434042613,0.208119670850138,12.0,4.0,3.0,1.0,0.0,2.187843363294182E-26