SentiMin,SentiMax,SentiAvg,SentiStdev,Senti0-0.20,Senti0.21-0.40,Senti0.41-0.60,Senti0.61-0.80,Senti0.81-1.00,SentiTotal
9.750421904595122E-5,0.47371072416927557,0.2008552438977837,0.16729156018704783,7.0,4.0,2.0,0.0,0.0,1.7460499693708955E-15