SentiMin,SentiMax,SentiAvg,SentiStdev,Senti0-0.20,Senti0.21-0.40,Senti0.41-0.60,Senti0.61-0.80,Senti0.81-1.00,SentiTotal
2.912389132130612E-6,0.3353500257179539,0.131264570850601,0.12541423475034508,5.0,2.0,0.0,0.0,0.0,1.0638579932147285E-11