TimeMin,TimeMax,TimeAvg,TimeStdev,TimeTotal
520.0,4280.0,1949.090909090909,1086.256746357998,21440.0
