TraitMin,TraitMax,TraitAvg,TraitStdev,TraitTotal
225.0,560.0,332.76854256854256,93.98038255486283,298.7012987012987
