TimeMin,TimeMax,TimeAvg,TimeStdev,TimeTotal
320.0,2160.0,1301.8181818181818,600.9359091801293,14320.0
