TraitMin,TraitMax,TraitAvg,TraitStdev,TraitTotal
192.0,364.2105263157895,261.0588439900181,53.843194289420225,277.14285714285717
