TimeMin,TimeMax,TimeAvg,TimeStdev,TimeTotal
600.0,4640.0,1963.076923076923,1278.2162126927246,25520.0
