TraitMin,TraitMax,TraitAvg,TraitStdev,TraitTotal
60.0,3280.0,633.5849206349206,931.143111576955,264.11538461538464
