SentiMin,SentiMax,SentiAvg,SentiStdev,Senti0-0.20,Senti0.21-0.40,Senti0.41-0.60,Senti0.61-0.80,Senti0.81-1.00,SentiTotal
1.9427735645784227E-5,0.7191017733861276,0.22723816899153967,0.22951010264905808,9.0,3.0,2.0,1.0,0.0,3.771800265440579E-17