TraitMin,TraitMax,TraitAvg,TraitStdev,TraitTotal
176.0,600.0,374.640873015873,100.68035125005508,359.5402298850575
