TraitMin,TraitMax,TraitAvg,TraitStdev,TraitTotal
160.0,600.0,310.2393162393162,122.33988001264255,261.3636363636364
