TraitMin,TraitMax,TraitAvg,TraitStdev,TraitTotal
182.22222222222223,450.0,307.2771672771673,77.35436249775226,284.8
