TimeMin,TimeMax,TimeAvg,TimeStdev,TimeTotal
520.0,2640.0,1284.7058823529412,597.2300536846932,21840.0
