TimeMin,TimeMax,TimeAvg,TimeStdev,TimeTotal
560.0,3200.0,1533.3333333333333,687.2036735123648,23000.0
