TraitMin,TraitMax,TraitAvg,TraitStdev,TraitTotal
177.77777777777777,480.0,334.74603174603175,90.17277584533656,270.3703703703704
