SentiMin,SentiMax,SentiAvg,SentiStdev,Senti0-0.20,Senti0.21-0.40,Senti0.41-0.60,Senti0.61-0.80,Senti0.81-1.00,SentiTotal
3.474964015656043E-6,0.9627409179894766,0.17788733943369797,0.2504922659356013,9.0,3.0,0.0,0.0,1.0,1.0085850796707178E-23