SentiMin,SentiMax,SentiAvg,SentiStdev,Senti0-0.20,Senti0.21-0.40,Senti0.41-0.60,Senti0.61-0.80,Senti0.81-1.00,SentiTotal
2.4877351824739986E-6,0.6980644094418155,0.2158131031993059,0.2388288079983937,9.0,3.0,4.0,1.0,0.0,7.252483330769789E-27