TraitMin,TraitMax,TraitAvg,TraitStdev,TraitTotal
160.0,540.0,333.4547600149505,103.89098708702168,276.9491525423729
