TimeMin,TimeMax,TimeAvg,TimeStdev,TimeTotal
560.0,4800.0,1956.923076923077,1436.8736608205202,25440.0
