SentiMin,SentiMax,SentiAvg,SentiStdev,Senti0-0.20,Senti0.21-0.40,Senti0.41-0.60,Senti0.61-0.80,Senti0.81-1.00,SentiTotal
9.553688762230526E-8,0.9611958417475951,0.33109173413504434,0.35613996038216805,7.0,1.0,2.0,0.0,3.0,4.355472952184964E-19