TraitMin,TraitMax,TraitAvg,TraitStdev,TraitTotal
200.0,1080.0,349.1404761904762,188.04901932156,301.7283950617284
