TraitMin,TraitMax,TraitAvg,TraitStdev,TraitTotal
15.0,1120.0,432.40740740740745,327.4377813965136,366.3235294117647
