TimeMin,TimeMax,TimeAvg,TimeStdev,TimeTotal
960.0,3920.0,1792.7272727272727,847.4677887050113,19720.0
