TraitMin,TraitMax,TraitAvg,TraitStdev,TraitTotal
193.33333333333334,560.0,292.3291971186708,102.58250260648865,251.88118811881188
