SentiMin,SentiMax,SentiAvg,SentiStdev,Senti0-0.20,Senti0.21-0.40,Senti0.41-0.60,Senti0.61-0.80,Senti0.81-1.00,SentiTotal
0.004134644191315179,0.9983864964569151,0.31074498128240363,0.3087539817205355,10.0,6.0,1.0,0.0,3.0,8.440232510075485E-8