SentiMin,SentiMax,SentiAvg,SentiStdev,Senti0-0.20,Senti0.21-0.40,Senti0.41-0.60,Senti0.61-0.80,Senti0.81-1.00,SentiTotal
0.0031946542219758846,0.4958634237457887,0.2267280649363598,0.17194545525736482,4.0,1.0,1.0,0.0,0.0,9.932791261938836E-6