TraitMin,TraitMax,TraitAvg,TraitStdev,TraitTotal
320.0,680.0,505.6,149.97813173926392,448.8888888888889
