TraitMin,TraitMax,TraitAvg,TraitStdev,TraitTotal
257.77777777777777,840.0,532.4074074074074,209.33012566020287,410.0
