SentiMin,SentiMax,SentiAvg,SentiStdev,Senti0-0.20,Senti0.21-0.40,Senti0.41-0.60,Senti0.61-0.80,Senti0.81-1.00,SentiTotal
0.013843886000826327,0.5898975547345723,0.34356458548317925,0.2056834570205743,1.0,2.0,2.0,0.0,0.0,0.0038131739207819242