SentiMin,SentiMax,SentiAvg,SentiStdev,Senti0-0.20,Senti0.21-0.40,Senti0.41-0.60,Senti0.61-0.80,Senti0.81-1.00,SentiTotal
0.003046507150603296,0.49789225920557484,0.23342991478005656,0.19742695197061333,5.0,2.0,3.0,0.0,0.0,2.2083750781605573E-10