SentiMin,SentiMax,SentiAvg,SentiStdev,Senti0-0.20,Senti0.21-0.40,Senti0.41-0.60,Senti0.61-0.80,Senti0.81-1.00,SentiTotal
4.928995245483783E-7,0.2028821575164891,0.03962429881022242,0.057842533540394606,10.0,1.0,0.0,0.0,0.0,5.502273878680139E-27