TimeMin,TimeMax,TimeAvg,TimeStdev,TimeTotal
640.0,1800.0,1108.5714285714287,433.0433357208547,15520.0
