TraitMin,TraitMax,TraitAvg,TraitStdev,TraitTotal
130.0,1000.0,400.49827467218773,219.70955993245735,312.94117647058823
