TraitMin,TraitMax,TraitAvg,TraitStdev,TraitTotal
208.0,720.0,327.42857142857144,170.33875811748422,271.25
