TraitMin,TraitMax,TraitAvg,TraitStdev,TraitTotal
180.0,720.0,392.68027210884355,155.52550230963996,347.95180722891564
