TimeMin,TimeMax,TimeAvg,TimeStdev,TimeTotal
480.0,2960.0,1285.7142857142858,756.9649386644978,9000.0
