TimeMin,TimeMax,TimeAvg,TimeStdev,TimeTotal
360.0,3200.0,1168.3333333333333,678.4275118897294,28040.0
