SentiMin,SentiMax,SentiAvg,SentiStdev,Senti0-0.20,Senti0.21-0.40,Senti0.41-0.60,Senti0.61-0.80,Senti0.81-1.00,SentiTotal
2.8486249584451045E-4,0.9471215576498311,0.30454259513122245,0.2325039348747564,10.0,4.0,8.0,0.0,1.0,1.1069509890390175E-16