TraitMin,TraitMax,TraitAvg,TraitStdev,TraitTotal
180.0,680.0,334.7090548340548,139.61149144379442,289.07216494845363
