TimeMin,TimeMax,TimeAvg,TimeStdev,TimeTotal
440.0,2760.0,1328.5714285714287,655.557092891852,18600.0
