TraitMin,TraitMax,TraitAvg,TraitStdev,TraitTotal
266.6666666666667,1320.0,587.8196675119751,308.5194344986588,427.741935483871
