SentiMin,SentiMax,SentiAvg,SentiStdev,Senti0-0.20,Senti0.21-0.40,Senti0.41-0.60,Senti0.61-0.80,Senti0.81-1.00,SentiTotal
1.195710679975957E-7,0.5423076806095435,0.20068445478953756,0.1624897655621417,12.0,9.0,3.0,0.0,0.0,6.230352272516407E-34