SentiMin,SentiMax,SentiAvg,SentiStdev,Senti0-0.20,Senti0.21-0.40,Senti0.41-0.60,Senti0.61-0.80,Senti0.81-1.00,SentiTotal
0.22925111821216584,0.5957399490333923,0.4238583604206058,0.1475783630231364,0.0,3.0,4.0,0.0,0.0,0.08763965089402742