TraitMin,TraitMax,TraitAvg,TraitStdev,TraitTotal
240.0,720.0,469.0476190476191,141.06977093661436,428.57142857142856
