SentiMin,SentiMax,SentiAvg,SentiStdev,Senti0-0.20,Senti0.21-0.40,Senti0.41-0.60,Senti0.61-0.80,Senti0.81-1.00,SentiTotal
0.01635752811643611,0.5318834537628724,0.2857810286528104,0.18171340591108995,4.0,5.0,5.0,0.0,0.0,4.990301936102787E-9