TimeMin,TimeMax,TimeAvg,TimeStdev,TimeTotal
360.0,3080.0,1156.5217391304348,645.6180638039947,26600.0
