TraitMin,TraitMax,TraitAvg,TraitStdev,TraitTotal
213.33333333333334,1240.0,531.7074829931972,279.28737689197976,408.42105263157896
