SentiMin,SentiMax,SentiAvg,SentiStdev,Senti0-0.20,Senti0.21-0.40,Senti0.41-0.60,Senti0.61-0.80,Senti0.81-1.00,SentiTotal
4.368077045915995E-5,0.6323720940364075,0.2834283275481548,0.2331898561535716,5.0,3.0,4.0,1.0,0.0,8.260551560391705E-15