TraitMin,TraitMax,TraitAvg,TraitStdev,TraitTotal
213.33333333333334,840.0,467.6825396825397,160.37448930661563,404.3478260869565
