TraitMin,TraitMax,TraitAvg,TraitStdev,TraitTotal
192.6,840.0,455.1108843537415,209.56552663259635,339.075
