TimeMin,TimeMax,TimeAvg,TimeStdev,TimeTotal
440.0,3520.0,1351.578947368421,625.0327415246655,25680.0
