SentiMin,SentiMax,SentiAvg,SentiStdev,Senti0-0.20,Senti0.21-0.40,Senti0.41-0.60,Senti0.61-0.80,Senti0.81-1.00,SentiTotal
0.003646748979050053,0.21921412548362115,0.07228081829322844,0.07983597057991816,6.0,1.0,0.0,0.0,0.0,1.5299779619452202E-11