TimeMin,TimeMax,TimeAvg,TimeStdev,TimeTotal
2000.0,3800.0,3094.5454545454545,663.7135696061508,34040.0
