TraitMin,TraitMax,TraitAvg,TraitStdev,TraitTotal
302.85714285714283,323.6363636363636,313.2467532467532,10.389610389610397,315.55555555555554
