TraitMin,TraitMax,TraitAvg,TraitStdev,TraitTotal
269.09090909090907,1013.3333333333334,431.95629767058335,246.85090534767033,369.6296296296296
