TraitMin,TraitMax,TraitAvg,TraitStdev,TraitTotal
240.0,648.8888888888889,373.2437932437932,120.32363719204979,358.5
