TimeMin,TimeMax,TimeAvg,TimeStdev,TimeTotal
920.0,5840.0,3186.6666666666665,1626.9945024833705,28680.0
