SentiMin,SentiMax,SentiAvg,SentiStdev,Senti0-0.20,Senti0.21-0.40,Senti0.41-0.60,Senti0.61-0.80,Senti0.81-1.00,SentiTotal
8.854454447997243E-5,0.49789225920557484,0.15069819704833204,0.17784125465191508,9.0,2.0,2.0,0.0,0.0,4.144843167704942E-18