SentiMin,SentiMax,SentiAvg,SentiStdev,Senti0-0.20,Senti0.21-0.40,Senti0.41-0.60,Senti0.61-0.80,Senti0.81-1.00,SentiTotal
0.0015233236211121427,0.4605797159922907,0.14764605592955102,0.16738672302144864,5.0,2.0,1.0,0.0,0.0,1.3710645310612373E-11