TimeMin,TimeMax,TimeAvg,TimeStdev,TimeTotal
960.0,5520.0,2729.230769230769,1337.0142484624896,35480.0
