SentiMin,SentiMax,SentiAvg,SentiStdev,Senti0-0.20,Senti0.21-0.40,Senti0.41-0.60,Senti0.61-0.80,Senti0.81-1.00,SentiTotal
1.9985016636244818E-4,0.49789225920557484,0.14588687054686508,0.18724710751255946,6.0,1.0,2.0,0.0,0.0,2.5912598132700226E-16