TraitMin,TraitMax,TraitAvg,TraitStdev,TraitTotal
180.0,660.0,337.2929292929293,163.51231611931183,291.1111111111111
