TimeMin,TimeMax,TimeAvg,TimeStdev,TimeTotal
1200.0,2960.0,2128.8888888888887,507.2900648312987,19160.0
