TimeMin,TimeMax,TimeAvg,TimeStdev,TimeTotal
960.0,7920.0,3963.3333333333335,1864.4361673766743,47560.0
