TimeMin,TimeMax,TimeAvg,TimeStdev,TimeTotal
640.0,3520.0,1484.4444444444443,839.1412423968673,13360.0
