SentiMin,SentiMax,SentiAvg,SentiStdev,Senti0-0.20,Senti0.21-0.40,Senti0.41-0.60,Senti0.61-0.80,Senti0.81-1.00,SentiTotal
3.378258718950613E-5,0.49789225920557484,0.10684088151952924,0.17606708583995628,5.0,0.0,1.0,0.0,0.0,3.452148414256372E-11