SentiMin,SentiMax,SentiAvg,SentiStdev,Senti0-0.20,Senti0.21-0.40,Senti0.41-0.60,Senti0.61-0.80,Senti0.81-1.00,SentiTotal
0.1632489900951368,0.3996476155849408,0.2998572770724645,0.09282073400543973,2.0,4.0,0.0,0.0,0.0,0.0047510734595742725