TraitMin,TraitMax,TraitAvg,TraitStdev,TraitTotal
200.0,630.0,423.6884226884227,135.00539950070888,430.8333333333333
