TraitMin,TraitMax,TraitAvg,TraitStdev,TraitTotal
250.0,520.0,414.4444444444444,99.71564509415366,401.6
