TimeMin,TimeMax,TimeAvg,TimeStdev,TimeTotal
1000.0,6560.0,3181.5384615384614,1943.9287979752842,41360.0
