SentiMin,SentiMax,SentiAvg,SentiStdev,Senti0-0.20,Senti0.21-0.40,Senti0.41-0.60,Senti0.61-0.80,Senti0.81-1.00,SentiTotal
6.932369171846831E-7,0.49789225920557484,0.16644926384288217,0.14319579812694141,7.0,4.0,1.0,0.0,0.0,1.1177965898911516E-17