TraitMin,TraitMax,TraitAvg,TraitStdev,TraitTotal
237.33333333333334,542.8571428571429,347.020202020202,96.72748866490427,333.72549019607845
