SentiMin,SentiMax,SentiAvg,SentiStdev,Senti0-0.20,Senti0.21-0.40,Senti0.41-0.60,Senti0.61-0.80,Senti0.81-1.00,SentiTotal
3.1181982357583537E-4,0.39697510199130176,0.08618014993048334,0.11382949541219518,11.0,2.0,0.0,0.0,0.0,1.2760773387195683E-22