TimeMin,TimeMax,TimeAvg,TimeStdev,TimeTotal
1960.0,4400.0,2851.4285714285716,758.860585190127,19960.0
