TraitMin,TraitMax,TraitAvg,TraitStdev,TraitTotal
180.0,592.0,340.0,112.7553891296455,319.3333333333333
