TimeMin,TimeMax,TimeAvg,TimeStdev,TimeTotal
920.0,2760.0,1673.3333333333333,622.4325041498253,10040.0
