SentiMin,SentiMax,SentiAvg,SentiStdev,Senti0-0.20,Senti0.21-0.40,Senti0.41-0.60,Senti0.61-0.80,Senti0.81-1.00,SentiTotal
2.4584885339901926E-6,0.9661158640959387,0.18756523797814048,0.2804737449772623,7.0,2.0,1.0,0.0,1.0,2.0686452995836032E-16