TraitMin,TraitMax,TraitAvg,TraitStdev,TraitTotal
226.66666666666666,840.0,428.43055555555554,174.8957444080245,340.0
