TraitMin,TraitMax,TraitAvg,TraitStdev,TraitTotal
253.33333333333334,880.0,440.6060606060606,190.87156918426854,364.3243243243243
