TimeMin,TimeMax,TimeAvg,TimeStdev,TimeTotal
400.0,2200.0,1102.857142857143,574.4491593994144,15440.0
