TimeMin,TimeMax,TimeAvg,TimeStdev,TimeTotal
360.0,3680.0,1375.3846153846155,992.8406440001831,17880.0
