SentiMin,SentiMax,SentiAvg,SentiStdev,Senti0-0.20,Senti0.21-0.40,Senti0.41-0.60,Senti0.61-0.80,Senti0.81-1.00,SentiTotal
0.017629429307922787,0.5498177618412997,0.21174971714671054,0.18522708046578176,4.0,3.0,1.0,0.0,0.0,1.7611488193180094E-7