TraitMin,TraitMax,TraitAvg,TraitStdev,TraitTotal
186.66666666666666,560.0,347.3333333333333,123.4035835964436,308.57142857142856
