TraitMin,TraitMax,TraitAvg,TraitStdev,TraitTotal
280.0,680.0,436.24999999999994,154.51930390012043,351.7241379310345
