SentiMin,SentiMax,SentiAvg,SentiStdev,Senti0-0.20,Senti0.21-0.40,Senti0.41-0.60,Senti0.61-0.80,Senti0.81-1.00,SentiTotal
0.007048754778792164,0.5888159465940105,0.2575531291286881,0.19628967911145112,5.0,4.0,3.0,0.0,0.0,1.6397344275437265E-10