TraitMin,TraitMax,TraitAvg,TraitStdev,TraitTotal
313.3333333333333,560.0,373.6666666666667,78.64618377405367,362.3529411764706
