SentiMin,SentiMax,SentiAvg,SentiStdev,Senti0-0.20,Senti0.21-0.40,Senti0.41-0.60,Senti0.61-0.80,Senti0.81-1.00,SentiTotal
0.03081045274790683,0.26550332895577433,0.14815689085184058,0.11734643810393375,1.0,1.0,0.0,0.0,0.0,0.011455844574343484