TraitMin,TraitMax,TraitAvg,TraitStdev,TraitTotal
252.0,880.0,475.92758756395125,216.65155994822743,371.42857142857144
