TraitMin,TraitMax,TraitAvg,TraitStdev,TraitTotal
306.6666666666667,350.0,328.33333333333337,21.666666666666657,331.42857142857144
