SentiMin,SentiMax,SentiAvg,SentiStdev,Senti0-0.20,Senti0.21-0.40,Senti0.41-0.60,Senti0.61-0.80,Senti0.81-1.00,SentiTotal
0.0027643189934863643,0.5226224626226535,0.2564228735870045,0.22230912301435035,3.0,2.0,2.0,0.0,0.0,3.375715603992209E-8