SentiMin,SentiMax,SentiAvg,SentiStdev,Senti0-0.20,Senti0.21-0.40,Senti0.41-0.60,Senti0.61-0.80,Senti0.81-1.00,SentiTotal
0.007567406156483932,0.6323720940364075,0.23956192107259447,0.20867374610424408,6.0,4.0,3.0,1.0,0.0,2.820586502269697E-13