TraitMin,TraitMax,TraitAvg,TraitStdev,TraitTotal
253.33333333333334,800.0,456.2142857142857,167.91520947697424,367.6190476190476
