TimeMin,TimeMax,TimeAvg,TimeStdev,TimeTotal
600.0,2400.0,1225.4545454545455,561.6269165455211,13480.0
