SentiMin,SentiMax,SentiAvg,SentiStdev,Senti0-0.20,Senti0.21-0.40,Senti0.41-0.60,Senti0.61-0.80,Senti0.81-1.00,SentiTotal
0.0037862950945626857,0.39697510199130176,0.18532509829015378,0.14413320708125116,4.0,4.0,0.0,0.0,0.0,1.1679770142343383E-8