SentiMin,SentiMax,SentiAvg,SentiStdev,Senti0-0.20,Senti0.21-0.40,Senti0.41-0.60,Senti0.61-0.80,Senti0.81-1.00,SentiTotal
8.040411830863156E-4,0.48728019602140255,0.11996073688186548,0.18494100935574517,4.0,0.0,1.0,0.0,0.0,8.097005231640528E-9