SentiMin,SentiMax,SentiAvg,SentiStdev,Senti0-0.20,Senti0.21-0.40,Senti0.41-0.60,Senti0.61-0.80,Senti0.81-1.00,SentiTotal
0.0035220863885540386,0.535771029926425,0.23961582048650623,0.19524887288339077,6.0,1.0,4.0,0.0,0.0,2.5735287875943376E-9