TraitMin,TraitMax,TraitAvg,TraitStdev,TraitTotal
171.42857142857142,813.3333333333334,497.6666666666667,195.46651949086967,414.2857142857143
