SentiMin,SentiMax,SentiAvg,SentiStdev,Senti0-0.20,Senti0.21-0.40,Senti0.41-0.60,Senti0.61-0.80,Senti0.81-1.00,SentiTotal
0.006332454574217049,0.9925425583514383,0.2710428174439185,0.25689728399578105,6.0,4.0,2.0,0.0,1.0,5.936445952861543E-8