TimeMin,TimeMax,TimeAvg,TimeStdev,TimeTotal
800.0,3520.0,1777.142857142857,884.1091446149828,12440.0
