TraitMin,TraitMax,TraitAvg,TraitStdev,TraitTotal
326.6666666666667,720.0,460.62222222222226,140.80533098774316,401.1764705882353
