TimeMin,TimeMax,TimeAvg,TimeStdev,TimeTotal
640.0,3440.0,1890.909090909091,923.4072729492318,20800.0
