TraitMin,TraitMax,TraitAvg,TraitStdev,TraitTotal
180.0,800.0,484.35897435897436,187.3355443586311,415.8139534883721
