TimeMin,TimeMax,TimeAvg,TimeStdev,TimeTotal
1398.0,8070.0,3817.714285714286,1961.8028672106477,26724.0
