SentiMin,SentiMax,SentiAvg,SentiStdev,Senti0-0.20,Senti0.21-0.40,Senti0.41-0.60,Senti0.61-0.80,Senti0.81-1.00,SentiTotal
0.21921412548362115,0.6681254636787861,0.48769154101101186,0.09024413649279266,0.0,1.0,11.0,1.0,0.0,0.3409965502573499