SentiMin,SentiMax,SentiAvg,SentiStdev,Senti0-0.20,Senti0.21-0.40,Senti0.41-0.60,Senti0.61-0.80,Senti0.81-1.00,SentiTotal
0.35509496682161057,0.5505550505941735,0.48662544658115414,0.052617615604614774,0.0,1.0,7.0,0.0,0.0,0.40483159940397906