TraitMin,TraitMax,TraitAvg,TraitStdev,TraitTotal
245.55555555555554,962.0,490.9090277777778,231.18746464989434,390.81481481481484
