TraitMin,TraitMax,TraitAvg,TraitStdev,TraitTotal
363.7,600.7142857142857,482.2071428571428,118.50714285714284,461.29411764705884
