TraitMin,TraitMax,TraitAvg,TraitStdev,TraitTotal
181.8181818181818,420.0,306.94345376845376,80.13151532219125,298.9878048780488
