TraitMin,TraitMax,TraitAvg,TraitStdev,TraitTotal
211.9047619047619,1150.0,557.7206349206349,269.93862882869274,443.4035087719298
