TraitMin,TraitMax,TraitAvg,TraitStdev,TraitTotal
274.64285714285717,1173.0,465.28629086962417,260.78072712565194,349.06024096385545
