TimeMin,TimeMax,TimeAvg,TimeStdev,TimeTotal
612.0,7343.0,3324.2727272727275,2059.6772073184447,36567.0
