TraitMin,TraitMax,TraitAvg,TraitStdev,TraitTotal
154.5,1274.0,484.33955342902703,305.4631963392197,355.0194174757282
