SentiMin,SentiMax,SentiAvg,SentiStdev,Senti0-0.20,Senti0.21-0.40,Senti0.41-0.60,Senti0.61-0.80,Senti0.81-1.00,SentiTotal
0.0736401149528525,0.49789225920557484,0.4033840197661271,0.15641297084084818,1.0,1.0,4.0,0.0,0.0,0.04227520679210201