TimeMin,TimeMax,TimeAvg,TimeStdev,TimeTotal
1487.0,7442.0,2904.6363636363635,1549.2745676446164,31951.0
