TraitMin,TraitMax,TraitAvg,TraitStdev,TraitTotal
162.55,929.5,407.40125988047043,196.52719613622315,322.989010989011
