TraitMin,TraitMax,TraitAvg,TraitStdev,TraitTotal
241.5,1000.0,460.1103002070393,260.84638706759574,347.6111111111111
