SentiMin,SentiMax,SentiAvg,SentiStdev,Senti0-0.20,Senti0.21-0.40,Senti0.41-0.60,Senti0.61-0.80,Senti0.81-1.00,SentiTotal
0.21921412548362115,0.5505550505941735,0.4676945732633941,0.08616777798985639,0.0,2.0,9.0,0.0,0.0,0.18384525812545532