TraitMin,TraitMax,TraitAvg,TraitStdev,TraitTotal
210.0,477.22222222222223,325.5058922558922,79.03621886364226,321.1625
