SentiMin,SentiMax,SentiAvg,SentiStdev,Senti0-0.20,Senti0.21-0.40,Senti0.41-0.60,Senti0.61-0.80,Senti0.81-1.00,SentiTotal
0.49789225920557484,0.7096784863367382,0.5309483865205451,0.06971828595747283,0.0,0.0,7.0,1.0,0.0,0.751227113753021