TimeMin,TimeMax,TimeAvg,TimeStdev,TimeTotal
1248.0,6133.0,2607.0833333333335,1238.040956399352,31285.0
