SentiMin,SentiMax,SentiAvg,SentiStdev,Senti0-0.20,Senti0.21-0.40,Senti0.41-0.60,Senti0.61-0.80,Senti0.81-1.00,SentiTotal
0.35509496682161057,0.6824837810859113,0.48744404544391196,0.09308054613299015,0.0,2.0,5.0,1.0,0.0,0.416757181624311