TimeMin,TimeMax,TimeAvg,TimeStdev,TimeTotal
2000.0,7508.0,4282.166666666667,2277.347903202807,25693.0
