TimeMin,TimeMax,TimeAvg,TimeStdev,TimeTotal
1173.0,5396.0,3219.1111111111113,1616.4993346009865,28972.0
