SentiMin,SentiMax,SentiAvg,SentiStdev,Senti0-0.20,Senti0.21-0.40,Senti0.41-0.60,Senti0.61-0.80,Senti0.81-1.00,SentiTotal
0.0013181825516891952,0.49789225920557484,0.2304608736254336,0.20108332126966127,4.0,3.0,3.0,0.0,0.0,2.008720322806519E-12