SentiMin,SentiMax,SentiAvg,SentiStdev,Senti0-0.20,Senti0.21-0.40,Senti0.41-0.60,Senti0.61-0.80,Senti0.81-1.00,SentiTotal
0.002837237198907692,0.6586055020342955,0.2389457216973923,0.2171544310582329,3.0,2.0,1.0,1.0,0.0,1.3982286907511513E-6