TimeMin,TimeMax,TimeAvg,TimeStdev,TimeTotal
680.0,5400.0,2903.3333333333335,1821.53476192163,34840.0
