TraitMin,TraitMax,TraitAvg,TraitStdev,TraitTotal
313.3333333333333,450.0,378.0771045260209,44.71689019169972,383.3333333333333
