SentiMin,SentiMax,SentiAvg,SentiStdev,Senti0-0.20,Senti0.21-0.40,Senti0.41-0.60,Senti0.61-0.80,Senti0.81-1.00,SentiTotal
0.006332454574217049,0.5388994659433609,0.2705212257779179,0.18604402324673766,5.0,4.0,3.0,0.0,0.0,2.813992288033087E-8