TraitMin,TraitMax,TraitAvg,TraitStdev,TraitTotal
240.0,433.3333333333333,321.48148148148147,62.89211700479088,309.6551724137931
