TraitMin,TraitMax,TraitAvg,TraitStdev,TraitTotal
222.85714285714286,529.3333333333334,343.6914122914123,93.27746447670853,384.5925925925926
