TimeMin,TimeMax,TimeAvg,TimeStdev,TimeTotal
1720.0,3720.0,2993.3333333333335,666.2998991111701,17960.0
