SentiMin,SentiMax,SentiAvg,SentiStdev,Senti0-0.20,Senti0.21-0.40,Senti0.41-0.60,Senti0.61-0.80,Senti0.81-1.00,SentiTotal
0.10551947263792455,0.49789225920557484,0.3513137829192971,0.14042161208707812,2.0,4.0,6.0,0.0,0.0,2.6346177751493074E-4