TraitMin,TraitMax,TraitAvg,TraitStdev,TraitTotal
257.14285714285717,900.0,468.9132559660019,204.7741228180438,379.62264150943395
