SentiMin,SentiMax,SentiAvg,SentiStdev,Senti0-0.20,Senti0.21-0.40,Senti0.41-0.60,Senti0.61-0.80,Senti0.81-1.00,SentiTotal
0.04708957307629414,0.49789225920557484,0.2977405311450873,0.1668556213446659,3.0,4.0,3.0,0.0,0.0,2.3461176396261568E-5