TraitMin,TraitMax,TraitAvg,TraitStdev,TraitTotal
282.1666666666667,784.0,466.0277777777778,171.69871374727632,431.09090909090907
