SentiMin,SentiMax,SentiAvg,SentiStdev,Senti0-0.20,Senti0.21-0.40,Senti0.41-0.60,Senti0.61-0.80,Senti0.81-1.00,SentiTotal
0.02201234051531052,0.5136446707795853,0.2804120576951581,0.19756643526034956,3.0,0.0,3.0,0.0,0.0,7.269615164013283E-5