SentiMin,SentiMax,SentiAvg,SentiStdev,Senti0-0.20,Senti0.21-0.40,Senti0.41-0.60,Senti0.61-0.80,Senti0.81-1.00,SentiTotal
0.02201234051531052,0.49789225920557484,0.3918420778138921,0.17109965466607896,1.0,1.0,4.0,0.0,0.0,0.011578485833865936