TraitMin,TraitMax,TraitAvg,TraitStdev,TraitTotal
223.52941176470588,760.0,404.1608678559143,152.89139502799827,328.6792452830189
