TraitMin,TraitMax,TraitAvg,TraitStdev,TraitTotal
295.55555555555554,880.0,516.7953216374269,213.97609419314347,397.3333333333333
