TraitMin,TraitMax,TraitAvg,TraitStdev,TraitTotal
226.66666666666666,880.0,391.02222222222224,193.82780190190326,302.089552238806
