TraitMin,TraitMax,TraitAvg,TraitStdev,TraitTotal
305.80645161290323,960.0,445.5321194264036,219.04195929492533,351.42857142857144
