SentiMin,SentiMax,SentiAvg,SentiStdev,Senti0-0.20,Senti0.21-0.40,Senti0.41-0.60,Senti0.61-0.80,Senti0.81-1.00,SentiTotal
0.003605291378814055,0.49789225920557484,0.18876240193435054,0.1928749160608762,5.0,2.0,1.0,0.0,0.0,2.98157173635298E-9