SentiMin,SentiMax,SentiAvg,SentiStdev,Senti0-0.20,Senti0.21-0.40,Senti0.41-0.60,Senti0.61-0.80,Senti0.81-1.00,SentiTotal
0.02705429366967321,0.49789225920557484,0.30604992460115077,0.1794022792955682,3.0,2.0,3.0,0.0,0.0,1.5072089168076728E-4