SentiMin,SentiMax,SentiAvg,SentiStdev,Senti0-0.20,Senti0.21-0.40,Senti0.41-0.60,Senti0.61-0.80,Senti0.81-1.00,SentiTotal
2.5122600164571537E-6,0.136791798520586,0.04645960146423458,0.05310778229765673,4.0,0.0,0.0,0.0,0.0,2.5780316323795957E-10