TimeMin,TimeMax,TimeAvg,TimeStdev,TimeTotal
1160.0,2400.0,1771.4285714285713,396.3918901948486,12400.0
