SentiMin,SentiMax,SentiAvg,SentiStdev,Senti0-0.20,Senti0.21-0.40,Senti0.41-0.60,Senti0.61-0.80,Senti0.81-1.00,SentiTotal
8.55873830412813E-8,0.0014880671500787585,4.985516211239108E-4,6.996996916739944E-4,3.0,0.0,0.0,0.0,0.0,9.73172317296503E-16