TraitMin,TraitMax,TraitAvg,TraitStdev,TraitTotal
193.33333333333334,430.0,280.5050505050505,106.1945282431867,316.3636363636364
