TraitMin,TraitMax,TraitAvg,TraitStdev,TraitTotal
386.6666666666667,800.0,579.047619047619,142.16817992511528,563.6363636363636
