TraitMin,TraitMax,TraitAvg,TraitStdev,TraitTotal
388.2352941176471,870.0,562.373949579832,185.27958150075023,486.9230769230769
