SentiMin,SentiMax,SentiAvg,SentiStdev,Senti0-0.20,Senti0.21-0.40,Senti0.41-0.60,Senti0.61-0.80,Senti0.81-1.00,SentiTotal
2.1561209157321633E-4,0.3777969857686846,0.12720422755639707,0.17720122556992493,2.0,1.0,0.0,0.0,0.0,4.8116614819261E-7