TraitMin,TraitMax,TraitAvg,TraitStdev,TraitTotal
222.85714285714286,507.36842105263156,423.4654818865345,116.2971362907475,449.0
