SentiMin,SentiMax,SentiAvg,SentiStdev,Senti0-0.20,Senti0.21-0.40,Senti0.41-0.60,Senti0.61-0.80,Senti0.81-1.00,SentiTotal
1.182743778041885E-5,0.6662082181681684,0.16104558165224309,0.21491697682298203,6.0,0.0,0.0,1.0,0.0,3.578956224279299E-11