TraitMin,TraitMax,TraitAvg,TraitStdev,TraitTotal
393.93939393939394,618.1818181818181,508.92929292929284,91.63643489566643,490.2857142857143
