TraitMin,TraitMax,TraitAvg,TraitStdev,TraitTotal
300.0,600.0,426.62724637681157,97.69710874133747,455.7894736842105
