TraitMin,TraitMax,TraitAvg,TraitStdev,TraitTotal
373.3333333333333,620.0,524.4444444444445,108.09232450680277,544.0
