SentiMin,SentiMax,SentiAvg,SentiStdev,Senti0-0.20,Senti0.21-0.40,Senti0.41-0.60,Senti0.61-0.80,Senti0.81-1.00,SentiTotal
1.1825346525265363E-4,0.29219371241906045,0.07335148020941887,0.11083529143559352,4.0,1.0,0.0,0.0,0.0,1.8820584651122018E-11