TraitMin,TraitMax,TraitAvg,TraitStdev,TraitTotal
325.7142857142857,1040.0,513.6054421768707,233.95029597662722,412.44444444444446
