TimeMin,TimeMax,TimeAvg,TimeStdev,TimeTotal
1000.0,5320.0,2651.4285714285716,1457.3109146784075,18560.0
