SentiMin,SentiMax,SentiAvg,SentiStdev,Senti0-0.20,Senti0.21-0.40,Senti0.41-0.60,Senti0.61-0.80,Senti0.81-1.00,SentiTotal
0.3397172522164106,0.8232975942751998,0.5786199875363106,0.1264066227061364,0.0,2.0,9.0,9.0,1.0,0.9993295488708297