TimeMin,TimeMax,TimeAvg,TimeStdev,TimeTotal
280.0,3000.0,1282.857142857143,747.3326718730954,17960.0
