SentiMin,SentiMax,SentiAvg,SentiStdev,Senti0-0.20,Senti0.21-0.40,Senti0.41-0.60,Senti0.61-0.80,Senti0.81-1.00,SentiTotal
0.2575963766895307,0.7264240096332016,0.513998584975925,0.1585615454223537,0.0,2.0,5.0,3.0,0.0,0.653632417535183