TraitMin,TraitMax,TraitAvg,TraitStdev,TraitTotal
20.0,1000.0,350.35555555555555,249.32392931364424,299.62264150943395
