TraitMin,TraitMax,TraitAvg,TraitStdev,TraitTotal
40.0,500.0,329.5833333333333,133.59804452161717,347.36842105263156
