TimeMin,TimeMax,TimeAvg,TimeStdev,TimeTotal
80.0,5000.0,1885.7142857142858,1463.8389562366203,39600.0
