TraitMin,TraitMax,TraitAvg,TraitStdev,TraitTotal
10.0,400.0,202.85714285714286,141.43722917223164,218.33333333333334
