TraitMin,TraitMax,TraitAvg,TraitStdev,TraitTotal
275.29411764705884,360.0,317.6470588235294,42.35294117647058,300.0
