TraitMin,TraitMax,TraitAvg,TraitStdev,TraitTotal
10.0,1000.0,279.52845038559326,212.55160937679597,237.125748502994
