TimeMin,TimeMax,TimeAvg,TimeStdev,TimeTotal
40.0,2000.0,1058.6666666666667,660.806241563205,15880.0
