TraitMin,TraitMax,TraitAvg,TraitStdev,TraitTotal
146.66666666666666,1480.0,540.6222222222221,377.3487603180647,401.05263157894734
