TraitMin,TraitMax,TraitAvg,TraitStdev,TraitTotal
33.333333333333336,1000.0,363.80952380952385,221.51304072420734,285.07936507936506
