SentiMin,SentiMax,SentiAvg,SentiStdev,Senti0-0.20,Senti0.21-0.40,Senti0.41-0.60,Senti0.61-0.80,Senti0.81-1.00,SentiTotal
0.0736401149528525,0.6824837810859113,0.44511392568130864,0.15626836002578054,1.0,4.0,7.0,2.0,0.0,0.019620482449129548