TraitMin,TraitMax,TraitAvg,TraitStdev,TraitTotal
160.0,600.0,434.2857142857143,195.34724010767872,308.57142857142856
