TimeMin,TimeMax,TimeAvg,TimeStdev,TimeTotal
480.0,3560.0,1362.6666666666667,792.4263723246189,20440.0
