SentiMin,SentiMax,SentiAvg,SentiStdev,Senti0-0.20,Senti0.21-0.40,Senti0.41-0.60,Senti0.61-0.80,Senti0.81-1.00,SentiTotal
0.029649102113520974,0.6763517683108127,0.3225818728844578,0.18706614117115827,5.0,6.0,6.0,1.0,0.0,3.607672889467999E-9