SentiMin,SentiMax,SentiAvg,SentiStdev,Senti0-0.20,Senti0.21-0.40,Senti0.41-0.60,Senti0.61-0.80,Senti0.81-1.00,SentiTotal
4.142942668955406E-4,0.6323720940364075,0.2638380628983183,0.21331514262755946,5.0,5.0,3.0,1.0,0.0,4.452454136156611E-12