TimeMin,TimeMax,TimeAvg,TimeStdev,TimeTotal
400.0,4320.0,1365.3333333333333,880.7108240254322,20480.0
