SentiMin,SentiMax,SentiAvg,SentiStdev,Senti0-0.20,Senti0.21-0.40,Senti0.41-0.60,Senti0.61-0.80,Senti0.81-1.00,SentiTotal
0.002531947901229127,0.5439939148028484,0.3120549027853342,0.23088264264354444,4.0,1.0,5.0,0.0,0.0,5.795102796989537E-8