SentiMin,SentiMax,SentiAvg,SentiStdev,Senti0-0.20,Senti0.21-0.40,Senti0.41-0.60,Senti0.61-0.80,Senti0.81-1.00,SentiTotal
2.650269231236492E-5,0.4793479617581989,0.24837484585503272,0.18407548062592874,2.0,2.0,1.0,0.0,0.0,5.125018733920525E-7