TraitMin,TraitMax,TraitAvg,TraitStdev,TraitTotal
213.33333333333334,1000.0,443.8424242424242,247.16973523578676,343.4146341463415
