TimeMin,TimeMax,TimeAvg,TimeStdev,TimeTotal
440.0,1560.0,835.5555555555555,310.666348752023,15040.0
