SentiMin,SentiMax,SentiAvg,SentiStdev,Senti0-0.20,Senti0.21-0.40,Senti0.41-0.60,Senti0.61-0.80,Senti0.81-1.00,SentiTotal
0.0013011952608469348,0.5316624617817726,0.1877006895529975,0.1566299908646657,10.0,3.0,2.0,0.0,0.0,2.7770369392738378E-15