TraitMin,TraitMax,TraitAvg,TraitStdev,TraitTotal
200.0,1200.0,430.14378478664196,237.16020024229127,354.92063492063494
