TraitMin,TraitMax,TraitAvg,TraitStdev,TraitTotal
168.0,333.3333333333333,239.24102564102563,59.812641068240616,214.28571428571428
