TraitMin,TraitMax,TraitAvg,TraitStdev,TraitTotal
206.66666666666666,600.0,328.5925925925926,115.95164783860703,289.2307692307692
