TimeMin,TimeMax,TimeAvg,TimeStdev,TimeTotal
480.0,5160.0,1597.142857142857,1273.4173851234693,22360.0
