SentiMin,SentiMax,SentiAvg,SentiStdev,Senti0-0.20,Senti0.21-0.40,Senti0.41-0.60,Senti0.61-0.80,Senti0.81-1.00,SentiTotal
7.127483152739892E-5,0.5136446707795853,0.15788052283395082,0.17466082479553455,14.0,3.0,3.0,0.0,0.0,1.6661128590166184E-24