TraitMin,TraitMax,TraitAvg,TraitStdev,TraitTotal
176.0,480.0,308.04901960784315,88.51114342597127,275.6164383561644
