SentiMin,SentiMax,SentiAvg,SentiStdev,Senti0-0.20,Senti0.21-0.40,Senti0.41-0.60,Senti0.61-0.80,Senti0.81-1.00,SentiTotal
1.6702519677628645E-7,0.6220680278454395,0.26292627161443377,0.23321114600822523,6.0,2.0,3.0,1.0,0.0,8.065148388382572E-15