TraitMin,TraitMax,TraitAvg,TraitStdev,TraitTotal
148.57142857142858,400.0,279.6903540903541,61.353855756854486,269.4736842105263
