TraitMin,TraitMax,TraitAvg,TraitStdev,TraitTotal
160.0,820.0,390.66666666666663,178.84071124886526,383.4782608695652
