TraitMin,TraitMax,TraitAvg,TraitStdev,TraitTotal
320.0,387.0967741935484,358.3655913978494,28.22659087491675,381.05263157894734
