SentiMin,SentiMax,SentiAvg,SentiStdev,Senti0-0.20,Senti0.21-0.40,Senti0.41-0.60,Senti0.61-0.80,Senti0.81-1.00,SentiTotal
3.7145186160842132E-6,0.9363150466714091,0.319022309496581,0.3345635166999134,6.0,2.0,2.0,0.0,2.0,4.694657093631127E-13