SentiMin,SentiMax,SentiAvg,SentiStdev,Senti0-0.20,Senti0.21-0.40,Senti0.41-0.60,Senti0.61-0.80,Senti0.81-1.00,SentiTotal
0.004870583035330798,0.9705732845215905,0.544247518910245,0.3440318557503529,2.0,2.0,1.0,2.0,3.0,0.8605646608742025