TraitMin,TraitMax,TraitAvg,TraitStdev,TraitTotal
200.0,880.0,413.2307692307692,169.81374334641708,365.7894736842105
