TraitMin,TraitMax,TraitAvg,TraitStdev,TraitTotal
184.0,734.2857142857143,445.26901669758814,195.85105122776315,508.2608695652174
