TimeMin,TimeMax,TimeAvg,TimeStdev,TimeTotal
440.0,8640.0,2138.4615384615386,2063.1038832632967,27800.0
