TimeMin,TimeMax,TimeAvg,TimeStdev,TimeTotal
800.0,14320.0,6233.333333333333,4435.578378921463,37400.0
