SentiMin,SentiMax,SentiAvg,SentiStdev,Senti0-0.20,Senti0.21-0.40,Senti0.41-0.60,Senti0.61-0.80,Senti0.81-1.00,SentiTotal
9.802401880615007E-5,0.9863895822210199,0.20642987013518063,0.2623724438844202,8.0,4.0,0.0,0.0,1.0,9.928937343363127E-16