SentiMin,SentiMax,SentiAvg,SentiStdev,Senti0-0.20,Senti0.21-0.40,Senti0.41-0.60,Senti0.61-0.80,Senti0.81-1.00,SentiTotal
4.241709355128375E-6,0.5047137289756937,0.1195555461275537,0.16917670611617425,6.0,0.0,1.0,0.0,0.0,2.1613443840428052E-14