TraitMin,TraitMax,TraitAvg,TraitStdev,TraitTotal
212.30769230769232,420.0,347.43589743589746,95.63724471800622,275.7894736842105
