SentiMin,SentiMax,SentiAvg,SentiStdev,Senti0-0.20,Senti0.21-0.40,Senti0.41-0.60,Senti0.61-0.80,Senti0.81-1.00,SentiTotal
3.856660050196994E-6,0.973952071549408,0.18148153662035194,0.3320411815886813,6.0,0.0,1.0,0.0,1.0,1.1391810294673538E-17