SentiMin,SentiMax,SentiAvg,SentiStdev,Senti0-0.20,Senti0.21-0.40,Senti0.41-0.60,Senti0.61-0.80,Senti0.81-1.00,SentiTotal
3.1613559918644133E-6,0.5159436667231726,0.24447695074719897,0.20439643834662954,4.0,3.0,3.0,0.0,0.0,5.443934650123437E-15