TimeMin,TimeMax,TimeAvg,TimeStdev,TimeTotal
840.0,2760.0,1746.6666666666667,787.4572298791147,5240.0
