TraitMin,TraitMax,TraitAvg,TraitStdev,TraitTotal
200.0,596.6666666666666,393.5555555555556,123.29228546150397,429.88505747126436
