SentiMin,SentiMax,SentiAvg,SentiStdev,Senti0-0.20,Senti0.21-0.40,Senti0.41-0.60,Senti0.61-0.80,Senti0.81-1.00,SentiTotal
6.260718516614881E-4,0.6242094968955547,0.24909648621705208,0.23241444728951666,2.0,1.0,0.0,1.0,0.0,5.1265569079039044E-5