TraitMin,TraitMax,TraitAvg,TraitStdev,TraitTotal
194.28571428571428,580.0,382.43688123022486,121.0070468861378,380.6185567010309
