SentiMin,SentiMax,SentiAvg,SentiStdev,Senti0-0.20,Senti0.21-0.40,Senti0.41-0.60,Senti0.61-0.80,Senti0.81-1.00,SentiTotal
5.483571125124607E-7,0.6451180460853069,0.15611038127116947,0.2356957693267606,4.0,1.0,0.0,1.0,0.0,4.43749566714935E-15