SentiMin,SentiMax,SentiAvg,SentiStdev,Senti0-0.20,Senti0.21-0.40,Senti0.41-0.60,Senti0.61-0.80,Senti0.81-1.00,SentiTotal
0.004553084770539345,0.5159436667231726,0.1777634716761919,0.23915317271029907,2.0,0.0,1.0,0.0,0.0,4.62367503489709E-5