SentiMin,SentiMax,SentiAvg,SentiStdev,Senti0-0.20,Senti0.21-0.40,Senti0.41-0.60,Senti0.61-0.80,Senti0.81-1.00,SentiTotal
1.6975403208082695E-9,0.44846293211155425,0.11473274391215738,0.16126773598817998,6.0,1.0,1.0,0.0,0.0,3.7891475462407796E-23