TraitMin,TraitMax,TraitAvg,TraitStdev,TraitTotal
308.0,420.0,352.6666666666667,32.78888700628783,350.1449275362319
