SentiMin,SentiMax,SentiAvg,SentiStdev,Senti0-0.20,Senti0.21-0.40,Senti0.41-0.60,Senti0.61-0.80,Senti0.81-1.00,SentiTotal
4.0474636528790153E-4,0.521423386633995,0.2223570862946095,0.17618515840765134,8.0,5.0,2.0,0.0,0.0,3.171633053790744E-14