SentiMin,SentiMax,SentiAvg,SentiStdev,Senti0-0.20,Senti0.21-0.40,Senti0.41-0.60,Senti0.61-0.80,Senti0.81-1.00,SentiTotal
0.0014440305264037322,0.5604661215400841,0.2736927137948184,0.20671512801724817,5.0,1.0,4.0,0.0,0.0,3.186569555468227E-8