TimeMin,TimeMax,TimeAvg,TimeStdev,TimeTotal
960.0,6400.0,2269.090909090909,1810.3613629501733,24960.0
