TraitMin,TraitMax,TraitAvg,TraitStdev,TraitTotal
168.88888888888889,1000.0,446.5684924107384,239.5726317357531,346.6666666666667
