SentiMin,SentiMax,SentiAvg,SentiStdev,Senti0-0.20,Senti0.21-0.40,Senti0.41-0.60,Senti0.61-0.80,Senti0.81-1.00,SentiTotal
1.8866812987079867E-5,0.21921412548362115,0.07514853506909845,0.07705484792852024,10.0,1.0,0.0,0.0,0.0,7.491994070885717E-22