SentiMin,SentiMax,SentiAvg,SentiStdev,Senti0-0.20,Senti0.21-0.40,Senti0.41-0.60,Senti0.61-0.80,Senti0.81-1.00,SentiTotal
2.593676964290542E-4,0.5628056929000496,0.2152858111094013,0.1962676553471483,4.0,2.0,1.0,0.0,0.0,9.250138266488583E-8