SentiMin,SentiMax,SentiAvg,SentiStdev,Senti0-0.20,Senti0.21-0.40,Senti0.41-0.60,Senti0.61-0.80,Senti0.81-1.00,SentiTotal
0.001475036095742372,0.49789225920557484,0.2316846356410093,0.22106945455551663,3.0,1.0,2.0,0.0,0.0,1.2174019323083005E-7