TimeMin,TimeMax,TimeAvg,TimeStdev,TimeTotal
640.0,3760.0,1885.7142857142858,1130.2446908632173,13200.0
