TimeMin,TimeMax,TimeAvg,TimeStdev,TimeTotal
800.0,1960.0,1217.142857142857,364.0139041973254,8520.0
