TraitMin,TraitMax,TraitAvg,TraitStdev,TraitTotal
271.1111111111111,1160.0,592.4861111111111,276.5649547390537,472.5
