TraitMin,TraitMax,TraitAvg,TraitStdev,TraitTotal
200.0,635.0,351.2771512113618,122.8033718712913,328.0
