TraitMin,TraitMax,TraitAvg,TraitStdev,TraitTotal
194.28571428571428,1000.0,438.2634920634921,239.80506751452052,345.88235294117646
