TraitMin,TraitMax,TraitAvg,TraitStdev,TraitTotal
210.0,1040.0,461.1904761904762,251.97114077273403,356.7567567567568
