SentiMin,SentiMax,SentiAvg,SentiStdev,Senti0-0.20,Senti0.21-0.40,Senti0.41-0.60,Senti0.61-0.80,Senti0.81-1.00,SentiTotal
0.017234824131760463,0.39697510199130176,0.21374400806839064,0.12659893826258495,6.0,10.0,0.0,0.0,0.0,1.2538144741557313E-11