TraitMin,TraitMax,TraitAvg,TraitStdev,TraitTotal
188.57142857142858,1000.0,508.6054421768708,324.15578796557264,327.6923076923077
