SentiMin,SentiMax,SentiAvg,SentiStdev,Senti0-0.20,Senti0.21-0.40,Senti0.41-0.60,Senti0.61-0.80,Senti0.81-1.00,SentiTotal
0.020517419678187276,0.16224923012535164,0.09138332490176945,0.07086590522358219,2.0,0.0,0.0,0.0,0.0,0.004074573881465078