TraitMin,TraitMax,TraitAvg,TraitStdev,TraitTotal
346.6666666666667,640.0,493.33333333333337,146.66666666666666,400.0
