TimeMin,TimeMax,TimeAvg,TimeStdev,TimeTotal
1680.0,6760.0,3865.714285714286,1632.4290152395351,54120.0
