SentiMin,SentiMax,SentiAvg,SentiStdev,Senti0-0.20,Senti0.21-0.40,Senti0.41-0.60,Senti0.61-0.80,Senti0.81-1.00,SentiTotal
1.103542523639548E-4,0.5316624617817726,0.12407508454288302,0.16594136758230088,7.0,1.0,1.0,0.0,0.0,1.4127757838671612E-15