SentiMin,SentiMax,SentiAvg,SentiStdev,Senti0-0.20,Senti0.21-0.40,Senti0.41-0.60,Senti0.61-0.80,Senti0.81-1.00,SentiTotal
0.00399317248546753,0.8109120482683584,0.34020109810773375,0.18033349306959082,2.0,10.0,3.0,0.0,1.0,5.069995714777247E-7