SentiMin,SentiMax,SentiAvg,SentiStdev,Senti0-0.20,Senti0.21-0.40,Senti0.41-0.60,Senti0.61-0.80,Senti0.81-1.00,SentiTotal
0.02710305526436394,0.39697510199130176,0.2968130403252932,0.12981560851130405,2.0,7.0,0.0,0.0,0.0,7.344721780309524E-5