TimeMin,TimeMax,TimeAvg,TimeStdev,TimeTotal
240.0,5320.0,1763.076923076923,1496.536435164593,22920.0
