SentiMin,SentiMax,SentiAvg,SentiStdev,Senti0-0.20,Senti0.21-0.40,Senti0.41-0.60,Senti0.61-0.80,Senti0.81-1.00,SentiTotal
9.508960757495326E-5,0.929160122851861,0.2715036898856647,0.2532942051485481,6.0,4.0,2.0,0.0,1.0,2.1244484523491483E-12