TraitMin,TraitMax,TraitAvg,TraitStdev,TraitTotal
200.0,640.0,337.5,177.8166190208328,276.3636363636364
