TraitMin,TraitMax,TraitAvg,TraitStdev,TraitTotal
168.0,760.0,388.2333333333333,178.13219498139264,287.58620689655174
