TraitMin,TraitMax,TraitAvg,TraitStdev,TraitTotal
168.88888888888889,440.0,290.68888888888887,91.09118752351648,236.09756097560975
