SentiMin,SentiMax,SentiAvg,SentiStdev,Senti0-0.20,Senti0.21-0.40,Senti0.41-0.60,Senti0.61-0.80,Senti0.81-1.00,SentiTotal
5.420157203909245E-4,0.43796879524747484,0.21446891162585588,0.14511919414081564,9.0,6.0,2.0,0.0,0.0,2.809652252682288E-15