TimeMin,TimeMax,TimeAvg,TimeStdev,TimeTotal
800.0,4160.0,2022.2222222222222,1125.7173296049234,18200.0
