TimeMin,TimeMax,TimeAvg,TimeStdev,TimeTotal
360.0,2160.0,952.9411764705883,459.40837537350336,16200.0
