SentiMin,SentiMax,SentiAvg,SentiStdev,Senti0-0.20,Senti0.21-0.40,Senti0.41-0.60,Senti0.61-0.80,Senti0.81-1.00,SentiTotal
0.1571079350448899,0.5628056929000496,0.3961474350313977,0.1664425722705001,1.0,1.0,2.0,0.0,0.0,0.12193880233094094