TraitMin,TraitMax,TraitAvg,TraitStdev,TraitTotal
182.85714285714286,440.0,323.0622231798703,99.92868410891406,275.75757575757575
