SentiMin,SentiMax,SentiAvg,SentiStdev,Senti0-0.20,Senti0.21-0.40,Senti0.41-0.60,Senti0.61-0.80,Senti0.81-1.00,SentiTotal
3.127834279170368E-5,0.6763517683108127,0.23013177343763108,0.2395228627767846,6.0,1.0,2.0,1.0,0.0,2.7332812868076238E-14