SentiMin,SentiMax,SentiAvg,SentiStdev,Senti0-0.20,Senti0.21-0.40,Senti0.41-0.60,Senti0.61-0.80,Senti0.81-1.00,SentiTotal
2.7601242996554956E-4,0.5028944701579606,0.30672088515134843,0.1518873953129612,4.0,10.0,6.0,0.0,0.0,2.1097055008317714E-11