TraitMin,TraitMax,TraitAvg,TraitStdev,TraitTotal
173.33333333333334,1040.0,345.1518539939592,212.4638723875905,282.962962962963
