TraitMin,TraitMax,TraitAvg,TraitStdev,TraitTotal
240.0,550.0,397.45454545454544,112.50923847384757,383.6363636363636
