SentiMin,SentiMax,SentiAvg,SentiStdev,Senti0-0.20,Senti0.21-0.40,Senti0.41-0.60,Senti0.61-0.80,Senti0.81-1.00,SentiTotal
0.003181091241759355,0.48439634580644964,0.22373940388767052,0.16905389172833668,6.0,2.0,3.0,0.0,0.0,4.850299013756527E-12