TraitMin,TraitMax,TraitAvg,TraitStdev,TraitTotal
203.63636363636363,760.0,357.24747474747477,154.83372294841035,296.8888888888889
