TraitMin,TraitMax,TraitAvg,TraitStdev,TraitTotal
200.0,620.0,346.0727969348659,119.16743293232959,331.875
