TimeMin,TimeMax,TimeAvg,TimeStdev,TimeTotal
100.0,7800.0,3324.6153846153848,2588.8774382987976,43220.0
