TraitMin,TraitMax,TraitAvg,TraitStdev,TraitTotal
332.5,600.0,454.35714285714283,98.83995515323687,405.9574468085106
