SentiMin,SentiMax,SentiAvg,SentiStdev,Senti0-0.20,Senti0.21-0.40,Senti0.41-0.60,Senti0.61-0.80,Senti0.81-1.00,SentiTotal
2.4641819061868824E-4,0.49789225920557484,0.2191518041504326,0.18815738867860923,7.0,2.0,4.0,0.0,0.0,5.9798343702647E-17