SentiMin,SentiMax,SentiAvg,SentiStdev,Senti0-0.20,Senti0.21-0.40,Senti0.41-0.60,Senti0.61-0.80,Senti0.81-1.00,SentiTotal
2.4784512619468904E-4,0.5703716043812118,0.2853626433618351,0.18598084787289496,4.0,5.0,4.0,0.0,0.0,6.61487354935585E-11