TimeMin,TimeMax,TimeAvg,TimeStdev,TimeTotal
520.0,5360.0,1429.090909090909,1278.6459780525972,15720.0
