SentiMin,SentiMax,SentiAvg,SentiStdev,Senti0-0.20,Senti0.21-0.40,Senti0.41-0.60,Senti0.61-0.80,Senti0.81-1.00,SentiTotal
0.006963216688048636,0.996751520918248,0.4859293260315394,0.29345378883363654,1.0,5.0,2.0,1.0,2.0,0.8281547606323336