TimeMin,TimeMax,TimeAvg,TimeStdev,TimeTotal
560.0,4480.0,1732.3076923076924,1135.9723306906178,22520.0
