TraitMin,TraitMax,TraitAvg,TraitStdev,TraitTotal
193.33333333333334,622.8571428571429,354.95302358460253,136.2949966777471,382.4390243902439
