SentiMin,SentiMax,SentiAvg,SentiStdev,Senti0-0.20,Senti0.21-0.40,Senti0.41-0.60,Senti0.61-0.80,Senti0.81-1.00,SentiTotal
2.6363296186076794E-7,0.4801180056153849,0.10994407386831379,0.17152754913879975,9.0,1.0,2.0,0.0,0.0,9.277820437374257E-33