TraitMin,TraitMax,TraitAvg,TraitStdev,TraitTotal
200.0,520.0,336.3225290116047,108.57373478861182,322.6666666666667
