SentiMin,SentiMax,SentiAvg,SentiStdev,Senti0-0.20,Senti0.21-0.40,Senti0.41-0.60,Senti0.61-0.80,Senti0.81-1.00,SentiTotal
4.078858223556267E-5,0.5159436667231726,0.14861507591118173,0.1737621065698159,4.0,2.0,1.0,0.0,0.0,1.4891276117973343E-12