TimeMin,TimeMax,TimeAvg,TimeStdev,TimeTotal
520.0,9280.0,2412.3076923076924,2320.9220775245403,31360.0
