TimeMin,TimeMax,TimeAvg,TimeStdev,TimeTotal
360.0,2680.0,1394.2857142857142,804.396084789384,9760.0
