SentiMin,SentiMax,SentiAvg,SentiStdev,Senti0-0.20,Senti0.21-0.40,Senti0.41-0.60,Senti0.61-0.80,Senti0.81-1.00,SentiTotal
5.661953945389439E-6,0.7478738154066359,0.22917525987113882,0.24469983857608288,8.0,3.0,2.0,1.0,0.0,6.998281920519376E-17