TimeMin,TimeMax,TimeAvg,TimeStdev,TimeTotal
440.0,4320.0,1534.5454545454545,1271.7086833102192,16880.0
