SentiMin,SentiMax,SentiAvg,SentiStdev,Senti0-0.20,Senti0.21-0.40,Senti0.41-0.60,Senti0.61-0.80,Senti0.81-1.00,SentiTotal
1.2739408793530215E-6,0.5476756275391367,0.10024659575599634,0.1681042575775627,11.0,0.0,2.0,0.0,0.0,1.0512121314632476E-28