TimeMin,TimeMax,TimeAvg,TimeStdev,TimeTotal
520.0,2960.0,1113.3333333333333,718.6716140831561,13360.0
