SentiMin,SentiMax,SentiAvg,SentiStdev,Senti0-0.20,Senti0.21-0.40,Senti0.41-0.60,Senti0.61-0.80,Senti0.81-1.00,SentiTotal
2.9070801205504065E-4,0.8822116478676916,0.2517785456916502,0.2726658125867318,8.0,3.0,2.0,1.0,1.0,8.47319469020315E-17