TimeMin,TimeMax,TimeAvg,TimeStdev,TimeTotal
440.0,3800.0,1515.5555555555557,916.0193000284936,27280.0
