SentiMin,SentiMax,SentiAvg,SentiStdev,Senti0-0.20,Senti0.21-0.40,Senti0.41-0.60,Senti0.61-0.80,Senti0.81-1.00,SentiTotal
0.019488461055101103,0.6315861971204645,0.3162056535714346,0.2187886483506892,2.0,3.0,1.0,2.0,0.0,1.3624208501734864E-4