TraitMin,TraitMax,TraitAvg,TraitStdev,TraitTotal
180.0,920.0,358.92698412698417,203.84529716210545,291.42857142857144
