SentiMin,SentiMax,SentiAvg,SentiStdev,Senti0-0.20,Senti0.21-0.40,Senti0.41-0.60,Senti0.61-0.80,Senti0.81-1.00,SentiTotal
0.0515819555611181,0.6323720940364075,0.32628695886724657,0.14059259385703873,3.0,8.0,2.0,1.0,0.0,8.744196554127144E-6