SentiMin,SentiMax,SentiAvg,SentiStdev,Senti0-0.20,Senti0.21-0.40,Senti0.41-0.60,Senti0.61-0.80,Senti0.81-1.00,SentiTotal
9.209988117146279E-4,0.5683742046387888,0.23773188878481183,0.1889514602622625,7.0,6.0,3.0,0.0,0.0,3.05256653489818E-14