TraitMin,TraitMax,TraitAvg,TraitStdev,TraitTotal
280.0,1240.0,636.5201465201465,265.81597596027876,503.44827586206895
