TraitMin,TraitMax,TraitAvg,TraitStdev,TraitTotal
200.0,1280.0,453.26406926406924,224.14515770162507,373.6986301369863
