SentiMin,SentiMax,SentiAvg,SentiStdev,Senti0-0.20,Senti0.21-0.40,Senti0.41-0.60,Senti0.61-0.80,Senti0.81-1.00,SentiTotal
1.7649563390676247E-6,0.8859893199996367,0.2507965106150105,0.22356946019748586,8.0,8.0,1.0,0.0,1.0,3.8607204022376524E-21