TimeMin,TimeMax,TimeAvg,TimeStdev,TimeTotal
640.0,3840.0,1763.076923076923,928.6498438832468,22920.0
