TraitMin,TraitMax,TraitAvg,TraitStdev,TraitTotal
160.0,920.0,483.9047619047619,238.14919388642244,412.22222222222223
