TraitMin,TraitMax,TraitAvg,TraitStdev,TraitTotal
160.0,1160.0,531.6290849673203,329.1664233448748,349.4736842105263
