TimeMin,TimeMax,TimeAvg,TimeStdev,TimeTotal
520.0,2040.0,1123.076923076923,424.61538461538464,14600.0
