SentiMin,SentiMax,SentiAvg,SentiStdev,Senti0-0.20,Senti0.21-0.40,Senti0.41-0.60,Senti0.61-0.80,Senti0.81-1.00,SentiTotal
0.004266199594478813,0.39697510199130176,0.17756784602507347,0.16329580310373315,5.0,3.0,0.0,0.0,0.0,6.101850398314879E-9