TraitMin,TraitMax,TraitAvg,TraitStdev,TraitTotal
216.0,1560.0,530.5221445221445,405.07386740246585,318.3333333333333
