TraitMin,TraitMax,TraitAvg,TraitStdev,TraitTotal
160.0,440.0,290.34343434343435,95.3735383915473,278.13953488372096
