SentiMin,SentiMax,SentiAvg,SentiStdev,Senti0-0.20,Senti0.21-0.40,Senti0.41-0.60,Senti0.61-0.80,Senti0.81-1.00,SentiTotal
0.012088480370570975,0.78291140448387,0.28815052890907816,0.30788455772976464,5.0,1.0,0.0,2.0,0.0,2.530629419234147E-6