TimeMin,TimeMax,TimeAvg,TimeStdev,TimeTotal
360.0,4080.0,1367.2727272727273,1315.5095169766728,15040.0
