TraitMin,TraitMax,TraitAvg,TraitStdev,TraitTotal
136.0,920.0,374.43333333333334,186.79141962211332,291.1764705882353
