SentiMin,SentiMax,SentiAvg,SentiStdev,Senti0-0.20,Senti0.21-0.40,Senti0.41-0.60,Senti0.61-0.80,Senti0.81-1.00,SentiTotal
6.47147952992391E-5,0.39697510199130176,0.1336910684832309,0.13516566699307883,7.0,4.0,0.0,0.0,0.0,7.757490868444203E-16