TraitMin,TraitMax,TraitAvg,TraitStdev,TraitTotal
222.85714285714286,480.0,347.6617322071868,75.9149636598705,320.0
