SentiMin,SentiMax,SentiAvg,SentiStdev,Senti0-0.20,Senti0.21-0.40,Senti0.41-0.60,Senti0.61-0.80,Senti0.81-1.00,SentiTotal
0.04211514329882534,0.3995120172481315,0.16377412608810377,0.16672058336926174,2.0,1.0,0.0,0.0,0.0,0.001553281478803388