TraitMin,TraitMax,TraitAvg,TraitStdev,TraitTotal
180.0,360.0,268.75,66.6028340237861,271.6666666666667
