TraitMin,TraitMax,TraitAvg,TraitStdev,TraitTotal
234.28571428571428,340.0,278.0952380952381,45.014484945129425,280.0
