SentiMin,SentiMax,SentiAvg,SentiStdev,Senti0-0.20,Senti0.21-0.40,Senti0.41-0.60,Senti0.61-0.80,Senti0.81-1.00,SentiTotal
0.0020362100390894883,0.49789225920557484,0.14791209575320174,0.1722976577100684,6.0,2.0,1.0,0.0,0.0,4.5537057952397294E-11