SentiMin,SentiMax,SentiAvg,SentiStdev,Senti0-0.20,Senti0.21-0.40,Senti0.41-0.60,Senti0.61-0.80,Senti0.81-1.00,SentiTotal
2.933530398623489E-5,0.49789225920557484,0.21960322781913608,0.21270794415189673,10.0,4.0,6.0,0.0,0.0,6.479051053779695E-29