TraitMin,TraitMax,TraitAvg,TraitStdev,TraitTotal
182.85714285714286,1000.0,386.5111925111925,266.77889004783276,253.0612244897959
