TraitMin,TraitMax,TraitAvg,TraitStdev,TraitTotal
166.66666666666666,640.0,308.95959595959596,122.09529221716011,295.08196721311475
