TimeMin,TimeMax,TimeAvg,TimeStdev,TimeTotal
600.0,5680.0,2012.3076923076924,1334.6399909059535,26160.0
