TraitMin,TraitMax,TraitAvg,TraitStdev,TraitTotal
200.0,860.0,388.0808080808081,184.60932809584122,292.06349206349205
