TimeMin,TimeMax,TimeAvg,TimeStdev,TimeTotal
800.0,4480.0,2154.285714285714,1051.5683136950006,30160.0
