TimeMin,TimeMax,TimeAvg,TimeStdev,TimeTotal
760.0,8880.0,2193.3333333333335,2156.4064758038753,26320.0
