SentiMin,SentiMax,SentiAvg,SentiStdev,Senti0-0.20,Senti0.21-0.40,Senti0.41-0.60,Senti0.61-0.80,Senti0.81-1.00,SentiTotal
0.013648718922110382,0.5388994659433609,0.2524933420203789,0.19432655375015964,5.0,3.0,3.0,0.0,0.0,2.9399055883125185E-8