TraitMin,TraitMax,TraitAvg,TraitStdev,TraitTotal
160.0,1040.0,401.86507936507945,262.6044985104864,292.63157894736844
