TraitMin,TraitMax,TraitAvg,TraitStdev,TraitTotal
213.33333333333334,840.0,418.5079365079365,176.9527621862724,332.5
