TimeMin,TimeMax,TimeAvg,TimeStdev,TimeTotal
177.0,2160.0,1130.4117647058824,505.0920776654641,19217.0
