SentiMin,SentiMax,SentiAvg,SentiStdev,Senti0-0.20,Senti0.21-0.40,Senti0.41-0.60,Senti0.61-0.80,Senti0.81-1.00,SentiTotal
0.0010895320275751583,0.5136446707795853,0.3556789030650477,0.19266973784124475,5.0,2.0,11.0,0.0,0.0,1.5639352066128381E-9