SentiMin,SentiMax,SentiAvg,SentiStdev,Senti0-0.20,Senti0.21-0.40,Senti0.41-0.60,Senti0.61-0.80,Senti0.81-1.00,SentiTotal
0.026769018185620705,0.5496678701602578,0.3168002338351606,0.18039675330676708,5.0,4.0,6.0,0.0,0.0,2.421181900081562E-7