TimeMin,TimeMax,TimeAvg,TimeStdev,TimeTotal
520.0,3480.0,1714.6666666666667,841.5689052134842,25720.0
