TimeMin,TimeMax,TimeAvg,TimeStdev,TimeTotal
600.0,3800.0,1713.8461538461538,792.4017867950427,22280.0
