TraitMin,TraitMax,TraitAvg,TraitStdev,TraitTotal
225.0,560.0,364.1602641056423,99.7171363569242,338.87640449438203
