SentiMin,SentiMax,SentiAvg,SentiStdev,Senti0-0.20,Senti0.21-0.40,Senti0.41-0.60,Senti0.61-0.80,Senti0.81-1.00,SentiTotal
0.03112305475422962,0.6959033095314103,0.3838862570569087,0.17445015884249468,2.0,5.0,6.0,1.0,0.0,1.9010521446407886E-4