TimeMin,TimeMax,TimeAvg,TimeStdev,TimeTotal
560.0,4240.0,1845.7142857142858,953.8921344059991,25840.0
