TraitMin,TraitMax,TraitAvg,TraitStdev,TraitTotal
245.0,746.6666666666666,391.3053915781189,142.04163839765656,375.1515151515151
