TraitMin,TraitMax,TraitAvg,TraitStdev,TraitTotal
221.05263157894737,640.0,416.99825846667954,135.06644833506454,334.44444444444446
