TraitMin,TraitMax,TraitAvg,TraitStdev,TraitTotal
183.1578947368421,1040.0,438.8390977443609,251.81391177370514,309.87951807228916
