TraitMin,TraitMax,TraitAvg,TraitStdev,TraitTotal
50.90909090909091,800.0,428.1057513914657,195.89493630013342,349.18918918918916
