SentiMin,SentiMax,SentiAvg,SentiStdev,Senti0-0.20,Senti0.21-0.40,Senti0.41-0.60,Senti0.61-0.80,Senti0.81-1.00,SentiTotal
0.1842672556582818,0.5136446707795853,0.39055579099692167,0.1467742198332134,1.0,0.0,2.0,0.0,0.0,0.17926720723243977