SentiMin,SentiMax,SentiAvg,SentiStdev,Senti0-0.20,Senti0.21-0.40,Senti0.41-0.60,Senti0.61-0.80,Senti0.81-1.00,SentiTotal
0.03243634820086699,0.49789225920557484,0.2795192667798757,0.152309783557778,4.0,6.0,4.0,0.0,0.0,1.1005905250129007E-7