SentiMin,SentiMax,SentiAvg,SentiStdev,Senti0-0.20,Senti0.21-0.40,Senti0.41-0.60,Senti0.61-0.80,Senti0.81-1.00,SentiTotal
0.0736401149528525,0.5318834537628724,0.34989376204574635,0.14347217711973118,2.0,6.0,5.0,0.0,0.0,8.399158652563134E-5