SentiMin,SentiMax,SentiAvg,SentiStdev,Senti0-0.20,Senti0.21-0.40,Senti0.41-0.60,Senti0.61-0.80,Senti0.81-1.00,SentiTotal
0.007181307730295155,0.5628056929000496,0.28712402693505396,0.17913616942933042,4.0,4.0,4.0,0.0,0.0,2.2551300456387153E-7