TraitMin,TraitMax,TraitAvg,TraitStdev,TraitTotal
310.0,840.0,523.919413919414,167.51715537017702,450.2325581395349
