SentiMin,SentiMax,SentiAvg,SentiStdev,Senti0-0.20,Senti0.21-0.40,Senti0.41-0.60,Senti0.61-0.80,Senti0.81-1.00,SentiTotal
4.600482980576187E-4,0.49789225920557484,0.29866889418178616,0.16857174805341274,5.0,6.0,6.0,0.0,0.0,6.489894345447591E-11