SentiMin,SentiMax,SentiAvg,SentiStdev,Senti0-0.20,Senti0.21-0.40,Senti0.41-0.60,Senti0.61-0.80,Senti0.81-1.00,SentiTotal
0.0926094511141611,0.5136446707795853,0.33111617130080834,0.1362751916233263,1.0,6.0,4.0,0.0,0.0,1.842800351597843E-4