TimeMin,TimeMax,TimeAvg,TimeStdev,TimeTotal
640.0,2960.0,1489.2307692307693,697.0979573418484,19360.0
