TraitMin,TraitMax,TraitAvg,TraitStdev,TraitTotal
162.10526315789474,640.0,297.6763492441511,113.3593959686262,250.5109489051095
