TraitMin,TraitMax,TraitAvg,TraitStdev,TraitTotal
240.0,811.4285714285714,430.05860805860806,184.49546340598513,379.1304347826087
