TraitMin,TraitMax,TraitAvg,TraitStdev,TraitTotal
314.2857142857143,314.2857142857143,314.2857142857143,0.0,314.2857142857143
