SentiMin,SentiMax,SentiAvg,SentiStdev,Senti0-0.20,Senti0.21-0.40,Senti0.41-0.60,Senti0.61-0.80,Senti0.81-1.00,SentiTotal
0.005806642742515356,0.5475385610968239,0.2871560267244381,0.17253585957466566,3.0,8.0,4.0,0.0,0.0,1.7291499954047633E-9