TraitMin,TraitMax,TraitAvg,TraitStdev,TraitTotal
213.33333333333334,760.0,445.2063492063491,161.34989888904224,349.5081967213115
