TraitMin,TraitMax,TraitAvg,TraitStdev,TraitTotal
160.0,600.0,326.22222222222223,150.287954060871,295.23809523809524
