TimeMin,TimeMax,TimeAvg,TimeStdev,TimeTotal
760.0,3680.0,1486.6666666666667,944.857426046679,17840.0
