SentiMin,SentiMax,SentiAvg,SentiStdev,Senti0-0.20,Senti0.21-0.40,Senti0.41-0.60,Senti0.61-0.80,Senti0.81-1.00,SentiTotal
0.0011731379476235594,0.4055016785633028,0.18801354057322808,0.16259018184134746,5.0,5.0,1.0,0.0,0.0,2.6542046888603014E-12