SentiMin,SentiMax,SentiAvg,SentiStdev,Senti0-0.20,Senti0.21-0.40,Senti0.41-0.60,Senti0.61-0.80,Senti0.81-1.00,SentiTotal
0.0011377594282800567,0.9580753532491912,0.2747645152922082,0.23736327805861035,6.0,6.0,3.0,0.0,1.0,8.925699862980649E-13