TraitMin,TraitMax,TraitAvg,TraitStdev,TraitTotal
346.6666666666667,346.6666666666667,346.6666666666667,0.0,346.6666666666667
