SentiMin,SentiMax,SentiAvg,SentiStdev,Senti0-0.20,Senti0.21-0.40,Senti0.41-0.60,Senti0.61-0.80,Senti0.81-1.00,SentiTotal
1.4996295283936734E-4,0.3369574104088929,0.10637121948056054,0.10749324395229218,9.0,3.0,0.0,0.0,0.0,9.077439109442869E-18