TimeMin,TimeMax,TimeAvg,TimeStdev,TimeTotal
920.0,3040.0,1752.7272727272727,656.7840507017496,19280.0
