TraitMin,TraitMax,TraitAvg,TraitStdev,TraitTotal
184.0,640.0,396.1515151515152,146.73754235398707,357.037037037037
