SentiMin,SentiMax,SentiAvg,SentiStdev,Senti0-0.20,Senti0.21-0.40,Senti0.41-0.60,Senti0.61-0.80,Senti0.81-1.00,SentiTotal
0.1965459810349296,0.39697510199130176,0.2967605415131157,0.10021456047818608,1.0,1.0,0.0,0.0,0.0,0.13971279241102555