TraitMin,TraitMax,TraitAvg,TraitStdev,TraitTotal
100.0,426.6666666666667,225.0468512968513,94.60194602026728,207.46666666666667
