SentiMin,SentiMax,SentiAvg,SentiStdev,Senti0-0.20,Senti0.21-0.40,Senti0.41-0.60,Senti0.61-0.80,Senti0.81-1.00,SentiTotal
1.6927025155820375E-5,0.7489921641627953,0.18499418280494803,0.22761049304918735,7.0,1.0,1.0,1.0,0.0,2.8933607672290156E-15