TraitMin,TraitMax,TraitAvg,TraitStdev,TraitTotal
152.0,600.0,339.51851851851853,112.4714809149608,324.3636363636364
