SentiMin,SentiMax,SentiAvg,SentiStdev,Senti0-0.20,Senti0.21-0.40,Senti0.41-0.60,Senti0.61-0.80,Senti0.81-1.00,SentiTotal
0.029608885629010394,0.43796879524747484,0.14185451371285082,0.14029708852263278,5.0,0.0,1.0,0.0,0.0,4.123089254832101E-8