TraitMin,TraitMax,TraitAvg,TraitStdev,TraitTotal
150.0,634.2857142857143,384.9255952380953,134.03473883897445,385.0
