TimeMin,TimeMax,TimeAvg,TimeStdev,TimeTotal
400.0,2480.0,1296.6666666666667,624.2773600109348,15560.0
