TimeMin,TimeMax,TimeAvg,TimeStdev,TimeTotal
480.0,1320.0,1033.3333333333333,288.8290536324596,6200.0
