TimeMin,TimeMax,TimeAvg,TimeStdev,TimeTotal
600.0,2720.0,1447.2727272727273,594.4759481194861,15920.0
