SentiMin,SentiMax,SentiAvg,SentiStdev,Senti0-0.20,Senti0.21-0.40,Senti0.41-0.60,Senti0.61-0.80,Senti0.81-1.00,SentiTotal
0.010578509922819269,0.49789225920557484,0.3441357432891326,0.16303911915091326,3.0,4.0,5.0,0.0,0.0,1.9405832375757545E-5