TimeMin,TimeMax,TimeAvg,TimeStdev,TimeTotal
440.0,5360.0,2628.5714285714284,1528.6542033662772,36800.0
