TimeMin,TimeMax,TimeAvg,TimeStdev,TimeTotal
280.0,5440.0,1716.923076923077,1594.5647325808172,22320.0
