SentiMin,SentiMax,SentiAvg,SentiStdev,Senti0-0.20,Senti0.21-0.40,Senti0.41-0.60,Senti0.61-0.80,Senti0.81-1.00,SentiTotal
0.02736031924547506,0.49789225920557484,0.274603743403406,0.173992702319222,2.0,4.0,2.0,0.0,0.0,2.086979725831591E-5