TraitMin,TraitMax,TraitAvg,TraitStdev,TraitTotal
133.33333333333334,840.0,351.45978582820686,200.13945567318748,257.6923076923077
