SentiMin,SentiMax,SentiAvg,SentiStdev,Senti0-0.20,Senti0.21-0.40,Senti0.41-0.60,Senti0.61-0.80,Senti0.81-1.00,SentiTotal
0.04070662396417505,0.49789225920557484,0.29624227827882976,0.18218777939487324,5.0,4.0,7.0,0.0,0.0,2.1937086646027043E-8