TraitMin,TraitMax,TraitAvg,TraitStdev,TraitTotal
190.0,960.0,365.0117216117216,224.2895281669584,271.64179104477614
