TimeMin,TimeMax,TimeAvg,TimeStdev,TimeTotal
400.0,3080.0,1410.5263157894738,769.0696613729613,26800.0
