SentiMin,SentiMax,SentiAvg,SentiStdev,Senti0-0.20,Senti0.21-0.40,Senti0.41-0.60,Senti0.61-0.80,Senti0.81-1.00,SentiTotal
1.1223331326423123E-4,0.49789225920557484,0.23893160182116843,0.16683760206155562,6.0,9.0,4.0,0.0,0.0,5.1324183594472435E-18