SentiMin,SentiMax,SentiAvg,SentiStdev,Senti0-0.20,Senti0.21-0.40,Senti0.41-0.60,Senti0.61-0.80,Senti0.81-1.00,SentiTotal
8.64321982388915E-7,0.49789225920557484,0.17239932962160595,0.16797708369189907,9.0,3.0,2.0,0.0,0.0,9.619523461252025E-23