TraitMin,TraitMax,TraitAvg,TraitStdev,TraitTotal
173.33333333333334,760.0,344.0688944583681,174.76069358110465,274.9514563106796
