SentiMin,SentiMax,SentiAvg,SentiStdev,Senti0-0.20,Senti0.21-0.40,Senti0.41-0.60,Senti0.61-0.80,Senti0.81-1.00,SentiTotal
9.338174629397489E-4,0.49789225920557484,0.3803273341641799,0.15521210308271724,1.0,3.0,6.0,0.0,0.0,5.0628278446471606E-5