TraitMin,TraitMax,TraitAvg,TraitStdev,TraitTotal
131.42857142857142,380.0,241.4326387102307,64.47580970478785,225.45454545454547
