TimeMin,TimeMax,TimeAvg,TimeStdev,TimeTotal
720.0,3520.0,1586.6666666666667,849.8365855987976,19040.0
