TraitMin,TraitMax,TraitAvg,TraitStdev,TraitTotal
173.33333333333334,720.0,387.6481481481481,177.21571933578076,296.8888888888889
