TraitMin,TraitMax,TraitAvg,TraitStdev,TraitTotal
263.3333333333333,680.0,429.76923076923083,133.74215431037152,354.2857142857143
