SentiMin,SentiMax,SentiAvg,SentiStdev,Senti0-0.20,Senti0.21-0.40,Senti0.41-0.60,Senti0.61-0.80,Senti0.81-1.00,SentiTotal
0.0014851772253687329,0.49789225920557484,0.2753493487832981,0.1443586302617053,2.0,7.0,3.0,0.0,0.0,7.275694324695645E-8