TraitMin,TraitMax,TraitAvg,TraitStdev,TraitTotal
225.0,580.0,351.03632478632477,100.84396842341424,312.1311475409836
