TraitMin,TraitMax,TraitAvg,TraitStdev,TraitTotal
200.0,840.0,416.97052154195006,217.91283394572213,308.64864864864865
