SentiMin,SentiMax,SentiAvg,SentiStdev,Senti0-0.20,Senti0.21-0.40,Senti0.41-0.60,Senti0.61-0.80,Senti0.81-1.00,SentiTotal
0.0021719462141762697,0.49789225920557484,0.26033461876403363,0.2050762272863395,7.0,2.0,6.0,0.0,0.0,1.6342960865120733E-12