SentiMin,SentiMax,SentiAvg,SentiStdev,Senti0-0.20,Senti0.21-0.40,Senti0.41-0.60,Senti0.61-0.80,Senti0.81-1.00,SentiTotal
0.0028548491845888932,0.8010361579683232,0.35350727773685486,0.27271065653683474,5.0,3.0,2.0,3.0,1.0,3.096156794373128E-7