SentiMin,SentiMax,SentiAvg,SentiStdev,Senti0-0.20,Senti0.21-0.40,Senti0.41-0.60,Senti0.61-0.80,Senti0.81-1.00,SentiTotal
0.008308024628901447,0.5734576952979002,0.28217025727896555,0.1786344780747495,4.0,7.0,4.0,0.0,0.0,7.062188535570243E-10