SentiMin,SentiMax,SentiAvg,SentiStdev,Senti0-0.20,Senti0.21-0.40,Senti0.41-0.60,Senti0.61-0.80,Senti0.81-1.00,SentiTotal
0.001044209608821679,0.5467735079942528,0.24842655129535643,0.20416324503531877,3.0,1.0,2.0,0.0,0.0,5.9168809241385745E-6