SentiMin,SentiMax,SentiAvg,SentiStdev,Senti0-0.20,Senti0.21-0.40,Senti0.41-0.60,Senti0.61-0.80,Senti0.81-1.00,SentiTotal
1.2194454383793616E-5,0.5136446707795853,0.22309123357033744,0.17284800039213313,6.0,5.0,2.0,0.0,0.0,2.9060738024299618E-15