SentiMin,SentiMax,SentiAvg,SentiStdev,Senti0-0.20,Senti0.21-0.40,Senti0.41-0.60,Senti0.61-0.80,Senti0.81-1.00,SentiTotal
4.9270960247236454E-6,0.49789225920557484,0.1656344652815722,0.15781706280057306,10.0,3.0,2.0,0.0,0.0,4.832024576765726E-19