TraitMin,TraitMax,TraitAvg,TraitStdev,TraitTotal
180.0,920.0,366.2801838684192,193.93501219527616,282.6373626373626
