SentiMin,SentiMax,SentiAvg,SentiStdev,Senti0-0.20,Senti0.21-0.40,Senti0.41-0.60,Senti0.61-0.80,Senti0.81-1.00,SentiTotal
0.005304634904529781,0.49789225920557484,0.2661770576989771,0.17842857375934304,7.0,5.0,5.0,0.0,0.0,9.503876414701993E-12