TraitMin,TraitMax,TraitAvg,TraitStdev,TraitTotal
140.0,526.6666666666666,300.1349206349206,113.65697780683072,269.1304347826087
