SentiMin,SentiMax,SentiAvg,SentiStdev,Senti0-0.20,Senti0.21-0.40,Senti0.41-0.60,Senti0.61-0.80,Senti0.81-1.00,SentiTotal
0.00966611971656217,0.49789225920557484,0.23633422036928503,0.16660757821609734,5.0,5.0,3.0,0.0,0.0,2.2938086786274799E-10