TimeMin,TimeMax,TimeAvg,TimeStdev,TimeTotal
440.0,3240.0,1113.3333333333333,766.4347475305527,13360.0
