TraitMin,TraitMax,TraitAvg,TraitStdev,TraitTotal
208.0,440.0,275.53318027002234,70.5472407687646,259.15492957746477
