TraitMin,TraitMax,TraitAvg,TraitStdev,TraitTotal
210.9090909090909,760.0,369.8882098293863,172.73136338838887,299.06976744186045
