TimeMin,TimeMax,TimeAvg,TimeStdev,TimeTotal
240.0,4560.0,1629.3333333333333,1191.6569230370887,24440.0
