SentiMin,SentiMax,SentiAvg,SentiStdev,Senti0-0.20,Senti0.21-0.40,Senti0.41-0.60,Senti0.61-0.80,Senti0.81-1.00,SentiTotal
8.563816200574332E-4,0.49789225920557484,0.24119395773702804,0.19462966832900966,8.0,4.0,5.0,0.0,0.0,2.668679593034873E-16