TimeMin,TimeMax,TimeAvg,TimeStdev,TimeTotal
240.0,3640.0,1673.3333333333333,1094.3288150988055,10040.0
