SentiMin,SentiMax,SentiAvg,SentiStdev,Senti0-0.20,Senti0.21-0.40,Senti0.41-0.60,Senti0.61-0.80,Senti0.81-1.00,SentiTotal
5.822117798005076E-4,0.49789225920557484,0.3458752395422255,0.1540302557679496,1.0,6.0,7.0,0.0,0.0,4.048594550421298E-7