TimeMin,TimeMax,TimeAvg,TimeStdev,TimeTotal
520.0,3520.0,1768.5714285714287,888.4244251390624,24760.0
