TimeMin,TimeMax,TimeAvg,TimeStdev,TimeTotal
640.0,3640.0,1852.3076923076924,974.1754213073176,24080.0
