TimeMin,TimeMax,TimeAvg,TimeStdev,TimeTotal
400.0,2720.0,1197.142857142857,813.8043690103956,16760.0
