TraitMin,TraitMax,TraitAvg,TraitStdev,TraitTotal
205.71428571428572,1146.6666666666667,353.11904761904765,240.22812033441662,297.28395061728395
