SentiMin,SentiMax,SentiAvg,SentiStdev,Senti0-0.20,Senti0.21-0.40,Senti0.41-0.60,Senti0.61-0.80,Senti0.81-1.00,SentiTotal
0.015825832749351402,0.49789225920557484,0.3104594888405948,0.2014322865156705,3.0,2.0,5.0,0.0,0.0,3.884293333364833E-6