TraitMin,TraitMax,TraitAvg,TraitStdev,TraitTotal
173.33333333333334,800.0,327.9782661782662,140.5484070364165,294.4578313253012
