TraitMin,TraitMax,TraitAvg,TraitStdev,TraitTotal
150.0,760.0,388.61111111111114,168.24081353936688,270.3225806451613
