TimeMin,TimeMax,TimeAvg,TimeStdev,TimeTotal
320.0,3160.0,1526.1538461538462,956.5124026019532,19840.0
