TraitMin,TraitMax,TraitAvg,TraitStdev,TraitTotal
253.33333333333334,740.0,407.1571428571428,166.39736344773698,344.0
