TraitMin,TraitMax,TraitAvg,TraitStdev,TraitTotal
180.0,560.0,305.61507936507934,107.75354876162132,263.3707865168539
