TimeMin,TimeMax,TimeAvg,TimeStdev,TimeTotal
480.0,3120.0,1512.9411764705883,789.130308376643,25720.0
