SentiMin,SentiMax,SentiAvg,SentiStdev,Senti0-0.20,Senti0.21-0.40,Senti0.41-0.60,Senti0.61-0.80,Senti0.81-1.00,SentiTotal
6.679434581728583E-6,0.540222577411058,0.07671717618334623,0.15122326595208047,10.0,0.0,1.0,0.0,0.0,3.8053887906638333E-22