SentiMin,SentiMax,SentiAvg,SentiStdev,Senti0-0.20,Senti0.21-0.40,Senti0.41-0.60,Senti0.61-0.80,Senti0.81-1.00,SentiTotal
0.00856520062263418,0.5136446707795853,0.2869400996123831,0.16861475651913552,5.0,5.0,5.0,0.0,0.0,1.2178591431174348E-8