TimeMin,TimeMax,TimeAvg,TimeStdev,TimeTotal
840.0,3560.0,2090.909090909091,968.7616701509814,23000.0
