SentiMin,SentiMax,SentiAvg,SentiStdev,Senti0-0.20,Senti0.21-0.40,Senti0.41-0.60,Senti0.61-0.80,Senti0.81-1.00,SentiTotal
0.0014795544312932137,0.6292780089923198,0.29886429370019013,0.19021668436476646,4.0,4.0,4.0,1.0,0.0,5.084496197856119E-8