TimeMin,TimeMax,TimeAvg,TimeStdev,TimeTotal
600.0,3600.0,1631.4285714285713,888.1671105859136,22840.0
