TraitMin,TraitMax,TraitAvg,TraitStdev,TraitTotal
250.0,653.3333333333334,469.8529411764706,146.99824732770244,370.7317073170732
