TraitMin,TraitMax,TraitAvg,TraitStdev,TraitTotal
196.36363636363637,680.0,335.5844155844156,176.85130203804513,278.8888888888889
