SentiMin,SentiMax,SentiAvg,SentiStdev,Senti0-0.20,Senti0.21-0.40,Senti0.41-0.60,Senti0.61-0.80,Senti0.81-1.00,SentiTotal
0.0024843338449159168,0.540222577411058,0.32160359452929327,0.19905202604441702,4.0,4.0,7.0,0.0,0.0,3.1190750983347837E-9