TraitMin,TraitMax,TraitAvg,TraitStdev,TraitTotal
142.85714285714286,333.3333333333333,240.09445100354193,48.605175428923076,234.69387755102042
