TraitMin,TraitMax,TraitAvg,TraitStdev,TraitTotal
152.0,666.6666666666666,371.5259259259259,160.31224402081833,293.125
