TimeMin,TimeMax,TimeAvg,TimeStdev,TimeTotal
520.0,2720.0,1250.6666666666667,545.0317014225462,18760.0
