SentiMin,SentiMax,SentiAvg,SentiStdev,Senti0-0.20,Senti0.21-0.40,Senti0.41-0.60,Senti0.61-0.80,Senti0.81-1.00,SentiTotal
0.0038357055607239595,0.49789225920557484,0.26325914119100896,0.18610301185878556,4.0,5.0,5.0,0.0,0.0,2.436554923016424E-11