TimeMin,TimeMax,TimeAvg,TimeStdev,TimeTotal
440.0,2400.0,854.5454545454545,513.7449603621633,9400.0
