SentiMin,SentiMax,SentiAvg,SentiStdev,Senti0-0.20,Senti0.21-0.40,Senti0.41-0.60,Senti0.61-0.80,Senti0.81-1.00,SentiTotal
2.551925627201808E-4,0.4580832485760246,0.13086381815942433,0.15012678653342051,10.0,1.0,2.0,0.0,0.0,1.0769080553198835E-19