SentiMin,SentiMax,SentiAvg,SentiStdev,Senti0-0.20,Senti0.21-0.40,Senti0.41-0.60,Senti0.61-0.80,Senti0.81-1.00,SentiTotal
0.1878002486575298,0.7136118913503132,0.37006793904991453,0.14741200411057576,3.0,6.0,5.0,1.0,0.0,0.0017493531076829372