TimeMin,TimeMax,TimeAvg,TimeStdev,TimeTotal
360.0,1880.0,1089.4117647058824,446.79868592459474,18520.0
