TraitMin,TraitMax,TraitAvg,TraitStdev,TraitTotal
160.0,733.3333333333334,333.7638888888889,164.64564397123812,288.0
