TraitMin,TraitMax,TraitAvg,TraitStdev,TraitTotal
180.0,960.0,391.4967320261438,197.58714510169062,320.5882352941176
