TimeMin,TimeMax,TimeAvg,TimeStdev,TimeTotal
400.0,2120.0,1056.842105263158,509.83023626114425,20080.0
