TimeMin,TimeMax,TimeAvg,TimeStdev,TimeTotal
480.0,1840.0,809.2307692307693,375.2837191012757,10520.0
