SentiMin,SentiMax,SentiAvg,SentiStdev,Senti0-0.20,Senti0.21-0.40,Senti0.41-0.60,Senti0.61-0.80,Senti0.81-1.00,SentiTotal
5.868931842276584E-4,0.5318834537628724,0.2496807090689429,0.18361018633417373,5.0,4.0,3.0,0.0,0.0,4.55790675088778E-10