TraitMin,TraitMax,TraitAvg,TraitStdev,TraitTotal
190.0,800.0,385.04761904761904,205.71994701204707,308.0
