TraitMin,TraitMax,TraitAvg,TraitStdev,TraitTotal
160.0,520.0,339.97435897435895,92.63848137478665,316.8
