SentiMin,SentiMax,SentiAvg,SentiStdev,Senti0-0.20,Senti0.21-0.40,Senti0.41-0.60,Senti0.61-0.80,Senti0.81-1.00,SentiTotal
0.0027357733371065947,0.7136118913503132,0.3331822596099409,0.1749151945633012,2.0,7.0,3.0,1.0,0.0,1.733130132233165E-6