SentiMin,SentiMax,SentiAvg,SentiStdev,Senti0-0.20,Senti0.21-0.40,Senti0.41-0.60,Senti0.61-0.80,Senti0.81-1.00,SentiTotal
0.052845352972725364,0.5628056929000496,0.3102304111079065,0.16565023918924782,7.0,5.0,7.0,0.0,0.0,3.815026702550845E-10