TraitMin,TraitMax,TraitAvg,TraitStdev,TraitTotal
128.0,376.0,229.27731092436974,61.06840374574116,228.64197530864197
