SentiMin,SentiMax,SentiAvg,SentiStdev,Senti0-0.20,Senti0.21-0.40,Senti0.41-0.60,Senti0.61-0.80,Senti0.81-1.00,SentiTotal
0.0010169453438229603,0.49789225920557484,0.15747003528227982,0.16377878219781225,11.0,3.0,2.0,0.0,0.0,5.746234502596442E-19