SentiMin,SentiMax,SentiAvg,SentiStdev,Senti0-0.20,Senti0.21-0.40,Senti0.41-0.60,Senti0.61-0.80,Senti0.81-1.00,SentiTotal
0.0023565169563242038,0.6619536753205505,0.1757774335209869,0.1816618564316951,14.0,2.0,3.0,1.0,0.0,2.5233554989813747E-21