TraitMin,TraitMax,TraitAvg,TraitStdev,TraitTotal
146.66666666666666,720.0,380.0,160.84499094193487,320.0
