SentiMin,SentiMax,SentiAvg,SentiStdev,Senti0-0.20,Senti0.21-0.40,Senti0.41-0.60,Senti0.61-0.80,Senti0.81-1.00,SentiTotal
5.843147744862628E-5,0.49789225920557484,0.3042471501927599,0.13731703254393626,1.0,7.0,2.0,0.0,0.0,1.1049635224980507E-7