TraitMin,TraitMax,TraitAvg,TraitStdev,TraitTotal
220.0,640.0,330.93333333333334,155.84014601864024,268.3333333333333
