SentiMin,SentiMax,SentiAvg,SentiStdev,Senti0-0.20,Senti0.21-0.40,Senti0.41-0.60,Senti0.61-0.80,Senti0.81-1.00,SentiTotal
3.4654990006643385E-4,0.4801180056153849,0.14649214833769048,0.1784777448863521,12.0,3.0,2.0,0.0,0.0,4.321814526337884E-25