TraitMin,TraitMax,TraitAvg,TraitStdev,TraitTotal
216.0,266.6666666666667,241.33333333333334,25.333333333333343,235.0
