SentiMin,SentiMax,SentiAvg,SentiStdev,Senti0-0.20,Senti0.21-0.40,Senti0.41-0.60,Senti0.61-0.80,Senti0.81-1.00,SentiTotal
0.0018530058494582705,0.5863733327256103,0.2092185385859593,0.20771274722783936,6.0,2.0,2.0,0.0,0.0,1.6380836565319316E-10