SentiMin,SentiMax,SentiAvg,SentiStdev,Senti0-0.20,Senti0.21-0.40,Senti0.41-0.60,Senti0.61-0.80,Senti0.81-1.00,SentiTotal
0.0013850791272584967,0.540222577411058,0.2340040571969923,0.16760997180572976,10.0,6.0,4.0,0.0,0.0,4.4264267796083523E-16