TimeMin,TimeMax,TimeAvg,TimeStdev,TimeTotal
360.0,2280.0,1035.7142857142858,529.6186537192085,29000.0
