TraitMin,TraitMax,TraitAvg,TraitStdev,TraitTotal
160.0,600.0,317.3699633699634,135.94934229823465,291.9148936170213
