SentiMin,SentiMax,SentiAvg,SentiStdev,Senti0-0.20,Senti0.21-0.40,Senti0.41-0.60,Senti0.61-0.80,Senti0.81-1.00,SentiTotal
0.005288148885990873,0.49789225920557484,0.26126603596874654,0.17006315486226783,4.0,4.0,2.0,0.0,0.0,2.6432692166293636E-7