TimeMin,TimeMax,TimeAvg,TimeStdev,TimeTotal
520.0,1280.0,744.6153846153846,216.5681766740649,9680.0
