TraitMin,TraitMax,TraitAvg,TraitStdev,TraitTotal
153.33333333333334,720.0,338.7142857142857,161.06341267492851,264.1666666666667
