SentiMin,SentiMax,SentiAvg,SentiStdev,Senti0-0.20,Senti0.21-0.40,Senti0.41-0.60,Senti0.61-0.80,Senti0.81-1.00,SentiTotal
1.9676751750855785E-4,0.49789225920557484,0.2295432831317953,0.1944190831355852,7.0,3.0,4.0,0.0,0.0,1.7857452242681784E-15