TraitMin,TraitMax,TraitAvg,TraitStdev,TraitTotal
152.0,480.0,292.51282051282055,115.37679745594436,233.77777777777777
