SentiMin,SentiMax,SentiAvg,SentiStdev,Senti0-0.20,Senti0.21-0.40,Senti0.41-0.60,Senti0.61-0.80,Senti0.81-1.00,SentiTotal
0.0020525666249365518,0.8622866820375401,0.24129139511846262,0.22952084727546584,5.0,6.0,1.0,0.0,1.0,3.8385274546373863E-11