TraitMin,TraitMax,TraitAvg,TraitStdev,TraitTotal
160.0,600.0,295.1333333333333,116.08504545279628,280.90909090909093
