TraitMin,TraitMax,TraitAvg,TraitStdev,TraitTotal
189.33333333333334,1000.0,439.83333333333337,325.93468159535684,285.9259259259259
