TraitMin,TraitMax,TraitAvg,TraitStdev,TraitTotal
176.0,680.0,336.03076923076924,156.7608692401194,283.6842105263158
