TimeMin,TimeMax,TimeAvg,TimeStdev,TimeTotal
320.0,2920.0,1055.3846153846155,656.0559941465525,13720.0
