TimeMin,TimeMax,TimeAvg,TimeStdev,TimeTotal
520.0,2280.0,1218.4615384615386,493.3066787404574,15840.0
