TimeMin,TimeMax,TimeAvg,TimeStdev,TimeTotal
480.0,2720.0,1190.7692307692307,553.1790854612238,15480.0
