SentiMin,SentiMax,SentiAvg,SentiStdev,Senti0-0.20,Senti0.21-0.40,Senti0.41-0.60,Senti0.61-0.80,Senti0.81-1.00,SentiTotal
2.0203817650428258E-4,0.5628056929000496,0.22396451262737702,0.18343666936838718,6.0,3.0,2.0,0.0,0.0,1.4679348583066328E-10