TimeMin,TimeMax,TimeAvg,TimeStdev,TimeTotal
520.0,1640.0,874.6666666666666,292.43498802677874,13120.0
