TraitMin,TraitMax,TraitAvg,TraitStdev,TraitTotal
120.0,600.0,321.1688311688312,146.35872597910696,268.57142857142856
