SentiMin,SentiMax,SentiAvg,SentiStdev,Senti0-0.20,Senti0.21-0.40,Senti0.41-0.60,Senti0.61-0.80,Senti0.81-1.00,SentiTotal
4.2826230215812225E-4,0.5666333828789054,0.22216955710012126,0.18885861408272134,7.0,3.0,3.0,0.0,0.0,3.318324829995884E-14