TraitMin,TraitMax,TraitAvg,TraitStdev,TraitTotal
251.42857142857142,760.0,393.4920634920635,150.40400786970523,333.3333333333333
