TraitMin,TraitMax,TraitAvg,TraitStdev,TraitTotal
248.0,771.4285714285714,460.60952380952386,154.3643726592547,484.13793103448273
