TraitMin,TraitMax,TraitAvg,TraitStdev,TraitTotal
210.0,320.0,269.5833333333333,36.26436496985252,263.2258064516129
