TraitMin,TraitMax,TraitAvg,TraitStdev,TraitTotal
192.0,800.0,364.5554243736062,201.59382933341251,264.1509433962264
