TraitMin,TraitMax,TraitAvg,TraitStdev,TraitTotal
246.66666666666666,880.0,399.33333333333337,197.8428107811294,333.84615384615387
