SentiMin,SentiMax,SentiAvg,SentiStdev,Senti0-0.20,Senti0.21-0.40,Senti0.41-0.60,Senti0.61-0.80,Senti0.81-1.00,SentiTotal
0.006858784252600864,0.17808824404077664,0.06356733830340301,0.05448172492431669,8.0,0.0,0.0,0.0,0.0,1.2473422446256248E-11