TraitMin,TraitMax,TraitAvg,TraitStdev,TraitTotal
146.66666666666666,560.0,323.1481481481481,114.61407182162934,294.7826086956522
