SentiMin,SentiMax,SentiAvg,SentiStdev,Senti0-0.20,Senti0.21-0.40,Senti0.41-0.60,Senti0.61-0.80,Senti0.81-1.00,SentiTotal
0.002353141102314621,0.49789225920557484,0.24770129805935395,0.17568324186030596,12.0,7.0,9.0,0.0,0.0,2.5890163415252716E-23