SentiMin,SentiMax,SentiAvg,SentiStdev,Senti0-0.20,Senti0.21-0.40,Senti0.41-0.60,Senti0.61-0.80,Senti0.81-1.00,SentiTotal
6.574831536220883E-4,0.4524714816172814,0.1783305315147049,0.1252819036538571,4.0,4.0,1.0,0.0,0.0,7.650580555925948E-10