TraitMin,TraitMax,TraitAvg,TraitStdev,TraitTotal
180.0,600.0,376.3945578231292,106.63508921041878,333.3333333333333
