SentiMin,SentiMax,SentiAvg,SentiStdev,Senti0-0.20,Senti0.21-0.40,Senti0.41-0.60,Senti0.61-0.80,Senti0.81-1.00,SentiTotal
1.2096880661132569E-4,0.4801180056153849,0.26186796162719794,0.17156790728132926,4.0,4.0,3.0,0.0,0.0,6.83211184758916E-11