TraitMin,TraitMax,TraitAvg,TraitStdev,TraitTotal
184.0,720.0,366.5538847117794,148.2923405387079,313.75
