SentiMin,SentiMax,SentiAvg,SentiStdev,Senti0-0.20,Senti0.21-0.40,Senti0.41-0.60,Senti0.61-0.80,Senti0.81-1.00,SentiTotal
0.004345824869113319,0.5318834537628724,0.13362832282666912,0.200895322647712,4.0,0.0,1.0,0.0,0.0,2.849215408009208E-7