TimeMin,TimeMax,TimeAvg,TimeStdev,TimeTotal
520.0,1760.0,1036.6666666666667,350.41245538492046,12440.0
