TraitMin,TraitMax,TraitAvg,TraitStdev,TraitTotal
165.0,680.0,289.2579365079365,139.6178423288852,243.92156862745097
