TimeMin,TimeMax,TimeAvg,TimeStdev,TimeTotal
600.0,2360.0,1272.7272727272727,600.3194741755261,14000.0
