TimeMin,TimeMax,TimeAvg,TimeStdev,TimeTotal
760.0,1760.0,1222.2222222222222,337.89471659996826,11000.0
