SentiMin,SentiMax,SentiAvg,SentiStdev,Senti0-0.20,Senti0.21-0.40,Senti0.41-0.60,Senti0.61-0.80,Senti0.81-1.00,SentiTotal
0.021265000845181077,0.20728142355725926,0.11427321220122016,0.0930082113560391,1.0,1.0,0.0,0.0,0.0,0.0056966831322613305