TimeMin,TimeMax,TimeAvg,TimeStdev,TimeTotal
480.0,3760.0,1282.3529411764705,850.1316812309291,21800.0
