TraitMin,TraitMax,TraitAvg,TraitStdev,TraitTotal
188.57142857142858,560.0,322.4542124542125,106.11010709787196,281.45454545454544
