TimeMin,TimeMax,TimeAvg,TimeStdev,TimeTotal
640.0,3840.0,1377.142857142857,815.3827197039664,19280.0
