SentiMin,SentiMax,SentiAvg,SentiStdev,Senti0-0.20,Senti0.21-0.40,Senti0.41-0.60,Senti0.61-0.80,Senti0.81-1.00,SentiTotal
5.613231173564273E-6,0.6256370019830304,0.17684383790922836,0.26061863470541524,3.0,0.0,0.0,1.0,0.0,6.903088367433598E-9