SentiMin,SentiMax,SentiAvg,SentiStdev,Senti0-0.20,Senti0.21-0.40,Senti0.41-0.60,Senti0.61-0.80,Senti0.81-1.00,SentiTotal
8.45561896994277E-4,0.5268764359256763,0.31096845251328914,0.18816343807475785,2.0,2.0,4.0,0.0,0.0,3.7851203715123074E-6