SentiMin,SentiMax,SentiAvg,SentiStdev,Senti0-0.20,Senti0.21-0.40,Senti0.41-0.60,Senti0.61-0.80,Senti0.81-1.00,SentiTotal
1.2847311460959884E-4,0.5675854192530062,0.22767175210025564,0.17103444587805858,9.0,4.0,3.0,0.0,0.0,3.15708751162837E-16