TraitMin,TraitMax,TraitAvg,TraitStdev,TraitTotal
235.55555555555554,1000.0,567.4999999999999,262.88957961463376,413.6170212765957
