TimeMin,TimeMax,TimeAvg,TimeStdev,TimeTotal
1000.0,1880.0,1228.5714285714287,285.82854858056686,8600.0
