TraitMin,TraitMax,TraitAvg,TraitStdev,TraitTotal
280.0,840.0,431.58333333333337,161.18413814296022,410.0
