SentiMin,SentiMax,SentiAvg,SentiStdev,Senti0-0.20,Senti0.21-0.40,Senti0.41-0.60,Senti0.61-0.80,Senti0.81-1.00,SentiTotal
4.881847774819003E-4,0.6921459309296395,0.27270689947610083,0.21666883231016518,6.0,3.0,2.0,1.0,0.0,2.9670107967999336E-10