TimeMin,TimeMax,TimeAvg,TimeStdev,TimeTotal
760.0,3200.0,1786.6666666666667,808.8400473654988,16080.0
