SentiMin,SentiMax,SentiAvg,SentiStdev,Senti0-0.20,Senti0.21-0.40,Senti0.41-0.60,Senti0.61-0.80,Senti0.81-1.00,SentiTotal
5.470953757323532E-7,0.46364466503952073,0.12718162084551785,0.1596081796953491,5.0,2.0,1.0,0.0,0.0,1.401852463485511E-17