TraitMin,TraitMax,TraitAvg,TraitStdev,TraitTotal
252.30769230769232,1000.0,452.78846153846155,219.95518481071332,359.0
