TimeMin,TimeMax,TimeAvg,TimeStdev,TimeTotal
960.0,3440.0,1712.7272727272727,849.3536677336255,18840.0
