TraitMin,TraitMax,TraitAvg,TraitStdev,TraitTotal
340.0,1000.0,587.75,220.5230996970612,497.14285714285717
