TraitMin,TraitMax,TraitAvg,TraitStdev,TraitTotal
216.0,1000.0,712.4166666666666,302.42775767298724,503.52941176470586
