SentiMin,SentiMax,SentiAvg,SentiStdev,Senti0-0.20,Senti0.21-0.40,Senti0.41-0.60,Senti0.61-0.80,Senti0.81-1.00,SentiTotal
0.003522940179973845,0.4156047341186908,0.19717085886369656,0.1373104116087637,6.0,4.0,1.0,0.0,0.0,3.473919029226701E-10