TimeMin,TimeMax,TimeAvg,TimeStdev,TimeTotal
1000.0,5120.0,1676.3636363636363,1126.016895782109,18440.0
