SentiMin,SentiMax,SentiAvg,SentiStdev,Senti0-0.20,Senti0.21-0.40,Senti0.41-0.60,Senti0.61-0.80,Senti0.81-1.00,SentiTotal
0.003027105693569676,0.545570650663712,0.2031817738304219,0.1862362042060095,5.0,3.0,1.0,0.0,0.0,5.418770479124851E-9