SentiMin,SentiMax,SentiAvg,SentiStdev,Senti0-0.20,Senti0.21-0.40,Senti0.41-0.60,Senti0.61-0.80,Senti0.81-1.00,SentiTotal
3.44236204254781E-5,0.5447622126504538,0.28707885789983745,0.17868232943628207,4.0,4.0,3.0,0.0,0.0,3.6600940397394337E-9