SentiMin,SentiMax,SentiAvg,SentiStdev,Senti0-0.20,Senti0.21-0.40,Senti0.41-0.60,Senti0.61-0.80,Senti0.81-1.00,SentiTotal
0.003226232110532827,0.49789225920557484,0.2332315420988957,0.17517544760281206,7.0,7.0,3.0,0.0,0.0,8.762307558203363E-15