TimeMin,TimeMax,TimeAvg,TimeStdev,TimeTotal
960.0,3080.0,1603.3333333333333,559.6328161293696,19240.0
