TraitMin,TraitMax,TraitAvg,TraitStdev,TraitTotal
266.6666666666667,800.0,439.04761904761904,148.55582606989756,365.45454545454544
