TraitMin,TraitMax,TraitAvg,TraitStdev,TraitTotal
360.0,1120.0,659.4285714285714,274.3964062357633,537.5
