TraitMin,TraitMax,TraitAvg,TraitStdev,TraitTotal
348.57142857142856,1320.0,630.515873015873,319.06279824508823,472.94117647058823
