SentiMin,SentiMax,SentiAvg,SentiStdev,Senti0-0.20,Senti0.21-0.40,Senti0.41-0.60,Senti0.61-0.80,Senti0.81-1.00,SentiTotal
0.010785682922313116,0.46364466503952073,0.18632077445185646,0.1592358022404101,4.0,3.0,1.0,0.0,0.0,1.7942260686829205E-8