TraitMin,TraitMax,TraitAvg,TraitStdev,TraitTotal
262.85714285714283,1080.0,539.0515873015873,271.5819759051737,400.8333333333333
