SentiMin,SentiMax,SentiAvg,SentiStdev,Senti0-0.20,Senti0.21-0.40,Senti0.41-0.60,Senti0.61-0.80,Senti0.81-1.00,SentiTotal
0.21921412548362115,0.578943005622726,0.3464416199129649,0.10764695957759172,0.0,6.0,1.0,0.0,0.0,0.0011794442190664284