SentiMin,SentiMax,SentiAvg,SentiStdev,Senti0-0.20,Senti0.21-0.40,Senti0.41-0.60,Senti0.61-0.80,Senti0.81-1.00,SentiTotal
4.918264358993121E-7,0.39697510199130176,0.15764663035439083,0.16593579675374365,6.0,5.0,0.0,0.0,0.0,7.178718680144044E-21