TraitMin,TraitMax,TraitAvg,TraitStdev,TraitTotal
173.33333333333334,404.44444444444446,272.38095238095235,82.38813927118026,271.35135135135135
