TraitMin,TraitMax,TraitAvg,TraitStdev,TraitTotal
170.0,480.0,290.38345864661653,109.40321173667336,247.5
