SentiMin,SentiMax,SentiAvg,SentiStdev,Senti0-0.20,Senti0.21-0.40,Senti0.41-0.60,Senti0.61-0.80,Senti0.81-1.00,SentiTotal
1.563958226174626E-7,0.3996580091506196,0.15216642920071685,0.16642706107115487,2.0,2.0,0.0,0.0,0.0,2.1966230988832074E-14