SentiMin,SentiMax,SentiAvg,SentiStdev,Senti0-0.20,Senti0.21-0.40,Senti0.41-0.60,Senti0.61-0.80,Senti0.81-1.00,SentiTotal
0.10698168523395948,0.8931465359418755,0.38915590172215275,0.20593835604249183,4.0,2.0,7.0,0.0,1.0,8.037918432417823E-4