TimeMin,TimeMax,TimeAvg,TimeStdev,TimeTotal
360.0,5800.0,1048.888888888889,1681.2458637334958,9440.0
