TraitMin,TraitMax,TraitAvg,TraitStdev,TraitTotal
266.6666666666667,560.0,388.6596736596737,81.00272993627993,414.5882352941176
