SentiMin,SentiMax,SentiAvg,SentiStdev,Senti0-0.20,Senti0.21-0.40,Senti0.41-0.60,Senti0.61-0.80,Senti0.81-1.00,SentiTotal
0.0012232727790990618,0.39697510199130176,0.11595867534062733,0.1289638930303158,6.0,1.0,0.0,0.0,0.0,4.705570657894179E-10