TraitMin,TraitMax,TraitAvg,TraitStdev,TraitTotal
140.0,560.0,266.06060606060606,129.1577576239756,227.58620689655172
