TimeMin,TimeMax,TimeAvg,TimeStdev,TimeTotal
200.0,3640.0,1434.2857142857142,1344.8617256894813,10040.0
