TimeMin,TimeMax,TimeAvg,TimeStdev,TimeTotal
280.0,2360.0,733.3333333333334,668.2647512608889,6600.0
