TraitMin,TraitMax,TraitAvg,TraitStdev,TraitTotal
146.66666666666666,725.0,327.96296296296293,162.7195151282308,410.4347826086956
