TraitMin,TraitMax,TraitAvg,TraitStdev,TraitTotal
223.78378378378378,326.4516129032258,266.5588491717524,37.32076219957431,269.3333333333333
