SentiMin,SentiMax,SentiAvg,SentiStdev,Senti0-0.20,Senti0.21-0.40,Senti0.41-0.60,Senti0.61-0.80,Senti0.81-1.00,SentiTotal
1.9169202655884718E-5,0.9611958417475951,0.3626331260776357,0.2911180180900803,3.0,1.0,3.0,1.0,1.0,9.098386291368552E-8