SentiMin,SentiMax,SentiAvg,SentiStdev,Senti0-0.20,Senti0.21-0.40,Senti0.41-0.60,Senti0.61-0.80,Senti0.81-1.00,SentiTotal
0.09767651145344151,0.49789225920557484,0.3218935288029879,0.13603271343880646,2.0,6.0,3.0,0.0,0.0,1.1481808832942729E-4