TimeMin,TimeMax,TimeAvg,TimeStdev,TimeTotal
240.0,4320.0,848.5714285714286,1012.626409342537,11880.0
