SentiMin,SentiMax,SentiAvg,SentiStdev,Senti0-0.20,Senti0.21-0.40,Senti0.41-0.60,Senti0.61-0.80,Senti0.81-1.00,SentiTotal
0.025509220723825825,0.5159436667231726,0.2707264437234992,0.24521722299967338,1.0,0.0,1.0,0.0,0.0,0.02736756310013117