SentiMin,SentiMax,SentiAvg,SentiStdev,Senti0-0.20,Senti0.21-0.40,Senti0.41-0.60,Senti0.61-0.80,Senti0.81-1.00,SentiTotal
1.60417920578261E-9,0.4801180056153849,0.08285898343101208,0.1631562172285558,6.0,0.0,1.0,0.0,0.0,3.015912072869501E-26