TraitMin,TraitMax,TraitAvg,TraitStdev,TraitTotal
310.0,840.0,647.5,217.71062598473844,417.14285714285717
