TraitMin,TraitMax,TraitAvg,TraitStdev,TraitTotal
453.3333333333333,826.6666666666666,565.0,152.47039785552545,554.2857142857143
