TimeMin,TimeMax,TimeAvg,TimeStdev,TimeTotal
760.0,14920.0,3813.3333333333335,5037.3890944505065,22880.0
