TimeMin,TimeMax,TimeAvg,TimeStdev,TimeTotal
800.0,4920.0,1657.7777777777778,1185.7091434409647,14920.0
