TraitMin,TraitMax,TraitAvg,TraitStdev,TraitTotal
390.0,1120.0,591.3333333333333,269.79498389209044,498.46153846153845
