TraitMin,TraitMax,TraitAvg,TraitStdev,TraitTotal
280.0,600.0,456.0185185185185,109.91142462002185,382.56410256410254
