TraitMin,TraitMax,TraitAvg,TraitStdev,TraitTotal
260.0,960.0,515.077380952381,223.57105813207812,476.3636363636364
