TimeMin,TimeMax,TimeAvg,TimeStdev,TimeTotal
760.0,6000.0,1946.6666666666667,1913.8326874509055,11680.0
