TraitMin,TraitMax,TraitAvg,TraitStdev,TraitTotal
293.3333333333333,960.0,595.5,251.54539020489588,483.8095238095238
