TraitMin,TraitMax,TraitAvg,TraitStdev,TraitTotal
414.44444444444446,800.0,580.5026455026456,149.1712335314698,448.62745098039215
