SentiMin,SentiMax,SentiAvg,SentiStdev,Senti0-0.20,Senti0.21-0.40,Senti0.41-0.60,Senti0.61-0.80,Senti0.81-1.00,SentiTotal
4.149352642444017E-4,0.515876481315953,0.26454702073554265,0.17714651146773594,2.0,4.0,2.0,0.0,0.0,4.5583147525878264E-8