TimeMin,TimeMax,TimeAvg,TimeStdev,TimeTotal
1160.0,8000.0,4234.285714285715,2498.8617817081504,29640.0
