TraitMin,TraitMax,TraitAvg,TraitStdev,TraitTotal
320.0,346.6666666666667,333.33333333333337,13.333333333333343,333.3333333333333
