SentiMin,SentiMax,SentiAvg,SentiStdev,Senti0-0.20,Senti0.21-0.40,Senti0.41-0.60,Senti0.61-0.80,Senti0.81-1.00,SentiTotal
0.47903920704402986,0.9681419540420287,0.7235905805430293,0.24455137349899944,0.0,0.0,1.0,0.0,1.0,0.9657304458017355