TraitMin,TraitMax,TraitAvg,TraitStdev,TraitTotal
297.77777777777777,820.0,656.2606837606837,155.70494933597053,580.6060606060606
