SentiMin,SentiMax,SentiAvg,SentiStdev,Senti0-0.20,Senti0.21-0.40,Senti0.41-0.60,Senti0.61-0.80,Senti0.81-1.00,SentiTotal
1.1479167030234048E-9,0.49789225920557484,0.21473367566869198,0.1800522347757751,3.0,2.0,1.0,0.0,0.0,6.85314041501136E-15