SentiMin,SentiMax,SentiAvg,SentiStdev,Senti0-0.20,Senti0.21-0.40,Senti0.41-0.60,Senti0.61-0.80,Senti0.81-1.00,SentiTotal
0.01977147255770888,0.42507619662732005,0.1919192470904997,0.15997885922401384,2.0,1.0,1.0,0.0,0.0,8.818873154948453E-5