TraitMin,TraitMax,TraitAvg,TraitStdev,TraitTotal
270.7692307692308,840.0,572.7912087912089,206.34277057537923,423.3333333333333
