SentiMin,SentiMax,SentiAvg,SentiStdev,Senti0-0.20,Senti0.21-0.40,Senti0.41-0.60,Senti0.61-0.80,Senti0.81-1.00,SentiTotal
0.03485818481654207,0.9890886024323492,0.4630250199053111,0.21643729747613594,1.0,3.0,8.0,1.0,1.0,0.26486187077973794