SentiMin,SentiMax,SentiAvg,SentiStdev,Senti0-0.20,Senti0.21-0.40,Senti0.41-0.60,Senti0.61-0.80,Senti0.81-1.00,SentiTotal
0.09569718268153178,0.5159436667231726,0.39371685901277864,0.1391066649133994,1.0,2.0,6.0,0.0,0.0,0.010436990352579417