TraitMin,TraitMax,TraitAvg,TraitStdev,TraitTotal
288.0,1100.0,645.2857142857143,263.1111135050867,567.5675675675676
