SentiMin,SentiMax,SentiAvg,SentiStdev,Senti0-0.20,Senti0.21-0.40,Senti0.41-0.60,Senti0.61-0.80,Senti0.81-1.00,SentiTotal
0.04997310016367041,0.6012595599582221,0.26887215248367796,0.2322426726160592,3.0,0.0,1.0,1.0,0.0,9.422752230375555E-4