SentiMin,SentiMax,SentiAvg,SentiStdev,Senti0-0.20,Senti0.21-0.40,Senti0.41-0.60,Senti0.61-0.80,Senti0.81-1.00,SentiTotal
4.2215650197552254E-5,0.16971484220902197,0.02924124563332853,0.05808934600432472,7.0,0.0,0.0,0.0,0.0,2.8589146035067783E-19