SentiMin,SentiMax,SentiAvg,SentiStdev,Senti0-0.20,Senti0.21-0.40,Senti0.41-0.60,Senti0.61-0.80,Senti0.81-1.00,SentiTotal
2.6720729357317107E-6,0.7492082226892073,0.31545207938335423,0.20156669741368127,2.0,6.0,1.0,1.0,0.0,1.4173434249525162E-9