TraitMin,TraitMax,TraitAvg,TraitStdev,TraitTotal
156.36363636363637,660.0,358.53077478077483,132.2315046482038,354.4954128440367
