TraitMin,TraitMax,TraitAvg,TraitStdev,TraitTotal
185.88235294117646,460.0,339.71988795518206,90.53493422983699,297.84615384615387
