TimeMin,TimeMax,TimeAvg,TimeStdev,TimeTotal
1840.0,4680.0,3226.6666666666665,1049.8677165349081,19360.0
