SentiMin,SentiMax,SentiAvg,SentiStdev,Senti0-0.20,Senti0.21-0.40,Senti0.41-0.60,Senti0.61-0.80,Senti0.81-1.00,SentiTotal
3.5660597099498305E-6,0.9975887796338209,0.20278069520724565,0.28515560690672526,8.0,2.0,1.0,0.0,1.0,4.350430242268503E-18