TraitMin,TraitMax,TraitAvg,TraitStdev,TraitTotal
177.14285714285714,1160.0,442.00900109991017,301.1522063004248,317.77777777777777
