TraitMin,TraitMax,TraitAvg,TraitStdev,TraitTotal
205.71428571428572,483.0769230769231,323.0781440781441,84.73090957114633,311.6923076923077
