TraitMin,TraitMax,TraitAvg,TraitStdev,TraitTotal
194.28571428571428,760.0,317.008658008658,167.24080061980368,264.3478260869565
