SentiMin,SentiMax,SentiAvg,SentiStdev,Senti0-0.20,Senti0.21-0.40,Senti0.41-0.60,Senti0.61-0.80,Senti0.81-1.00,SentiTotal
0.02822821362382888,0.9815534021668857,0.3140202227916616,0.3007679455646781,3.0,3.0,0.0,0.0,1.0,0.001615772293747051