TimeMin,TimeMax,TimeAvg,TimeStdev,TimeTotal
720.0,6280.0,3376.6666666666665,1751.5294903470954,40520.0
