SentiMin,SentiMax,SentiAvg,SentiStdev,Senti0-0.20,Senti0.21-0.40,Senti0.41-0.60,Senti0.61-0.80,Senti0.81-1.00,SentiTotal
3.4339453995411014E-4,0.9089385784622869,0.2653423105004371,0.2998781636281499,7.0,1.0,2.0,1.0,1.0,1.2080340531076765E-11