TimeMin,TimeMax,TimeAvg,TimeStdev,TimeTotal
1120.0,7240.0,3654.5454545454545,2002.7815368375855,40200.0
