SentiMin,SentiMax,SentiAvg,SentiStdev,Senti0-0.20,Senti0.21-0.40,Senti0.41-0.60,Senti0.61-0.80,Senti0.81-1.00,SentiTotal
8.017508014851407E-4,0.6468976030261632,0.1627621377862387,0.21089507058881354,6.0,1.0,0.0,1.0,0.0,9.521274037055105E-13