TimeMin,TimeMax,TimeAvg,TimeStdev,TimeTotal
720.0,5240.0,2248.8888888888887,1457.7642275793012,20240.0
