TimeMin,TimeMax,TimeAvg,TimeStdev,TimeTotal
1120.0,2720.0,1658.1818181818182,473.09076933825065,18240.0
