TimeMin,TimeMax,TimeAvg,TimeStdev,TimeTotal
960.0,3760.0,1933.3333333333333,968.7563619862783,11600.0
