TraitMin,TraitMax,TraitAvg,TraitStdev,TraitTotal
234.28571428571428,480.0,334.6031746031746,75.93940112341629,313.5135135135135
