TimeMin,TimeMax,TimeAvg,TimeStdev,TimeTotal
1080.0,2800.0,1514.2857142857142,560.9903778868517,10600.0
