TimeMin,TimeMax,TimeAvg,TimeStdev,TimeTotal
1040.0,8080.0,3393.866666666667,2019.1440386680908,50908.0
