SentiMin,SentiMax,SentiAvg,SentiStdev,Senti0-0.20,Senti0.21-0.40,Senti0.41-0.60,Senti0.61-0.80,Senti0.81-1.00,SentiTotal
1.2947962406879894E-4,0.9982273550253201,0.19377590563520472,0.32572122130317804,8.0,1.0,0.0,1.0,1.0,7.9614679853231E-15