SentiMin,SentiMax,SentiAvg,SentiStdev,Senti0-0.20,Senti0.21-0.40,Senti0.41-0.60,Senti0.61-0.80,Senti0.81-1.00,SentiTotal
3.911477426502422E-6,0.8003114340302633,0.19977348093277453,0.27327789847839534,6.0,1.0,1.0,0.0,1.0,1.9378995262280106E-17