TraitMin,TraitMax,TraitAvg,TraitStdev,TraitTotal
190.0,426.6666666666667,322.0,73.790673476148,310.4
