TimeMin,TimeMax,TimeAvg,TimeStdev,TimeTotal
520.0,6920.0,2762.6666666666665,1852.8517359884886,41440.0
