SentiMin,SentiMax,SentiAvg,SentiStdev,Senti0-0.20,Senti0.21-0.40,Senti0.41-0.60,Senti0.61-0.80,Senti0.81-1.00,SentiTotal
3.3215612301635704E-5,0.8431524335647466,0.280183411658591,0.35053548827778436,4.0,0.0,0.0,1.0,1.0,1.269009488732548E-9