TraitMin,TraitMax,TraitAvg,TraitStdev,TraitTotal
194.28571428571428,960.0,400.54166666666663,240.31027154193822,306.4516129032258
