TraitMin,TraitMax,TraitAvg,TraitStdev,TraitTotal
222.85714285714286,540.0,383.3605442176871,123.54148604278292,353.3333333333333
