TraitMin,TraitMax,TraitAvg,TraitStdev,TraitTotal
168.0,1080.0,372.18774286142707,210.3065961757233,323.75
