TraitMin,TraitMax,TraitAvg,TraitStdev,TraitTotal
265.0,1200.0,460.7835611012082,232.45906902884585,382.76691729323306
