TraitMin,TraitMax,TraitAvg,TraitStdev,TraitTotal
422.22222222222223,600.0,507.4074074074074,72.76623223847592,487.5
