TraitMin,TraitMax,TraitAvg,TraitStdev,TraitTotal
496.3265306122449,1000.0,715.4176870748299,232.95929917170608,529.1304347826087
