SentiMin,SentiMax,SentiAvg,SentiStdev,Senti0-0.20,Senti0.21-0.40,Senti0.41-0.60,Senti0.61-0.80,Senti0.81-1.00,SentiTotal
3.971197261517623E-4,0.31820487300311295,0.13761736618937953,0.14775753902387467,3.0,2.0,0.0,0.0,0.0,6.973451455403351E-9