TraitMin,TraitMax,TraitAvg,TraitStdev,TraitTotal
240.0,820.0,571.8,247.3251301424908,481.84615384615387
