TraitMin,TraitMax,TraitAvg,TraitStdev,TraitTotal
425.0,610.3703703703703,495.1234567901235,82.12851034539172,537.3333333333334
