TraitMin,TraitMax,TraitAvg,TraitStdev,TraitTotal
280.0,539.1304347826087,441.03765308628977,98.93719714736335,471.3207547169811
