SentiMin,SentiMax,SentiAvg,SentiStdev,Senti0-0.20,Senti0.21-0.40,Senti0.41-0.60,Senti0.61-0.80,Senti0.81-1.00,SentiTotal
0.029265879590716682,0.9391475530008393,0.436442771220038,0.3342615201913973,1.0,1.0,1.0,0.0,1.0,0.15507189783624362