SentiMin,SentiMax,SentiAvg,SentiStdev,Senti0-0.20,Senti0.21-0.40,Senti0.41-0.60,Senti0.61-0.80,Senti0.81-1.00,SentiTotal
1.584806176603922E-10,0.8200036398018897,0.21980782811374924,0.32414256816525583,4.0,0.0,1.0,0.0,1.0,3.1062347123594527E-21