TimeMin,TimeMax,TimeAvg,TimeStdev,TimeTotal
640.0,12920.0,6633.333333333333,5416.735384179499,39800.0
