TraitMin,TraitMax,TraitAvg,TraitStdev,TraitTotal
256.0,780.0,492.05882352941177,187.0753507312256,455.38461538461536
