TraitMin,TraitMax,TraitAvg,TraitStdev,TraitTotal
388.57142857142856,760.0,532.2100122100122,143.22058982029904,425.77777777777777
