SentiMin,SentiMax,SentiAvg,SentiStdev,Senti0-0.20,Senti0.21-0.40,Senti0.41-0.60,Senti0.61-0.80,Senti0.81-1.00,SentiTotal
3.4931611954313257E-4,0.34322267253793753,0.13432643046697032,0.1345827037377849,4.0,2.0,0.0,0.0,0.0,5.794707604797849E-9