TraitMin,TraitMax,TraitAvg,TraitStdev,TraitTotal
270.0,760.0,533.9316239316239,149.37598792843525,530.6666666666666
