SentiMin,SentiMax,SentiAvg,SentiStdev,Senti0-0.20,Senti0.21-0.40,Senti0.41-0.60,Senti0.61-0.80,Senti0.81-1.00,SentiTotal
1.258547117905649E-7,0.1974088647054466,0.06644697146556953,0.08039090173657115,4.0,0.0,0.0,0.0,0.0,2.2890045701101136E-12