TraitMin,TraitMax,TraitAvg,TraitStdev,TraitTotal
224.0,1000.0,483.227969348659,253.19629652807865,377.65765765765764
