SentiMin,SentiMax,SentiAvg,SentiStdev,Senti0-0.20,Senti0.21-0.40,Senti0.41-0.60,Senti0.61-0.80,Senti0.81-1.00,SentiTotal
0.01968365200119666,0.6242094968955547,0.362593252506759,0.24721847398862143,2.0,0.0,3.0,1.0,0.0,0.006664697529235142