TraitMin,TraitMax,TraitAvg,TraitStdev,TraitTotal
226.66666666666666,613.3333333333334,441.11111111111114,164.04230107874577,400.0
