SentiMin,SentiMax,SentiAvg,SentiStdev,Senti0-0.20,Senti0.21-0.40,Senti0.41-0.60,Senti0.61-0.80,Senti0.81-1.00,SentiTotal
0.3429995345049755,0.6489689213389452,0.5271360388452736,0.132452815224377,0.0,1.0,1.0,1.0,0.0,0.5849350751960051