SentiMin,SentiMax,SentiAvg,SentiStdev,Senti0-0.20,Senti0.21-0.40,Senti0.41-0.60,Senti0.61-0.80,Senti0.81-1.00,SentiTotal
0.1571079350448899,0.49789225920557484,0.3911065887259409,0.11568227350536181,1.0,3.0,3.0,0.0,0.0,0.03369174747282408