TraitMin,TraitMax,TraitAvg,TraitStdev,TraitTotal
354.2857142857143,680.0,537.9047619047619,99.7966185768089,495.7142857142857
