SentiMin,SentiMax,SentiAvg,SentiStdev,Senti0-0.20,Senti0.21-0.40,Senti0.41-0.60,Senti0.61-0.80,Senti0.81-1.00,SentiTotal
3.4543238552996424E-4,0.17215995697284728,0.04934521527206501,0.059202980902800344,8.0,0.0,0.0,0.0,0.0,6.52716953497171E-15