TimeMin,TimeMax,TimeAvg,TimeStdev,TimeTotal
600.0,5560.0,2313.3333333333335,1782.0462645197763,13880.0
