SentiMin,SentiMax,SentiAvg,SentiStdev,Senti0-0.20,Senti0.21-0.40,Senti0.41-0.60,Senti0.61-0.80,Senti0.81-1.00,SentiTotal
0.08631951472292196,0.48728019602140255,0.2528037563186155,0.16112967676921644,2.0,1.0,1.0,0.0,0.0,0.005859234650659501