SentiMin,SentiMax,SentiAvg,SentiStdev,Senti0-0.20,Senti0.21-0.40,Senti0.41-0.60,Senti0.61-0.80,Senti0.81-1.00,SentiTotal
0.09503592712649862,0.41516424172706545,0.23380884938129987,0.09532326384120414,2.0,3.0,1.0,0.0,0.0,5.202804942491189E-4