SentiMin,SentiMax,SentiAvg,SentiStdev,Senti0-0.20,Senti0.21-0.40,Senti0.41-0.60,Senti0.61-0.80,Senti0.81-1.00,SentiTotal
0.020222443118047242,0.5077652078687955,0.3512539111165632,0.1462815549015677,1.0,5.0,2.0,0.0,0.0,0.0011170008544064407