TraitMin,TraitMax,TraitAvg,TraitStdev,TraitTotal
240.0,464.0,313.94246031746036,72.64107738429595,304.13793103448273
