TraitMin,TraitMax,TraitAvg,TraitStdev,TraitTotal
280.0,900.0,504.0,235.47399007109044,449.2307692307692
