TimeMin,TimeMax,TimeAvg,TimeStdev,TimeTotal
560.0,1840.0,866.6666666666666,444.0220214759123,5200.0
