TimeMin,TimeMax,TimeAvg,TimeStdev,TimeTotal
440.0,2120.0,937.1428571428571,554.1973419979124,6560.0
