TraitMin,TraitMax,TraitAvg,TraitStdev,TraitTotal
240.0,386.6666666666667,313.3333333333333,59.876415934699914,309.4736842105263
