TimeMin,TimeMax,TimeAvg,TimeStdev,TimeTotal
520.0,560.0,533.3333333333334,18.856180831641264,1600.0
