SentiMin,SentiMax,SentiAvg,SentiStdev,Senti0-0.20,Senti0.21-0.40,Senti0.41-0.60,Senti0.61-0.80,Senti0.81-1.00,SentiTotal
0.09607454425316608,0.49121155089902,0.3728255141375795,0.11655178452746495,1.0,3.0,4.0,0.0,0.0,0.009013607057279464