TraitMin,TraitMax,TraitAvg,TraitStdev,TraitTotal
400.0,1840.0,861.0,451.3612743689915,685.3333333333334
