SentiMin,SentiMax,SentiAvg,SentiStdev,Senti0-0.20,Senti0.21-0.40,Senti0.41-0.60,Senti0.61-0.80,Senti0.81-1.00,SentiTotal
0.06219884252192357,0.9611958417475951,0.3927639989413694,0.27139744279455774,3.0,0.0,4.0,0.0,1.0,0.022865057184941574