TimeMin,TimeMax,TimeAvg,TimeStdev,TimeTotal
640.0,3360.0,1569.2307692307693,700.0929777642344,20400.0
