SentiMin,SentiMax,SentiAvg,SentiStdev,Senti0-0.20,Senti0.21-0.40,Senti0.41-0.60,Senti0.61-0.80,Senti0.81-1.00,SentiTotal
0.0011351552759496291,0.5318834537628724,0.3180083754989162,0.20526483985516583,4.0,3.0,7.0,0.0,0.0,5.818491324709382E-10