TimeMin,TimeMax,TimeAvg,TimeStdev,TimeTotal
640.0,2920.0,1474.2857142857142,730.2222194619377,20640.0
