SentiMin,SentiMax,SentiAvg,SentiStdev,Senti0-0.20,Senti0.21-0.40,Senti0.41-0.60,Senti0.61-0.80,Senti0.81-1.00,SentiTotal
7.298000239698281E-5,0.46364466503952073,0.19032133102371418,0.1554492755618334,8.0,8.0,3.0,0.0,0.0,3.4901219963549337E-23