TraitMin,TraitMax,TraitAvg,TraitStdev,TraitTotal
232.0,1080.0,548.4612930928721,253.97771691924746,421.40845070422534
