SentiMin,SentiMax,SentiAvg,SentiStdev,Senti0-0.20,Senti0.21-0.40,Senti0.41-0.60,Senti0.61-0.80,Senti0.81-1.00,SentiTotal
0.002549877726998521,0.9777606160741603,0.27665807599281267,0.29564989022751753,6.0,0.0,3.0,0.0,1.0,2.2491619177245854E-8