SentiMin,SentiMax,SentiAvg,SentiStdev,Senti0-0.20,Senti0.21-0.40,Senti0.41-0.60,Senti0.61-0.80,Senti0.81-1.00,SentiTotal
2.021669405666178E-7,0.6624055896622104,0.25062849049587055,0.22125246648728006,5.0,3.0,2.0,1.0,0.0,2.854551283271841E-16