TraitMin,TraitMax,TraitAvg,TraitStdev,TraitTotal
228.57142857142858,1000.0,518.2571428571429,271.43622395227464,381.93548387096774
