SentiMin,SentiMax,SentiAvg,SentiStdev,Senti0-0.20,Senti0.21-0.40,Senti0.41-0.60,Senti0.61-0.80,Senti0.81-1.00,SentiTotal
0.0036734882014936923,0.46364466503952073,0.25004922784775585,0.16853315102134322,6.0,5.0,2.0,0.0,0.0,3.083187358081041E-11