TimeMin,TimeMax,TimeAvg,TimeStdev,TimeTotal
720.0,5360.0,1916.3636363636363,1405.2840070590244,21080.0
