TraitMin,TraitMax,TraitAvg,TraitStdev,TraitTotal
250.0,1160.0,636.8229548229549,292.45790124936696,443.4782608695652
