TraitMin,TraitMax,TraitAvg,TraitStdev,TraitTotal
251.42857142857142,1080.0,529.5408163265306,254.03508222682535,421.2244897959184
