TraitMin,TraitMax,TraitAvg,TraitStdev,TraitTotal
184.0,880.0,443.4285714285714,262.2092775159176,330.90909090909093
