SentiMin,SentiMax,SentiAvg,SentiStdev,Senti0-0.20,Senti0.21-0.40,Senti0.41-0.60,Senti0.61-0.80,Senti0.81-1.00,SentiTotal
0.07532957729104153,0.9611958417475951,0.32504784729576375,0.27282028997354757,3.0,3.0,1.0,0.0,1.0,0.0018788397903273038