TimeMin,TimeMax,TimeAvg,TimeStdev,TimeTotal
520.0,5320.0,1574.7368421052631,1132.7998309779675,29920.0
