SentiMin,SentiMax,SentiAvg,SentiStdev,Senti0-0.20,Senti0.21-0.40,Senti0.41-0.60,Senti0.61-0.80,Senti0.81-1.00,SentiTotal
0.013303633854454919,0.9614234565029277,0.2978571885094227,0.26116040410152186,7.0,4.0,3.0,1.0,1.0,4.998237202780316E-9