TraitMin,TraitMax,TraitAvg,TraitStdev,TraitTotal
330.0,1000.0,623.125,258.7583030068794,458.1818181818182
