TraitMin,TraitMax,TraitAvg,TraitStdev,TraitTotal
261.3333333333333,920.0,511.08539944903583,192.22115128748004,405.38461538461536
